[0.024s] Invoking command in '/home/vinayak/ws_moveit2/build/ur_dashboard_msgs': CMAKE_PREFIX_PATH=${CMAKE_PREFIX_PATH}:/home/vinayak/ws_moveit2/install/ur3e_rl:/home/vinayak/ws_moveit2/install/ur3e_motion_package:/home/vinayak/ws_moveit2/install/moveit_configs_utils:/home/vinayak/ws_moveit2/install/launch_param_builder:/opt/ros/humble /usr/bin/cmake /home/vinayak/ws_moveit2/src/Universal_Robots_ROS2_Driver/ur_dashboard_msgs -DCMAKE_INSTALL_PREFIX=/home/vinayak/ws_moveit2/install/ur_dashboard_msgs
[0.137s] -- The C compiler identification is GNU 11.4.0
[0.248s] -- The CXX compiler identification is GNU 11.4.0
[0.262s] -- Detecting C compiler ABI info
[0.392s] -- Detecting C compiler ABI info - done
[0.410s] -- Check for working C compiler: /usr/bin/cc - skipped
[0.410s] -- Detecting C compile features
[0.411s] -- Detecting C compile features - done
[0.415s] -- Detecting CXX compiler ABI info
[0.562s] -- Detecting CXX compiler ABI info - done
[0.580s] -- Check for working CXX compiler: /usr/bin/c++ - skipped
[0.580s] -- Detecting CXX compile features
[0.582s] -- Detecting CXX compile features - done
[0.582s] -- Found ament_cmake: 1.3.11 (/opt/ros/humble/share/ament_cmake/cmake)
[0.853s] -- Found Python3: /usr/bin/python3 (found version "3.10.12") found components: Interpreter 
[1.024s] -- Found rosidl_default_generators: 1.2.0 (/opt/ros/humble/share/rosidl_default_generators/cmake)
[1.051s] -- Using all available rosidl_typesupport_c: rosidl_typesupport_fastrtps_c;rosidl_typesupport_introspection_c
[1.065s] -- Found rosidl_adapter: 3.1.6 (/opt/ros/humble/share/rosidl_adapter/cmake)
[1.155s] -- Using all available rosidl_typesupport_cpp: rosidl_typesupport_fastrtps_cpp;rosidl_typesupport_introspection_cpp
[1.231s] -- Found action_msgs: 1.2.1 (/opt/ros/humble/share/action_msgs/cmake)
[1.817s] -- Found ament_cmake_ros: 0.10.0 (/opt/ros/humble/share/ament_cmake_ros/cmake)
[2.115s] -- Using all available rosidl_typesupport_c: rosidl_typesupport_fastrtps_c;rosidl_typesupport_introspection_c
[2.523s] -- Using all available rosidl_typesupport_cpp: rosidl_typesupport_fastrtps_cpp;rosidl_typesupport_introspection_cpp
[2.560s] -- Found PythonInterp: /usr/bin/python3 (found suitable version "3.10.12", minimum required is "3.6") 
[2.565s] -- Found python_cmake_module: 0.10.0 (/opt/ros/humble/share/python_cmake_module/cmake)
[2.617s] -- Found PythonLibs: /usr/lib/x86_64-linux-gnu/libpython3.10.so (found suitable version "3.10.12", minimum required is "3.5") 
[2.617s] -- Using PYTHON_EXECUTABLE: /usr/bin/python3
[2.617s] -- Using PYTHON_INCLUDE_DIRS: /usr/include/python3.10
[2.617s] -- Using PYTHON_LIBRARIES: /usr/lib/x86_64-linux-gnu/libpython3.10.so
[2.658s] -- Found PythonExtra: .so  
[2.825s] -- Configuring done
[2.886s] -- Generating done
[2.902s] -- Build files have been written to: /home/vinayak/ws_moveit2/build/ur_dashboard_msgs
[2.914s] Invoked command in '/home/vinayak/ws_moveit2/build/ur_dashboard_msgs' returned '0': CMAKE_PREFIX_PATH=${CMAKE_PREFIX_PATH}:/home/vinayak/ws_moveit2/install/ur3e_rl:/home/vinayak/ws_moveit2/install/ur3e_motion_package:/home/vinayak/ws_moveit2/install/moveit_configs_utils:/home/vinayak/ws_moveit2/install/launch_param_builder:/opt/ros/humble /usr/bin/cmake /home/vinayak/ws_moveit2/src/Universal_Robots_ROS2_Driver/ur_dashboard_msgs -DCMAKE_INSTALL_PREFIX=/home/vinayak/ws_moveit2/install/ur_dashboard_msgs
[2.916s] Invoking command in '/home/vinayak/ws_moveit2/build/ur_dashboard_msgs': CMAKE_PREFIX_PATH=${CMAKE_PREFIX_PATH}:/home/vinayak/ws_moveit2/install/ur3e_rl:/home/vinayak/ws_moveit2/install/ur3e_motion_package:/home/vinayak/ws_moveit2/install/moveit_configs_utils:/home/vinayak/ws_moveit2/install/launch_param_builder:/opt/ros/humble /usr/bin/cmake --build /home/vinayak/ws_moveit2/build/ur_dashboard_msgs -- -j8 -l8
[3.004s] [  1%] [34m[1mGenerating C code for ROS interfaces[0m
[3.061s] [  1%] [34m[1mGenerating C++ code for ROS interfaces[0m
[3.063s] [  1%] Built target ament_cmake_python_copy_ur_dashboard_msgs
[3.589s] running egg_info
[3.590s] creating ur_dashboard_msgs.egg-info
[3.590s] writing ur_dashboard_msgs.egg-info/PKG-INFO
[3.590s] writing dependency_links to ur_dashboard_msgs.egg-info/dependency_links.txt
[3.591s] writing top-level names to ur_dashboard_msgs.egg-info/top_level.txt
[3.591s] writing manifest file 'ur_dashboard_msgs.egg-info/SOURCES.txt'
[3.595s] reading manifest file 'ur_dashboard_msgs.egg-info/SOURCES.txt'
[3.595s] writing manifest file 'ur_dashboard_msgs.egg-info/SOURCES.txt'
[3.642s] [  1%] Built target ament_cmake_python_build_ur_dashboard_msgs_egg
[7.869s] [  1%] [32mBuilding C object CMakeFiles/ur_dashboard_msgs__rosidl_generator_c.dir/rosidl_generator_c/ur_dashboard_msgs/msg/detail/program_state__functions.c.o[0m
[7.873s] [  2%] [32mBuilding C object CMakeFiles/ur_dashboard_msgs__rosidl_generator_c.dir/rosidl_generator_c/ur_dashboard_msgs/msg/detail/robot_mode__functions.c.o[0m
[7.879s] [  3%] [32mBuilding C object CMakeFiles/ur_dashboard_msgs__rosidl_generator_c.dir/rosidl_generator_c/ur_dashboard_msgs/msg/detail/safety_mode__functions.c.o[0m
[7.880s] [  4%] [32mBuilding C object CMakeFiles/ur_dashboard_msgs__rosidl_generator_c.dir/rosidl_generator_c/ur_dashboard_msgs/srv/detail/add_to_log__functions.c.o[0m
[7.884s] [  5%] [32mBuilding C object CMakeFiles/ur_dashboard_msgs__rosidl_generator_c.dir/rosidl_generator_c/ur_dashboard_msgs/srv/detail/get_program_state__functions.c.o[0m
[7.897s] [  5%] [32mBuilding C object CMakeFiles/ur_dashboard_msgs__rosidl_generator_c.dir/rosidl_generator_c/ur_dashboard_msgs/srv/detail/get_loaded_program__functions.c.o[0m
[7.897s] [  6%] [32mBuilding C object CMakeFiles/ur_dashboard_msgs__rosidl_generator_c.dir/rosidl_generator_c/ur_dashboard_msgs/srv/detail/get_robot_mode__functions.c.o[0m
[8.047s] [  7%] [32mBuilding C object CMakeFiles/ur_dashboard_msgs__rosidl_generator_c.dir/rosidl_generator_c/ur_dashboard_msgs/srv/detail/get_safety_mode__functions.c.o[0m
[8.053s] [  7%] [32mBuilding C object CMakeFiles/ur_dashboard_msgs__rosidl_generator_c.dir/rosidl_generator_c/ur_dashboard_msgs/srv/detail/is_program_running__functions.c.o[0m
[8.119s] [  8%] [32mBuilding C object CMakeFiles/ur_dashboard_msgs__rosidl_generator_c.dir/rosidl_generator_c/ur_dashboard_msgs/srv/detail/is_program_saved__functions.c.o[0m
[8.148s] [  9%] [32mBuilding C object CMakeFiles/ur_dashboard_msgs__rosidl_generator_c.dir/rosidl_generator_c/ur_dashboard_msgs/srv/detail/load__functions.c.o[0m
[8.148s] [ 10%] [32mBuilding C object CMakeFiles/ur_dashboard_msgs__rosidl_generator_c.dir/rosidl_generator_c/ur_dashboard_msgs/srv/detail/popup__functions.c.o[0m
[8.162s] [ 11%] [32mBuilding C object CMakeFiles/ur_dashboard_msgs__rosidl_generator_c.dir/rosidl_generator_c/ur_dashboard_msgs/srv/detail/raw_request__functions.c.o[0m
[8.163s] [ 11%] [32mBuilding C object CMakeFiles/ur_dashboard_msgs__rosidl_generator_c.dir/rosidl_generator_c/ur_dashboard_msgs/action/detail/set_mode__functions.c.o[0m
[8.693s] [ 12%] [32m[1mLinking C shared library libur_dashboard_msgs__rosidl_generator_c.so[0m
[8.701s] [ 12%] Built target ur_dashboard_msgs__cpp
[8.754s] [ 13%] [34m[1mGenerating C++ type support for eProsima Fast-RTPS[0m
[8.754s] [ 13%] [34m[1mGenerating C++ introspection for ROS interfaces[0m
[8.762s] [ 14%] [34m[1mGenerating C++ type support dispatch for ROS interfaces[0m
[8.871s] [ 14%] Built target ur_dashboard_msgs__rosidl_generator_c
[8.917s] [ 15%] [34m[1mGenerating C type support for eProsima Fast-RTPS[0m
[8.933s] [ 16%] [34m[1mGenerating C introspection for ROS interfaces[0m
[8.950s] [ 17%] [34m[1mGenerating C type support dispatch for ROS interfaces[0m
[12.826s] [ 18%] [32mBuilding CXX object CMakeFiles/ur_dashboard_msgs__rosidl_typesupport_cpp.dir/rosidl_typesupport_cpp/ur_dashboard_msgs/msg/program_state__type_support.cpp.o[0m
[12.833s] [ 19%] [32mBuilding CXX object CMakeFiles/ur_dashboard_msgs__rosidl_typesupport_cpp.dir/rosidl_typesupport_cpp/ur_dashboard_msgs/msg/robot_mode__type_support.cpp.o[0m
[12.852s] [ 19%] [32mBuilding CXX object CMakeFiles/ur_dashboard_msgs__rosidl_typesupport_cpp.dir/rosidl_typesupport_cpp/ur_dashboard_msgs/msg/safety_mode__type_support.cpp.o[0m
[13.440s] [ 19%] [32mBuilding CXX object CMakeFiles/ur_dashboard_msgs__rosidl_typesupport_c.dir/rosidl_typesupport_c/ur_dashboard_msgs/msg/program_state__type_support.cpp.o[0m
[13.575s] [ 20%] [32mBuilding CXX object CMakeFiles/ur_dashboard_msgs__rosidl_typesupport_c.dir/rosidl_typesupport_c/ur_dashboard_msgs/msg/robot_mode__type_support.cpp.o[0m
[13.683s] [ 21%] [32mBuilding CXX object CMakeFiles/ur_dashboard_msgs__rosidl_typesupport_c.dir/rosidl_typesupport_c/ur_dashboard_msgs/msg/safety_mode__type_support.cpp.o[0m
[13.805s] [ 22%] [32mBuilding CXX object CMakeFiles/ur_dashboard_msgs__rosidl_typesupport_c.dir/rosidl_typesupport_c/ur_dashboard_msgs/srv/add_to_log__type_support.cpp.o[0m
[13.926s] [ 22%] [32mBuilding CXX object CMakeFiles/ur_dashboard_msgs__rosidl_typesupport_c.dir/rosidl_typesupport_c/ur_dashboard_msgs/srv/get_loaded_program__type_support.cpp.o[0m
[14.070s] [ 23%] [32mBuilding CXX object CMakeFiles/ur_dashboard_msgs__rosidl_typesupport_c.dir/rosidl_typesupport_c/ur_dashboard_msgs/srv/get_program_state__type_support.cpp.o[0m
[14.200s] [ 24%] [32mBuilding CXX object CMakeFiles/ur_dashboard_msgs__rosidl_typesupport_c.dir/rosidl_typesupport_c/ur_dashboard_msgs/srv/get_robot_mode__type_support.cpp.o[0m
[14.293s] [ 25%] [32mBuilding CXX object CMakeFiles/ur_dashboard_msgs__rosidl_typesupport_c.dir/rosidl_typesupport_c/ur_dashboard_msgs/srv/get_safety_mode__type_support.cpp.o[0m
[14.315s] [ 25%] [32mBuilding CXX object CMakeFiles/ur_dashboard_msgs__rosidl_typesupport_c.dir/rosidl_typesupport_c/ur_dashboard_msgs/srv/is_program_running__type_support.cpp.o[0m
[14.327s] [ 26%] [32mBuilding CXX object CMakeFiles/ur_dashboard_msgs__rosidl_typesupport_cpp.dir/rosidl_typesupport_cpp/ur_dashboard_msgs/srv/add_to_log__type_support.cpp.o[0m
[14.355s] [ 27%] [32mBuilding CXX object CMakeFiles/ur_dashboard_msgs__rosidl_typesupport_cpp.dir/rosidl_typesupport_cpp/ur_dashboard_msgs/srv/get_loaded_program__type_support.cpp.o[0m
[14.444s] [ 27%] [32mBuilding CXX object CMakeFiles/ur_dashboard_msgs__rosidl_typesupport_cpp.dir/rosidl_typesupport_cpp/ur_dashboard_msgs/srv/get_program_state__type_support.cpp.o[0m
[14.477s] [ 28%] [32mBuilding CXX object CMakeFiles/ur_dashboard_msgs__rosidl_typesupport_c.dir/rosidl_typesupport_c/ur_dashboard_msgs/srv/is_program_saved__type_support.cpp.o[0m
[14.620s] [ 29%] [32mBuilding CXX object CMakeFiles/ur_dashboard_msgs__rosidl_typesupport_c.dir/rosidl_typesupport_c/ur_dashboard_msgs/srv/load__type_support.cpp.o[0m
[14.778s] [ 30%] [32mBuilding CXX object CMakeFiles/ur_dashboard_msgs__rosidl_typesupport_c.dir/rosidl_typesupport_c/ur_dashboard_msgs/srv/popup__type_support.cpp.o[0m
[14.827s] [ 31%] [32mBuilding CXX object CMakeFiles/ur_dashboard_msgs__rosidl_typesupport_introspection_cpp.dir/rosidl_typesupport_introspection_cpp/ur_dashboard_msgs/msg/detail/program_state__type_support.cpp.o[0m
[14.950s] [ 31%] [32mBuilding CXX object CMakeFiles/ur_dashboard_msgs__rosidl_typesupport_c.dir/rosidl_typesupport_c/ur_dashboard_msgs/srv/raw_request__type_support.cpp.o[0m
[15.122s] [ 32%] [32mBuilding CXX object CMakeFiles/ur_dashboard_msgs__rosidl_typesupport_c.dir/rosidl_typesupport_c/ur_dashboard_msgs/action/set_mode__type_support.cpp.o[0m
[15.292s] [ 33%] [32m[1mLinking CXX shared library libur_dashboard_msgs__rosidl_typesupport_c.so[0m
[15.483s] [ 33%] Built target ur_dashboard_msgs__rosidl_typesupport_c
[15.564s] [ 34%] [32mBuilding CXX object CMakeFiles/ur_dashboard_msgs__rosidl_typesupport_introspection_cpp.dir/rosidl_typesupport_introspection_cpp/ur_dashboard_msgs/msg/detail/robot_mode__type_support.cpp.o[0m
[15.732s] [ 35%] [32mBuilding CXX object CMakeFiles/ur_dashboard_msgs__rosidl_typesupport_introspection_cpp.dir/rosidl_typesupport_introspection_cpp/ur_dashboard_msgs/msg/detail/safety_mode__type_support.cpp.o[0m
[15.969s] [ 35%] [32mBuilding CXX object CMakeFiles/ur_dashboard_msgs__rosidl_typesupport_introspection_cpp.dir/rosidl_typesupport_introspection_cpp/ur_dashboard_msgs/srv/detail/add_to_log__type_support.cpp.o[0m
[16.017s] [ 36%] [32mBuilding CXX object CMakeFiles/ur_dashboard_msgs__rosidl_typesupport_cpp.dir/rosidl_typesupport_cpp/ur_dashboard_msgs/srv/get_robot_mode__type_support.cpp.o[0m
[16.165s] [ 37%] [32mBuilding C object CMakeFiles/ur_dashboard_msgs__rosidl_typesupport_introspection_c.dir/rosidl_typesupport_introspection_c/ur_dashboard_msgs/msg/detail/program_state__type_support.c.o[0m
[16.363s] [ 38%] [32mBuilding C object CMakeFiles/ur_dashboard_msgs__rosidl_typesupport_introspection_c.dir/rosidl_typesupport_introspection_c/ur_dashboard_msgs/msg/detail/robot_mode__type_support.c.o[0m
[16.523s] [ 38%] [32mBuilding C object CMakeFiles/ur_dashboard_msgs__rosidl_typesupport_introspection_c.dir/rosidl_typesupport_introspection_c/ur_dashboard_msgs/msg/detail/safety_mode__type_support.c.o[0m
[16.700s] [ 39%] [32mBuilding C object CMakeFiles/ur_dashboard_msgs__rosidl_typesupport_introspection_c.dir/rosidl_typesupport_introspection_c/ur_dashboard_msgs/srv/detail/add_to_log__type_support.c.o[0m
[16.807s] [ 40%] [32mBuilding CXX object CMakeFiles/ur_dashboard_msgs__rosidl_typesupport_fastrtps_c.dir/rosidl_typesupport_fastrtps_c/ur_dashboard_msgs/msg/detail/program_state__type_support_c.cpp.o[0m
[16.812s] [ 41%] [32mBuilding C object CMakeFiles/ur_dashboard_msgs__rosidl_typesupport_introspection_c.dir/rosidl_typesupport_introspection_c/ur_dashboard_msgs/srv/detail/get_loaded_program__type_support.c.o[0m
[16.924s] [ 42%] [32mBuilding CXX object CMakeFiles/ur_dashboard_msgs__rosidl_typesupport_fastrtps_cpp.dir/rosidl_typesupport_fastrtps_cpp/ur_dashboard_msgs/msg/detail/dds_fastrtps/program_state__type_support.cpp.o[0m
[16.995s] [ 43%] [32mBuilding C object CMakeFiles/ur_dashboard_msgs__rosidl_typesupport_introspection_c.dir/rosidl_typesupport_introspection_c/ur_dashboard_msgs/srv/detail/get_program_state__type_support.c.o[0m
[17.156s] [ 43%] [32mBuilding C object CMakeFiles/ur_dashboard_msgs__rosidl_typesupport_introspection_c.dir/rosidl_typesupport_introspection_c/ur_dashboard_msgs/srv/detail/get_robot_mode__type_support.c.o[0m
[17.192s] [ 44%] [32mBuilding CXX object CMakeFiles/ur_dashboard_msgs__rosidl_typesupport_fastrtps_cpp.dir/rosidl_typesupport_fastrtps_cpp/ur_dashboard_msgs/msg/detail/dds_fastrtps/robot_mode__type_support.cpp.o[0m
[17.312s] [ 45%] [32mBuilding CXX object CMakeFiles/ur_dashboard_msgs__rosidl_typesupport_cpp.dir/rosidl_typesupport_cpp/ur_dashboard_msgs/srv/get_safety_mode__type_support.cpp.o[0m
[17.379s] [ 46%] [32mBuilding CXX object CMakeFiles/ur_dashboard_msgs__rosidl_typesupport_cpp.dir/rosidl_typesupport_cpp/ur_dashboard_msgs/srv/is_program_running__type_support.cpp.o[0m
[17.387s] [ 47%] [32mBuilding C object CMakeFiles/ur_dashboard_msgs__rosidl_typesupport_introspection_c.dir/rosidl_typesupport_introspection_c/ur_dashboard_msgs/srv/detail/get_safety_mode__type_support.c.o[0m
[17.540s] [ 48%] [32mBuilding C object CMakeFiles/ur_dashboard_msgs__rosidl_typesupport_introspection_c.dir/rosidl_typesupport_introspection_c/ur_dashboard_msgs/srv/detail/is_program_running__type_support.c.o[0m
[17.582s] [ 48%] [32mBuilding CXX object CMakeFiles/ur_dashboard_msgs__rosidl_typesupport_fastrtps_c.dir/rosidl_typesupport_fastrtps_c/ur_dashboard_msgs/msg/detail/robot_mode__type_support_c.cpp.o[0m
[17.716s] [ 48%] [32mBuilding C object CMakeFiles/ur_dashboard_msgs__rosidl_typesupport_introspection_c.dir/rosidl_typesupport_introspection_c/ur_dashboard_msgs/srv/detail/is_program_saved__type_support.c.o[0m
[17.718s] [ 49%] [32mBuilding CXX object CMakeFiles/ur_dashboard_msgs__rosidl_typesupport_introspection_cpp.dir/rosidl_typesupport_introspection_cpp/ur_dashboard_msgs/srv/detail/get_loaded_program__type_support.cpp.o[0m
[17.750s] [ 49%] [32mBuilding CXX object CMakeFiles/ur_dashboard_msgs__rosidl_typesupport_fastrtps_cpp.dir/rosidl_typesupport_fastrtps_cpp/ur_dashboard_msgs/msg/detail/dds_fastrtps/safety_mode__type_support.cpp.o[0m
[17.938s] [ 50%] [32mBuilding C object CMakeFiles/ur_dashboard_msgs__rosidl_typesupport_introspection_c.dir/rosidl_typesupport_introspection_c/ur_dashboard_msgs/srv/detail/load__type_support.c.o[0m
[18.104s] [ 51%] [32mBuilding C object CMakeFiles/ur_dashboard_msgs__rosidl_typesupport_introspection_c.dir/rosidl_typesupport_introspection_c/ur_dashboard_msgs/srv/detail/popup__type_support.c.o[0m
[18.250s] [ 51%] [32mBuilding CXX object CMakeFiles/ur_dashboard_msgs__rosidl_typesupport_cpp.dir/rosidl_typesupport_cpp/ur_dashboard_msgs/srv/is_program_saved__type_support.cpp.o[0m
[18.299s] [ 52%] [32mBuilding C object CMakeFiles/ur_dashboard_msgs__rosidl_typesupport_introspection_c.dir/rosidl_typesupport_introspection_c/ur_dashboard_msgs/srv/detail/raw_request__type_support.c.o[0m
[18.468s] [ 52%] [32mBuilding C object CMakeFiles/ur_dashboard_msgs__rosidl_typesupport_introspection_c.dir/rosidl_typesupport_introspection_c/ur_dashboard_msgs/action/detail/set_mode__type_support.c.o[0m
[18.581s] [ 53%] [32mBuilding CXX object CMakeFiles/ur_dashboard_msgs__rosidl_typesupport_cpp.dir/rosidl_typesupport_cpp/ur_dashboard_msgs/srv/load__type_support.cpp.o[0m
[18.612s] [ 54%] [32mBuilding CXX object CMakeFiles/ur_dashboard_msgs__rosidl_typesupport_cpp.dir/rosidl_typesupport_cpp/ur_dashboard_msgs/srv/popup__type_support.cpp.o[0m
[18.713s] [ 55%] [32mBuilding CXX object CMakeFiles/ur_dashboard_msgs__rosidl_typesupport_fastrtps_cpp.dir/rosidl_typesupport_fastrtps_cpp/ur_dashboard_msgs/srv/detail/dds_fastrtps/add_to_log__type_support.cpp.o[0m
[18.731s] [ 56%] [32m[1mLinking C shared library libur_dashboard_msgs__rosidl_typesupport_introspection_c.so[0m
[18.951s] [ 56%] Built target ur_dashboard_msgs__rosidl_typesupport_introspection_c
[18.999s] [ 57%] [32mBuilding CXX object CMakeFiles/ur_dashboard_msgs__rosidl_typesupport_fastrtps_c.dir/rosidl_typesupport_fastrtps_c/ur_dashboard_msgs/msg/detail/safety_mode__type_support_c.cpp.o[0m
[19.164s] [ 58%] [32mBuilding CXX object CMakeFiles/ur_dashboard_msgs__rosidl_typesupport_fastrtps_cpp.dir/rosidl_typesupport_fastrtps_cpp/ur_dashboard_msgs/srv/detail/dds_fastrtps/get_loaded_program__type_support.cpp.o[0m
[19.323s] [ 59%] [32mBuilding CXX object CMakeFiles/ur_dashboard_msgs__rosidl_typesupport_fastrtps_c.dir/rosidl_typesupport_fastrtps_c/ur_dashboard_msgs/srv/detail/add_to_log__type_support_c.cpp.o[0m
[19.376s] [ 60%] [32mBuilding CXX object CMakeFiles/ur_dashboard_msgs__rosidl_typesupport_introspection_cpp.dir/rosidl_typesupport_introspection_cpp/ur_dashboard_msgs/srv/detail/get_program_state__type_support.cpp.o[0m
[19.736s] [ 61%] [32mBuilding CXX object CMakeFiles/ur_dashboard_msgs__rosidl_typesupport_cpp.dir/rosidl_typesupport_cpp/ur_dashboard_msgs/srv/raw_request__type_support.cpp.o[0m
[19.888s] [ 62%] [32mBuilding CXX object CMakeFiles/ur_dashboard_msgs__rosidl_typesupport_fastrtps_cpp.dir/rosidl_typesupport_fastrtps_cpp/ur_dashboard_msgs/srv/detail/dds_fastrtps/get_program_state__type_support.cpp.o[0m
[20.219s] [ 62%] [32mBuilding CXX object CMakeFiles/ur_dashboard_msgs__rosidl_typesupport_cpp.dir/rosidl_typesupport_cpp/ur_dashboard_msgs/action/set_mode__type_support.cpp.o[0m
[20.303s] [ 63%] [32mBuilding CXX object CMakeFiles/ur_dashboard_msgs__rosidl_typesupport_fastrtps_c.dir/rosidl_typesupport_fastrtps_c/ur_dashboard_msgs/srv/detail/get_loaded_program__type_support_c.cpp.o[0m
[20.495s] [ 63%] [32mBuilding CXX object CMakeFiles/ur_dashboard_msgs__rosidl_typesupport_fastrtps_cpp.dir/rosidl_typesupport_fastrtps_cpp/ur_dashboard_msgs/srv/detail/dds_fastrtps/get_robot_mode__type_support.cpp.o[0m
[20.761s] [ 63%] [32mBuilding CXX object CMakeFiles/ur_dashboard_msgs__rosidl_typesupport_fastrtps_c.dir/rosidl_typesupport_fastrtps_c/ur_dashboard_msgs/srv/detail/get_program_state__type_support_c.cpp.o[0m
[21.023s] [ 64%] [32mBuilding CXX object CMakeFiles/ur_dashboard_msgs__rosidl_typesupport_introspection_cpp.dir/rosidl_typesupport_introspection_cpp/ur_dashboard_msgs/srv/detail/get_robot_mode__type_support.cpp.o[0m
[21.043s] [ 65%] [32mBuilding CXX object CMakeFiles/ur_dashboard_msgs__rosidl_typesupport_fastrtps_cpp.dir/rosidl_typesupport_fastrtps_cpp/ur_dashboard_msgs/srv/detail/dds_fastrtps/get_safety_mode__type_support.cpp.o[0m
[21.392s] [ 66%] [32mBuilding CXX object CMakeFiles/ur_dashboard_msgs__rosidl_typesupport_fastrtps_cpp.dir/rosidl_typesupport_fastrtps_cpp/ur_dashboard_msgs/srv/detail/dds_fastrtps/is_program_running__type_support.cpp.o[0m
[21.584s] [ 67%] [32mBuilding CXX object CMakeFiles/ur_dashboard_msgs__rosidl_typesupport_fastrtps_c.dir/rosidl_typesupport_fastrtps_c/ur_dashboard_msgs/srv/detail/get_robot_mode__type_support_c.cpp.o[0m
[21.884s] [ 68%] [32mBuilding CXX object CMakeFiles/ur_dashboard_msgs__rosidl_typesupport_fastrtps_cpp.dir/rosidl_typesupport_fastrtps_cpp/ur_dashboard_msgs/srv/detail/dds_fastrtps/is_program_saved__type_support.cpp.o[0m
[22.671s] [ 69%] [32m[1mLinking CXX shared library libur_dashboard_msgs__rosidl_typesupport_cpp.so[0m
[22.753s] [ 70%] [32mBuilding CXX object CMakeFiles/ur_dashboard_msgs__rosidl_typesupport_fastrtps_c.dir/rosidl_typesupport_fastrtps_c/ur_dashboard_msgs/srv/detail/get_safety_mode__type_support_c.cpp.o[0m
[22.771s] [ 71%] [32mBuilding CXX object CMakeFiles/ur_dashboard_msgs__rosidl_typesupport_fastrtps_c.dir/rosidl_typesupport_fastrtps_c/ur_dashboard_msgs/srv/detail/is_program_running__type_support_c.cpp.o[0m
[22.800s] [ 71%] Built target ur_dashboard_msgs__rosidl_typesupport_cpp
[22.819s] [ 71%] [32mBuilding CXX object CMakeFiles/ur_dashboard_msgs__rosidl_typesupport_introspection_cpp.dir/rosidl_typesupport_introspection_cpp/ur_dashboard_msgs/srv/detail/get_safety_mode__type_support.cpp.o[0m
[22.953s] [ 71%] [32mBuilding CXX object CMakeFiles/ur_dashboard_msgs__rosidl_typesupport_fastrtps_cpp.dir/rosidl_typesupport_fastrtps_cpp/ur_dashboard_msgs/srv/detail/dds_fastrtps/load__type_support.cpp.o[0m
[23.377s] [ 72%] [32mBuilding CXX object CMakeFiles/ur_dashboard_msgs__rosidl_typesupport_fastrtps_cpp.dir/rosidl_typesupport_fastrtps_cpp/ur_dashboard_msgs/srv/detail/dds_fastrtps/popup__type_support.cpp.o[0m
[23.451s] [ 72%] [32mBuilding CXX object CMakeFiles/ur_dashboard_msgs__rosidl_typesupport_fastrtps_c.dir/rosidl_typesupport_fastrtps_c/ur_dashboard_msgs/srv/detail/is_program_saved__type_support_c.cpp.o[0m
[23.534s] [ 73%] [32mBuilding CXX object CMakeFiles/ur_dashboard_msgs__rosidl_typesupport_fastrtps_cpp.dir/rosidl_typesupport_fastrtps_cpp/ur_dashboard_msgs/srv/detail/dds_fastrtps/raw_request__type_support.cpp.o[0m
[23.831s] [ 74%] [32mBuilding CXX object CMakeFiles/ur_dashboard_msgs__rosidl_typesupport_fastrtps_cpp.dir/rosidl_typesupport_fastrtps_cpp/ur_dashboard_msgs/action/detail/dds_fastrtps/set_mode__type_support.cpp.o[0m
[24.476s] [ 75%] [32mBuilding CXX object CMakeFiles/ur_dashboard_msgs__rosidl_typesupport_fastrtps_c.dir/rosidl_typesupport_fastrtps_c/ur_dashboard_msgs/srv/detail/load__type_support_c.cpp.o[0m
[24.532s] [ 76%] [32mBuilding CXX object CMakeFiles/ur_dashboard_msgs__rosidl_typesupport_fastrtps_c.dir/rosidl_typesupport_fastrtps_c/ur_dashboard_msgs/srv/detail/popup__type_support_c.cpp.o[0m
[24.604s] [ 77%] [32mBuilding CXX object CMakeFiles/ur_dashboard_msgs__rosidl_typesupport_introspection_cpp.dir/rosidl_typesupport_introspection_cpp/ur_dashboard_msgs/srv/detail/is_program_running__type_support.cpp.o[0m
[25.077s] [ 78%] [32mBuilding CXX object CMakeFiles/ur_dashboard_msgs__rosidl_typesupport_introspection_cpp.dir/rosidl_typesupport_introspection_cpp/ur_dashboard_msgs/srv/detail/is_program_saved__type_support.cpp.o[0m
[25.193s] [ 79%] [32mBuilding CXX object CMakeFiles/ur_dashboard_msgs__rosidl_typesupport_fastrtps_c.dir/rosidl_typesupport_fastrtps_c/ur_dashboard_msgs/srv/detail/raw_request__type_support_c.cpp.o[0m
[26.138s] [ 79%] [32mBuilding CXX object CMakeFiles/ur_dashboard_msgs__rosidl_typesupport_fastrtps_c.dir/rosidl_typesupport_fastrtps_c/ur_dashboard_msgs/action/detail/set_mode__type_support_c.cpp.o[0m
[26.149s] [ 80%] [32mBuilding CXX object CMakeFiles/ur_dashboard_msgs__rosidl_typesupport_introspection_cpp.dir/rosidl_typesupport_introspection_cpp/ur_dashboard_msgs/action/detail/set_mode__type_support.cpp.o[0m
[26.525s] [ 80%] [32m[1mLinking CXX shared library libur_dashboard_msgs__rosidl_typesupport_fastrtps_cpp.so[0m
[26.531s] [ 81%] [32mBuilding CXX object CMakeFiles/ur_dashboard_msgs__rosidl_typesupport_introspection_cpp.dir/rosidl_typesupport_introspection_cpp/ur_dashboard_msgs/srv/detail/raw_request__type_support.cpp.o[0m
[27.022s] [ 81%] Built target ur_dashboard_msgs__rosidl_typesupport_fastrtps_cpp
[27.345s] [ 82%] [32m[1mLinking CXX shared library libur_dashboard_msgs__rosidl_typesupport_fastrtps_c.so[0m
[27.611s] [ 82%] Built target ur_dashboard_msgs__rosidl_typesupport_fastrtps_c
[27.669s] [ 82%] [32mBuilding CXX object CMakeFiles/ur_dashboard_msgs__rosidl_typesupport_introspection_cpp.dir/rosidl_typesupport_introspection_cpp/ur_dashboard_msgs/srv/detail/popup__type_support.cpp.o[0m
[27.803s] [ 83%] [32mBuilding CXX object CMakeFiles/ur_dashboard_msgs__rosidl_typesupport_introspection_cpp.dir/rosidl_typesupport_introspection_cpp/ur_dashboard_msgs/srv/detail/load__type_support.cpp.o[0m
[28.360s] [ 84%] [32m[1mLinking CXX shared library libur_dashboard_msgs__rosidl_typesupport_introspection_cpp.so[0m
[28.455s] [ 84%] Built target ur_dashboard_msgs__rosidl_typesupport_introspection_cpp
[28.486s] [ 84%] Built target ur_dashboard_msgs
[28.519s] [ 85%] [34m[1mGenerating Python code for ROS interfaces[0m
[32.385s] [ 85%] Built target ur_dashboard_msgs__py
[32.413s] [ 86%] [32mBuilding C object CMakeFiles/ur_dashboard_msgs__rosidl_generator_py.dir/rosidl_generator_py/ur_dashboard_msgs/msg/_program_state_s.c.o[0m
[32.516s] [ 87%] [32mBuilding C object CMakeFiles/ur_dashboard_msgs__rosidl_generator_py.dir/rosidl_generator_py/ur_dashboard_msgs/srv/_get_safety_mode_s.c.o[0m
[32.630s] [ 88%] [32mBuilding C object CMakeFiles/ur_dashboard_msgs__rosidl_generator_py.dir/rosidl_generator_py/ur_dashboard_msgs/srv/_is_program_running_s.c.o[0m
[32.748s] [ 88%] [32mBuilding C object CMakeFiles/ur_dashboard_msgs__rosidl_generator_py.dir/rosidl_generator_py/ur_dashboard_msgs/srv/_is_program_saved_s.c.o[0m
[32.866s] [ 89%] [32mBuilding C object CMakeFiles/ur_dashboard_msgs__rosidl_generator_py.dir/rosidl_generator_py/ur_dashboard_msgs/srv/_load_s.c.o[0m
[32.976s] [ 90%] [32mBuilding C object CMakeFiles/ur_dashboard_msgs__rosidl_generator_py.dir/rosidl_generator_py/ur_dashboard_msgs/srv/_popup_s.c.o[0m
[33.079s] [ 90%] [32mBuilding C object CMakeFiles/ur_dashboard_msgs__rosidl_generator_py.dir/rosidl_generator_py/ur_dashboard_msgs/srv/_raw_request_s.c.o[0m
[33.182s] [ 91%] [32mBuilding C object CMakeFiles/ur_dashboard_msgs__rosidl_generator_py.dir/rosidl_generator_py/ur_dashboard_msgs/action/_set_mode_s.c.o[0m
[33.327s] [ 92%] [32mBuilding C object CMakeFiles/ur_dashboard_msgs__rosidl_generator_py.dir/rosidl_generator_py/ur_dashboard_msgs/srv/_get_robot_mode_s.c.o[0m
[33.439s] [ 92%] [32mBuilding C object CMakeFiles/ur_dashboard_msgs__rosidl_generator_py.dir/rosidl_generator_py/ur_dashboard_msgs/srv/_get_program_state_s.c.o[0m
[33.553s] [ 93%] [32mBuilding C object CMakeFiles/ur_dashboard_msgs__rosidl_generator_py.dir/rosidl_generator_py/ur_dashboard_msgs/srv/_get_loaded_program_s.c.o[0m
[33.661s] [ 94%] [32mBuilding C object CMakeFiles/ur_dashboard_msgs__rosidl_generator_py.dir/rosidl_generator_py/ur_dashboard_msgs/srv/_add_to_log_s.c.o[0m
[33.768s] [ 95%] [32mBuilding C object CMakeFiles/ur_dashboard_msgs__rosidl_generator_py.dir/rosidl_generator_py/ur_dashboard_msgs/msg/_safety_mode_s.c.o[0m
[33.878s] [ 95%] [32mBuilding C object CMakeFiles/ur_dashboard_msgs__rosidl_generator_py.dir/rosidl_generator_py/ur_dashboard_msgs/msg/_robot_mode_s.c.o[0m
[33.990s] [ 96%] [32m[1mLinking C shared library rosidl_generator_py/ur_dashboard_msgs/libur_dashboard_msgs__rosidl_generator_py.so[0m
[34.040s] [ 96%] Built target ur_dashboard_msgs__rosidl_generator_py
[34.066s] [ 97%] [32mBuilding C object CMakeFiles/ur_dashboard_msgs__rosidl_typesupport_fastrtps_c__pyext.dir/rosidl_generator_py/ur_dashboard_msgs/_ur_dashboard_msgs_s.ep.rosidl_typesupport_fastrtps_c.c.o[0m
[34.257s] [ 97%] [32m[1mLinking C shared library rosidl_generator_py/ur_dashboard_msgs/ur_dashboard_msgs_s__rosidl_typesupport_fastrtps_c.cpython-310-x86_64-linux-gnu.so[0m
[34.306s] [ 97%] Built target ur_dashboard_msgs__rosidl_typesupport_fastrtps_c__pyext
[34.333s] [ 98%] [32mBuilding C object CMakeFiles/ur_dashboard_msgs__rosidl_typesupport_c__pyext.dir/rosidl_generator_py/ur_dashboard_msgs/_ur_dashboard_msgs_s.ep.rosidl_typesupport_c.c.o[0m
[34.555s] [ 98%] [32m[1mLinking C shared library rosidl_generator_py/ur_dashboard_msgs/ur_dashboard_msgs_s__rosidl_typesupport_c.cpython-310-x86_64-linux-gnu.so[0m
[34.601s] [ 98%] Built target ur_dashboard_msgs__rosidl_typesupport_c__pyext
[34.628s] [ 99%] [32mBuilding C object CMakeFiles/ur_dashboard_msgs__rosidl_typesupport_introspection_c__pyext.dir/rosidl_generator_py/ur_dashboard_msgs/_ur_dashboard_msgs_s.ep.rosidl_typesupport_introspection_c.c.o[0m
[34.816s] [100%] [32m[1mLinking C shared library rosidl_generator_py/ur_dashboard_msgs/ur_dashboard_msgs_s__rosidl_typesupport_introspection_c.cpython-310-x86_64-linux-gnu.so[0m
[34.864s] [100%] Built target ur_dashboard_msgs__rosidl_typesupport_introspection_c__pyext
[34.878s] Invoked command in '/home/vinayak/ws_moveit2/build/ur_dashboard_msgs' returned '0': CMAKE_PREFIX_PATH=${CMAKE_PREFIX_PATH}:/home/vinayak/ws_moveit2/install/ur3e_rl:/home/vinayak/ws_moveit2/install/ur3e_motion_package:/home/vinayak/ws_moveit2/install/moveit_configs_utils:/home/vinayak/ws_moveit2/install/launch_param_builder:/opt/ros/humble /usr/bin/cmake --build /home/vinayak/ws_moveit2/build/ur_dashboard_msgs -- -j8 -l8
[34.880s] Invoking command in '/home/vinayak/ws_moveit2/build/ur_dashboard_msgs': CMAKE_PREFIX_PATH=${CMAKE_PREFIX_PATH}:/home/vinayak/ws_moveit2/install/ur3e_rl:/home/vinayak/ws_moveit2/install/ur3e_motion_package:/home/vinayak/ws_moveit2/install/moveit_configs_utils:/home/vinayak/ws_moveit2/install/launch_param_builder:/opt/ros/humble /usr/bin/cmake --install /home/vinayak/ws_moveit2/build/ur_dashboard_msgs
[34.889s] -- Install configuration: ""
[34.889s] -- Installing: /home/vinayak/ws_moveit2/install/ur_dashboard_msgs/share/ament_index/resource_index/rosidl_interfaces/ur_dashboard_msgs
[34.889s] -- Installing: /home/vinayak/ws_moveit2/install/ur_dashboard_msgs/include/ur_dashboard_msgs/ur_dashboard_msgs
[34.889s] -- Installing: /home/vinayak/ws_moveit2/install/ur_dashboard_msgs/include/ur_dashboard_msgs/ur_dashboard_msgs/action
[34.889s] -- Installing: /home/vinayak/ws_moveit2/install/ur_dashboard_msgs/include/ur_dashboard_msgs/ur_dashboard_msgs/action/set_mode.h
[34.889s] -- Installing: /home/vinayak/ws_moveit2/install/ur_dashboard_msgs/include/ur_dashboard_msgs/ur_dashboard_msgs/action/detail
[34.889s] -- Installing: /home/vinayak/ws_moveit2/install/ur_dashboard_msgs/include/ur_dashboard_msgs/ur_dashboard_msgs/action/detail/set_mode__functions.h
[34.889s] -- Installing: /home/vinayak/ws_moveit2/install/ur_dashboard_msgs/include/ur_dashboard_msgs/ur_dashboard_msgs/action/detail/set_mode__functions.c
[34.889s] -- Installing: /home/vinayak/ws_moveit2/install/ur_dashboard_msgs/include/ur_dashboard_msgs/ur_dashboard_msgs/action/detail/set_mode__struct.h
[34.890s] -- Installing: /home/vinayak/ws_moveit2/install/ur_dashboard_msgs/include/ur_dashboard_msgs/ur_dashboard_msgs/action/detail/set_mode__type_support.h
[34.890s] -- Installing: /home/vinayak/ws_moveit2/install/ur_dashboard_msgs/include/ur_dashboard_msgs/ur_dashboard_msgs/msg
[34.890s] -- Installing: /home/vinayak/ws_moveit2/install/ur_dashboard_msgs/include/ur_dashboard_msgs/ur_dashboard_msgs/msg/robot_mode.h
[34.890s] -- Installing: /home/vinayak/ws_moveit2/install/ur_dashboard_msgs/include/ur_dashboard_msgs/ur_dashboard_msgs/msg/rosidl_generator_c__visibility_control.h
[34.890s] -- Installing: /home/vinayak/ws_moveit2/install/ur_dashboard_msgs/include/ur_dashboard_msgs/ur_dashboard_msgs/msg/program_state.h
[34.890s] -- Installing: /home/vinayak/ws_moveit2/install/ur_dashboard_msgs/include/ur_dashboard_msgs/ur_dashboard_msgs/msg/safety_mode.h
[34.890s] -- Installing: /home/vinayak/ws_moveit2/install/ur_dashboard_msgs/include/ur_dashboard_msgs/ur_dashboard_msgs/msg/detail
[34.890s] -- Installing: /home/vinayak/ws_moveit2/install/ur_dashboard_msgs/include/ur_dashboard_msgs/ur_dashboard_msgs/msg/detail/robot_mode__functions.h
[34.891s] -- Installing: /home/vinayak/ws_moveit2/install/ur_dashboard_msgs/include/ur_dashboard_msgs/ur_dashboard_msgs/msg/detail/program_state__functions.c
[34.891s] -- Installing: /home/vinayak/ws_moveit2/install/ur_dashboard_msgs/include/ur_dashboard_msgs/ur_dashboard_msgs/msg/detail/robot_mode__type_support.h
[34.891s] -- Installing: /home/vinayak/ws_moveit2/install/ur_dashboard_msgs/include/ur_dashboard_msgs/ur_dashboard_msgs/msg/detail/robot_mode__functions.c
[34.891s] -- Installing: /home/vinayak/ws_moveit2/install/ur_dashboard_msgs/include/ur_dashboard_msgs/ur_dashboard_msgs/msg/detail/safety_mode__functions.h
[34.891s] -- Installing: /home/vinayak/ws_moveit2/install/ur_dashboard_msgs/include/ur_dashboard_msgs/ur_dashboard_msgs/msg/detail/program_state__struct.h
[34.891s] -- Installing: /home/vinayak/ws_moveit2/install/ur_dashboard_msgs/include/ur_dashboard_msgs/ur_dashboard_msgs/msg/detail/safety_mode__struct.h
[34.891s] -- Installing: /home/vinayak/ws_moveit2/install/ur_dashboard_msgs/include/ur_dashboard_msgs/ur_dashboard_msgs/msg/detail/safety_mode__functions.c
[34.892s] -- Installing: /home/vinayak/ws_moveit2/install/ur_dashboard_msgs/include/ur_dashboard_msgs/ur_dashboard_msgs/msg/detail/safety_mode__type_support.h
[34.892s] -- Installing: /home/vinayak/ws_moveit2/install/ur_dashboard_msgs/include/ur_dashboard_msgs/ur_dashboard_msgs/msg/detail/robot_mode__struct.h
[34.892s] -- Installing: /home/vinayak/ws_moveit2/install/ur_dashboard_msgs/include/ur_dashboard_msgs/ur_dashboard_msgs/msg/detail/program_state__type_support.h
[34.892s] -- Installing: /home/vinayak/ws_moveit2/install/ur_dashboard_msgs/include/ur_dashboard_msgs/ur_dashboard_msgs/msg/detail/program_state__functions.h
[34.892s] -- Installing: /home/vinayak/ws_moveit2/install/ur_dashboard_msgs/include/ur_dashboard_msgs/ur_dashboard_msgs/srv
[34.892s] -- Installing: /home/vinayak/ws_moveit2/install/ur_dashboard_msgs/include/ur_dashboard_msgs/ur_dashboard_msgs/srv/popup.h
[34.893s] -- Installing: /home/vinayak/ws_moveit2/install/ur_dashboard_msgs/include/ur_dashboard_msgs/ur_dashboard_msgs/srv/get_program_state.h
[34.893s] -- Installing: /home/vinayak/ws_moveit2/install/ur_dashboard_msgs/include/ur_dashboard_msgs/ur_dashboard_msgs/srv/load.h
[34.893s] -- Installing: /home/vinayak/ws_moveit2/install/ur_dashboard_msgs/include/ur_dashboard_msgs/ur_dashboard_msgs/srv/get_loaded_program.h
[34.893s] -- Installing: /home/vinayak/ws_moveit2/install/ur_dashboard_msgs/include/ur_dashboard_msgs/ur_dashboard_msgs/srv/get_robot_mode.h
[34.893s] -- Installing: /home/vinayak/ws_moveit2/install/ur_dashboard_msgs/include/ur_dashboard_msgs/ur_dashboard_msgs/srv/is_program_saved.h
[34.893s] -- Installing: /home/vinayak/ws_moveit2/install/ur_dashboard_msgs/include/ur_dashboard_msgs/ur_dashboard_msgs/srv/get_safety_mode.h
[34.893s] -- Installing: /home/vinayak/ws_moveit2/install/ur_dashboard_msgs/include/ur_dashboard_msgs/ur_dashboard_msgs/srv/detail
[34.894s] -- Installing: /home/vinayak/ws_moveit2/install/ur_dashboard_msgs/include/ur_dashboard_msgs/ur_dashboard_msgs/srv/detail/get_safety_mode__functions.c
[34.894s] -- Installing: /home/vinayak/ws_moveit2/install/ur_dashboard_msgs/include/ur_dashboard_msgs/ur_dashboard_msgs/srv/detail/get_program_state__struct.h
[34.894s] -- Installing: /home/vinayak/ws_moveit2/install/ur_dashboard_msgs/include/ur_dashboard_msgs/ur_dashboard_msgs/srv/detail/is_program_saved__functions.h
[34.894s] -- Installing: /home/vinayak/ws_moveit2/install/ur_dashboard_msgs/include/ur_dashboard_msgs/ur_dashboard_msgs/srv/detail/add_to_log__functions.h
[34.894s] -- Installing: /home/vinayak/ws_moveit2/install/ur_dashboard_msgs/include/ur_dashboard_msgs/ur_dashboard_msgs/srv/detail/get_safety_mode__functions.h
[34.894s] -- Installing: /home/vinayak/ws_moveit2/install/ur_dashboard_msgs/include/ur_dashboard_msgs/ur_dashboard_msgs/srv/detail/raw_request__functions.h
[34.894s] -- Installing: /home/vinayak/ws_moveit2/install/ur_dashboard_msgs/include/ur_dashboard_msgs/ur_dashboard_msgs/srv/detail/get_program_state__type_support.h
[34.895s] -- Installing: /home/vinayak/ws_moveit2/install/ur_dashboard_msgs/include/ur_dashboard_msgs/ur_dashboard_msgs/srv/detail/raw_request__type_support.h
[34.895s] -- Installing: /home/vinayak/ws_moveit2/install/ur_dashboard_msgs/include/ur_dashboard_msgs/ur_dashboard_msgs/srv/detail/is_program_saved__struct.h
[34.895s] -- Installing: /home/vinayak/ws_moveit2/install/ur_dashboard_msgs/include/ur_dashboard_msgs/ur_dashboard_msgs/srv/detail/is_program_running__struct.h
[34.895s] -- Installing: /home/vinayak/ws_moveit2/install/ur_dashboard_msgs/include/ur_dashboard_msgs/ur_dashboard_msgs/srv/detail/is_program_saved__functions.c
[34.895s] -- Installing: /home/vinayak/ws_moveit2/install/ur_dashboard_msgs/include/ur_dashboard_msgs/ur_dashboard_msgs/srv/detail/add_to_log__functions.c
[34.895s] -- Installing: /home/vinayak/ws_moveit2/install/ur_dashboard_msgs/include/ur_dashboard_msgs/ur_dashboard_msgs/srv/detail/load__functions.c
[34.896s] -- Installing: /home/vinayak/ws_moveit2/install/ur_dashboard_msgs/include/ur_dashboard_msgs/ur_dashboard_msgs/srv/detail/popup__type_support.h
[34.896s] -- Installing: /home/vinayak/ws_moveit2/install/ur_dashboard_msgs/include/ur_dashboard_msgs/ur_dashboard_msgs/srv/detail/get_loaded_program__functions.h
[34.896s] -- Installing: /home/vinayak/ws_moveit2/install/ur_dashboard_msgs/include/ur_dashboard_msgs/ur_dashboard_msgs/srv/detail/popup__struct.h
[34.896s] -- Installing: /home/vinayak/ws_moveit2/install/ur_dashboard_msgs/include/ur_dashboard_msgs/ur_dashboard_msgs/srv/detail/is_program_running__type_support.h
[34.896s] -- Installing: /home/vinayak/ws_moveit2/install/ur_dashboard_msgs/include/ur_dashboard_msgs/ur_dashboard_msgs/srv/detail/load__functions.h
[34.896s] -- Installing: /home/vinayak/ws_moveit2/install/ur_dashboard_msgs/include/ur_dashboard_msgs/ur_dashboard_msgs/srv/detail/get_robot_mode__struct.h
[34.896s] -- Installing: /home/vinayak/ws_moveit2/install/ur_dashboard_msgs/include/ur_dashboard_msgs/ur_dashboard_msgs/srv/detail/is_program_running__functions.h
[34.897s] -- Installing: /home/vinayak/ws_moveit2/install/ur_dashboard_msgs/include/ur_dashboard_msgs/ur_dashboard_msgs/srv/detail/get_loaded_program__type_support.h
[34.897s] -- Installing: /home/vinayak/ws_moveit2/install/ur_dashboard_msgs/include/ur_dashboard_msgs/ur_dashboard_msgs/srv/detail/get_safety_mode__type_support.h
[34.897s] -- Installing: /home/vinayak/ws_moveit2/install/ur_dashboard_msgs/include/ur_dashboard_msgs/ur_dashboard_msgs/srv/detail/raw_request__struct.h
[34.897s] -- Installing: /home/vinayak/ws_moveit2/install/ur_dashboard_msgs/include/ur_dashboard_msgs/ur_dashboard_msgs/srv/detail/raw_request__functions.c
[34.897s] -- Installing: /home/vinayak/ws_moveit2/install/ur_dashboard_msgs/include/ur_dashboard_msgs/ur_dashboard_msgs/srv/detail/get_program_state__functions.h
[34.897s] -- Installing: /home/vinayak/ws_moveit2/install/ur_dashboard_msgs/include/ur_dashboard_msgs/ur_dashboard_msgs/srv/detail/add_to_log__type_support.h
[34.897s] -- Installing: /home/vinayak/ws_moveit2/install/ur_dashboard_msgs/include/ur_dashboard_msgs/ur_dashboard_msgs/srv/detail/get_loaded_program__struct.h
[34.898s] -- Installing: /home/vinayak/ws_moveit2/install/ur_dashboard_msgs/include/ur_dashboard_msgs/ur_dashboard_msgs/srv/detail/is_program_running__functions.c
[34.898s] -- Installing: /home/vinayak/ws_moveit2/install/ur_dashboard_msgs/include/ur_dashboard_msgs/ur_dashboard_msgs/srv/detail/get_robot_mode__functions.c
[34.898s] -- Installing: /home/vinayak/ws_moveit2/install/ur_dashboard_msgs/include/ur_dashboard_msgs/ur_dashboard_msgs/srv/detail/load__struct.h
[34.898s] -- Installing: /home/vinayak/ws_moveit2/install/ur_dashboard_msgs/include/ur_dashboard_msgs/ur_dashboard_msgs/srv/detail/is_program_saved__type_support.h
[34.898s] -- Installing: /home/vinayak/ws_moveit2/install/ur_dashboard_msgs/include/ur_dashboard_msgs/ur_dashboard_msgs/srv/detail/load__type_support.h
[34.898s] -- Installing: /home/vinayak/ws_moveit2/install/ur_dashboard_msgs/include/ur_dashboard_msgs/ur_dashboard_msgs/srv/detail/get_robot_mode__functions.h
[34.899s] -- Installing: /home/vinayak/ws_moveit2/install/ur_dashboard_msgs/include/ur_dashboard_msgs/ur_dashboard_msgs/srv/detail/get_program_state__functions.c
[34.899s] -- Installing: /home/vinayak/ws_moveit2/install/ur_dashboard_msgs/include/ur_dashboard_msgs/ur_dashboard_msgs/srv/detail/add_to_log__struct.h
[34.899s] -- Installing: /home/vinayak/ws_moveit2/install/ur_dashboard_msgs/include/ur_dashboard_msgs/ur_dashboard_msgs/srv/detail/popup__functions.h
[34.899s] -- Installing: /home/vinayak/ws_moveit2/install/ur_dashboard_msgs/include/ur_dashboard_msgs/ur_dashboard_msgs/srv/detail/get_safety_mode__struct.h
[34.899s] -- Installing: /home/vinayak/ws_moveit2/install/ur_dashboard_msgs/include/ur_dashboard_msgs/ur_dashboard_msgs/srv/detail/popup__functions.c
[34.899s] -- Installing: /home/vinayak/ws_moveit2/install/ur_dashboard_msgs/include/ur_dashboard_msgs/ur_dashboard_msgs/srv/detail/get_loaded_program__functions.c
[34.899s] -- Installing: /home/vinayak/ws_moveit2/install/ur_dashboard_msgs/include/ur_dashboard_msgs/ur_dashboard_msgs/srv/detail/get_robot_mode__type_support.h
[34.900s] -- Installing: /home/vinayak/ws_moveit2/install/ur_dashboard_msgs/include/ur_dashboard_msgs/ur_dashboard_msgs/srv/is_program_running.h
[34.900s] -- Installing: /home/vinayak/ws_moveit2/install/ur_dashboard_msgs/include/ur_dashboard_msgs/ur_dashboard_msgs/srv/raw_request.h
[34.900s] -- Installing: /home/vinayak/ws_moveit2/install/ur_dashboard_msgs/include/ur_dashboard_msgs/ur_dashboard_msgs/srv/add_to_log.h
[34.900s] -- Installing: /home/vinayak/ws_moveit2/install/ur_dashboard_msgs/share/ur_dashboard_msgs/environment/library_path.sh
[34.900s] -- Installing: /home/vinayak/ws_moveit2/install/ur_dashboard_msgs/share/ur_dashboard_msgs/environment/library_path.dsv
[34.901s] -- Installing: /home/vinayak/ws_moveit2/install/ur_dashboard_msgs/lib/libur_dashboard_msgs__rosidl_generator_c.so
[34.901s] -- Set runtime path of "/home/vinayak/ws_moveit2/install/ur_dashboard_msgs/lib/libur_dashboard_msgs__rosidl_generator_c.so" to ""
[34.901s] -- Up-to-date: /home/vinayak/ws_moveit2/install/ur_dashboard_msgs/include/ur_dashboard_msgs/ur_dashboard_msgs
[34.902s] -- Up-to-date: /home/vinayak/ws_moveit2/install/ur_dashboard_msgs/include/ur_dashboard_msgs/ur_dashboard_msgs/action
[34.902s] -- Up-to-date: /home/vinayak/ws_moveit2/install/ur_dashboard_msgs/include/ur_dashboard_msgs/ur_dashboard_msgs/action/detail
[34.902s] -- Installing: /home/vinayak/ws_moveit2/install/ur_dashboard_msgs/include/ur_dashboard_msgs/ur_dashboard_msgs/action/detail/set_mode__rosidl_typesupport_fastrtps_c.h
[34.902s] -- Up-to-date: /home/vinayak/ws_moveit2/install/ur_dashboard_msgs/include/ur_dashboard_msgs/ur_dashboard_msgs/msg
[34.902s] -- Up-to-date: /home/vinayak/ws_moveit2/install/ur_dashboard_msgs/include/ur_dashboard_msgs/ur_dashboard_msgs/msg/detail
[34.902s] -- Installing: /home/vinayak/ws_moveit2/install/ur_dashboard_msgs/include/ur_dashboard_msgs/ur_dashboard_msgs/msg/detail/safety_mode__rosidl_typesupport_fastrtps_c.h
[34.902s] -- Installing: /home/vinayak/ws_moveit2/install/ur_dashboard_msgs/include/ur_dashboard_msgs/ur_dashboard_msgs/msg/detail/robot_mode__rosidl_typesupport_fastrtps_c.h
[34.903s] -- Installing: /home/vinayak/ws_moveit2/install/ur_dashboard_msgs/include/ur_dashboard_msgs/ur_dashboard_msgs/msg/detail/program_state__rosidl_typesupport_fastrtps_c.h
[34.903s] -- Installing: /home/vinayak/ws_moveit2/install/ur_dashboard_msgs/include/ur_dashboard_msgs/ur_dashboard_msgs/msg/rosidl_typesupport_fastrtps_c__visibility_control.h
[34.903s] -- Up-to-date: /home/vinayak/ws_moveit2/install/ur_dashboard_msgs/include/ur_dashboard_msgs/ur_dashboard_msgs/srv
[34.903s] -- Up-to-date: /home/vinayak/ws_moveit2/install/ur_dashboard_msgs/include/ur_dashboard_msgs/ur_dashboard_msgs/srv/detail
[34.903s] -- Installing: /home/vinayak/ws_moveit2/install/ur_dashboard_msgs/include/ur_dashboard_msgs/ur_dashboard_msgs/srv/detail/get_loaded_program__rosidl_typesupport_fastrtps_c.h
[34.903s] -- Installing: /home/vinayak/ws_moveit2/install/ur_dashboard_msgs/include/ur_dashboard_msgs/ur_dashboard_msgs/srv/detail/is_program_saved__rosidl_typesupport_fastrtps_c.h
[34.903s] -- Installing: /home/vinayak/ws_moveit2/install/ur_dashboard_msgs/include/ur_dashboard_msgs/ur_dashboard_msgs/srv/detail/get_program_state__rosidl_typesupport_fastrtps_c.h
[34.903s] -- Installing: /home/vinayak/ws_moveit2/install/ur_dashboard_msgs/include/ur_dashboard_msgs/ur_dashboard_msgs/srv/detail/popup__rosidl_typesupport_fastrtps_c.h
[34.904s] -- Installing: /home/vinayak/ws_moveit2/install/ur_dashboard_msgs/include/ur_dashboard_msgs/ur_dashboard_msgs/srv/detail/get_safety_mode__rosidl_typesupport_fastrtps_c.h
[34.904s] -- Installing: /home/vinayak/ws_moveit2/install/ur_dashboard_msgs/include/ur_dashboard_msgs/ur_dashboard_msgs/srv/detail/raw_request__rosidl_typesupport_fastrtps_c.h
[34.904s] -- Installing: /home/vinayak/ws_moveit2/install/ur_dashboard_msgs/include/ur_dashboard_msgs/ur_dashboard_msgs/srv/detail/load__rosidl_typesupport_fastrtps_c.h
[34.904s] -- Installing: /home/vinayak/ws_moveit2/install/ur_dashboard_msgs/include/ur_dashboard_msgs/ur_dashboard_msgs/srv/detail/get_robot_mode__rosidl_typesupport_fastrtps_c.h
[34.904s] -- Installing: /home/vinayak/ws_moveit2/install/ur_dashboard_msgs/include/ur_dashboard_msgs/ur_dashboard_msgs/srv/detail/add_to_log__rosidl_typesupport_fastrtps_c.h
[34.904s] -- Installing: /home/vinayak/ws_moveit2/install/ur_dashboard_msgs/include/ur_dashboard_msgs/ur_dashboard_msgs/srv/detail/is_program_running__rosidl_typesupport_fastrtps_c.h
[34.904s] -- Installing: /home/vinayak/ws_moveit2/install/ur_dashboard_msgs/lib/libur_dashboard_msgs__rosidl_typesupport_fastrtps_c.so
[34.905s] -- Set runtime path of "/home/vinayak/ws_moveit2/install/ur_dashboard_msgs/lib/libur_dashboard_msgs__rosidl_typesupport_fastrtps_c.so" to ""
[34.905s] -- Up-to-date: /home/vinayak/ws_moveit2/install/ur_dashboard_msgs/include/ur_dashboard_msgs/ur_dashboard_msgs
[34.905s] -- Up-to-date: /home/vinayak/ws_moveit2/install/ur_dashboard_msgs/include/ur_dashboard_msgs/ur_dashboard_msgs/action
[34.905s] -- Up-to-date: /home/vinayak/ws_moveit2/install/ur_dashboard_msgs/include/ur_dashboard_msgs/ur_dashboard_msgs/action/detail
[34.905s] -- Installing: /home/vinayak/ws_moveit2/install/ur_dashboard_msgs/include/ur_dashboard_msgs/ur_dashboard_msgs/action/detail/set_mode__type_support.c
[34.905s] -- Installing: /home/vinayak/ws_moveit2/install/ur_dashboard_msgs/include/ur_dashboard_msgs/ur_dashboard_msgs/action/detail/set_mode__rosidl_typesupport_introspection_c.h
[34.906s] -- Up-to-date: /home/vinayak/ws_moveit2/install/ur_dashboard_msgs/include/ur_dashboard_msgs/ur_dashboard_msgs/msg
[34.906s] -- Up-to-date: /home/vinayak/ws_moveit2/install/ur_dashboard_msgs/include/ur_dashboard_msgs/ur_dashboard_msgs/msg/detail
[34.906s] -- Installing: /home/vinayak/ws_moveit2/install/ur_dashboard_msgs/include/ur_dashboard_msgs/ur_dashboard_msgs/msg/detail/robot_mode__type_support.c
[34.906s] -- Installing: /home/vinayak/ws_moveit2/install/ur_dashboard_msgs/include/ur_dashboard_msgs/ur_dashboard_msgs/msg/detail/safety_mode__rosidl_typesupport_introspection_c.h
[34.906s] -- Installing: /home/vinayak/ws_moveit2/install/ur_dashboard_msgs/include/ur_dashboard_msgs/ur_dashboard_msgs/msg/detail/robot_mode__rosidl_typesupport_introspection_c.h
[34.906s] -- Installing: /home/vinayak/ws_moveit2/install/ur_dashboard_msgs/include/ur_dashboard_msgs/ur_dashboard_msgs/msg/detail/program_state__type_support.c
[34.906s] -- Installing: /home/vinayak/ws_moveit2/install/ur_dashboard_msgs/include/ur_dashboard_msgs/ur_dashboard_msgs/msg/detail/program_state__rosidl_typesupport_introspection_c.h
[34.906s] -- Installing: /home/vinayak/ws_moveit2/install/ur_dashboard_msgs/include/ur_dashboard_msgs/ur_dashboard_msgs/msg/detail/safety_mode__type_support.c
[34.907s] -- Installing: /home/vinayak/ws_moveit2/install/ur_dashboard_msgs/include/ur_dashboard_msgs/ur_dashboard_msgs/msg/rosidl_typesupport_introspection_c__visibility_control.h
[34.907s] -- Up-to-date: /home/vinayak/ws_moveit2/install/ur_dashboard_msgs/include/ur_dashboard_msgs/ur_dashboard_msgs/srv
[34.907s] -- Up-to-date: /home/vinayak/ws_moveit2/install/ur_dashboard_msgs/include/ur_dashboard_msgs/ur_dashboard_msgs/srv/detail
[34.907s] -- Installing: /home/vinayak/ws_moveit2/install/ur_dashboard_msgs/include/ur_dashboard_msgs/ur_dashboard_msgs/srv/detail/raw_request__type_support.c
[34.907s] -- Installing: /home/vinayak/ws_moveit2/install/ur_dashboard_msgs/include/ur_dashboard_msgs/ur_dashboard_msgs/srv/detail/is_program_saved__type_support.c
[34.907s] -- Installing: /home/vinayak/ws_moveit2/install/ur_dashboard_msgs/include/ur_dashboard_msgs/ur_dashboard_msgs/srv/detail/add_to_log__rosidl_typesupport_introspection_c.h
[34.907s] -- Installing: /home/vinayak/ws_moveit2/install/ur_dashboard_msgs/include/ur_dashboard_msgs/ur_dashboard_msgs/srv/detail/get_program_state__rosidl_typesupport_introspection_c.h
[34.908s] -- Installing: /home/vinayak/ws_moveit2/install/ur_dashboard_msgs/include/ur_dashboard_msgs/ur_dashboard_msgs/srv/detail/get_loaded_program__rosidl_typesupport_introspection_c.h
[34.908s] -- Installing: /home/vinayak/ws_moveit2/install/ur_dashboard_msgs/include/ur_dashboard_msgs/ur_dashboard_msgs/srv/detail/is_program_saved__rosidl_typesupport_introspection_c.h
[34.908s] -- Installing: /home/vinayak/ws_moveit2/install/ur_dashboard_msgs/include/ur_dashboard_msgs/ur_dashboard_msgs/srv/detail/get_program_state__type_support.c
[34.908s] -- Installing: /home/vinayak/ws_moveit2/install/ur_dashboard_msgs/include/ur_dashboard_msgs/ur_dashboard_msgs/srv/detail/raw_request__rosidl_typesupport_introspection_c.h
[34.908s] -- Installing: /home/vinayak/ws_moveit2/install/ur_dashboard_msgs/include/ur_dashboard_msgs/ur_dashboard_msgs/srv/detail/load__type_support.c
[34.908s] -- Installing: /home/vinayak/ws_moveit2/install/ur_dashboard_msgs/include/ur_dashboard_msgs/ur_dashboard_msgs/srv/detail/popup__type_support.c
[34.909s] -- Installing: /home/vinayak/ws_moveit2/install/ur_dashboard_msgs/include/ur_dashboard_msgs/ur_dashboard_msgs/srv/detail/is_program_running__type_support.c
[34.909s] -- Installing: /home/vinayak/ws_moveit2/install/ur_dashboard_msgs/include/ur_dashboard_msgs/ur_dashboard_msgs/srv/detail/get_robot_mode__type_support.c
[34.909s] -- Installing: /home/vinayak/ws_moveit2/install/ur_dashboard_msgs/include/ur_dashboard_msgs/ur_dashboard_msgs/srv/detail/load__rosidl_typesupport_introspection_c.h
[34.909s] -- Installing: /home/vinayak/ws_moveit2/install/ur_dashboard_msgs/include/ur_dashboard_msgs/ur_dashboard_msgs/srv/detail/is_program_running__rosidl_typesupport_introspection_c.h
[34.909s] -- Installing: /home/vinayak/ws_moveit2/install/ur_dashboard_msgs/include/ur_dashboard_msgs/ur_dashboard_msgs/srv/detail/get_safety_mode__type_support.c
[34.909s] -- Installing: /home/vinayak/ws_moveit2/install/ur_dashboard_msgs/include/ur_dashboard_msgs/ur_dashboard_msgs/srv/detail/get_robot_mode__rosidl_typesupport_introspection_c.h
[34.909s] -- Installing: /home/vinayak/ws_moveit2/install/ur_dashboard_msgs/include/ur_dashboard_msgs/ur_dashboard_msgs/srv/detail/popup__rosidl_typesupport_introspection_c.h
[34.910s] -- Installing: /home/vinayak/ws_moveit2/install/ur_dashboard_msgs/include/ur_dashboard_msgs/ur_dashboard_msgs/srv/detail/get_safety_mode__rosidl_typesupport_introspection_c.h
[34.910s] -- Installing: /home/vinayak/ws_moveit2/install/ur_dashboard_msgs/include/ur_dashboard_msgs/ur_dashboard_msgs/srv/detail/add_to_log__type_support.c
[34.910s] -- Installing: /home/vinayak/ws_moveit2/install/ur_dashboard_msgs/include/ur_dashboard_msgs/ur_dashboard_msgs/srv/detail/get_loaded_program__type_support.c
[34.910s] -- Installing: /home/vinayak/ws_moveit2/install/ur_dashboard_msgs/lib/libur_dashboard_msgs__rosidl_typesupport_introspection_c.so
[34.910s] -- Set runtime path of "/home/vinayak/ws_moveit2/install/ur_dashboard_msgs/lib/libur_dashboard_msgs__rosidl_typesupport_introspection_c.so" to ""
[34.911s] -- Installing: /home/vinayak/ws_moveit2/install/ur_dashboard_msgs/lib/libur_dashboard_msgs__rosidl_typesupport_c.so
[34.911s] -- Set runtime path of "/home/vinayak/ws_moveit2/install/ur_dashboard_msgs/lib/libur_dashboard_msgs__rosidl_typesupport_c.so" to ""
[34.911s] -- Up-to-date: /home/vinayak/ws_moveit2/install/ur_dashboard_msgs/include/ur_dashboard_msgs/ur_dashboard_msgs
[34.911s] -- Up-to-date: /home/vinayak/ws_moveit2/install/ur_dashboard_msgs/include/ur_dashboard_msgs/ur_dashboard_msgs/action
[34.911s] -- Up-to-date: /home/vinayak/ws_moveit2/install/ur_dashboard_msgs/include/ur_dashboard_msgs/ur_dashboard_msgs/action/detail
[34.912s] -- Installing: /home/vinayak/ws_moveit2/install/ur_dashboard_msgs/include/ur_dashboard_msgs/ur_dashboard_msgs/action/detail/set_mode__struct.hpp
[34.912s] -- Installing: /home/vinayak/ws_moveit2/install/ur_dashboard_msgs/include/ur_dashboard_msgs/ur_dashboard_msgs/action/detail/set_mode__traits.hpp
[34.912s] -- Installing: /home/vinayak/ws_moveit2/install/ur_dashboard_msgs/include/ur_dashboard_msgs/ur_dashboard_msgs/action/detail/set_mode__builder.hpp
[34.912s] -- Installing: /home/vinayak/ws_moveit2/install/ur_dashboard_msgs/include/ur_dashboard_msgs/ur_dashboard_msgs/action/detail/set_mode__type_support.hpp
[34.912s] -- Installing: /home/vinayak/ws_moveit2/install/ur_dashboard_msgs/include/ur_dashboard_msgs/ur_dashboard_msgs/action/set_mode.hpp
[34.912s] -- Up-to-date: /home/vinayak/ws_moveit2/install/ur_dashboard_msgs/include/ur_dashboard_msgs/ur_dashboard_msgs/msg
[34.912s] -- Installing: /home/vinayak/ws_moveit2/install/ur_dashboard_msgs/include/ur_dashboard_msgs/ur_dashboard_msgs/msg/program_state.hpp
[34.913s] -- Installing: /home/vinayak/ws_moveit2/install/ur_dashboard_msgs/include/ur_dashboard_msgs/ur_dashboard_msgs/msg/rosidl_generator_cpp__visibility_control.hpp
[34.913s] -- Installing: /home/vinayak/ws_moveit2/install/ur_dashboard_msgs/include/ur_dashboard_msgs/ur_dashboard_msgs/msg/safety_mode.hpp
[34.913s] -- Up-to-date: /home/vinayak/ws_moveit2/install/ur_dashboard_msgs/include/ur_dashboard_msgs/ur_dashboard_msgs/msg/detail
[34.913s] -- Installing: /home/vinayak/ws_moveit2/install/ur_dashboard_msgs/include/ur_dashboard_msgs/ur_dashboard_msgs/msg/detail/robot_mode__type_support.hpp
[34.913s] -- Installing: /home/vinayak/ws_moveit2/install/ur_dashboard_msgs/include/ur_dashboard_msgs/ur_dashboard_msgs/msg/detail/safety_mode__traits.hpp
[34.913s] -- Installing: /home/vinayak/ws_moveit2/install/ur_dashboard_msgs/include/ur_dashboard_msgs/ur_dashboard_msgs/msg/detail/safety_mode__type_support.hpp
[34.913s] -- Installing: /home/vinayak/ws_moveit2/install/ur_dashboard_msgs/include/ur_dashboard_msgs/ur_dashboard_msgs/msg/detail/program_state__struct.hpp
[34.914s] -- Installing: /home/vinayak/ws_moveit2/install/ur_dashboard_msgs/include/ur_dashboard_msgs/ur_dashboard_msgs/msg/detail/program_state__type_support.hpp
[34.914s] -- Installing: /home/vinayak/ws_moveit2/install/ur_dashboard_msgs/include/ur_dashboard_msgs/ur_dashboard_msgs/msg/detail/program_state__traits.hpp
[34.914s] -- Installing: /home/vinayak/ws_moveit2/install/ur_dashboard_msgs/include/ur_dashboard_msgs/ur_dashboard_msgs/msg/detail/robot_mode__traits.hpp
[34.914s] -- Installing: /home/vinayak/ws_moveit2/install/ur_dashboard_msgs/include/ur_dashboard_msgs/ur_dashboard_msgs/msg/detail/safety_mode__builder.hpp
[34.914s] -- Installing: /home/vinayak/ws_moveit2/install/ur_dashboard_msgs/include/ur_dashboard_msgs/ur_dashboard_msgs/msg/detail/robot_mode__struct.hpp
[34.914s] -- Installing: /home/vinayak/ws_moveit2/install/ur_dashboard_msgs/include/ur_dashboard_msgs/ur_dashboard_msgs/msg/detail/robot_mode__builder.hpp
[34.914s] -- Installing: /home/vinayak/ws_moveit2/install/ur_dashboard_msgs/include/ur_dashboard_msgs/ur_dashboard_msgs/msg/detail/program_state__builder.hpp
[34.915s] -- Installing: /home/vinayak/ws_moveit2/install/ur_dashboard_msgs/include/ur_dashboard_msgs/ur_dashboard_msgs/msg/detail/safety_mode__struct.hpp
[34.915s] -- Installing: /home/vinayak/ws_moveit2/install/ur_dashboard_msgs/include/ur_dashboard_msgs/ur_dashboard_msgs/msg/robot_mode.hpp
[34.915s] -- Up-to-date: /home/vinayak/ws_moveit2/install/ur_dashboard_msgs/include/ur_dashboard_msgs/ur_dashboard_msgs/srv
[34.915s] -- Installing: /home/vinayak/ws_moveit2/install/ur_dashboard_msgs/include/ur_dashboard_msgs/ur_dashboard_msgs/srv/get_loaded_program.hpp
[34.915s] -- Installing: /home/vinayak/ws_moveit2/install/ur_dashboard_msgs/include/ur_dashboard_msgs/ur_dashboard_msgs/srv/is_program_running.hpp
[34.915s] -- Installing: /home/vinayak/ws_moveit2/install/ur_dashboard_msgs/include/ur_dashboard_msgs/ur_dashboard_msgs/srv/raw_request.hpp
[34.915s] -- Installing: /home/vinayak/ws_moveit2/install/ur_dashboard_msgs/include/ur_dashboard_msgs/ur_dashboard_msgs/srv/is_program_saved.hpp
[34.916s] -- Installing: /home/vinayak/ws_moveit2/install/ur_dashboard_msgs/include/ur_dashboard_msgs/ur_dashboard_msgs/srv/get_program_state.hpp
[34.916s] -- Installing: /home/vinayak/ws_moveit2/install/ur_dashboard_msgs/include/ur_dashboard_msgs/ur_dashboard_msgs/srv/popup.hpp
[34.916s] -- Installing: /home/vinayak/ws_moveit2/install/ur_dashboard_msgs/include/ur_dashboard_msgs/ur_dashboard_msgs/srv/load.hpp
[34.916s] -- Installing: /home/vinayak/ws_moveit2/install/ur_dashboard_msgs/include/ur_dashboard_msgs/ur_dashboard_msgs/srv/get_safety_mode.hpp
[34.916s] -- Installing: /home/vinayak/ws_moveit2/install/ur_dashboard_msgs/include/ur_dashboard_msgs/ur_dashboard_msgs/srv/add_to_log.hpp
[34.916s] -- Up-to-date: /home/vinayak/ws_moveit2/install/ur_dashboard_msgs/include/ur_dashboard_msgs/ur_dashboard_msgs/srv/detail
[34.916s] -- Installing: /home/vinayak/ws_moveit2/install/ur_dashboard_msgs/include/ur_dashboard_msgs/ur_dashboard_msgs/srv/detail/get_safety_mode__builder.hpp
[34.916s] -- Installing: /home/vinayak/ws_moveit2/install/ur_dashboard_msgs/include/ur_dashboard_msgs/ur_dashboard_msgs/srv/detail/get_safety_mode__struct.hpp
[34.917s] -- Installing: /home/vinayak/ws_moveit2/install/ur_dashboard_msgs/include/ur_dashboard_msgs/ur_dashboard_msgs/srv/detail/is_program_running__builder.hpp
[34.917s] -- Installing: /home/vinayak/ws_moveit2/install/ur_dashboard_msgs/include/ur_dashboard_msgs/ur_dashboard_msgs/srv/detail/popup__struct.hpp
[34.917s] -- Installing: /home/vinayak/ws_moveit2/install/ur_dashboard_msgs/include/ur_dashboard_msgs/ur_dashboard_msgs/srv/detail/is_program_saved__struct.hpp
[34.917s] -- Installing: /home/vinayak/ws_moveit2/install/ur_dashboard_msgs/include/ur_dashboard_msgs/ur_dashboard_msgs/srv/detail/get_program_state__type_support.hpp
[34.917s] -- Installing: /home/vinayak/ws_moveit2/install/ur_dashboard_msgs/include/ur_dashboard_msgs/ur_dashboard_msgs/srv/detail/raw_request__builder.hpp
[34.917s] -- Installing: /home/vinayak/ws_moveit2/install/ur_dashboard_msgs/include/ur_dashboard_msgs/ur_dashboard_msgs/srv/detail/get_program_state__builder.hpp
[34.917s] -- Installing: /home/vinayak/ws_moveit2/install/ur_dashboard_msgs/include/ur_dashboard_msgs/ur_dashboard_msgs/srv/detail/get_loaded_program__traits.hpp
[34.918s] -- Installing: /home/vinayak/ws_moveit2/install/ur_dashboard_msgs/include/ur_dashboard_msgs/ur_dashboard_msgs/srv/detail/raw_request__struct.hpp
[34.918s] -- Installing: /home/vinayak/ws_moveit2/install/ur_dashboard_msgs/include/ur_dashboard_msgs/ur_dashboard_msgs/srv/detail/get_loaded_program__struct.hpp
[34.918s] -- Installing: /home/vinayak/ws_moveit2/install/ur_dashboard_msgs/include/ur_dashboard_msgs/ur_dashboard_msgs/srv/detail/is_program_running__type_support.hpp
[34.918s] -- Installing: /home/vinayak/ws_moveit2/install/ur_dashboard_msgs/include/ur_dashboard_msgs/ur_dashboard_msgs/srv/detail/load__traits.hpp
[34.918s] -- Installing: /home/vinayak/ws_moveit2/install/ur_dashboard_msgs/include/ur_dashboard_msgs/ur_dashboard_msgs/srv/detail/get_program_state__traits.hpp
[34.918s] -- Installing: /home/vinayak/ws_moveit2/install/ur_dashboard_msgs/include/ur_dashboard_msgs/ur_dashboard_msgs/srv/detail/popup__type_support.hpp
[34.918s] -- Installing: /home/vinayak/ws_moveit2/install/ur_dashboard_msgs/include/ur_dashboard_msgs/ur_dashboard_msgs/srv/detail/get_loaded_program__type_support.hpp
[34.919s] -- Installing: /home/vinayak/ws_moveit2/install/ur_dashboard_msgs/include/ur_dashboard_msgs/ur_dashboard_msgs/srv/detail/load__type_support.hpp
[34.919s] -- Installing: /home/vinayak/ws_moveit2/install/ur_dashboard_msgs/include/ur_dashboard_msgs/ur_dashboard_msgs/srv/detail/is_program_running__traits.hpp
[34.919s] -- Installing: /home/vinayak/ws_moveit2/install/ur_dashboard_msgs/include/ur_dashboard_msgs/ur_dashboard_msgs/srv/detail/raw_request__type_support.hpp
[34.919s] -- Installing: /home/vinayak/ws_moveit2/install/ur_dashboard_msgs/include/ur_dashboard_msgs/ur_dashboard_msgs/srv/detail/get_robot_mode__struct.hpp
[34.919s] -- Installing: /home/vinayak/ws_moveit2/install/ur_dashboard_msgs/include/ur_dashboard_msgs/ur_dashboard_msgs/srv/detail/is_program_saved__type_support.hpp
[34.919s] -- Installing: /home/vinayak/ws_moveit2/install/ur_dashboard_msgs/include/ur_dashboard_msgs/ur_dashboard_msgs/srv/detail/get_program_state__struct.hpp
[34.919s] -- Installing: /home/vinayak/ws_moveit2/install/ur_dashboard_msgs/include/ur_dashboard_msgs/ur_dashboard_msgs/srv/detail/is_program_saved__traits.hpp
[34.920s] -- Installing: /home/vinayak/ws_moveit2/install/ur_dashboard_msgs/include/ur_dashboard_msgs/ur_dashboard_msgs/srv/detail/add_to_log__type_support.hpp
[34.920s] -- Installing: /home/vinayak/ws_moveit2/install/ur_dashboard_msgs/include/ur_dashboard_msgs/ur_dashboard_msgs/srv/detail/get_robot_mode__traits.hpp
[34.920s] -- Installing: /home/vinayak/ws_moveit2/install/ur_dashboard_msgs/include/ur_dashboard_msgs/ur_dashboard_msgs/srv/detail/get_robot_mode__type_support.hpp
[34.920s] -- Installing: /home/vinayak/ws_moveit2/install/ur_dashboard_msgs/include/ur_dashboard_msgs/ur_dashboard_msgs/srv/detail/popup__traits.hpp
[34.920s] -- Installing: /home/vinayak/ws_moveit2/install/ur_dashboard_msgs/include/ur_dashboard_msgs/ur_dashboard_msgs/srv/detail/get_safety_mode__type_support.hpp
[34.920s] -- Installing: /home/vinayak/ws_moveit2/install/ur_dashboard_msgs/include/ur_dashboard_msgs/ur_dashboard_msgs/srv/detail/add_to_log__struct.hpp
[34.921s] -- Installing: /home/vinayak/ws_moveit2/install/ur_dashboard_msgs/include/ur_dashboard_msgs/ur_dashboard_msgs/srv/detail/get_robot_mode__builder.hpp
[34.921s] -- Installing: /home/vinayak/ws_moveit2/install/ur_dashboard_msgs/include/ur_dashboard_msgs/ur_dashboard_msgs/srv/detail/load__struct.hpp
[34.921s] -- Installing: /home/vinayak/ws_moveit2/install/ur_dashboard_msgs/include/ur_dashboard_msgs/ur_dashboard_msgs/srv/detail/get_safety_mode__traits.hpp
[34.921s] -- Installing: /home/vinayak/ws_moveit2/install/ur_dashboard_msgs/include/ur_dashboard_msgs/ur_dashboard_msgs/srv/detail/load__builder.hpp
[34.921s] -- Installing: /home/vinayak/ws_moveit2/install/ur_dashboard_msgs/include/ur_dashboard_msgs/ur_dashboard_msgs/srv/detail/add_to_log__traits.hpp
[34.921s] -- Installing: /home/vinayak/ws_moveit2/install/ur_dashboard_msgs/include/ur_dashboard_msgs/ur_dashboard_msgs/srv/detail/is_program_saved__builder.hpp
[34.922s] -- Installing: /home/vinayak/ws_moveit2/install/ur_dashboard_msgs/include/ur_dashboard_msgs/ur_dashboard_msgs/srv/detail/get_loaded_program__builder.hpp
[34.922s] -- Installing: /home/vinayak/ws_moveit2/install/ur_dashboard_msgs/include/ur_dashboard_msgs/ur_dashboard_msgs/srv/detail/raw_request__traits.hpp
[34.922s] -- Installing: /home/vinayak/ws_moveit2/install/ur_dashboard_msgs/include/ur_dashboard_msgs/ur_dashboard_msgs/srv/detail/add_to_log__builder.hpp
[34.922s] -- Installing: /home/vinayak/ws_moveit2/install/ur_dashboard_msgs/include/ur_dashboard_msgs/ur_dashboard_msgs/srv/detail/is_program_running__struct.hpp
[34.922s] -- Installing: /home/vinayak/ws_moveit2/install/ur_dashboard_msgs/include/ur_dashboard_msgs/ur_dashboard_msgs/srv/detail/popup__builder.hpp
[34.922s] -- Installing: /home/vinayak/ws_moveit2/install/ur_dashboard_msgs/include/ur_dashboard_msgs/ur_dashboard_msgs/srv/get_robot_mode.hpp
[34.923s] -- Up-to-date: /home/vinayak/ws_moveit2/install/ur_dashboard_msgs/include/ur_dashboard_msgs/ur_dashboard_msgs
[34.923s] -- Up-to-date: /home/vinayak/ws_moveit2/install/ur_dashboard_msgs/include/ur_dashboard_msgs/ur_dashboard_msgs/action
[34.923s] -- Up-to-date: /home/vinayak/ws_moveit2/install/ur_dashboard_msgs/include/ur_dashboard_msgs/ur_dashboard_msgs/action/detail
[34.923s] -- Installing: /home/vinayak/ws_moveit2/install/ur_dashboard_msgs/include/ur_dashboard_msgs/ur_dashboard_msgs/action/detail/set_mode__rosidl_typesupport_fastrtps_cpp.hpp
[34.923s] -- Installing: /home/vinayak/ws_moveit2/install/ur_dashboard_msgs/include/ur_dashboard_msgs/ur_dashboard_msgs/action/detail/dds_fastrtps
[34.923s] -- Up-to-date: /home/vinayak/ws_moveit2/install/ur_dashboard_msgs/include/ur_dashboard_msgs/ur_dashboard_msgs/msg
[34.923s] -- Installing: /home/vinayak/ws_moveit2/install/ur_dashboard_msgs/include/ur_dashboard_msgs/ur_dashboard_msgs/msg/rosidl_typesupport_fastrtps_cpp__visibility_control.h
[34.924s] -- Up-to-date: /home/vinayak/ws_moveit2/install/ur_dashboard_msgs/include/ur_dashboard_msgs/ur_dashboard_msgs/msg/detail
[34.924s] -- Installing: /home/vinayak/ws_moveit2/install/ur_dashboard_msgs/include/ur_dashboard_msgs/ur_dashboard_msgs/msg/detail/safety_mode__rosidl_typesupport_fastrtps_cpp.hpp
[34.924s] -- Installing: /home/vinayak/ws_moveit2/install/ur_dashboard_msgs/include/ur_dashboard_msgs/ur_dashboard_msgs/msg/detail/program_state__rosidl_typesupport_fastrtps_cpp.hpp
[34.924s] -- Installing: /home/vinayak/ws_moveit2/install/ur_dashboard_msgs/include/ur_dashboard_msgs/ur_dashboard_msgs/msg/detail/robot_mode__rosidl_typesupport_fastrtps_cpp.hpp
[34.924s] -- Installing: /home/vinayak/ws_moveit2/install/ur_dashboard_msgs/include/ur_dashboard_msgs/ur_dashboard_msgs/msg/detail/dds_fastrtps
[34.924s] -- Up-to-date: /home/vinayak/ws_moveit2/install/ur_dashboard_msgs/include/ur_dashboard_msgs/ur_dashboard_msgs/srv
[34.924s] -- Up-to-date: /home/vinayak/ws_moveit2/install/ur_dashboard_msgs/include/ur_dashboard_msgs/ur_dashboard_msgs/srv/detail
[34.925s] -- Installing: /home/vinayak/ws_moveit2/install/ur_dashboard_msgs/include/ur_dashboard_msgs/ur_dashboard_msgs/srv/detail/add_to_log__rosidl_typesupport_fastrtps_cpp.hpp
[34.925s] -- Installing: /home/vinayak/ws_moveit2/install/ur_dashboard_msgs/include/ur_dashboard_msgs/ur_dashboard_msgs/srv/detail/is_program_running__rosidl_typesupport_fastrtps_cpp.hpp
[34.925s] -- Installing: /home/vinayak/ws_moveit2/install/ur_dashboard_msgs/include/ur_dashboard_msgs/ur_dashboard_msgs/srv/detail/get_robot_mode__rosidl_typesupport_fastrtps_cpp.hpp
[34.925s] -- Installing: /home/vinayak/ws_moveit2/install/ur_dashboard_msgs/include/ur_dashboard_msgs/ur_dashboard_msgs/srv/detail/raw_request__rosidl_typesupport_fastrtps_cpp.hpp
[34.925s] -- Installing: /home/vinayak/ws_moveit2/install/ur_dashboard_msgs/include/ur_dashboard_msgs/ur_dashboard_msgs/srv/detail/get_loaded_program__rosidl_typesupport_fastrtps_cpp.hpp
[34.925s] -- Installing: /home/vinayak/ws_moveit2/install/ur_dashboard_msgs/include/ur_dashboard_msgs/ur_dashboard_msgs/srv/detail/load__rosidl_typesupport_fastrtps_cpp.hpp
[34.925s] -- Installing: /home/vinayak/ws_moveit2/install/ur_dashboard_msgs/include/ur_dashboard_msgs/ur_dashboard_msgs/srv/detail/get_safety_mode__rosidl_typesupport_fastrtps_cpp.hpp
[34.926s] -- Installing: /home/vinayak/ws_moveit2/install/ur_dashboard_msgs/include/ur_dashboard_msgs/ur_dashboard_msgs/srv/detail/popup__rosidl_typesupport_fastrtps_cpp.hpp
[34.926s] -- Installing: /home/vinayak/ws_moveit2/install/ur_dashboard_msgs/include/ur_dashboard_msgs/ur_dashboard_msgs/srv/detail/get_program_state__rosidl_typesupport_fastrtps_cpp.hpp
[34.926s] -- Installing: /home/vinayak/ws_moveit2/install/ur_dashboard_msgs/include/ur_dashboard_msgs/ur_dashboard_msgs/srv/detail/is_program_saved__rosidl_typesupport_fastrtps_cpp.hpp
[34.926s] -- Installing: /home/vinayak/ws_moveit2/install/ur_dashboard_msgs/include/ur_dashboard_msgs/ur_dashboard_msgs/srv/detail/dds_fastrtps
[34.926s] -- Installing: /home/vinayak/ws_moveit2/install/ur_dashboard_msgs/lib/libur_dashboard_msgs__rosidl_typesupport_fastrtps_cpp.so
[34.927s] -- Set runtime path of "/home/vinayak/ws_moveit2/install/ur_dashboard_msgs/lib/libur_dashboard_msgs__rosidl_typesupport_fastrtps_cpp.so" to ""
[34.927s] -- Up-to-date: /home/vinayak/ws_moveit2/install/ur_dashboard_msgs/include/ur_dashboard_msgs/ur_dashboard_msgs
[34.927s] -- Up-to-date: /home/vinayak/ws_moveit2/install/ur_dashboard_msgs/include/ur_dashboard_msgs/ur_dashboard_msgs/action
[34.927s] -- Up-to-date: /home/vinayak/ws_moveit2/install/ur_dashboard_msgs/include/ur_dashboard_msgs/ur_dashboard_msgs/action/detail
[34.927s] -- Installing: /home/vinayak/ws_moveit2/install/ur_dashboard_msgs/include/ur_dashboard_msgs/ur_dashboard_msgs/action/detail/set_mode__rosidl_typesupport_introspection_cpp.hpp
[34.927s] -- Installing: /home/vinayak/ws_moveit2/install/ur_dashboard_msgs/include/ur_dashboard_msgs/ur_dashboard_msgs/action/detail/set_mode__type_support.cpp
[34.927s] -- Up-to-date: /home/vinayak/ws_moveit2/install/ur_dashboard_msgs/include/ur_dashboard_msgs/ur_dashboard_msgs/msg
[34.928s] -- Up-to-date: /home/vinayak/ws_moveit2/install/ur_dashboard_msgs/include/ur_dashboard_msgs/ur_dashboard_msgs/msg/detail
[34.928s] -- Installing: /home/vinayak/ws_moveit2/install/ur_dashboard_msgs/include/ur_dashboard_msgs/ur_dashboard_msgs/msg/detail/robot_mode__type_support.cpp
[34.928s] -- Installing: /home/vinayak/ws_moveit2/install/ur_dashboard_msgs/include/ur_dashboard_msgs/ur_dashboard_msgs/msg/detail/program_state__type_support.cpp
[34.928s] -- Installing: /home/vinayak/ws_moveit2/install/ur_dashboard_msgs/include/ur_dashboard_msgs/ur_dashboard_msgs/msg/detail/safety_mode__type_support.cpp
[34.928s] -- Installing: /home/vinayak/ws_moveit2/install/ur_dashboard_msgs/include/ur_dashboard_msgs/ur_dashboard_msgs/msg/detail/program_state__rosidl_typesupport_introspection_cpp.hpp
[34.928s] -- Installing: /home/vinayak/ws_moveit2/install/ur_dashboard_msgs/include/ur_dashboard_msgs/ur_dashboard_msgs/msg/detail/safety_mode__rosidl_typesupport_introspection_cpp.hpp
[34.928s] -- Installing: /home/vinayak/ws_moveit2/install/ur_dashboard_msgs/include/ur_dashboard_msgs/ur_dashboard_msgs/msg/detail/robot_mode__rosidl_typesupport_introspection_cpp.hpp
[34.929s] -- Up-to-date: /home/vinayak/ws_moveit2/install/ur_dashboard_msgs/include/ur_dashboard_msgs/ur_dashboard_msgs/srv
[34.929s] -- Up-to-date: /home/vinayak/ws_moveit2/install/ur_dashboard_msgs/include/ur_dashboard_msgs/ur_dashboard_msgs/srv/detail
[34.929s] -- Installing: /home/vinayak/ws_moveit2/install/ur_dashboard_msgs/include/ur_dashboard_msgs/ur_dashboard_msgs/srv/detail/get_loaded_program__rosidl_typesupport_introspection_cpp.hpp
[34.929s] -- Installing: /home/vinayak/ws_moveit2/install/ur_dashboard_msgs/include/ur_dashboard_msgs/ur_dashboard_msgs/srv/detail/load__type_support.cpp
[34.929s] -- Installing: /home/vinayak/ws_moveit2/install/ur_dashboard_msgs/include/ur_dashboard_msgs/ur_dashboard_msgs/srv/detail/add_to_log__rosidl_typesupport_introspection_cpp.hpp
[34.929s] -- Installing: /home/vinayak/ws_moveit2/install/ur_dashboard_msgs/include/ur_dashboard_msgs/ur_dashboard_msgs/srv/detail/is_program_saved__type_support.cpp
[34.929s] -- Installing: /home/vinayak/ws_moveit2/install/ur_dashboard_msgs/include/ur_dashboard_msgs/ur_dashboard_msgs/srv/detail/popup__type_support.cpp
[34.930s] -- Installing: /home/vinayak/ws_moveit2/install/ur_dashboard_msgs/include/ur_dashboard_msgs/ur_dashboard_msgs/srv/detail/load__rosidl_typesupport_introspection_cpp.hpp
[34.930s] -- Installing: /home/vinayak/ws_moveit2/install/ur_dashboard_msgs/include/ur_dashboard_msgs/ur_dashboard_msgs/srv/detail/raw_request__type_support.cpp
[34.930s] -- Installing: /home/vinayak/ws_moveit2/install/ur_dashboard_msgs/include/ur_dashboard_msgs/ur_dashboard_msgs/srv/detail/get_program_state__type_support.cpp
[34.930s] -- Installing: /home/vinayak/ws_moveit2/install/ur_dashboard_msgs/include/ur_dashboard_msgs/ur_dashboard_msgs/srv/detail/get_program_state__rosidl_typesupport_introspection_cpp.hpp
[34.930s] -- Installing: /home/vinayak/ws_moveit2/install/ur_dashboard_msgs/include/ur_dashboard_msgs/ur_dashboard_msgs/srv/detail/add_to_log__type_support.cpp
[34.930s] -- Installing: /home/vinayak/ws_moveit2/install/ur_dashboard_msgs/include/ur_dashboard_msgs/ur_dashboard_msgs/srv/detail/get_robot_mode__type_support.cpp
[34.930s] -- Installing: /home/vinayak/ws_moveit2/install/ur_dashboard_msgs/include/ur_dashboard_msgs/ur_dashboard_msgs/srv/detail/get_safety_mode__rosidl_typesupport_introspection_cpp.hpp
[34.931s] -- Installing: /home/vinayak/ws_moveit2/install/ur_dashboard_msgs/include/ur_dashboard_msgs/ur_dashboard_msgs/srv/detail/get_robot_mode__rosidl_typesupport_introspection_cpp.hpp
[34.931s] -- Installing: /home/vinayak/ws_moveit2/install/ur_dashboard_msgs/include/ur_dashboard_msgs/ur_dashboard_msgs/srv/detail/is_program_running__type_support.cpp
[34.931s] -- Installing: /home/vinayak/ws_moveit2/install/ur_dashboard_msgs/include/ur_dashboard_msgs/ur_dashboard_msgs/srv/detail/get_loaded_program__type_support.cpp
[34.931s] -- Installing: /home/vinayak/ws_moveit2/install/ur_dashboard_msgs/include/ur_dashboard_msgs/ur_dashboard_msgs/srv/detail/is_program_running__rosidl_typesupport_introspection_cpp.hpp
[34.931s] -- Installing: /home/vinayak/ws_moveit2/install/ur_dashboard_msgs/include/ur_dashboard_msgs/ur_dashboard_msgs/srv/detail/raw_request__rosidl_typesupport_introspection_cpp.hpp
[34.931s] -- Installing: /home/vinayak/ws_moveit2/install/ur_dashboard_msgs/include/ur_dashboard_msgs/ur_dashboard_msgs/srv/detail/get_safety_mode__type_support.cpp
[34.931s] -- Installing: /home/vinayak/ws_moveit2/install/ur_dashboard_msgs/include/ur_dashboard_msgs/ur_dashboard_msgs/srv/detail/popup__rosidl_typesupport_introspection_cpp.hpp
[34.931s] -- Installing: /home/vinayak/ws_moveit2/install/ur_dashboard_msgs/include/ur_dashboard_msgs/ur_dashboard_msgs/srv/detail/is_program_saved__rosidl_typesupport_introspection_cpp.hpp
[34.932s] -- Installing: /home/vinayak/ws_moveit2/install/ur_dashboard_msgs/lib/libur_dashboard_msgs__rosidl_typesupport_introspection_cpp.so
[34.932s] -- Set runtime path of "/home/vinayak/ws_moveit2/install/ur_dashboard_msgs/lib/libur_dashboard_msgs__rosidl_typesupport_introspection_cpp.so" to ""
[34.932s] -- Installing: /home/vinayak/ws_moveit2/install/ur_dashboard_msgs/lib/libur_dashboard_msgs__rosidl_typesupport_cpp.so
[34.933s] -- Set runtime path of "/home/vinayak/ws_moveit2/install/ur_dashboard_msgs/lib/libur_dashboard_msgs__rosidl_typesupport_cpp.so" to ""
[34.933s] -- Installing: /home/vinayak/ws_moveit2/install/ur_dashboard_msgs/share/ur_dashboard_msgs/environment/pythonpath.sh
[34.933s] -- Installing: /home/vinayak/ws_moveit2/install/ur_dashboard_msgs/share/ur_dashboard_msgs/environment/pythonpath.dsv
[34.933s] -- Installing: /home/vinayak/ws_moveit2/install/ur_dashboard_msgs/local/lib/python3.10/dist-packages/ur_dashboard_msgs-2.2.16-py3.10.egg-info
[34.933s] -- Installing: /home/vinayak/ws_moveit2/install/ur_dashboard_msgs/local/lib/python3.10/dist-packages/ur_dashboard_msgs-2.2.16-py3.10.egg-info/dependency_links.txt
[34.934s] -- Installing: /home/vinayak/ws_moveit2/install/ur_dashboard_msgs/local/lib/python3.10/dist-packages/ur_dashboard_msgs-2.2.16-py3.10.egg-info/top_level.txt
[34.934s] -- Installing: /home/vinayak/ws_moveit2/install/ur_dashboard_msgs/local/lib/python3.10/dist-packages/ur_dashboard_msgs-2.2.16-py3.10.egg-info/SOURCES.txt
[34.934s] -- Installing: /home/vinayak/ws_moveit2/install/ur_dashboard_msgs/local/lib/python3.10/dist-packages/ur_dashboard_msgs-2.2.16-py3.10.egg-info/PKG-INFO
[34.934s] -- Installing: /home/vinayak/ws_moveit2/install/ur_dashboard_msgs/local/lib/python3.10/dist-packages/ur_dashboard_msgs
[34.934s] -- Installing: /home/vinayak/ws_moveit2/install/ur_dashboard_msgs/local/lib/python3.10/dist-packages/ur_dashboard_msgs/ur_dashboard_msgs_s__rosidl_typesupport_c.cpython-310-x86_64-linux-gnu.so
[34.934s] -- Installing: /home/vinayak/ws_moveit2/install/ur_dashboard_msgs/local/lib/python3.10/dist-packages/ur_dashboard_msgs/ur_dashboard_msgs_s__rosidl_typesupport_fastrtps_c.cpython-310-x86_64-linux-gnu.so
[34.935s] -- Installing: /home/vinayak/ws_moveit2/install/ur_dashboard_msgs/local/lib/python3.10/dist-packages/ur_dashboard_msgs/action
[34.935s] -- Installing: /home/vinayak/ws_moveit2/install/ur_dashboard_msgs/local/lib/python3.10/dist-packages/ur_dashboard_msgs/action/_set_mode.py
[34.935s] -- Installing: /home/vinayak/ws_moveit2/install/ur_dashboard_msgs/local/lib/python3.10/dist-packages/ur_dashboard_msgs/action/_set_mode_s.c
[34.935s] -- Installing: /home/vinayak/ws_moveit2/install/ur_dashboard_msgs/local/lib/python3.10/dist-packages/ur_dashboard_msgs/action/__init__.py
[34.935s] -- Installing: /home/vinayak/ws_moveit2/install/ur_dashboard_msgs/local/lib/python3.10/dist-packages/ur_dashboard_msgs/_ur_dashboard_msgs_s.ep.rosidl_typesupport_introspection_c.c
[34.936s] -- Installing: /home/vinayak/ws_moveit2/install/ur_dashboard_msgs/local/lib/python3.10/dist-packages/ur_dashboard_msgs/_ur_dashboard_msgs_s.ep.rosidl_typesupport_fastrtps_c.c
[34.936s] -- Installing: /home/vinayak/ws_moveit2/install/ur_dashboard_msgs/local/lib/python3.10/dist-packages/ur_dashboard_msgs/ur_dashboard_msgs_s__rosidl_typesupport_introspection_c.cpython-310-x86_64-linux-gnu.so
[34.936s] -- Installing: /home/vinayak/ws_moveit2/install/ur_dashboard_msgs/local/lib/python3.10/dist-packages/ur_dashboard_msgs/__init__.py
[34.936s] -- Installing: /home/vinayak/ws_moveit2/install/ur_dashboard_msgs/local/lib/python3.10/dist-packages/ur_dashboard_msgs/msg
[34.936s] -- Installing: /home/vinayak/ws_moveit2/install/ur_dashboard_msgs/local/lib/python3.10/dist-packages/ur_dashboard_msgs/msg/_safety_mode.py
[34.937s] -- Installing: /home/vinayak/ws_moveit2/install/ur_dashboard_msgs/local/lib/python3.10/dist-packages/ur_dashboard_msgs/msg/_program_state.py
[34.937s] -- Installing: /home/vinayak/ws_moveit2/install/ur_dashboard_msgs/local/lib/python3.10/dist-packages/ur_dashboard_msgs/msg/_program_state_s.c
[34.937s] -- Installing: /home/vinayak/ws_moveit2/install/ur_dashboard_msgs/local/lib/python3.10/dist-packages/ur_dashboard_msgs/msg/_safety_mode_s.c
[34.937s] -- Installing: /home/vinayak/ws_moveit2/install/ur_dashboard_msgs/local/lib/python3.10/dist-packages/ur_dashboard_msgs/msg/_robot_mode.py
[34.937s] -- Installing: /home/vinayak/ws_moveit2/install/ur_dashboard_msgs/local/lib/python3.10/dist-packages/ur_dashboard_msgs/msg/_robot_mode_s.c
[34.937s] -- Installing: /home/vinayak/ws_moveit2/install/ur_dashboard_msgs/local/lib/python3.10/dist-packages/ur_dashboard_msgs/msg/__init__.py
[34.938s] -- Installing: /home/vinayak/ws_moveit2/install/ur_dashboard_msgs/local/lib/python3.10/dist-packages/ur_dashboard_msgs/libur_dashboard_msgs__rosidl_generator_py.so
[34.938s] -- Installing: /home/vinayak/ws_moveit2/install/ur_dashboard_msgs/local/lib/python3.10/dist-packages/ur_dashboard_msgs/srv
[34.938s] -- Installing: /home/vinayak/ws_moveit2/install/ur_dashboard_msgs/local/lib/python3.10/dist-packages/ur_dashboard_msgs/srv/_popup_s.c
[34.938s] -- Installing: /home/vinayak/ws_moveit2/install/ur_dashboard_msgs/local/lib/python3.10/dist-packages/ur_dashboard_msgs/srv/_load.py
[34.938s] -- Installing: /home/vinayak/ws_moveit2/install/ur_dashboard_msgs/local/lib/python3.10/dist-packages/ur_dashboard_msgs/srv/_load_s.c
[34.938s] -- Installing: /home/vinayak/ws_moveit2/install/ur_dashboard_msgs/local/lib/python3.10/dist-packages/ur_dashboard_msgs/srv/_raw_request.py
[34.938s] -- Installing: /home/vinayak/ws_moveit2/install/ur_dashboard_msgs/local/lib/python3.10/dist-packages/ur_dashboard_msgs/srv/_add_to_log_s.c
[34.939s] -- Installing: /home/vinayak/ws_moveit2/install/ur_dashboard_msgs/local/lib/python3.10/dist-packages/ur_dashboard_msgs/srv/_get_safety_mode.py
[34.939s] -- Installing: /home/vinayak/ws_moveit2/install/ur_dashboard_msgs/local/lib/python3.10/dist-packages/ur_dashboard_msgs/srv/_get_safety_mode_s.c
[34.939s] -- Installing: /home/vinayak/ws_moveit2/install/ur_dashboard_msgs/local/lib/python3.10/dist-packages/ur_dashboard_msgs/srv/_is_program_saved.py
[34.939s] -- Installing: /home/vinayak/ws_moveit2/install/ur_dashboard_msgs/local/lib/python3.10/dist-packages/ur_dashboard_msgs/srv/_get_loaded_program.py
[34.939s] -- Installing: /home/vinayak/ws_moveit2/install/ur_dashboard_msgs/local/lib/python3.10/dist-packages/ur_dashboard_msgs/srv/_get_program_state.py
[34.939s] -- Installing: /home/vinayak/ws_moveit2/install/ur_dashboard_msgs/local/lib/python3.10/dist-packages/ur_dashboard_msgs/srv/_popup.py
[34.939s] -- Installing: /home/vinayak/ws_moveit2/install/ur_dashboard_msgs/local/lib/python3.10/dist-packages/ur_dashboard_msgs/srv/_is_program_running.py
[34.940s] -- Installing: /home/vinayak/ws_moveit2/install/ur_dashboard_msgs/local/lib/python3.10/dist-packages/ur_dashboard_msgs/srv/_get_loaded_program_s.c
[34.940s] -- Installing: /home/vinayak/ws_moveit2/install/ur_dashboard_msgs/local/lib/python3.10/dist-packages/ur_dashboard_msgs/srv/_add_to_log.py
[34.940s] -- Installing: /home/vinayak/ws_moveit2/install/ur_dashboard_msgs/local/lib/python3.10/dist-packages/ur_dashboard_msgs/srv/__init__.py
[34.940s] -- Installing: /home/vinayak/ws_moveit2/install/ur_dashboard_msgs/local/lib/python3.10/dist-packages/ur_dashboard_msgs/srv/_get_program_state_s.c
[34.940s] -- Installing: /home/vinayak/ws_moveit2/install/ur_dashboard_msgs/local/lib/python3.10/dist-packages/ur_dashboard_msgs/srv/_get_robot_mode_s.c
[34.940s] -- Installing: /home/vinayak/ws_moveit2/install/ur_dashboard_msgs/local/lib/python3.10/dist-packages/ur_dashboard_msgs/srv/_is_program_running_s.c
[34.940s] -- Installing: /home/vinayak/ws_moveit2/install/ur_dashboard_msgs/local/lib/python3.10/dist-packages/ur_dashboard_msgs/srv/_raw_request_s.c
[34.941s] -- Installing: /home/vinayak/ws_moveit2/install/ur_dashboard_msgs/local/lib/python3.10/dist-packages/ur_dashboard_msgs/srv/_is_program_saved_s.c
[34.941s] -- Installing: /home/vinayak/ws_moveit2/install/ur_dashboard_msgs/local/lib/python3.10/dist-packages/ur_dashboard_msgs/srv/_get_robot_mode.py
[34.941s] -- Installing: /home/vinayak/ws_moveit2/install/ur_dashboard_msgs/local/lib/python3.10/dist-packages/ur_dashboard_msgs/_ur_dashboard_msgs_s.ep.rosidl_typesupport_c.c
[35.001s] Listing '/home/vinayak/ws_moveit2/install/ur_dashboard_msgs/local/lib/python3.10/dist-packages/ur_dashboard_msgs'...
[35.001s] Compiling '/home/vinayak/ws_moveit2/install/ur_dashboard_msgs/local/lib/python3.10/dist-packages/ur_dashboard_msgs/__init__.py'...
[35.001s] Listing '/home/vinayak/ws_moveit2/install/ur_dashboard_msgs/local/lib/python3.10/dist-packages/ur_dashboard_msgs/action'...
[35.002s] Compiling '/home/vinayak/ws_moveit2/install/ur_dashboard_msgs/local/lib/python3.10/dist-packages/ur_dashboard_msgs/action/__init__.py'...
[35.002s] Compiling '/home/vinayak/ws_moveit2/install/ur_dashboard_msgs/local/lib/python3.10/dist-packages/ur_dashboard_msgs/action/_set_mode.py'...
[35.002s] Listing '/home/vinayak/ws_moveit2/install/ur_dashboard_msgs/local/lib/python3.10/dist-packages/ur_dashboard_msgs/msg'...
[35.002s] Compiling '/home/vinayak/ws_moveit2/install/ur_dashboard_msgs/local/lib/python3.10/dist-packages/ur_dashboard_msgs/msg/__init__.py'...
[35.002s] Compiling '/home/vinayak/ws_moveit2/install/ur_dashboard_msgs/local/lib/python3.10/dist-packages/ur_dashboard_msgs/msg/_program_state.py'...
[35.002s] Compiling '/home/vinayak/ws_moveit2/install/ur_dashboard_msgs/local/lib/python3.10/dist-packages/ur_dashboard_msgs/msg/_robot_mode.py'...
[35.002s] Compiling '/home/vinayak/ws_moveit2/install/ur_dashboard_msgs/local/lib/python3.10/dist-packages/ur_dashboard_msgs/msg/_safety_mode.py'...
[35.002s] Listing '/home/vinayak/ws_moveit2/install/ur_dashboard_msgs/local/lib/python3.10/dist-packages/ur_dashboard_msgs/srv'...
[35.002s] Compiling '/home/vinayak/ws_moveit2/install/ur_dashboard_msgs/local/lib/python3.10/dist-packages/ur_dashboard_msgs/srv/__init__.py'...
[35.002s] Compiling '/home/vinayak/ws_moveit2/install/ur_dashboard_msgs/local/lib/python3.10/dist-packages/ur_dashboard_msgs/srv/_add_to_log.py'...
[35.002s] Compiling '/home/vinayak/ws_moveit2/install/ur_dashboard_msgs/local/lib/python3.10/dist-packages/ur_dashboard_msgs/srv/_get_loaded_program.py'...
[35.002s] Compiling '/home/vinayak/ws_moveit2/install/ur_dashboard_msgs/local/lib/python3.10/dist-packages/ur_dashboard_msgs/srv/_get_program_state.py'...
[35.002s] Compiling '/home/vinayak/ws_moveit2/install/ur_dashboard_msgs/local/lib/python3.10/dist-packages/ur_dashboard_msgs/srv/_get_robot_mode.py'...
[35.002s] Compiling '/home/vinayak/ws_moveit2/install/ur_dashboard_msgs/local/lib/python3.10/dist-packages/ur_dashboard_msgs/srv/_get_safety_mode.py'...
[35.003s] Compiling '/home/vinayak/ws_moveit2/install/ur_dashboard_msgs/local/lib/python3.10/dist-packages/ur_dashboard_msgs/srv/_is_program_running.py'...
[35.003s] Compiling '/home/vinayak/ws_moveit2/install/ur_dashboard_msgs/local/lib/python3.10/dist-packages/ur_dashboard_msgs/srv/_is_program_saved.py'...
[35.003s] Compiling '/home/vinayak/ws_moveit2/install/ur_dashboard_msgs/local/lib/python3.10/dist-packages/ur_dashboard_msgs/srv/_load.py'...
[35.003s] Compiling '/home/vinayak/ws_moveit2/install/ur_dashboard_msgs/local/lib/python3.10/dist-packages/ur_dashboard_msgs/srv/_popup.py'...
[35.003s] Compiling '/home/vinayak/ws_moveit2/install/ur_dashboard_msgs/local/lib/python3.10/dist-packages/ur_dashboard_msgs/srv/_raw_request.py'...
[35.008s] -- Installing: /home/vinayak/ws_moveit2/install/ur_dashboard_msgs/local/lib/python3.10/dist-packages/ur_dashboard_msgs/ur_dashboard_msgs_s__rosidl_typesupport_fastrtps_c.cpython-310-x86_64-linux-gnu.so
[35.008s] -- Set runtime path of "/home/vinayak/ws_moveit2/install/ur_dashboard_msgs/local/lib/python3.10/dist-packages/ur_dashboard_msgs/ur_dashboard_msgs_s__rosidl_typesupport_fastrtps_c.cpython-310-x86_64-linux-gnu.so" to ""
[35.009s] -- Installing: /home/vinayak/ws_moveit2/install/ur_dashboard_msgs/local/lib/python3.10/dist-packages/ur_dashboard_msgs/ur_dashboard_msgs_s__rosidl_typesupport_introspection_c.cpython-310-x86_64-linux-gnu.so
[35.009s] -- Set runtime path of "/home/vinayak/ws_moveit2/install/ur_dashboard_msgs/local/lib/python3.10/dist-packages/ur_dashboard_msgs/ur_dashboard_msgs_s__rosidl_typesupport_introspection_c.cpython-310-x86_64-linux-gnu.so" to ""
[35.010s] -- Installing: /home/vinayak/ws_moveit2/install/ur_dashboard_msgs/local/lib/python3.10/dist-packages/ur_dashboard_msgs/ur_dashboard_msgs_s__rosidl_typesupport_c.cpython-310-x86_64-linux-gnu.so
[35.010s] -- Set runtime path of "/home/vinayak/ws_moveit2/install/ur_dashboard_msgs/local/lib/python3.10/dist-packages/ur_dashboard_msgs/ur_dashboard_msgs_s__rosidl_typesupport_c.cpython-310-x86_64-linux-gnu.so" to ""
[35.010s] -- Installing: /home/vinayak/ws_moveit2/install/ur_dashboard_msgs/lib/libur_dashboard_msgs__rosidl_generator_py.so
[35.011s] -- Set runtime path of "/home/vinayak/ws_moveit2/install/ur_dashboard_msgs/lib/libur_dashboard_msgs__rosidl_generator_py.so" to ""
[35.011s] -- Installing: /home/vinayak/ws_moveit2/install/ur_dashboard_msgs/share/ur_dashboard_msgs/msg/ProgramState.idl
[35.011s] -- Installing: /home/vinayak/ws_moveit2/install/ur_dashboard_msgs/share/ur_dashboard_msgs/msg/RobotMode.idl
[35.011s] -- Installing: /home/vinayak/ws_moveit2/install/ur_dashboard_msgs/share/ur_dashboard_msgs/msg/SafetyMode.idl
[35.012s] -- Installing: /home/vinayak/ws_moveit2/install/ur_dashboard_msgs/share/ur_dashboard_msgs/srv/AddToLog.idl
[35.012s] -- Installing: /home/vinayak/ws_moveit2/install/ur_dashboard_msgs/share/ur_dashboard_msgs/srv/GetLoadedProgram.idl
[35.012s] -- Installing: /home/vinayak/ws_moveit2/install/ur_dashboard_msgs/share/ur_dashboard_msgs/srv/GetProgramState.idl
[35.012s] -- Installing: /home/vinayak/ws_moveit2/install/ur_dashboard_msgs/share/ur_dashboard_msgs/srv/GetRobotMode.idl
[35.012s] -- Installing: /home/vinayak/ws_moveit2/install/ur_dashboard_msgs/share/ur_dashboard_msgs/srv/GetSafetyMode.idl
[35.013s] -- Installing: /home/vinayak/ws_moveit2/install/ur_dashboard_msgs/share/ur_dashboard_msgs/srv/IsProgramRunning.idl
[35.013s] -- Installing: /home/vinayak/ws_moveit2/install/ur_dashboard_msgs/share/ur_dashboard_msgs/srv/IsProgramSaved.idl
[35.013s] -- Installing: /home/vinayak/ws_moveit2/install/ur_dashboard_msgs/share/ur_dashboard_msgs/srv/Load.idl
[35.013s] -- Installing: /home/vinayak/ws_moveit2/install/ur_dashboard_msgs/share/ur_dashboard_msgs/srv/Popup.idl
[35.013s] -- Installing: /home/vinayak/ws_moveit2/install/ur_dashboard_msgs/share/ur_dashboard_msgs/srv/RawRequest.idl
[35.014s] -- Installing: /home/vinayak/ws_moveit2/install/ur_dashboard_msgs/share/ur_dashboard_msgs/action/SetMode.idl
[35.014s] -- Installing: /home/vinayak/ws_moveit2/install/ur_dashboard_msgs/share/ur_dashboard_msgs/msg/ProgramState.msg
[35.014s] -- Installing: /home/vinayak/ws_moveit2/install/ur_dashboard_msgs/share/ur_dashboard_msgs/msg/RobotMode.msg
[35.014s] -- Installing: /home/vinayak/ws_moveit2/install/ur_dashboard_msgs/share/ur_dashboard_msgs/msg/SafetyMode.msg
[35.014s] -- Installing: /home/vinayak/ws_moveit2/install/ur_dashboard_msgs/share/ur_dashboard_msgs/srv/AddToLog.srv
[35.015s] -- Installing: /home/vinayak/ws_moveit2/install/ur_dashboard_msgs/share/ur_dashboard_msgs/srv/AddToLog_Request.msg
[35.015s] -- Installing: /home/vinayak/ws_moveit2/install/ur_dashboard_msgs/share/ur_dashboard_msgs/srv/AddToLog_Response.msg
[35.015s] -- Installing: /home/vinayak/ws_moveit2/install/ur_dashboard_msgs/share/ur_dashboard_msgs/srv/GetLoadedProgram.srv
[35.015s] -- Installing: /home/vinayak/ws_moveit2/install/ur_dashboard_msgs/share/ur_dashboard_msgs/srv/GetLoadedProgram_Request.msg
[35.015s] -- Installing: /home/vinayak/ws_moveit2/install/ur_dashboard_msgs/share/ur_dashboard_msgs/srv/GetLoadedProgram_Response.msg
[35.015s] -- Installing: /home/vinayak/ws_moveit2/install/ur_dashboard_msgs/share/ur_dashboard_msgs/srv/GetProgramState.srv
[35.016s] -- Installing: /home/vinayak/ws_moveit2/install/ur_dashboard_msgs/share/ur_dashboard_msgs/srv/GetProgramState_Request.msg
[35.016s] -- Installing: /home/vinayak/ws_moveit2/install/ur_dashboard_msgs/share/ur_dashboard_msgs/srv/GetProgramState_Response.msg
[35.016s] -- Installing: /home/vinayak/ws_moveit2/install/ur_dashboard_msgs/share/ur_dashboard_msgs/srv/GetRobotMode.srv
[35.016s] -- Installing: /home/vinayak/ws_moveit2/install/ur_dashboard_msgs/share/ur_dashboard_msgs/srv/GetRobotMode_Request.msg
[35.016s] -- Installing: /home/vinayak/ws_moveit2/install/ur_dashboard_msgs/share/ur_dashboard_msgs/srv/GetRobotMode_Response.msg
[35.016s] -- Installing: /home/vinayak/ws_moveit2/install/ur_dashboard_msgs/share/ur_dashboard_msgs/srv/GetSafetyMode.srv
[35.017s] -- Installing: /home/vinayak/ws_moveit2/install/ur_dashboard_msgs/share/ur_dashboard_msgs/srv/GetSafetyMode_Request.msg
[35.017s] -- Installing: /home/vinayak/ws_moveit2/install/ur_dashboard_msgs/share/ur_dashboard_msgs/srv/GetSafetyMode_Response.msg
[35.017s] -- Installing: /home/vinayak/ws_moveit2/install/ur_dashboard_msgs/share/ur_dashboard_msgs/srv/IsProgramRunning.srv
[35.017s] -- Installing: /home/vinayak/ws_moveit2/install/ur_dashboard_msgs/share/ur_dashboard_msgs/srv/IsProgramRunning_Request.msg
[35.017s] -- Installing: /home/vinayak/ws_moveit2/install/ur_dashboard_msgs/share/ur_dashboard_msgs/srv/IsProgramRunning_Response.msg
[35.017s] -- Installing: /home/vinayak/ws_moveit2/install/ur_dashboard_msgs/share/ur_dashboard_msgs/srv/IsProgramSaved.srv
[35.018s] -- Installing: /home/vinayak/ws_moveit2/install/ur_dashboard_msgs/share/ur_dashboard_msgs/srv/IsProgramSaved_Request.msg
[35.018s] -- Installing: /home/vinayak/ws_moveit2/install/ur_dashboard_msgs/share/ur_dashboard_msgs/srv/IsProgramSaved_Response.msg
[35.018s] -- Installing: /home/vinayak/ws_moveit2/install/ur_dashboard_msgs/share/ur_dashboard_msgs/srv/Load.srv
[35.018s] -- Installing: /home/vinayak/ws_moveit2/install/ur_dashboard_msgs/share/ur_dashboard_msgs/srv/Load_Request.msg
[35.018s] -- Installing: /home/vinayak/ws_moveit2/install/ur_dashboard_msgs/share/ur_dashboard_msgs/srv/Load_Response.msg
[35.019s] -- Installing: /home/vinayak/ws_moveit2/install/ur_dashboard_msgs/share/ur_dashboard_msgs/srv/Popup.srv
[35.019s] -- Installing: /home/vinayak/ws_moveit2/install/ur_dashboard_msgs/share/ur_dashboard_msgs/srv/Popup_Request.msg
[35.019s] -- Installing: /home/vinayak/ws_moveit2/install/ur_dashboard_msgs/share/ur_dashboard_msgs/srv/Popup_Response.msg
[35.019s] -- Installing: /home/vinayak/ws_moveit2/install/ur_dashboard_msgs/share/ur_dashboard_msgs/srv/RawRequest.srv
[35.019s] -- Installing: /home/vinayak/ws_moveit2/install/ur_dashboard_msgs/share/ur_dashboard_msgs/srv/RawRequest_Request.msg
[35.019s] -- Installing: /home/vinayak/ws_moveit2/install/ur_dashboard_msgs/share/ur_dashboard_msgs/srv/RawRequest_Response.msg
[35.020s] -- Installing: /home/vinayak/ws_moveit2/install/ur_dashboard_msgs/share/ur_dashboard_msgs/action/SetMode.action
[35.020s] -- Installing: /home/vinayak/ws_moveit2/install/ur_dashboard_msgs/share/ament_index/resource_index/package_run_dependencies/ur_dashboard_msgs
[35.020s] -- Installing: /home/vinayak/ws_moveit2/install/ur_dashboard_msgs/share/ament_index/resource_index/parent_prefix_path/ur_dashboard_msgs
[35.020s] -- Installing: /home/vinayak/ws_moveit2/install/ur_dashboard_msgs/share/ur_dashboard_msgs/environment/ament_prefix_path.sh
[35.021s] -- Installing: /home/vinayak/ws_moveit2/install/ur_dashboard_msgs/share/ur_dashboard_msgs/environment/ament_prefix_path.dsv
[35.021s] -- Installing: /home/vinayak/ws_moveit2/install/ur_dashboard_msgs/share/ur_dashboard_msgs/environment/path.sh
[35.021s] -- Installing: /home/vinayak/ws_moveit2/install/ur_dashboard_msgs/share/ur_dashboard_msgs/environment/path.dsv
[35.021s] -- Installing: /home/vinayak/ws_moveit2/install/ur_dashboard_msgs/share/ur_dashboard_msgs/local_setup.bash
[35.021s] -- Installing: /home/vinayak/ws_moveit2/install/ur_dashboard_msgs/share/ur_dashboard_msgs/local_setup.sh
[35.022s] -- Installing: /home/vinayak/ws_moveit2/install/ur_dashboard_msgs/share/ur_dashboard_msgs/local_setup.zsh
[35.023s] -- Installing: /home/vinayak/ws_moveit2/install/ur_dashboard_msgs/share/ur_dashboard_msgs/local_setup.dsv
[35.023s] -- Installing: /home/vinayak/ws_moveit2/install/ur_dashboard_msgs/share/ur_dashboard_msgs/package.dsv
[35.023s] -- Installing: /home/vinayak/ws_moveit2/install/ur_dashboard_msgs/share/ament_index/resource_index/packages/ur_dashboard_msgs
[35.023s] -- Installing: /home/vinayak/ws_moveit2/install/ur_dashboard_msgs/share/ur_dashboard_msgs/cmake/export_ur_dashboard_msgs__rosidl_generator_cExport.cmake
[35.023s] -- Installing: /home/vinayak/ws_moveit2/install/ur_dashboard_msgs/share/ur_dashboard_msgs/cmake/export_ur_dashboard_msgs__rosidl_generator_cExport-noconfig.cmake
[35.023s] -- Installing: /home/vinayak/ws_moveit2/install/ur_dashboard_msgs/share/ur_dashboard_msgs/cmake/export_ur_dashboard_msgs__rosidl_typesupport_fastrtps_cExport.cmake
[35.024s] -- Installing: /home/vinayak/ws_moveit2/install/ur_dashboard_msgs/share/ur_dashboard_msgs/cmake/export_ur_dashboard_msgs__rosidl_typesupport_fastrtps_cExport-noconfig.cmake
[35.024s] -- Installing: /home/vinayak/ws_moveit2/install/ur_dashboard_msgs/share/ur_dashboard_msgs/cmake/ur_dashboard_msgs__rosidl_typesupport_introspection_cExport.cmake
[35.024s] -- Installing: /home/vinayak/ws_moveit2/install/ur_dashboard_msgs/share/ur_dashboard_msgs/cmake/ur_dashboard_msgs__rosidl_typesupport_introspection_cExport-noconfig.cmake
[35.024s] -- Installing: /home/vinayak/ws_moveit2/install/ur_dashboard_msgs/share/ur_dashboard_msgs/cmake/ur_dashboard_msgs__rosidl_typesupport_cExport.cmake
[35.024s] -- Installing: /home/vinayak/ws_moveit2/install/ur_dashboard_msgs/share/ur_dashboard_msgs/cmake/ur_dashboard_msgs__rosidl_typesupport_cExport-noconfig.cmake
[35.024s] -- Installing: /home/vinayak/ws_moveit2/install/ur_dashboard_msgs/share/ur_dashboard_msgs/cmake/export_ur_dashboard_msgs__rosidl_generator_cppExport.cmake
[35.024s] -- Installing: /home/vinayak/ws_moveit2/install/ur_dashboard_msgs/share/ur_dashboard_msgs/cmake/export_ur_dashboard_msgs__rosidl_typesupport_fastrtps_cppExport.cmake
[35.024s] -- Installing: /home/vinayak/ws_moveit2/install/ur_dashboard_msgs/share/ur_dashboard_msgs/cmake/export_ur_dashboard_msgs__rosidl_typesupport_fastrtps_cppExport-noconfig.cmake
[35.025s] -- Installing: /home/vinayak/ws_moveit2/install/ur_dashboard_msgs/share/ur_dashboard_msgs/cmake/ur_dashboard_msgs__rosidl_typesupport_introspection_cppExport.cmake
[35.025s] -- Installing: /home/vinayak/ws_moveit2/install/ur_dashboard_msgs/share/ur_dashboard_msgs/cmake/ur_dashboard_msgs__rosidl_typesupport_introspection_cppExport-noconfig.cmake
[35.025s] -- Installing: /home/vinayak/ws_moveit2/install/ur_dashboard_msgs/share/ur_dashboard_msgs/cmake/ur_dashboard_msgs__rosidl_typesupport_cppExport.cmake
[35.025s] -- Installing: /home/vinayak/ws_moveit2/install/ur_dashboard_msgs/share/ur_dashboard_msgs/cmake/ur_dashboard_msgs__rosidl_typesupport_cppExport-noconfig.cmake
[35.025s] -- Installing: /home/vinayak/ws_moveit2/install/ur_dashboard_msgs/share/ur_dashboard_msgs/cmake/export_ur_dashboard_msgs__rosidl_generator_pyExport.cmake
[35.025s] -- Installing: /home/vinayak/ws_moveit2/install/ur_dashboard_msgs/share/ur_dashboard_msgs/cmake/export_ur_dashboard_msgs__rosidl_generator_pyExport-noconfig.cmake
[35.026s] -- Installing: /home/vinayak/ws_moveit2/install/ur_dashboard_msgs/share/ur_dashboard_msgs/cmake/rosidl_cmake-extras.cmake
[35.026s] -- Installing: /home/vinayak/ws_moveit2/install/ur_dashboard_msgs/share/ur_dashboard_msgs/cmake/ament_cmake_export_dependencies-extras.cmake
[35.026s] -- Installing: /home/vinayak/ws_moveit2/install/ur_dashboard_msgs/share/ur_dashboard_msgs/cmake/ament_cmake_export_include_directories-extras.cmake
[35.026s] -- Installing: /home/vinayak/ws_moveit2/install/ur_dashboard_msgs/share/ur_dashboard_msgs/cmake/ament_cmake_export_libraries-extras.cmake
[35.026s] -- Installing: /home/vinayak/ws_moveit2/install/ur_dashboard_msgs/share/ur_dashboard_msgs/cmake/ament_cmake_export_targets-extras.cmake
[35.026s] -- Installing: /home/vinayak/ws_moveit2/install/ur_dashboard_msgs/share/ur_dashboard_msgs/cmake/rosidl_cmake_export_typesupport_targets-extras.cmake
[35.027s] -- Installing: /home/vinayak/ws_moveit2/install/ur_dashboard_msgs/share/ur_dashboard_msgs/cmake/rosidl_cmake_export_typesupport_libraries-extras.cmake
[35.027s] -- Installing: /home/vinayak/ws_moveit2/install/ur_dashboard_msgs/share/ur_dashboard_msgs/cmake/ur_dashboard_msgsConfig.cmake
[35.027s] -- Installing: /home/vinayak/ws_moveit2/install/ur_dashboard_msgs/share/ur_dashboard_msgs/cmake/ur_dashboard_msgsConfig-version.cmake
[35.027s] -- Installing: /home/vinayak/ws_moveit2/install/ur_dashboard_msgs/share/ur_dashboard_msgs/package.xml
[35.032s] Invoked command in '/home/vinayak/ws_moveit2/build/ur_dashboard_msgs' returned '0': CMAKE_PREFIX_PATH=${CMAKE_PREFIX_PATH}:/home/vinayak/ws_moveit2/install/ur3e_rl:/home/vinayak/ws_moveit2/install/ur3e_motion_package:/home/vinayak/ws_moveit2/install/moveit_configs_utils:/home/vinayak/ws_moveit2/install/launch_param_builder:/opt/ros/humble /usr/bin/cmake --install /home/vinayak/ws_moveit2/build/ur_dashboard_msgs
