[0.171s] DEBUG:colcon:Command line arguments: ['/usr/bin/colcon', 'build']
[0.171s] DEBUG:colcon:Parsed command line arguments: Namespace(log_base=None, log_level=None, verb_name='build', build_base='build', install_base='install', merge_install=False, symlink_install=False, test_result_base=None, continue_on_error=False, executor='parallel', parallel_workers=8, event_handlers=None, ignore_user_meta=False, metas=['./colcon.meta'], base_paths=['.'], packages_ignore=None, packages_ignore_regex=None, paths=None, packages_up_to=None, packages_up_to_regex=None, packages_above=None, packages_above_and_dependencies=None, packages_above_depth=None, packages_select_by_dep=None, packages_skip_by_dep=None, packages_skip_up_to=None, packages_select_build_failed=False, packages_skip_build_finished=False, packages_select_test_failures=False, packages_skip_test_passed=False, packages_select=None, packages_skip=None, packages_select_regex=None, packages_skip_regex=None, packages_start=None, packages_end=None, allow_overriding=[], cmake_args=None, cmake_target=None, cmake_target_skip_unavailable=False, cmake_clean_cache=False, cmake_clean_first=False, cmake_force_configure=False, ament_cmake_args=None, catkin_cmake_args=None, catkin_skip_building_tests=False, mixin_files=None, mixin=None, verb_parser=<colcon_mixin.mixin.mixin_argument.MixinArgumentDecorator object at 0x71ac56193c10>, verb_extension=<colcon_core.verb.build.BuildVerb object at 0x71ac56193640>, main=<bound method BuildVerb.main of <colcon_core.verb.build.BuildVerb object at 0x71ac56193640>>, mixin_verb=('build',))
[0.383s] Level 1:colcon.colcon_core.package_discovery:discover_packages(colcon_meta) check parameters
[0.383s] Level 1:colcon.colcon_core.package_discovery:discover_packages(recursive) check parameters
[0.383s] Level 1:colcon.colcon_core.package_discovery:discover_packages(ignore) check parameters
[0.384s] Level 1:colcon.colcon_core.package_discovery:discover_packages(path) check parameters
[0.384s] Level 1:colcon.colcon_core.package_discovery:discover_packages(colcon_meta) discover
[0.384s] Level 1:colcon.colcon_core.package_discovery:discover_packages(recursive) discover
[0.384s] INFO:colcon.colcon_core.package_discovery:Crawling recursively for packages in '/home/vinayak/ws_moveit2'
[0.384s] Level 1:colcon.colcon_core.package_identification:_identify(.) by extensions ['ignore', 'ignore_ament_install']
[0.384s] Level 1:colcon.colcon_core.package_identification:_identify(.) by extension 'ignore'
[0.385s] Level 1:colcon.colcon_core.package_identification:_identify(.) by extension 'ignore_ament_install'
[0.385s] Level 1:colcon.colcon_core.package_identification:_identify(.) by extensions ['colcon_pkg']
[0.385s] Level 1:colcon.colcon_core.package_identification:_identify(.) by extension 'colcon_pkg'
[0.385s] Level 1:colcon.colcon_core.package_identification:_identify(.) by extensions ['colcon_meta']
[0.385s] Level 1:colcon.colcon_core.package_identification:_identify(.) by extension 'colcon_meta'
[0.385s] Level 1:colcon.colcon_core.package_identification:_identify(.) by extensions ['ros']
[0.385s] Level 1:colcon.colcon_core.package_identification:_identify(.) by extension 'ros'
[0.404s] Level 1:colcon.colcon_core.package_identification:_identify(.) by extensions ['cmake', 'python']
[0.404s] Level 1:colcon.colcon_core.package_identification:_identify(.) by extension 'cmake'
[0.404s] Level 1:colcon.colcon_core.package_identification:_identify(.) by extension 'python'
[0.404s] Level 1:colcon.colcon_core.package_identification:_identify(.) by extensions ['python_setup_py']
[0.404s] Level 1:colcon.colcon_core.package_identification:_identify(.) by extension 'python_setup_py'
[0.404s] Level 1:colcon.colcon_core.package_identification:_identify(build) by extensions ['ignore', 'ignore_ament_install']
[0.404s] Level 1:colcon.colcon_core.package_identification:_identify(build) by extension 'ignore'
[0.404s] Level 1:colcon.colcon_core.package_identification:_identify(build) ignored
[0.405s] Level 1:colcon.colcon_core.package_identification:_identify(install) by extensions ['ignore', 'ignore_ament_install']
[0.405s] Level 1:colcon.colcon_core.package_identification:_identify(install) by extension 'ignore'
[0.405s] Level 1:colcon.colcon_core.package_identification:_identify(install) ignored
[0.405s] Level 1:colcon.colcon_core.package_identification:_identify(log) by extensions ['ignore', 'ignore_ament_install']
[0.405s] Level 1:colcon.colcon_core.package_identification:_identify(log) by extension 'ignore'
[0.405s] Level 1:colcon.colcon_core.package_identification:_identify(log) ignored
[0.405s] Level 1:colcon.colcon_core.package_identification:_identify(src) by extensions ['ignore', 'ignore_ament_install']
[0.405s] Level 1:colcon.colcon_core.package_identification:_identify(src) by extension 'ignore'
[0.405s] Level 1:colcon.colcon_core.package_identification:_identify(src) by extension 'ignore_ament_install'
[0.405s] Level 1:colcon.colcon_core.package_identification:_identify(src) by extensions ['colcon_pkg']
[0.405s] Level 1:colcon.colcon_core.package_identification:_identify(src) by extension 'colcon_pkg'
[0.405s] Level 1:colcon.colcon_core.package_identification:_identify(src) by extensions ['colcon_meta']
[0.405s] Level 1:colcon.colcon_core.package_identification:_identify(src) by extension 'colcon_meta'
[0.406s] Level 1:colcon.colcon_core.package_identification:_identify(src) by extensions ['ros']
[0.406s] Level 1:colcon.colcon_core.package_identification:_identify(src) by extension 'ros'
[0.406s] Level 1:colcon.colcon_core.package_identification:_identify(src) by extensions ['cmake', 'python']
[0.406s] Level 1:colcon.colcon_core.package_identification:_identify(src) by extension 'cmake'
[0.406s] Level 1:colcon.colcon_core.package_identification:_identify(src) by extension 'python'
[0.406s] Level 1:colcon.colcon_core.package_identification:_identify(src) by extensions ['python_setup_py']
[0.406s] Level 1:colcon.colcon_core.package_identification:_identify(src) by extension 'python_setup_py'
[0.406s] Level 1:colcon.colcon_core.package_identification:_identify(src/Universal_Robots_ROS2_Driver) by extensions ['ignore', 'ignore_ament_install']
[0.406s] Level 1:colcon.colcon_core.package_identification:_identify(src/Universal_Robots_ROS2_Driver) by extension 'ignore'
[0.406s] Level 1:colcon.colcon_core.package_identification:_identify(src/Universal_Robots_ROS2_Driver) by extension 'ignore_ament_install'
[0.406s] Level 1:colcon.colcon_core.package_identification:_identify(src/Universal_Robots_ROS2_Driver) by extensions ['colcon_pkg']
[0.406s] Level 1:colcon.colcon_core.package_identification:_identify(src/Universal_Robots_ROS2_Driver) by extension 'colcon_pkg'
[0.406s] Level 1:colcon.colcon_core.package_identification:_identify(src/Universal_Robots_ROS2_Driver) by extensions ['colcon_meta']
[0.406s] Level 1:colcon.colcon_core.package_identification:_identify(src/Universal_Robots_ROS2_Driver) by extension 'colcon_meta'
[0.406s] Level 1:colcon.colcon_core.package_identification:_identify(src/Universal_Robots_ROS2_Driver) by extensions ['ros']
[0.406s] Level 1:colcon.colcon_core.package_identification:_identify(src/Universal_Robots_ROS2_Driver) by extension 'ros'
[0.406s] Level 1:colcon.colcon_core.package_identification:_identify(src/Universal_Robots_ROS2_Driver) by extensions ['cmake', 'python']
[0.406s] Level 1:colcon.colcon_core.package_identification:_identify(src/Universal_Robots_ROS2_Driver) by extension 'cmake'
[0.407s] Level 1:colcon.colcon_core.package_identification:_identify(src/Universal_Robots_ROS2_Driver) by extension 'python'
[0.407s] Level 1:colcon.colcon_core.package_identification:_identify(src/Universal_Robots_ROS2_Driver) by extensions ['python_setup_py']
[0.407s] Level 1:colcon.colcon_core.package_identification:_identify(src/Universal_Robots_ROS2_Driver) by extension 'python_setup_py'
[0.407s] Level 1:colcon.colcon_core.package_identification:_identify(src/Universal_Robots_ROS2_Driver/ur) by extensions ['ignore', 'ignore_ament_install']
[0.407s] Level 1:colcon.colcon_core.package_identification:_identify(src/Universal_Robots_ROS2_Driver/ur) by extension 'ignore'
[0.407s] Level 1:colcon.colcon_core.package_identification:_identify(src/Universal_Robots_ROS2_Driver/ur) by extension 'ignore_ament_install'
[0.407s] Level 1:colcon.colcon_core.package_identification:_identify(src/Universal_Robots_ROS2_Driver/ur) by extensions ['colcon_pkg']
[0.407s] Level 1:colcon.colcon_core.package_identification:_identify(src/Universal_Robots_ROS2_Driver/ur) by extension 'colcon_pkg'
[0.407s] Level 1:colcon.colcon_core.package_identification:_identify(src/Universal_Robots_ROS2_Driver/ur) by extensions ['colcon_meta']
[0.407s] Level 1:colcon.colcon_core.package_identification:_identify(src/Universal_Robots_ROS2_Driver/ur) by extension 'colcon_meta'
[0.407s] Level 1:colcon.colcon_core.package_identification:_identify(src/Universal_Robots_ROS2_Driver/ur) by extensions ['ros']
[0.407s] Level 1:colcon.colcon_core.package_identification:_identify(src/Universal_Robots_ROS2_Driver/ur) by extension 'ros'
[0.412s] DEBUG:colcon.colcon_core.package_identification:Package 'src/Universal_Robots_ROS2_Driver/ur' with type 'ros.ament_cmake' and name 'ur'
[0.412s] Level 1:colcon.colcon_core.package_identification:_identify(src/Universal_Robots_ROS2_Driver/ur_bringup) by extensions ['ignore', 'ignore_ament_install']
[0.412s] Level 1:colcon.colcon_core.package_identification:_identify(src/Universal_Robots_ROS2_Driver/ur_bringup) by extension 'ignore'
[0.412s] Level 1:colcon.colcon_core.package_identification:_identify(src/Universal_Robots_ROS2_Driver/ur_bringup) by extension 'ignore_ament_install'
[0.412s] Level 1:colcon.colcon_core.package_identification:_identify(src/Universal_Robots_ROS2_Driver/ur_bringup) by extensions ['colcon_pkg']
[0.412s] Level 1:colcon.colcon_core.package_identification:_identify(src/Universal_Robots_ROS2_Driver/ur_bringup) by extension 'colcon_pkg'
[0.412s] Level 1:colcon.colcon_core.package_identification:_identify(src/Universal_Robots_ROS2_Driver/ur_bringup) by extensions ['colcon_meta']
[0.412s] Level 1:colcon.colcon_core.package_identification:_identify(src/Universal_Robots_ROS2_Driver/ur_bringup) by extension 'colcon_meta'
[0.412s] Level 1:colcon.colcon_core.package_identification:_identify(src/Universal_Robots_ROS2_Driver/ur_bringup) by extensions ['ros']
[0.412s] Level 1:colcon.colcon_core.package_identification:_identify(src/Universal_Robots_ROS2_Driver/ur_bringup) by extension 'ros'
[0.413s] DEBUG:colcon.colcon_core.package_identification:Package 'src/Universal_Robots_ROS2_Driver/ur_bringup' with type 'ros.ament_cmake' and name 'ur_bringup'
[0.414s] Level 1:colcon.colcon_core.package_identification:_identify(src/Universal_Robots_ROS2_Driver/ur_calibration) by extensions ['ignore', 'ignore_ament_install']
[0.414s] Level 1:colcon.colcon_core.package_identification:_identify(src/Universal_Robots_ROS2_Driver/ur_calibration) by extension 'ignore'
[0.414s] Level 1:colcon.colcon_core.package_identification:_identify(src/Universal_Robots_ROS2_Driver/ur_calibration) by extension 'ignore_ament_install'
[0.414s] Level 1:colcon.colcon_core.package_identification:_identify(src/Universal_Robots_ROS2_Driver/ur_calibration) by extensions ['colcon_pkg']
[0.414s] Level 1:colcon.colcon_core.package_identification:_identify(src/Universal_Robots_ROS2_Driver/ur_calibration) by extension 'colcon_pkg'
[0.414s] Level 1:colcon.colcon_core.package_identification:_identify(src/Universal_Robots_ROS2_Driver/ur_calibration) by extensions ['colcon_meta']
[0.414s] Level 1:colcon.colcon_core.package_identification:_identify(src/Universal_Robots_ROS2_Driver/ur_calibration) by extension 'colcon_meta'
[0.414s] Level 1:colcon.colcon_core.package_identification:_identify(src/Universal_Robots_ROS2_Driver/ur_calibration) by extensions ['ros']
[0.414s] Level 1:colcon.colcon_core.package_identification:_identify(src/Universal_Robots_ROS2_Driver/ur_calibration) by extension 'ros'
[0.415s] DEBUG:colcon.colcon_core.package_identification:Package 'src/Universal_Robots_ROS2_Driver/ur_calibration' with type 'ros.ament_cmake' and name 'ur_calibration'
[0.415s] Level 1:colcon.colcon_core.package_identification:_identify(src/Universal_Robots_ROS2_Driver/ur_controllers) by extensions ['ignore', 'ignore_ament_install']
[0.415s] Level 1:colcon.colcon_core.package_identification:_identify(src/Universal_Robots_ROS2_Driver/ur_controllers) by extension 'ignore'
[0.415s] Level 1:colcon.colcon_core.package_identification:_identify(src/Universal_Robots_ROS2_Driver/ur_controllers) by extension 'ignore_ament_install'
[0.415s] Level 1:colcon.colcon_core.package_identification:_identify(src/Universal_Robots_ROS2_Driver/ur_controllers) by extensions ['colcon_pkg']
[0.415s] Level 1:colcon.colcon_core.package_identification:_identify(src/Universal_Robots_ROS2_Driver/ur_controllers) by extension 'colcon_pkg'
[0.416s] Level 1:colcon.colcon_core.package_identification:_identify(src/Universal_Robots_ROS2_Driver/ur_controllers) by extensions ['colcon_meta']
[0.416s] Level 1:colcon.colcon_core.package_identification:_identify(src/Universal_Robots_ROS2_Driver/ur_controllers) by extension 'colcon_meta'
[0.416s] Level 1:colcon.colcon_core.package_identification:_identify(src/Universal_Robots_ROS2_Driver/ur_controllers) by extensions ['ros']
[0.416s] Level 1:colcon.colcon_core.package_identification:_identify(src/Universal_Robots_ROS2_Driver/ur_controllers) by extension 'ros'
[0.417s] DEBUG:colcon.colcon_core.package_identification:Package 'src/Universal_Robots_ROS2_Driver/ur_controllers' with type 'ros.ament_cmake' and name 'ur_controllers'
[0.417s] Level 1:colcon.colcon_core.package_identification:_identify(src/Universal_Robots_ROS2_Driver/ur_dashboard_msgs) by extensions ['ignore', 'ignore_ament_install']
[0.417s] Level 1:colcon.colcon_core.package_identification:_identify(src/Universal_Robots_ROS2_Driver/ur_dashboard_msgs) by extension 'ignore'
[0.418s] Level 1:colcon.colcon_core.package_identification:_identify(src/Universal_Robots_ROS2_Driver/ur_dashboard_msgs) by extension 'ignore_ament_install'
[0.418s] Level 1:colcon.colcon_core.package_identification:_identify(src/Universal_Robots_ROS2_Driver/ur_dashboard_msgs) by extensions ['colcon_pkg']
[0.418s] Level 1:colcon.colcon_core.package_identification:_identify(src/Universal_Robots_ROS2_Driver/ur_dashboard_msgs) by extension 'colcon_pkg'
[0.418s] Level 1:colcon.colcon_core.package_identification:_identify(src/Universal_Robots_ROS2_Driver/ur_dashboard_msgs) by extensions ['colcon_meta']
[0.418s] Level 1:colcon.colcon_core.package_identification:_identify(src/Universal_Robots_ROS2_Driver/ur_dashboard_msgs) by extension 'colcon_meta'
[0.418s] Level 1:colcon.colcon_core.package_identification:_identify(src/Universal_Robots_ROS2_Driver/ur_dashboard_msgs) by extensions ['ros']
[0.418s] Level 1:colcon.colcon_core.package_identification:_identify(src/Universal_Robots_ROS2_Driver/ur_dashboard_msgs) by extension 'ros'
[0.418s] DEBUG:colcon.colcon_core.package_identification:Package 'src/Universal_Robots_ROS2_Driver/ur_dashboard_msgs' with type 'ros.ament_cmake' and name 'ur_dashboard_msgs'
[0.419s] Level 1:colcon.colcon_core.package_identification:_identify(src/Universal_Robots_ROS2_Driver/ur_moveit_config) by extensions ['ignore', 'ignore_ament_install']
[0.419s] Level 1:colcon.colcon_core.package_identification:_identify(src/Universal_Robots_ROS2_Driver/ur_moveit_config) by extension 'ignore'
[0.419s] Level 1:colcon.colcon_core.package_identification:_identify(src/Universal_Robots_ROS2_Driver/ur_moveit_config) by extension 'ignore_ament_install'
[0.419s] Level 1:colcon.colcon_core.package_identification:_identify(src/Universal_Robots_ROS2_Driver/ur_moveit_config) by extensions ['colcon_pkg']
[0.419s] Level 1:colcon.colcon_core.package_identification:_identify(src/Universal_Robots_ROS2_Driver/ur_moveit_config) by extension 'colcon_pkg'
[0.419s] Level 1:colcon.colcon_core.package_identification:_identify(src/Universal_Robots_ROS2_Driver/ur_moveit_config) by extensions ['colcon_meta']
[0.419s] Level 1:colcon.colcon_core.package_identification:_identify(src/Universal_Robots_ROS2_Driver/ur_moveit_config) by extension 'colcon_meta'
[0.419s] Level 1:colcon.colcon_core.package_identification:_identify(src/Universal_Robots_ROS2_Driver/ur_moveit_config) by extensions ['ros']
[0.419s] Level 1:colcon.colcon_core.package_identification:_identify(src/Universal_Robots_ROS2_Driver/ur_moveit_config) by extension 'ros'
[0.420s] DEBUG:colcon.colcon_core.package_identification:Package 'src/Universal_Robots_ROS2_Driver/ur_moveit_config' with type 'ros.ament_cmake' and name 'ur_moveit_config'
[0.420s] Level 1:colcon.colcon_core.package_identification:_identify(src/Universal_Robots_ROS2_Driver/ur_robot_driver) by extensions ['ignore', 'ignore_ament_install']
[0.420s] Level 1:colcon.colcon_core.package_identification:_identify(src/Universal_Robots_ROS2_Driver/ur_robot_driver) by extension 'ignore'
[0.420s] Level 1:colcon.colcon_core.package_identification:_identify(src/Universal_Robots_ROS2_Driver/ur_robot_driver) by extension 'ignore_ament_install'
[0.420s] Level 1:colcon.colcon_core.package_identification:_identify(src/Universal_Robots_ROS2_Driver/ur_robot_driver) by extensions ['colcon_pkg']
[0.420s] Level 1:colcon.colcon_core.package_identification:_identify(src/Universal_Robots_ROS2_Driver/ur_robot_driver) by extension 'colcon_pkg'
[0.420s] Level 1:colcon.colcon_core.package_identification:_identify(src/Universal_Robots_ROS2_Driver/ur_robot_driver) by extensions ['colcon_meta']
[0.420s] Level 1:colcon.colcon_core.package_identification:_identify(src/Universal_Robots_ROS2_Driver/ur_robot_driver) by extension 'colcon_meta'
[0.420s] Level 1:colcon.colcon_core.package_identification:_identify(src/Universal_Robots_ROS2_Driver/ur_robot_driver) by extensions ['ros']
[0.420s] Level 1:colcon.colcon_core.package_identification:_identify(src/Universal_Robots_ROS2_Driver/ur_robot_driver) by extension 'ros'
[0.423s] DEBUG:colcon.colcon_core.package_identification:Package 'src/Universal_Robots_ROS2_Driver/ur_robot_driver' with type 'ros.ament_cmake' and name 'ur_robot_driver'
[0.423s] Level 1:colcon.colcon_core.package_identification:_identify(src/launch_param_builder) by extensions ['ignore', 'ignore_ament_install']
[0.423s] Level 1:colcon.colcon_core.package_identification:_identify(src/launch_param_builder) by extension 'ignore'
[0.423s] Level 1:colcon.colcon_core.package_identification:_identify(src/launch_param_builder) by extension 'ignore_ament_install'
[0.423s] Level 1:colcon.colcon_core.package_identification:_identify(src/launch_param_builder) by extensions ['colcon_pkg']
[0.423s] Level 1:colcon.colcon_core.package_identification:_identify(src/launch_param_builder) by extension 'colcon_pkg'
[0.423s] Level 1:colcon.colcon_core.package_identification:_identify(src/launch_param_builder) by extensions ['colcon_meta']
[0.423s] Level 1:colcon.colcon_core.package_identification:_identify(src/launch_param_builder) by extension 'colcon_meta'
[0.423s] Level 1:colcon.colcon_core.package_identification:_identify(src/launch_param_builder) by extensions ['ros']
[0.423s] Level 1:colcon.colcon_core.package_identification:_identify(src/launch_param_builder) by extension 'ros'
[0.424s] DEBUG:colcon.colcon_core.package_identification:Package 'src/launch_param_builder' with type 'ros.ament_python' and name 'launch_param_builder'
[0.424s] Level 1:colcon.colcon_core.package_identification:_identify(src/moveit2) by extensions ['ignore', 'ignore_ament_install']
[0.424s] Level 1:colcon.colcon_core.package_identification:_identify(src/moveit2) by extension 'ignore'
[0.424s] Level 1:colcon.colcon_core.package_identification:_identify(src/moveit2) by extension 'ignore_ament_install'
[0.424s] Level 1:colcon.colcon_core.package_identification:_identify(src/moveit2) by extensions ['colcon_pkg']
[0.424s] Level 1:colcon.colcon_core.package_identification:_identify(src/moveit2) by extension 'colcon_pkg'
[0.424s] Level 1:colcon.colcon_core.package_identification:_identify(src/moveit2) by extensions ['colcon_meta']
[0.424s] Level 1:colcon.colcon_core.package_identification:_identify(src/moveit2) by extension 'colcon_meta'
[0.424s] Level 1:colcon.colcon_core.package_identification:_identify(src/moveit2) by extensions ['ros']
[0.424s] Level 1:colcon.colcon_core.package_identification:_identify(src/moveit2) by extension 'ros'
[0.424s] Level 1:colcon.colcon_core.package_identification:_identify(src/moveit2) by extensions ['cmake', 'python']
[0.424s] Level 1:colcon.colcon_core.package_identification:_identify(src/moveit2) by extension 'cmake'
[0.424s] Level 1:colcon.colcon_core.package_identification:_identify(src/moveit2) by extension 'python'
[0.424s] Level 1:colcon.colcon_core.package_identification:_identify(src/moveit2) by extensions ['python_setup_py']
[0.424s] Level 1:colcon.colcon_core.package_identification:_identify(src/moveit2) by extension 'python_setup_py'
[0.424s] Level 1:colcon.colcon_core.package_identification:_identify(src/moveit2/doc) by extensions ['ignore', 'ignore_ament_install']
[0.424s] Level 1:colcon.colcon_core.package_identification:_identify(src/moveit2/doc) by extension 'ignore'
[0.425s] Level 1:colcon.colcon_core.package_identification:_identify(src/moveit2/doc) by extension 'ignore_ament_install'
[0.425s] Level 1:colcon.colcon_core.package_identification:_identify(src/moveit2/doc) by extensions ['colcon_pkg']
[0.425s] Level 1:colcon.colcon_core.package_identification:_identify(src/moveit2/doc) by extension 'colcon_pkg'
[0.425s] Level 1:colcon.colcon_core.package_identification:_identify(src/moveit2/doc) by extensions ['colcon_meta']
[0.425s] Level 1:colcon.colcon_core.package_identification:_identify(src/moveit2/doc) by extension 'colcon_meta'
[0.425s] Level 1:colcon.colcon_core.package_identification:_identify(src/moveit2/doc) by extensions ['ros']
[0.425s] Level 1:colcon.colcon_core.package_identification:_identify(src/moveit2/doc) by extension 'ros'
[0.425s] Level 1:colcon.colcon_core.package_identification:_identify(src/moveit2/doc) by extensions ['cmake', 'python']
[0.425s] Level 1:colcon.colcon_core.package_identification:_identify(src/moveit2/doc) by extension 'cmake'
[0.425s] Level 1:colcon.colcon_core.package_identification:_identify(src/moveit2/doc) by extension 'python'
[0.425s] Level 1:colcon.colcon_core.package_identification:_identify(src/moveit2/doc) by extensions ['python_setup_py']
[0.425s] Level 1:colcon.colcon_core.package_identification:_identify(src/moveit2/doc) by extension 'python_setup_py'
[0.425s] Level 1:colcon.colcon_core.package_identification:_identify(src/moveit2/moveit) by extensions ['ignore', 'ignore_ament_install']
[0.425s] Level 1:colcon.colcon_core.package_identification:_identify(src/moveit2/moveit) by extension 'ignore'
[0.425s] Level 1:colcon.colcon_core.package_identification:_identify(src/moveit2/moveit) by extension 'ignore_ament_install'
[0.425s] Level 1:colcon.colcon_core.package_identification:_identify(src/moveit2/moveit) by extensions ['colcon_pkg']
[0.425s] Level 1:colcon.colcon_core.package_identification:_identify(src/moveit2/moveit) by extension 'colcon_pkg'
[0.425s] Level 1:colcon.colcon_core.package_identification:_identify(src/moveit2/moveit) by extensions ['colcon_meta']
[0.425s] Level 1:colcon.colcon_core.package_identification:_identify(src/moveit2/moveit) by extension 'colcon_meta'
[0.425s] Level 1:colcon.colcon_core.package_identification:_identify(src/moveit2/moveit) by extensions ['ros']
[0.425s] Level 1:colcon.colcon_core.package_identification:_identify(src/moveit2/moveit) by extension 'ros'
[0.426s] DEBUG:colcon.colcon_core.package_identification:Package 'src/moveit2/moveit' with type 'ros.ament_cmake' and name 'moveit'
[0.426s] Level 1:colcon.colcon_core.package_identification:_identify(src/moveit2/moveit_commander) by extensions ['ignore', 'ignore_ament_install']
[0.426s] Level 1:colcon.colcon_core.package_identification:_identify(src/moveit2/moveit_commander) by extension 'ignore'
[0.426s] Level 1:colcon.colcon_core.package_identification:_identify(src/moveit2/moveit_commander) ignored
[0.427s] Level 1:colcon.colcon_core.package_identification:_identify(src/moveit2/moveit_common) by extensions ['ignore', 'ignore_ament_install']
[0.427s] Level 1:colcon.colcon_core.package_identification:_identify(src/moveit2/moveit_common) by extension 'ignore'
[0.427s] Level 1:colcon.colcon_core.package_identification:_identify(src/moveit2/moveit_common) by extension 'ignore_ament_install'
[0.427s] Level 1:colcon.colcon_core.package_identification:_identify(src/moveit2/moveit_common) by extensions ['colcon_pkg']
[0.427s] Level 1:colcon.colcon_core.package_identification:_identify(src/moveit2/moveit_common) by extension 'colcon_pkg'
[0.427s] Level 1:colcon.colcon_core.package_identification:_identify(src/moveit2/moveit_common) by extensions ['colcon_meta']
[0.427s] Level 1:colcon.colcon_core.package_identification:_identify(src/moveit2/moveit_common) by extension 'colcon_meta'
[0.427s] Level 1:colcon.colcon_core.package_identification:_identify(src/moveit2/moveit_common) by extensions ['ros']
[0.427s] Level 1:colcon.colcon_core.package_identification:_identify(src/moveit2/moveit_common) by extension 'ros'
[0.427s] DEBUG:colcon.colcon_core.package_identification:Package 'src/moveit2/moveit_common' with type 'ros.ament_cmake' and name 'moveit_common'
[0.428s] Level 1:colcon.colcon_core.package_identification:_identify(src/moveit2/moveit_configs_utils) by extensions ['ignore', 'ignore_ament_install']
[0.428s] Level 1:colcon.colcon_core.package_identification:_identify(src/moveit2/moveit_configs_utils) by extension 'ignore'
[0.428s] Level 1:colcon.colcon_core.package_identification:_identify(src/moveit2/moveit_configs_utils) by extension 'ignore_ament_install'
[0.428s] Level 1:colcon.colcon_core.package_identification:_identify(src/moveit2/moveit_configs_utils) by extensions ['colcon_pkg']
[0.428s] Level 1:colcon.colcon_core.package_identification:_identify(src/moveit2/moveit_configs_utils) by extension 'colcon_pkg'
[0.428s] Level 1:colcon.colcon_core.package_identification:_identify(src/moveit2/moveit_configs_utils) by extensions ['colcon_meta']
[0.428s] Level 1:colcon.colcon_core.package_identification:_identify(src/moveit2/moveit_configs_utils) by extension 'colcon_meta'
[0.428s] Level 1:colcon.colcon_core.package_identification:_identify(src/moveit2/moveit_configs_utils) by extensions ['ros']
[0.428s] Level 1:colcon.colcon_core.package_identification:_identify(src/moveit2/moveit_configs_utils) by extension 'ros'
[0.429s] DEBUG:colcon.colcon_core.package_identification:Package 'src/moveit2/moveit_configs_utils' with type 'ros.ament_python' and name 'moveit_configs_utils'
[0.429s] Level 1:colcon.colcon_core.package_identification:_identify(src/moveit2/moveit_core) by extensions ['ignore', 'ignore_ament_install']
[0.429s] Level 1:colcon.colcon_core.package_identification:_identify(src/moveit2/moveit_core) by extension 'ignore'
[0.429s] Level 1:colcon.colcon_core.package_identification:_identify(src/moveit2/moveit_core) by extension 'ignore_ament_install'
[0.429s] Level 1:colcon.colcon_core.package_identification:_identify(src/moveit2/moveit_core) by extensions ['colcon_pkg']
[0.429s] Level 1:colcon.colcon_core.package_identification:_identify(src/moveit2/moveit_core) by extension 'colcon_pkg'
[0.429s] Level 1:colcon.colcon_core.package_identification:_identify(src/moveit2/moveit_core) by extensions ['colcon_meta']
[0.429s] Level 1:colcon.colcon_core.package_identification:_identify(src/moveit2/moveit_core) by extension 'colcon_meta'
[0.429s] Level 1:colcon.colcon_core.package_identification:_identify(src/moveit2/moveit_core) by extensions ['ros']
[0.429s] Level 1:colcon.colcon_core.package_identification:_identify(src/moveit2/moveit_core) by extension 'ros'
[0.432s] DEBUG:colcon.colcon_core.package_identification:Package 'src/moveit2/moveit_core' with type 'ros.ament_cmake' and name 'moveit_core'
[0.433s] Level 1:colcon.colcon_core.package_identification:_identify(src/moveit2/moveit_experimental) by extensions ['ignore', 'ignore_ament_install']
[0.433s] Level 1:colcon.colcon_core.package_identification:_identify(src/moveit2/moveit_experimental) by extension 'ignore'
[0.433s] Level 1:colcon.colcon_core.package_identification:_identify(src/moveit2/moveit_experimental) ignored
[0.433s] Level 1:colcon.colcon_core.package_identification:_identify(src/moveit2/moveit_kinematics) by extensions ['ignore', 'ignore_ament_install']
[0.433s] Level 1:colcon.colcon_core.package_identification:_identify(src/moveit2/moveit_kinematics) by extension 'ignore'
[0.433s] Level 1:colcon.colcon_core.package_identification:_identify(src/moveit2/moveit_kinematics) by extension 'ignore_ament_install'
[0.433s] Level 1:colcon.colcon_core.package_identification:_identify(src/moveit2/moveit_kinematics) by extensions ['colcon_pkg']
[0.433s] Level 1:colcon.colcon_core.package_identification:_identify(src/moveit2/moveit_kinematics) by extension 'colcon_pkg'
[0.433s] Level 1:colcon.colcon_core.package_identification:_identify(src/moveit2/moveit_kinematics) by extensions ['colcon_meta']
[0.433s] Level 1:colcon.colcon_core.package_identification:_identify(src/moveit2/moveit_kinematics) by extension 'colcon_meta'
[0.433s] Level 1:colcon.colcon_core.package_identification:_identify(src/moveit2/moveit_kinematics) by extensions ['ros']
[0.433s] Level 1:colcon.colcon_core.package_identification:_identify(src/moveit2/moveit_kinematics) by extension 'ros'
[0.435s] DEBUG:colcon.colcon_core.package_identification:Package 'src/moveit2/moveit_kinematics' with type 'ros.ament_cmake' and name 'moveit_kinematics'
[0.435s] Level 1:colcon.colcon_core.package_identification:_identify(src/moveit2/moveit_planners) by extensions ['ignore', 'ignore_ament_install']
[0.435s] Level 1:colcon.colcon_core.package_identification:_identify(src/moveit2/moveit_planners) by extension 'ignore'
[0.435s] Level 1:colcon.colcon_core.package_identification:_identify(src/moveit2/moveit_planners) by extension 'ignore_ament_install'
[0.435s] Level 1:colcon.colcon_core.package_identification:_identify(src/moveit2/moveit_planners) by extensions ['colcon_pkg']
[0.435s] Level 1:colcon.colcon_core.package_identification:_identify(src/moveit2/moveit_planners) by extension 'colcon_pkg'
[0.435s] Level 1:colcon.colcon_core.package_identification:_identify(src/moveit2/moveit_planners) by extensions ['colcon_meta']
[0.435s] Level 1:colcon.colcon_core.package_identification:_identify(src/moveit2/moveit_planners) by extension 'colcon_meta'
[0.435s] Level 1:colcon.colcon_core.package_identification:_identify(src/moveit2/moveit_planners) by extensions ['ros']
[0.435s] Level 1:colcon.colcon_core.package_identification:_identify(src/moveit2/moveit_planners) by extension 'ros'
[0.435s] Level 1:colcon.colcon_core.package_identification:_identify(src/moveit2/moveit_planners) by extensions ['cmake', 'python']
[0.435s] Level 1:colcon.colcon_core.package_identification:_identify(src/moveit2/moveit_planners) by extension 'cmake'
[0.435s] Level 1:colcon.colcon_core.package_identification:_identify(src/moveit2/moveit_planners) by extension 'python'
[0.435s] Level 1:colcon.colcon_core.package_identification:_identify(src/moveit2/moveit_planners) by extensions ['python_setup_py']
[0.436s] Level 1:colcon.colcon_core.package_identification:_identify(src/moveit2/moveit_planners) by extension 'python_setup_py'
[0.436s] Level 1:colcon.colcon_core.package_identification:_identify(src/moveit2/moveit_planners/chomp) by extensions ['ignore', 'ignore_ament_install']
[0.436s] Level 1:colcon.colcon_core.package_identification:_identify(src/moveit2/moveit_planners/chomp) by extension 'ignore'
[0.436s] Level 1:colcon.colcon_core.package_identification:_identify(src/moveit2/moveit_planners/chomp) by extension 'ignore_ament_install'
[0.436s] Level 1:colcon.colcon_core.package_identification:_identify(src/moveit2/moveit_planners/chomp) by extensions ['colcon_pkg']
[0.436s] Level 1:colcon.colcon_core.package_identification:_identify(src/moveit2/moveit_planners/chomp) by extension 'colcon_pkg'
[0.436s] Level 1:colcon.colcon_core.package_identification:_identify(src/moveit2/moveit_planners/chomp) by extensions ['colcon_meta']
[0.436s] Level 1:colcon.colcon_core.package_identification:_identify(src/moveit2/moveit_planners/chomp) by extension 'colcon_meta'
[0.436s] Level 1:colcon.colcon_core.package_identification:_identify(src/moveit2/moveit_planners/chomp) by extensions ['ros']
[0.436s] Level 1:colcon.colcon_core.package_identification:_identify(src/moveit2/moveit_planners/chomp) by extension 'ros'
[0.436s] Level 1:colcon.colcon_core.package_identification:_identify(src/moveit2/moveit_planners/chomp) by extensions ['cmake', 'python']
[0.436s] Level 1:colcon.colcon_core.package_identification:_identify(src/moveit2/moveit_planners/chomp) by extension 'cmake'
[0.436s] Level 1:colcon.colcon_core.package_identification:_identify(src/moveit2/moveit_planners/chomp) by extension 'python'
[0.436s] Level 1:colcon.colcon_core.package_identification:_identify(src/moveit2/moveit_planners/chomp) by extensions ['python_setup_py']
[0.436s] Level 1:colcon.colcon_core.package_identification:_identify(src/moveit2/moveit_planners/chomp) by extension 'python_setup_py'
[0.436s] Level 1:colcon.colcon_core.package_identification:_identify(src/moveit2/moveit_planners/chomp/chomp_interface) by extensions ['ignore', 'ignore_ament_install']
[0.436s] Level 1:colcon.colcon_core.package_identification:_identify(src/moveit2/moveit_planners/chomp/chomp_interface) by extension 'ignore'
[0.437s] Level 1:colcon.colcon_core.package_identification:_identify(src/moveit2/moveit_planners/chomp/chomp_interface) by extension 'ignore_ament_install'
[0.437s] Level 1:colcon.colcon_core.package_identification:_identify(src/moveit2/moveit_planners/chomp/chomp_interface) by extensions ['colcon_pkg']
[0.437s] Level 1:colcon.colcon_core.package_identification:_identify(src/moveit2/moveit_planners/chomp/chomp_interface) by extension 'colcon_pkg'
[0.437s] Level 1:colcon.colcon_core.package_identification:_identify(src/moveit2/moveit_planners/chomp/chomp_interface) by extensions ['colcon_meta']
[0.437s] Level 1:colcon.colcon_core.package_identification:_identify(src/moveit2/moveit_planners/chomp/chomp_interface) by extension 'colcon_meta'
[0.437s] Level 1:colcon.colcon_core.package_identification:_identify(src/moveit2/moveit_planners/chomp/chomp_interface) by extensions ['ros']
[0.437s] Level 1:colcon.colcon_core.package_identification:_identify(src/moveit2/moveit_planners/chomp/chomp_interface) by extension 'ros'
[0.438s] DEBUG:colcon.colcon_core.package_identification:Package 'src/moveit2/moveit_planners/chomp/chomp_interface' with type 'ros.ament_cmake' and name 'moveit_planners_chomp'
[0.438s] Level 1:colcon.colcon_core.package_identification:_identify(src/moveit2/moveit_planners/chomp/chomp_motion_planner) by extensions ['ignore', 'ignore_ament_install']
[0.438s] Level 1:colcon.colcon_core.package_identification:_identify(src/moveit2/moveit_planners/chomp/chomp_motion_planner) by extension 'ignore'
[0.438s] Level 1:colcon.colcon_core.package_identification:_identify(src/moveit2/moveit_planners/chomp/chomp_motion_planner) by extension 'ignore_ament_install'
[0.438s] Level 1:colcon.colcon_core.package_identification:_identify(src/moveit2/moveit_planners/chomp/chomp_motion_planner) by extensions ['colcon_pkg']
[0.438s] Level 1:colcon.colcon_core.package_identification:_identify(src/moveit2/moveit_planners/chomp/chomp_motion_planner) by extension 'colcon_pkg'
[0.438s] Level 1:colcon.colcon_core.package_identification:_identify(src/moveit2/moveit_planners/chomp/chomp_motion_planner) by extensions ['colcon_meta']
[0.438s] Level 1:colcon.colcon_core.package_identification:_identify(src/moveit2/moveit_planners/chomp/chomp_motion_planner) by extension 'colcon_meta'
[0.438s] Level 1:colcon.colcon_core.package_identification:_identify(src/moveit2/moveit_planners/chomp/chomp_motion_planner) by extensions ['ros']
[0.438s] Level 1:colcon.colcon_core.package_identification:_identify(src/moveit2/moveit_planners/chomp/chomp_motion_planner) by extension 'ros'
[0.439s] DEBUG:colcon.colcon_core.package_identification:Package 'src/moveit2/moveit_planners/chomp/chomp_motion_planner' with type 'ros.ament_cmake' and name 'chomp_motion_planner'
[0.439s] Level 1:colcon.colcon_core.package_identification:_identify(src/moveit2/moveit_planners/chomp/chomp_optimizer_adapter) by extensions ['ignore', 'ignore_ament_install']
[0.439s] Level 1:colcon.colcon_core.package_identification:_identify(src/moveit2/moveit_planners/chomp/chomp_optimizer_adapter) by extension 'ignore'
[0.439s] Level 1:colcon.colcon_core.package_identification:_identify(src/moveit2/moveit_planners/chomp/chomp_optimizer_adapter) by extension 'ignore_ament_install'
[0.439s] Level 1:colcon.colcon_core.package_identification:_identify(src/moveit2/moveit_planners/chomp/chomp_optimizer_adapter) by extensions ['colcon_pkg']
[0.439s] Level 1:colcon.colcon_core.package_identification:_identify(src/moveit2/moveit_planners/chomp/chomp_optimizer_adapter) by extension 'colcon_pkg'
[0.439s] Level 1:colcon.colcon_core.package_identification:_identify(src/moveit2/moveit_planners/chomp/chomp_optimizer_adapter) by extensions ['colcon_meta']
[0.439s] Level 1:colcon.colcon_core.package_identification:_identify(src/moveit2/moveit_planners/chomp/chomp_optimizer_adapter) by extension 'colcon_meta'
[0.439s] Level 1:colcon.colcon_core.package_identification:_identify(src/moveit2/moveit_planners/chomp/chomp_optimizer_adapter) by extensions ['ros']
[0.439s] Level 1:colcon.colcon_core.package_identification:_identify(src/moveit2/moveit_planners/chomp/chomp_optimizer_adapter) by extension 'ros'
[0.440s] DEBUG:colcon.colcon_core.package_identification:Package 'src/moveit2/moveit_planners/chomp/chomp_optimizer_adapter' with type 'ros.ament_cmake' and name 'moveit_chomp_optimizer_adapter'
[0.440s] Level 1:colcon.colcon_core.package_identification:_identify(src/moveit2/moveit_planners/moveit_planners) by extensions ['ignore', 'ignore_ament_install']
[0.440s] Level 1:colcon.colcon_core.package_identification:_identify(src/moveit2/moveit_planners/moveit_planners) by extension 'ignore'
[0.440s] Level 1:colcon.colcon_core.package_identification:_identify(src/moveit2/moveit_planners/moveit_planners) by extension 'ignore_ament_install'
[0.441s] Level 1:colcon.colcon_core.package_identification:_identify(src/moveit2/moveit_planners/moveit_planners) by extensions ['colcon_pkg']
[0.441s] Level 1:colcon.colcon_core.package_identification:_identify(src/moveit2/moveit_planners/moveit_planners) by extension 'colcon_pkg'
[0.441s] Level 1:colcon.colcon_core.package_identification:_identify(src/moveit2/moveit_planners/moveit_planners) by extensions ['colcon_meta']
[0.441s] Level 1:colcon.colcon_core.package_identification:_identify(src/moveit2/moveit_planners/moveit_planners) by extension 'colcon_meta'
[0.441s] Level 1:colcon.colcon_core.package_identification:_identify(src/moveit2/moveit_planners/moveit_planners) by extensions ['ros']
[0.441s] Level 1:colcon.colcon_core.package_identification:_identify(src/moveit2/moveit_planners/moveit_planners) by extension 'ros'
[0.441s] DEBUG:colcon.colcon_core.package_identification:Package 'src/moveit2/moveit_planners/moveit_planners' with type 'ros.ament_cmake' and name 'moveit_planners'
[0.442s] Level 1:colcon.colcon_core.package_identification:_identify(src/moveit2/moveit_planners/ompl) by extensions ['ignore', 'ignore_ament_install']
[0.442s] Level 1:colcon.colcon_core.package_identification:_identify(src/moveit2/moveit_planners/ompl) by extension 'ignore'
[0.442s] Level 1:colcon.colcon_core.package_identification:_identify(src/moveit2/moveit_planners/ompl) by extension 'ignore_ament_install'
[0.442s] Level 1:colcon.colcon_core.package_identification:_identify(src/moveit2/moveit_planners/ompl) by extensions ['colcon_pkg']
[0.442s] Level 1:colcon.colcon_core.package_identification:_identify(src/moveit2/moveit_planners/ompl) by extension 'colcon_pkg'
[0.442s] Level 1:colcon.colcon_core.package_identification:_identify(src/moveit2/moveit_planners/ompl) by extensions ['colcon_meta']
[0.442s] Level 1:colcon.colcon_core.package_identification:_identify(src/moveit2/moveit_planners/ompl) by extension 'colcon_meta'
[0.442s] Level 1:colcon.colcon_core.package_identification:_identify(src/moveit2/moveit_planners/ompl) by extensions ['ros']
[0.442s] Level 1:colcon.colcon_core.package_identification:_identify(src/moveit2/moveit_planners/ompl) by extension 'ros'
[0.443s] DEBUG:colcon.colcon_core.package_identification:Package 'src/moveit2/moveit_planners/ompl' with type 'ros.ament_cmake' and name 'moveit_planners_ompl'
[0.443s] Level 1:colcon.colcon_core.package_identification:_identify(src/moveit2/moveit_planners/pilz_industrial_motion_planner) by extensions ['ignore', 'ignore_ament_install']
[0.443s] Level 1:colcon.colcon_core.package_identification:_identify(src/moveit2/moveit_planners/pilz_industrial_motion_planner) by extension 'ignore'
[0.443s] Level 1:colcon.colcon_core.package_identification:_identify(src/moveit2/moveit_planners/pilz_industrial_motion_planner) by extension 'ignore_ament_install'
[0.443s] Level 1:colcon.colcon_core.package_identification:_identify(src/moveit2/moveit_planners/pilz_industrial_motion_planner) by extensions ['colcon_pkg']
[0.443s] Level 1:colcon.colcon_core.package_identification:_identify(src/moveit2/moveit_planners/pilz_industrial_motion_planner) by extension 'colcon_pkg'
[0.443s] Level 1:colcon.colcon_core.package_identification:_identify(src/moveit2/moveit_planners/pilz_industrial_motion_planner) by extensions ['colcon_meta']
[0.443s] Level 1:colcon.colcon_core.package_identification:_identify(src/moveit2/moveit_planners/pilz_industrial_motion_planner) by extension 'colcon_meta'
[0.444s] Level 1:colcon.colcon_core.package_identification:_identify(src/moveit2/moveit_planners/pilz_industrial_motion_planner) by extensions ['ros']
[0.444s] Level 1:colcon.colcon_core.package_identification:_identify(src/moveit2/moveit_planners/pilz_industrial_motion_planner) by extension 'ros'
[0.445s] DEBUG:colcon.colcon_core.package_identification:Package 'src/moveit2/moveit_planners/pilz_industrial_motion_planner' with type 'ros.ament_cmake' and name 'pilz_industrial_motion_planner'
[0.445s] Level 1:colcon.colcon_core.package_identification:_identify(src/moveit2/moveit_planners/pilz_industrial_motion_planner_testutils) by extensions ['ignore', 'ignore_ament_install']
[0.446s] Level 1:colcon.colcon_core.package_identification:_identify(src/moveit2/moveit_planners/pilz_industrial_motion_planner_testutils) by extension 'ignore'
[0.446s] Level 1:colcon.colcon_core.package_identification:_identify(src/moveit2/moveit_planners/pilz_industrial_motion_planner_testutils) by extension 'ignore_ament_install'
[0.446s] Level 1:colcon.colcon_core.package_identification:_identify(src/moveit2/moveit_planners/pilz_industrial_motion_planner_testutils) by extensions ['colcon_pkg']
[0.446s] Level 1:colcon.colcon_core.package_identification:_identify(src/moveit2/moveit_planners/pilz_industrial_motion_planner_testutils) by extension 'colcon_pkg'
[0.446s] Level 1:colcon.colcon_core.package_identification:_identify(src/moveit2/moveit_planners/pilz_industrial_motion_planner_testutils) by extensions ['colcon_meta']
[0.446s] Level 1:colcon.colcon_core.package_identification:_identify(src/moveit2/moveit_planners/pilz_industrial_motion_planner_testutils) by extension 'colcon_meta'
[0.446s] Level 1:colcon.colcon_core.package_identification:_identify(src/moveit2/moveit_planners/pilz_industrial_motion_planner_testutils) by extensions ['ros']
[0.446s] Level 1:colcon.colcon_core.package_identification:_identify(src/moveit2/moveit_planners/pilz_industrial_motion_planner_testutils) by extension 'ros'
[0.447s] DEBUG:colcon.colcon_core.package_identification:Package 'src/moveit2/moveit_planners/pilz_industrial_motion_planner_testutils' with type 'ros.ament_cmake' and name 'pilz_industrial_motion_planner_testutils'
[0.447s] Level 1:colcon.colcon_core.package_identification:_identify(src/moveit2/moveit_planners/test_configs) by extensions ['ignore', 'ignore_ament_install']
[0.447s] Level 1:colcon.colcon_core.package_identification:_identify(src/moveit2/moveit_planners/test_configs) by extension 'ignore'
[0.447s] Level 1:colcon.colcon_core.package_identification:_identify(src/moveit2/moveit_planners/test_configs) by extension 'ignore_ament_install'
[0.447s] Level 1:colcon.colcon_core.package_identification:_identify(src/moveit2/moveit_planners/test_configs) by extensions ['colcon_pkg']
[0.447s] Level 1:colcon.colcon_core.package_identification:_identify(src/moveit2/moveit_planners/test_configs) by extension 'colcon_pkg'
[0.447s] Level 1:colcon.colcon_core.package_identification:_identify(src/moveit2/moveit_planners/test_configs) by extensions ['colcon_meta']
[0.447s] Level 1:colcon.colcon_core.package_identification:_identify(src/moveit2/moveit_planners/test_configs) by extension 'colcon_meta'
[0.447s] Level 1:colcon.colcon_core.package_identification:_identify(src/moveit2/moveit_planners/test_configs) by extensions ['ros']
[0.447s] Level 1:colcon.colcon_core.package_identification:_identify(src/moveit2/moveit_planners/test_configs) by extension 'ros'
[0.447s] Level 1:colcon.colcon_core.package_identification:_identify(src/moveit2/moveit_planners/test_configs) by extensions ['cmake', 'python']
[0.447s] Level 1:colcon.colcon_core.package_identification:_identify(src/moveit2/moveit_planners/test_configs) by extension 'cmake'
[0.447s] Level 1:colcon.colcon_core.package_identification:_identify(src/moveit2/moveit_planners/test_configs) by extension 'python'
[0.447s] Level 1:colcon.colcon_core.package_identification:_identify(src/moveit2/moveit_planners/test_configs) by extensions ['python_setup_py']
[0.447s] Level 1:colcon.colcon_core.package_identification:_identify(src/moveit2/moveit_planners/test_configs) by extension 'python_setup_py'
[0.448s] Level 1:colcon.colcon_core.package_identification:_identify(src/moveit2/moveit_planners/test_configs/prbt_ikfast_manipulator_plugin) by extensions ['ignore', 'ignore_ament_install']
[0.448s] Level 1:colcon.colcon_core.package_identification:_identify(src/moveit2/moveit_planners/test_configs/prbt_ikfast_manipulator_plugin) by extension 'ignore'
[0.448s] Level 1:colcon.colcon_core.package_identification:_identify(src/moveit2/moveit_planners/test_configs/prbt_ikfast_manipulator_plugin) by extension 'ignore_ament_install'
[0.448s] Level 1:colcon.colcon_core.package_identification:_identify(src/moveit2/moveit_planners/test_configs/prbt_ikfast_manipulator_plugin) by extensions ['colcon_pkg']
[0.448s] Level 1:colcon.colcon_core.package_identification:_identify(src/moveit2/moveit_planners/test_configs/prbt_ikfast_manipulator_plugin) by extension 'colcon_pkg'
[0.448s] Level 1:colcon.colcon_core.package_identification:_identify(src/moveit2/moveit_planners/test_configs/prbt_ikfast_manipulator_plugin) by extensions ['colcon_meta']
[0.448s] Level 1:colcon.colcon_core.package_identification:_identify(src/moveit2/moveit_planners/test_configs/prbt_ikfast_manipulator_plugin) by extension 'colcon_meta'
[0.448s] Level 1:colcon.colcon_core.package_identification:_identify(src/moveit2/moveit_planners/test_configs/prbt_ikfast_manipulator_plugin) by extensions ['ros']
[0.448s] Level 1:colcon.colcon_core.package_identification:_identify(src/moveit2/moveit_planners/test_configs/prbt_ikfast_manipulator_plugin) by extension 'ros'
[0.449s] DEBUG:colcon.colcon_core.package_identification:Package 'src/moveit2/moveit_planners/test_configs/prbt_ikfast_manipulator_plugin' with type 'ros.ament_cmake' and name 'moveit_resources_prbt_ikfast_manipulator_plugin'
[0.449s] Level 1:colcon.colcon_core.package_identification:_identify(src/moveit2/moveit_planners/test_configs/prbt_moveit_config) by extensions ['ignore', 'ignore_ament_install']
[0.449s] Level 1:colcon.colcon_core.package_identification:_identify(src/moveit2/moveit_planners/test_configs/prbt_moveit_config) by extension 'ignore'
[0.449s] Level 1:colcon.colcon_core.package_identification:_identify(src/moveit2/moveit_planners/test_configs/prbt_moveit_config) by extension 'ignore_ament_install'
[0.449s] Level 1:colcon.colcon_core.package_identification:_identify(src/moveit2/moveit_planners/test_configs/prbt_moveit_config) by extensions ['colcon_pkg']
[0.449s] Level 1:colcon.colcon_core.package_identification:_identify(src/moveit2/moveit_planners/test_configs/prbt_moveit_config) by extension 'colcon_pkg'
[0.449s] Level 1:colcon.colcon_core.package_identification:_identify(src/moveit2/moveit_planners/test_configs/prbt_moveit_config) by extensions ['colcon_meta']
[0.449s] Level 1:colcon.colcon_core.package_identification:_identify(src/moveit2/moveit_planners/test_configs/prbt_moveit_config) by extension 'colcon_meta'
[0.449s] Level 1:colcon.colcon_core.package_identification:_identify(src/moveit2/moveit_planners/test_configs/prbt_moveit_config) by extensions ['ros']
[0.449s] Level 1:colcon.colcon_core.package_identification:_identify(src/moveit2/moveit_planners/test_configs/prbt_moveit_config) by extension 'ros'
[0.450s] DEBUG:colcon.colcon_core.package_identification:Package 'src/moveit2/moveit_planners/test_configs/prbt_moveit_config' with type 'ros.ament_cmake' and name 'moveit_resources_prbt_moveit_config'
[0.450s] Level 1:colcon.colcon_core.package_identification:_identify(src/moveit2/moveit_planners/test_configs/prbt_pg70_support) by extensions ['ignore', 'ignore_ament_install']
[0.450s] Level 1:colcon.colcon_core.package_identification:_identify(src/moveit2/moveit_planners/test_configs/prbt_pg70_support) by extension 'ignore'
[0.450s] Level 1:colcon.colcon_core.package_identification:_identify(src/moveit2/moveit_planners/test_configs/prbt_pg70_support) by extension 'ignore_ament_install'
[0.451s] Level 1:colcon.colcon_core.package_identification:_identify(src/moveit2/moveit_planners/test_configs/prbt_pg70_support) by extensions ['colcon_pkg']
[0.451s] Level 1:colcon.colcon_core.package_identification:_identify(src/moveit2/moveit_planners/test_configs/prbt_pg70_support) by extension 'colcon_pkg'
[0.451s] Level 1:colcon.colcon_core.package_identification:_identify(src/moveit2/moveit_planners/test_configs/prbt_pg70_support) by extensions ['colcon_meta']
[0.451s] Level 1:colcon.colcon_core.package_identification:_identify(src/moveit2/moveit_planners/test_configs/prbt_pg70_support) by extension 'colcon_meta'
[0.451s] Level 1:colcon.colcon_core.package_identification:_identify(src/moveit2/moveit_planners/test_configs/prbt_pg70_support) by extensions ['ros']
[0.451s] Level 1:colcon.colcon_core.package_identification:_identify(src/moveit2/moveit_planners/test_configs/prbt_pg70_support) by extension 'ros'
[0.451s] DEBUG:colcon.colcon_core.package_identification:Package 'src/moveit2/moveit_planners/test_configs/prbt_pg70_support' with type 'ros.ament_cmake' and name 'moveit_resources_prbt_pg70_support'
[0.452s] Level 1:colcon.colcon_core.package_identification:_identify(src/moveit2/moveit_planners/test_configs/prbt_support) by extensions ['ignore', 'ignore_ament_install']
[0.452s] Level 1:colcon.colcon_core.package_identification:_identify(src/moveit2/moveit_planners/test_configs/prbt_support) by extension 'ignore'
[0.452s] Level 1:colcon.colcon_core.package_identification:_identify(src/moveit2/moveit_planners/test_configs/prbt_support) by extension 'ignore_ament_install'
[0.452s] Level 1:colcon.colcon_core.package_identification:_identify(src/moveit2/moveit_planners/test_configs/prbt_support) by extensions ['colcon_pkg']
[0.452s] Level 1:colcon.colcon_core.package_identification:_identify(src/moveit2/moveit_planners/test_configs/prbt_support) by extension 'colcon_pkg'
[0.452s] Level 1:colcon.colcon_core.package_identification:_identify(src/moveit2/moveit_planners/test_configs/prbt_support) by extensions ['colcon_meta']
[0.452s] Level 1:colcon.colcon_core.package_identification:_identify(src/moveit2/moveit_planners/test_configs/prbt_support) by extension 'colcon_meta'
[0.452s] Level 1:colcon.colcon_core.package_identification:_identify(src/moveit2/moveit_planners/test_configs/prbt_support) by extensions ['ros']
[0.452s] Level 1:colcon.colcon_core.package_identification:_identify(src/moveit2/moveit_planners/test_configs/prbt_support) by extension 'ros'
[0.453s] DEBUG:colcon.colcon_core.package_identification:Package 'src/moveit2/moveit_planners/test_configs/prbt_support' with type 'ros.ament_cmake' and name 'moveit_resources_prbt_support'
[0.453s] Level 1:colcon.colcon_core.package_identification:_identify(src/moveit2/moveit_planners/trajopt) by extensions ['ignore', 'ignore_ament_install']
[0.453s] Level 1:colcon.colcon_core.package_identification:_identify(src/moveit2/moveit_planners/trajopt) by extension 'ignore'
[0.453s] Level 1:colcon.colcon_core.package_identification:_identify(src/moveit2/moveit_planners/trajopt) ignored
[0.453s] Level 1:colcon.colcon_core.package_identification:_identify(src/moveit2/moveit_plugins) by extensions ['ignore', 'ignore_ament_install']
[0.453s] Level 1:colcon.colcon_core.package_identification:_identify(src/moveit2/moveit_plugins) by extension 'ignore'
[0.453s] Level 1:colcon.colcon_core.package_identification:_identify(src/moveit2/moveit_plugins) by extension 'ignore_ament_install'
[0.453s] Level 1:colcon.colcon_core.package_identification:_identify(src/moveit2/moveit_plugins) by extensions ['colcon_pkg']
[0.453s] Level 1:colcon.colcon_core.package_identification:_identify(src/moveit2/moveit_plugins) by extension 'colcon_pkg'
[0.453s] Level 1:colcon.colcon_core.package_identification:_identify(src/moveit2/moveit_plugins) by extensions ['colcon_meta']
[0.453s] Level 1:colcon.colcon_core.package_identification:_identify(src/moveit2/moveit_plugins) by extension 'colcon_meta'
[0.453s] Level 1:colcon.colcon_core.package_identification:_identify(src/moveit2/moveit_plugins) by extensions ['ros']
[0.453s] Level 1:colcon.colcon_core.package_identification:_identify(src/moveit2/moveit_plugins) by extension 'ros'
[0.454s] Level 1:colcon.colcon_core.package_identification:_identify(src/moveit2/moveit_plugins) by extensions ['cmake', 'python']
[0.454s] Level 1:colcon.colcon_core.package_identification:_identify(src/moveit2/moveit_plugins) by extension 'cmake'
[0.454s] Level 1:colcon.colcon_core.package_identification:_identify(src/moveit2/moveit_plugins) by extension 'python'
[0.454s] Level 1:colcon.colcon_core.package_identification:_identify(src/moveit2/moveit_plugins) by extensions ['python_setup_py']
[0.454s] Level 1:colcon.colcon_core.package_identification:_identify(src/moveit2/moveit_plugins) by extension 'python_setup_py'
[0.454s] Level 1:colcon.colcon_core.package_identification:_identify(src/moveit2/moveit_plugins/moveit_plugins) by extensions ['ignore', 'ignore_ament_install']
[0.454s] Level 1:colcon.colcon_core.package_identification:_identify(src/moveit2/moveit_plugins/moveit_plugins) by extension 'ignore'
[0.454s] Level 1:colcon.colcon_core.package_identification:_identify(src/moveit2/moveit_plugins/moveit_plugins) by extension 'ignore_ament_install'
[0.454s] Level 1:colcon.colcon_core.package_identification:_identify(src/moveit2/moveit_plugins/moveit_plugins) by extensions ['colcon_pkg']
[0.454s] Level 1:colcon.colcon_core.package_identification:_identify(src/moveit2/moveit_plugins/moveit_plugins) by extension 'colcon_pkg'
[0.454s] Level 1:colcon.colcon_core.package_identification:_identify(src/moveit2/moveit_plugins/moveit_plugins) by extensions ['colcon_meta']
[0.454s] Level 1:colcon.colcon_core.package_identification:_identify(src/moveit2/moveit_plugins/moveit_plugins) by extension 'colcon_meta'
[0.454s] Level 1:colcon.colcon_core.package_identification:_identify(src/moveit2/moveit_plugins/moveit_plugins) by extensions ['ros']
[0.454s] Level 1:colcon.colcon_core.package_identification:_identify(src/moveit2/moveit_plugins/moveit_plugins) by extension 'ros'
[0.455s] DEBUG:colcon.colcon_core.package_identification:Package 'src/moveit2/moveit_plugins/moveit_plugins' with type 'ros.ament_cmake' and name 'moveit_plugins'
[0.455s] Level 1:colcon.colcon_core.package_identification:_identify(src/moveit2/moveit_plugins/moveit_ros_control_interface) by extensions ['ignore', 'ignore_ament_install']
[0.455s] Level 1:colcon.colcon_core.package_identification:_identify(src/moveit2/moveit_plugins/moveit_ros_control_interface) by extension 'ignore'
[0.455s] Level 1:colcon.colcon_core.package_identification:_identify(src/moveit2/moveit_plugins/moveit_ros_control_interface) by extension 'ignore_ament_install'
[0.455s] Level 1:colcon.colcon_core.package_identification:_identify(src/moveit2/moveit_plugins/moveit_ros_control_interface) by extensions ['colcon_pkg']
[0.455s] Level 1:colcon.colcon_core.package_identification:_identify(src/moveit2/moveit_plugins/moveit_ros_control_interface) by extension 'colcon_pkg'
[0.455s] Level 1:colcon.colcon_core.package_identification:_identify(src/moveit2/moveit_plugins/moveit_ros_control_interface) by extensions ['colcon_meta']
[0.455s] Level 1:colcon.colcon_core.package_identification:_identify(src/moveit2/moveit_plugins/moveit_ros_control_interface) by extension 'colcon_meta'
[0.455s] Level 1:colcon.colcon_core.package_identification:_identify(src/moveit2/moveit_plugins/moveit_ros_control_interface) by extensions ['ros']
[0.455s] Level 1:colcon.colcon_core.package_identification:_identify(src/moveit2/moveit_plugins/moveit_ros_control_interface) by extension 'ros'
[0.457s] DEBUG:colcon.colcon_core.package_identification:Package 'src/moveit2/moveit_plugins/moveit_ros_control_interface' with type 'ros.ament_cmake' and name 'moveit_ros_control_interface'
[0.457s] Level 1:colcon.colcon_core.package_identification:_identify(src/moveit2/moveit_plugins/moveit_simple_controller_manager) by extensions ['ignore', 'ignore_ament_install']
[0.457s] Level 1:colcon.colcon_core.package_identification:_identify(src/moveit2/moveit_plugins/moveit_simple_controller_manager) by extension 'ignore'
[0.457s] Level 1:colcon.colcon_core.package_identification:_identify(src/moveit2/moveit_plugins/moveit_simple_controller_manager) by extension 'ignore_ament_install'
[0.457s] Level 1:colcon.colcon_core.package_identification:_identify(src/moveit2/moveit_plugins/moveit_simple_controller_manager) by extensions ['colcon_pkg']
[0.457s] Level 1:colcon.colcon_core.package_identification:_identify(src/moveit2/moveit_plugins/moveit_simple_controller_manager) by extension 'colcon_pkg'
[0.457s] Level 1:colcon.colcon_core.package_identification:_identify(src/moveit2/moveit_plugins/moveit_simple_controller_manager) by extensions ['colcon_meta']
[0.457s] Level 1:colcon.colcon_core.package_identification:_identify(src/moveit2/moveit_plugins/moveit_simple_controller_manager) by extension 'colcon_meta'
[0.457s] Level 1:colcon.colcon_core.package_identification:_identify(src/moveit2/moveit_plugins/moveit_simple_controller_manager) by extensions ['ros']
[0.457s] Level 1:colcon.colcon_core.package_identification:_identify(src/moveit2/moveit_plugins/moveit_simple_controller_manager) by extension 'ros'
[0.458s] DEBUG:colcon.colcon_core.package_identification:Package 'src/moveit2/moveit_plugins/moveit_simple_controller_manager' with type 'ros.ament_cmake' and name 'moveit_simple_controller_manager'
[0.458s] Level 1:colcon.colcon_core.package_identification:_identify(src/moveit2/moveit_ros) by extensions ['ignore', 'ignore_ament_install']
[0.458s] Level 1:colcon.colcon_core.package_identification:_identify(src/moveit2/moveit_ros) by extension 'ignore'
[0.458s] Level 1:colcon.colcon_core.package_identification:_identify(src/moveit2/moveit_ros) by extension 'ignore_ament_install'
[0.459s] Level 1:colcon.colcon_core.package_identification:_identify(src/moveit2/moveit_ros) by extensions ['colcon_pkg']
[0.459s] Level 1:colcon.colcon_core.package_identification:_identify(src/moveit2/moveit_ros) by extension 'colcon_pkg'
[0.459s] Level 1:colcon.colcon_core.package_identification:_identify(src/moveit2/moveit_ros) by extensions ['colcon_meta']
[0.459s] Level 1:colcon.colcon_core.package_identification:_identify(src/moveit2/moveit_ros) by extension 'colcon_meta'
[0.459s] Level 1:colcon.colcon_core.package_identification:_identify(src/moveit2/moveit_ros) by extensions ['ros']
[0.459s] Level 1:colcon.colcon_core.package_identification:_identify(src/moveit2/moveit_ros) by extension 'ros'
[0.459s] Level 1:colcon.colcon_core.package_identification:_identify(src/moveit2/moveit_ros) by extensions ['cmake', 'python']
[0.459s] Level 1:colcon.colcon_core.package_identification:_identify(src/moveit2/moveit_ros) by extension 'cmake'
[0.459s] Level 1:colcon.colcon_core.package_identification:_identify(src/moveit2/moveit_ros) by extension 'python'
[0.459s] Level 1:colcon.colcon_core.package_identification:_identify(src/moveit2/moveit_ros) by extensions ['python_setup_py']
[0.459s] Level 1:colcon.colcon_core.package_identification:_identify(src/moveit2/moveit_ros) by extension 'python_setup_py'
[0.459s] Level 1:colcon.colcon_core.package_identification:_identify(src/moveit2/moveit_ros/benchmarks) by extensions ['ignore', 'ignore_ament_install']
[0.459s] Level 1:colcon.colcon_core.package_identification:_identify(src/moveit2/moveit_ros/benchmarks) by extension 'ignore'
[0.459s] Level 1:colcon.colcon_core.package_identification:_identify(src/moveit2/moveit_ros/benchmarks) by extension 'ignore_ament_install'
[0.459s] Level 1:colcon.colcon_core.package_identification:_identify(src/moveit2/moveit_ros/benchmarks) by extensions ['colcon_pkg']
[0.459s] Level 1:colcon.colcon_core.package_identification:_identify(src/moveit2/moveit_ros/benchmarks) by extension 'colcon_pkg'
[0.459s] Level 1:colcon.colcon_core.package_identification:_identify(src/moveit2/moveit_ros/benchmarks) by extensions ['colcon_meta']
[0.459s] Level 1:colcon.colcon_core.package_identification:_identify(src/moveit2/moveit_ros/benchmarks) by extension 'colcon_meta'
[0.460s] Level 1:colcon.colcon_core.package_identification:_identify(src/moveit2/moveit_ros/benchmarks) by extensions ['ros']
[0.460s] Level 1:colcon.colcon_core.package_identification:_identify(src/moveit2/moveit_ros/benchmarks) by extension 'ros'
[0.461s] DEBUG:colcon.colcon_core.package_identification:Package 'src/moveit2/moveit_ros/benchmarks' with type 'ros.ament_cmake' and name 'moveit_ros_benchmarks'
[0.461s] Level 1:colcon.colcon_core.package_identification:_identify(src/moveit2/moveit_ros/hybrid_planning) by extensions ['ignore', 'ignore_ament_install']
[0.461s] Level 1:colcon.colcon_core.package_identification:_identify(src/moveit2/moveit_ros/hybrid_planning) by extension 'ignore'
[0.461s] Level 1:colcon.colcon_core.package_identification:_identify(src/moveit2/moveit_ros/hybrid_planning) by extension 'ignore_ament_install'
[0.461s] Level 1:colcon.colcon_core.package_identification:_identify(src/moveit2/moveit_ros/hybrid_planning) by extensions ['colcon_pkg']
[0.461s] Level 1:colcon.colcon_core.package_identification:_identify(src/moveit2/moveit_ros/hybrid_planning) by extension 'colcon_pkg'
[0.461s] Level 1:colcon.colcon_core.package_identification:_identify(src/moveit2/moveit_ros/hybrid_planning) by extensions ['colcon_meta']
[0.461s] Level 1:colcon.colcon_core.package_identification:_identify(src/moveit2/moveit_ros/hybrid_planning) by extension 'colcon_meta'
[0.461s] Level 1:colcon.colcon_core.package_identification:_identify(src/moveit2/moveit_ros/hybrid_planning) by extensions ['ros']
[0.461s] Level 1:colcon.colcon_core.package_identification:_identify(src/moveit2/moveit_ros/hybrid_planning) by extension 'ros'
[0.463s] DEBUG:colcon.colcon_core.package_identification:Package 'src/moveit2/moveit_ros/hybrid_planning' with type 'ros.ament_cmake' and name 'moveit_hybrid_planning'
[0.463s] Level 1:colcon.colcon_core.package_identification:_identify(src/moveit2/moveit_ros/move_group) by extensions ['ignore', 'ignore_ament_install']
[0.463s] Level 1:colcon.colcon_core.package_identification:_identify(src/moveit2/moveit_ros/move_group) by extension 'ignore'
[0.463s] Level 1:colcon.colcon_core.package_identification:_identify(src/moveit2/moveit_ros/move_group) by extension 'ignore_ament_install'
[0.463s] Level 1:colcon.colcon_core.package_identification:_identify(src/moveit2/moveit_ros/move_group) by extensions ['colcon_pkg']
[0.463s] Level 1:colcon.colcon_core.package_identification:_identify(src/moveit2/moveit_ros/move_group) by extension 'colcon_pkg'
[0.463s] Level 1:colcon.colcon_core.package_identification:_identify(src/moveit2/moveit_ros/move_group) by extensions ['colcon_meta']
[0.463s] Level 1:colcon.colcon_core.package_identification:_identify(src/moveit2/moveit_ros/move_group) by extension 'colcon_meta'
[0.463s] Level 1:colcon.colcon_core.package_identification:_identify(src/moveit2/moveit_ros/move_group) by extensions ['ros']
[0.463s] Level 1:colcon.colcon_core.package_identification:_identify(src/moveit2/moveit_ros/move_group) by extension 'ros'
[0.465s] DEBUG:colcon.colcon_core.package_identification:Package 'src/moveit2/moveit_ros/move_group' with type 'ros.ament_cmake' and name 'moveit_ros_move_group'
[0.465s] Level 1:colcon.colcon_core.package_identification:_identify(src/moveit2/moveit_ros/moveit_ros) by extensions ['ignore', 'ignore_ament_install']
[0.465s] Level 1:colcon.colcon_core.package_identification:_identify(src/moveit2/moveit_ros/moveit_ros) by extension 'ignore'
[0.465s] Level 1:colcon.colcon_core.package_identification:_identify(src/moveit2/moveit_ros/moveit_ros) by extension 'ignore_ament_install'
[0.465s] Level 1:colcon.colcon_core.package_identification:_identify(src/moveit2/moveit_ros/moveit_ros) by extensions ['colcon_pkg']
[0.465s] Level 1:colcon.colcon_core.package_identification:_identify(src/moveit2/moveit_ros/moveit_ros) by extension 'colcon_pkg'
[0.465s] Level 1:colcon.colcon_core.package_identification:_identify(src/moveit2/moveit_ros/moveit_ros) by extensions ['colcon_meta']
[0.465s] Level 1:colcon.colcon_core.package_identification:_identify(src/moveit2/moveit_ros/moveit_ros) by extension 'colcon_meta'
[0.465s] Level 1:colcon.colcon_core.package_identification:_identify(src/moveit2/moveit_ros/moveit_ros) by extensions ['ros']
[0.465s] Level 1:colcon.colcon_core.package_identification:_identify(src/moveit2/moveit_ros/moveit_ros) by extension 'ros'
[0.466s] DEBUG:colcon.colcon_core.package_identification:Package 'src/moveit2/moveit_ros/moveit_ros' with type 'ros.ament_cmake' and name 'moveit_ros'
[0.466s] Level 1:colcon.colcon_core.package_identification:_identify(src/moveit2/moveit_ros/moveit_servo) by extensions ['ignore', 'ignore_ament_install']
[0.466s] Level 1:colcon.colcon_core.package_identification:_identify(src/moveit2/moveit_ros/moveit_servo) by extension 'ignore'
[0.466s] Level 1:colcon.colcon_core.package_identification:_identify(src/moveit2/moveit_ros/moveit_servo) by extension 'ignore_ament_install'
[0.466s] Level 1:colcon.colcon_core.package_identification:_identify(src/moveit2/moveit_ros/moveit_servo) by extensions ['colcon_pkg']
[0.466s] Level 1:colcon.colcon_core.package_identification:_identify(src/moveit2/moveit_ros/moveit_servo) by extension 'colcon_pkg'
[0.466s] Level 1:colcon.colcon_core.package_identification:_identify(src/moveit2/moveit_ros/moveit_servo) by extensions ['colcon_meta']
[0.466s] Level 1:colcon.colcon_core.package_identification:_identify(src/moveit2/moveit_ros/moveit_servo) by extension 'colcon_meta'
[0.466s] Level 1:colcon.colcon_core.package_identification:_identify(src/moveit2/moveit_ros/moveit_servo) by extensions ['ros']
[0.466s] Level 1:colcon.colcon_core.package_identification:_identify(src/moveit2/moveit_ros/moveit_servo) by extension 'ros'
[0.468s] DEBUG:colcon.colcon_core.package_identification:Package 'src/moveit2/moveit_ros/moveit_servo' with type 'ros.ament_cmake' and name 'moveit_servo'
[0.468s] Level 1:colcon.colcon_core.package_identification:_identify(src/moveit2/moveit_ros/occupancy_map_monitor) by extensions ['ignore', 'ignore_ament_install']
[0.468s] Level 1:colcon.colcon_core.package_identification:_identify(src/moveit2/moveit_ros/occupancy_map_monitor) by extension 'ignore'
[0.468s] Level 1:colcon.colcon_core.package_identification:_identify(src/moveit2/moveit_ros/occupancy_map_monitor) by extension 'ignore_ament_install'
[0.468s] Level 1:colcon.colcon_core.package_identification:_identify(src/moveit2/moveit_ros/occupancy_map_monitor) by extensions ['colcon_pkg']
[0.469s] Level 1:colcon.colcon_core.package_identification:_identify(src/moveit2/moveit_ros/occupancy_map_monitor) by extension 'colcon_pkg'
[0.469s] Level 1:colcon.colcon_core.package_identification:_identify(src/moveit2/moveit_ros/occupancy_map_monitor) by extensions ['colcon_meta']
[0.469s] Level 1:colcon.colcon_core.package_identification:_identify(src/moveit2/moveit_ros/occupancy_map_monitor) by extension 'colcon_meta'
[0.469s] Level 1:colcon.colcon_core.package_identification:_identify(src/moveit2/moveit_ros/occupancy_map_monitor) by extensions ['ros']
[0.469s] Level 1:colcon.colcon_core.package_identification:_identify(src/moveit2/moveit_ros/occupancy_map_monitor) by extension 'ros'
[0.470s] DEBUG:colcon.colcon_core.package_identification:Package 'src/moveit2/moveit_ros/occupancy_map_monitor' with type 'ros.ament_cmake' and name 'moveit_ros_occupancy_map_monitor'
[0.470s] Level 1:colcon.colcon_core.package_identification:_identify(src/moveit2/moveit_ros/perception) by extensions ['ignore', 'ignore_ament_install']
[0.470s] Level 1:colcon.colcon_core.package_identification:_identify(src/moveit2/moveit_ros/perception) by extension 'ignore'
[0.470s] Level 1:colcon.colcon_core.package_identification:_identify(src/moveit2/moveit_ros/perception) by extension 'ignore_ament_install'
[0.470s] Level 1:colcon.colcon_core.package_identification:_identify(src/moveit2/moveit_ros/perception) by extensions ['colcon_pkg']
[0.470s] Level 1:colcon.colcon_core.package_identification:_identify(src/moveit2/moveit_ros/perception) by extension 'colcon_pkg'
[0.470s] Level 1:colcon.colcon_core.package_identification:_identify(src/moveit2/moveit_ros/perception) by extensions ['colcon_meta']
[0.470s] Level 1:colcon.colcon_core.package_identification:_identify(src/moveit2/moveit_ros/perception) by extension 'colcon_meta'
[0.470s] Level 1:colcon.colcon_core.package_identification:_identify(src/moveit2/moveit_ros/perception) by extensions ['ros']
[0.470s] Level 1:colcon.colcon_core.package_identification:_identify(src/moveit2/moveit_ros/perception) by extension 'ros'
[0.473s] DEBUG:colcon.colcon_core.package_identification:Package 'src/moveit2/moveit_ros/perception' with type 'ros.ament_cmake' and name 'moveit_ros_perception'
[0.473s] Level 1:colcon.colcon_core.package_identification:_identify(src/moveit2/moveit_ros/planning) by extensions ['ignore', 'ignore_ament_install']
[0.473s] Level 1:colcon.colcon_core.package_identification:_identify(src/moveit2/moveit_ros/planning) by extension 'ignore'
[0.473s] Level 1:colcon.colcon_core.package_identification:_identify(src/moveit2/moveit_ros/planning) by extension 'ignore_ament_install'
[0.473s] Level 1:colcon.colcon_core.package_identification:_identify(src/moveit2/moveit_ros/planning) by extensions ['colcon_pkg']
[0.474s] Level 1:colcon.colcon_core.package_identification:_identify(src/moveit2/moveit_ros/planning) by extension 'colcon_pkg'
[0.474s] Level 1:colcon.colcon_core.package_identification:_identify(src/moveit2/moveit_ros/planning) by extensions ['colcon_meta']
[0.474s] Level 1:colcon.colcon_core.package_identification:_identify(src/moveit2/moveit_ros/planning) by extension 'colcon_meta'
[0.474s] Level 1:colcon.colcon_core.package_identification:_identify(src/moveit2/moveit_ros/planning) by extensions ['ros']
[0.474s] Level 1:colcon.colcon_core.package_identification:_identify(src/moveit2/moveit_ros/planning) by extension 'ros'
[0.475s] DEBUG:colcon.colcon_core.package_identification:Package 'src/moveit2/moveit_ros/planning' with type 'ros.ament_cmake' and name 'moveit_ros_planning'
[0.476s] Level 1:colcon.colcon_core.package_identification:_identify(src/moveit2/moveit_ros/planning_interface) by extensions ['ignore', 'ignore_ament_install']
[0.476s] Level 1:colcon.colcon_core.package_identification:_identify(src/moveit2/moveit_ros/planning_interface) by extension 'ignore'
[0.476s] Level 1:colcon.colcon_core.package_identification:_identify(src/moveit2/moveit_ros/planning_interface) by extension 'ignore_ament_install'
[0.476s] Level 1:colcon.colcon_core.package_identification:_identify(src/moveit2/moveit_ros/planning_interface) by extensions ['colcon_pkg']
[0.476s] Level 1:colcon.colcon_core.package_identification:_identify(src/moveit2/moveit_ros/planning_interface) by extension 'colcon_pkg'
[0.476s] Level 1:colcon.colcon_core.package_identification:_identify(src/moveit2/moveit_ros/planning_interface) by extensions ['colcon_meta']
[0.476s] Level 1:colcon.colcon_core.package_identification:_identify(src/moveit2/moveit_ros/planning_interface) by extension 'colcon_meta'
[0.476s] Level 1:colcon.colcon_core.package_identification:_identify(src/moveit2/moveit_ros/planning_interface) by extensions ['ros']
[0.476s] Level 1:colcon.colcon_core.package_identification:_identify(src/moveit2/moveit_ros/planning_interface) by extension 'ros'
[0.478s] DEBUG:colcon.colcon_core.package_identification:Package 'src/moveit2/moveit_ros/planning_interface' with type 'ros.ament_cmake' and name 'moveit_ros_planning_interface'
[0.478s] Level 1:colcon.colcon_core.package_identification:_identify(src/moveit2/moveit_ros/robot_interaction) by extensions ['ignore', 'ignore_ament_install']
[0.478s] Level 1:colcon.colcon_core.package_identification:_identify(src/moveit2/moveit_ros/robot_interaction) by extension 'ignore'
[0.478s] Level 1:colcon.colcon_core.package_identification:_identify(src/moveit2/moveit_ros/robot_interaction) by extension 'ignore_ament_install'
[0.478s] Level 1:colcon.colcon_core.package_identification:_identify(src/moveit2/moveit_ros/robot_interaction) by extensions ['colcon_pkg']
[0.478s] Level 1:colcon.colcon_core.package_identification:_identify(src/moveit2/moveit_ros/robot_interaction) by extension 'colcon_pkg'
[0.478s] Level 1:colcon.colcon_core.package_identification:_identify(src/moveit2/moveit_ros/robot_interaction) by extensions ['colcon_meta']
[0.478s] Level 1:colcon.colcon_core.package_identification:_identify(src/moveit2/moveit_ros/robot_interaction) by extension 'colcon_meta'
[0.478s] Level 1:colcon.colcon_core.package_identification:_identify(src/moveit2/moveit_ros/robot_interaction) by extensions ['ros']
[0.478s] Level 1:colcon.colcon_core.package_identification:_identify(src/moveit2/moveit_ros/robot_interaction) by extension 'ros'
[0.479s] DEBUG:colcon.colcon_core.package_identification:Package 'src/moveit2/moveit_ros/robot_interaction' with type 'ros.ament_cmake' and name 'moveit_ros_robot_interaction'
[0.480s] Level 1:colcon.colcon_core.package_identification:_identify(src/moveit2/moveit_ros/visualization) by extensions ['ignore', 'ignore_ament_install']
[0.480s] Level 1:colcon.colcon_core.package_identification:_identify(src/moveit2/moveit_ros/visualization) by extension 'ignore'
[0.480s] Level 1:colcon.colcon_core.package_identification:_identify(src/moveit2/moveit_ros/visualization) by extension 'ignore_ament_install'
[0.480s] Level 1:colcon.colcon_core.package_identification:_identify(src/moveit2/moveit_ros/visualization) by extensions ['colcon_pkg']
[0.480s] Level 1:colcon.colcon_core.package_identification:_identify(src/moveit2/moveit_ros/visualization) by extension 'colcon_pkg'
[0.480s] Level 1:colcon.colcon_core.package_identification:_identify(src/moveit2/moveit_ros/visualization) by extensions ['colcon_meta']
[0.480s] Level 1:colcon.colcon_core.package_identification:_identify(src/moveit2/moveit_ros/visualization) by extension 'colcon_meta'
[0.480s] Level 1:colcon.colcon_core.package_identification:_identify(src/moveit2/moveit_ros/visualization) by extensions ['ros']
[0.480s] Level 1:colcon.colcon_core.package_identification:_identify(src/moveit2/moveit_ros/visualization) by extension 'ros'
[0.481s] DEBUG:colcon.colcon_core.package_identification:Package 'src/moveit2/moveit_ros/visualization' with type 'ros.ament_cmake' and name 'moveit_ros_visualization'
[0.482s] Level 1:colcon.colcon_core.package_identification:_identify(src/moveit2/moveit_ros/warehouse) by extensions ['ignore', 'ignore_ament_install']
[0.482s] Level 1:colcon.colcon_core.package_identification:_identify(src/moveit2/moveit_ros/warehouse) by extension 'ignore'
[0.482s] Level 1:colcon.colcon_core.package_identification:_identify(src/moveit2/moveit_ros/warehouse) by extension 'ignore_ament_install'
[0.482s] Level 1:colcon.colcon_core.package_identification:_identify(src/moveit2/moveit_ros/warehouse) by extensions ['colcon_pkg']
[0.482s] Level 1:colcon.colcon_core.package_identification:_identify(src/moveit2/moveit_ros/warehouse) by extension 'colcon_pkg'
[0.482s] Level 1:colcon.colcon_core.package_identification:_identify(src/moveit2/moveit_ros/warehouse) by extensions ['colcon_meta']
[0.482s] Level 1:colcon.colcon_core.package_identification:_identify(src/moveit2/moveit_ros/warehouse) by extension 'colcon_meta'
[0.482s] Level 1:colcon.colcon_core.package_identification:_identify(src/moveit2/moveit_ros/warehouse) by extensions ['ros']
[0.482s] Level 1:colcon.colcon_core.package_identification:_identify(src/moveit2/moveit_ros/warehouse) by extension 'ros'
[0.483s] DEBUG:colcon.colcon_core.package_identification:Package 'src/moveit2/moveit_ros/warehouse' with type 'ros.ament_cmake' and name 'moveit_ros_warehouse'
[0.483s] Level 1:colcon.colcon_core.package_identification:_identify(src/moveit2/moveit_runtime) by extensions ['ignore', 'ignore_ament_install']
[0.483s] Level 1:colcon.colcon_core.package_identification:_identify(src/moveit2/moveit_runtime) by extension 'ignore'
[0.483s] Level 1:colcon.colcon_core.package_identification:_identify(src/moveit2/moveit_runtime) by extension 'ignore_ament_install'
[0.483s] Level 1:colcon.colcon_core.package_identification:_identify(src/moveit2/moveit_runtime) by extensions ['colcon_pkg']
[0.483s] Level 1:colcon.colcon_core.package_identification:_identify(src/moveit2/moveit_runtime) by extension 'colcon_pkg'
[0.483s] Level 1:colcon.colcon_core.package_identification:_identify(src/moveit2/moveit_runtime) by extensions ['colcon_meta']
[0.483s] Level 1:colcon.colcon_core.package_identification:_identify(src/moveit2/moveit_runtime) by extension 'colcon_meta'
[0.483s] Level 1:colcon.colcon_core.package_identification:_identify(src/moveit2/moveit_runtime) by extensions ['ros']
[0.483s] Level 1:colcon.colcon_core.package_identification:_identify(src/moveit2/moveit_runtime) by extension 'ros'
[0.484s] DEBUG:colcon.colcon_core.package_identification:Package 'src/moveit2/moveit_runtime' with type 'ros.ament_cmake' and name 'moveit_runtime'
[0.484s] Level 1:colcon.colcon_core.package_identification:_identify(src/moveit2/moveit_setup_assistant) by extensions ['ignore', 'ignore_ament_install']
[0.484s] Level 1:colcon.colcon_core.package_identification:_identify(src/moveit2/moveit_setup_assistant) by extension 'ignore'
[0.484s] Level 1:colcon.colcon_core.package_identification:_identify(src/moveit2/moveit_setup_assistant) by extension 'ignore_ament_install'
[0.484s] Level 1:colcon.colcon_core.package_identification:_identify(src/moveit2/moveit_setup_assistant) by extensions ['colcon_pkg']
[0.484s] Level 1:colcon.colcon_core.package_identification:_identify(src/moveit2/moveit_setup_assistant) by extension 'colcon_pkg'
[0.484s] Level 1:colcon.colcon_core.package_identification:_identify(src/moveit2/moveit_setup_assistant) by extensions ['colcon_meta']
[0.484s] Level 1:colcon.colcon_core.package_identification:_identify(src/moveit2/moveit_setup_assistant) by extension 'colcon_meta'
[0.485s] Level 1:colcon.colcon_core.package_identification:_identify(src/moveit2/moveit_setup_assistant) by extensions ['ros']
[0.485s] Level 1:colcon.colcon_core.package_identification:_identify(src/moveit2/moveit_setup_assistant) by extension 'ros'
[0.485s] Level 1:colcon.colcon_core.package_identification:_identify(src/moveit2/moveit_setup_assistant) by extensions ['cmake', 'python']
[0.485s] Level 1:colcon.colcon_core.package_identification:_identify(src/moveit2/moveit_setup_assistant) by extension 'cmake'
[0.485s] Level 1:colcon.colcon_core.package_identification:_identify(src/moveit2/moveit_setup_assistant) by extension 'python'
[0.485s] Level 1:colcon.colcon_core.package_identification:_identify(src/moveit2/moveit_setup_assistant) by extensions ['python_setup_py']
[0.485s] Level 1:colcon.colcon_core.package_identification:_identify(src/moveit2/moveit_setup_assistant) by extension 'python_setup_py'
[0.485s] Level 1:colcon.colcon_core.package_identification:_identify(src/moveit2/moveit_setup_assistant/graphics) by extensions ['ignore', 'ignore_ament_install']
[0.485s] Level 1:colcon.colcon_core.package_identification:_identify(src/moveit2/moveit_setup_assistant/graphics) by extension 'ignore'
[0.485s] Level 1:colcon.colcon_core.package_identification:_identify(src/moveit2/moveit_setup_assistant/graphics) by extension 'ignore_ament_install'
[0.485s] Level 1:colcon.colcon_core.package_identification:_identify(src/moveit2/moveit_setup_assistant/graphics) by extensions ['colcon_pkg']
[0.485s] Level 1:colcon.colcon_core.package_identification:_identify(src/moveit2/moveit_setup_assistant/graphics) by extension 'colcon_pkg'
[0.485s] Level 1:colcon.colcon_core.package_identification:_identify(src/moveit2/moveit_setup_assistant/graphics) by extensions ['colcon_meta']
[0.485s] Level 1:colcon.colcon_core.package_identification:_identify(src/moveit2/moveit_setup_assistant/graphics) by extension 'colcon_meta'
[0.485s] Level 1:colcon.colcon_core.package_identification:_identify(src/moveit2/moveit_setup_assistant/graphics) by extensions ['ros']
[0.485s] Level 1:colcon.colcon_core.package_identification:_identify(src/moveit2/moveit_setup_assistant/graphics) by extension 'ros'
[0.485s] Level 1:colcon.colcon_core.package_identification:_identify(src/moveit2/moveit_setup_assistant/graphics) by extensions ['cmake', 'python']
[0.485s] Level 1:colcon.colcon_core.package_identification:_identify(src/moveit2/moveit_setup_assistant/graphics) by extension 'cmake'
[0.486s] Level 1:colcon.colcon_core.package_identification:_identify(src/moveit2/moveit_setup_assistant/graphics) by extension 'python'
[0.486s] Level 1:colcon.colcon_core.package_identification:_identify(src/moveit2/moveit_setup_assistant/graphics) by extensions ['python_setup_py']
[0.486s] Level 1:colcon.colcon_core.package_identification:_identify(src/moveit2/moveit_setup_assistant/graphics) by extension 'python_setup_py'
[0.486s] Level 1:colcon.colcon_core.package_identification:_identify(src/moveit2/moveit_setup_assistant/graphics/source) by extensions ['ignore', 'ignore_ament_install']
[0.486s] Level 1:colcon.colcon_core.package_identification:_identify(src/moveit2/moveit_setup_assistant/graphics/source) by extension 'ignore'
[0.486s] Level 1:colcon.colcon_core.package_identification:_identify(src/moveit2/moveit_setup_assistant/graphics/source) by extension 'ignore_ament_install'
[0.486s] Level 1:colcon.colcon_core.package_identification:_identify(src/moveit2/moveit_setup_assistant/graphics/source) by extensions ['colcon_pkg']
[0.486s] Level 1:colcon.colcon_core.package_identification:_identify(src/moveit2/moveit_setup_assistant/graphics/source) by extension 'colcon_pkg'
[0.486s] Level 1:colcon.colcon_core.package_identification:_identify(src/moveit2/moveit_setup_assistant/graphics/source) by extensions ['colcon_meta']
[0.486s] Level 1:colcon.colcon_core.package_identification:_identify(src/moveit2/moveit_setup_assistant/graphics/source) by extension 'colcon_meta'
[0.486s] Level 1:colcon.colcon_core.package_identification:_identify(src/moveit2/moveit_setup_assistant/graphics/source) by extensions ['ros']
[0.486s] Level 1:colcon.colcon_core.package_identification:_identify(src/moveit2/moveit_setup_assistant/graphics/source) by extension 'ros'
[0.486s] Level 1:colcon.colcon_core.package_identification:_identify(src/moveit2/moveit_setup_assistant/graphics/source) by extensions ['cmake', 'python']
[0.486s] Level 1:colcon.colcon_core.package_identification:_identify(src/moveit2/moveit_setup_assistant/graphics/source) by extension 'cmake'
[0.486s] Level 1:colcon.colcon_core.package_identification:_identify(src/moveit2/moveit_setup_assistant/graphics/source) by extension 'python'
[0.486s] Level 1:colcon.colcon_core.package_identification:_identify(src/moveit2/moveit_setup_assistant/graphics/source) by extensions ['python_setup_py']
[0.486s] Level 1:colcon.colcon_core.package_identification:_identify(src/moveit2/moveit_setup_assistant/graphics/source) by extension 'python_setup_py'
[0.486s] Level 1:colcon.colcon_core.package_identification:_identify(src/moveit2/moveit_setup_assistant/moveit_setup_app_plugins) by extensions ['ignore', 'ignore_ament_install']
[0.486s] Level 1:colcon.colcon_core.package_identification:_identify(src/moveit2/moveit_setup_assistant/moveit_setup_app_plugins) by extension 'ignore'
[0.486s] Level 1:colcon.colcon_core.package_identification:_identify(src/moveit2/moveit_setup_assistant/moveit_setup_app_plugins) by extension 'ignore_ament_install'
[0.487s] Level 1:colcon.colcon_core.package_identification:_identify(src/moveit2/moveit_setup_assistant/moveit_setup_app_plugins) by extensions ['colcon_pkg']
[0.487s] Level 1:colcon.colcon_core.package_identification:_identify(src/moveit2/moveit_setup_assistant/moveit_setup_app_plugins) by extension 'colcon_pkg'
[0.487s] Level 1:colcon.colcon_core.package_identification:_identify(src/moveit2/moveit_setup_assistant/moveit_setup_app_plugins) by extensions ['colcon_meta']
[0.487s] Level 1:colcon.colcon_core.package_identification:_identify(src/moveit2/moveit_setup_assistant/moveit_setup_app_plugins) by extension 'colcon_meta'
[0.487s] Level 1:colcon.colcon_core.package_identification:_identify(src/moveit2/moveit_setup_assistant/moveit_setup_app_plugins) by extensions ['ros']
[0.487s] Level 1:colcon.colcon_core.package_identification:_identify(src/moveit2/moveit_setup_assistant/moveit_setup_app_plugins) by extension 'ros'
[0.488s] DEBUG:colcon.colcon_core.package_identification:Package 'src/moveit2/moveit_setup_assistant/moveit_setup_app_plugins' with type 'ros.ament_cmake' and name 'moveit_setup_app_plugins'
[0.488s] Level 1:colcon.colcon_core.package_identification:_identify(src/moveit2/moveit_setup_assistant/moveit_setup_assistant) by extensions ['ignore', 'ignore_ament_install']
[0.488s] Level 1:colcon.colcon_core.package_identification:_identify(src/moveit2/moveit_setup_assistant/moveit_setup_assistant) by extension 'ignore'
[0.488s] Level 1:colcon.colcon_core.package_identification:_identify(src/moveit2/moveit_setup_assistant/moveit_setup_assistant) by extension 'ignore_ament_install'
[0.488s] Level 1:colcon.colcon_core.package_identification:_identify(src/moveit2/moveit_setup_assistant/moveit_setup_assistant) by extensions ['colcon_pkg']
[0.488s] Level 1:colcon.colcon_core.package_identification:_identify(src/moveit2/moveit_setup_assistant/moveit_setup_assistant) by extension 'colcon_pkg'
[0.488s] Level 1:colcon.colcon_core.package_identification:_identify(src/moveit2/moveit_setup_assistant/moveit_setup_assistant) by extensions ['colcon_meta']
[0.488s] Level 1:colcon.colcon_core.package_identification:_identify(src/moveit2/moveit_setup_assistant/moveit_setup_assistant) by extension 'colcon_meta'
[0.488s] Level 1:colcon.colcon_core.package_identification:_identify(src/moveit2/moveit_setup_assistant/moveit_setup_assistant) by extensions ['ros']
[0.488s] Level 1:colcon.colcon_core.package_identification:_identify(src/moveit2/moveit_setup_assistant/moveit_setup_assistant) by extension 'ros'
[0.489s] DEBUG:colcon.colcon_core.package_identification:Package 'src/moveit2/moveit_setup_assistant/moveit_setup_assistant' with type 'ros.ament_cmake' and name 'moveit_setup_assistant'
[0.489s] Level 1:colcon.colcon_core.package_identification:_identify(src/moveit2/moveit_setup_assistant/moveit_setup_controllers) by extensions ['ignore', 'ignore_ament_install']
[0.490s] Level 1:colcon.colcon_core.package_identification:_identify(src/moveit2/moveit_setup_assistant/moveit_setup_controllers) by extension 'ignore'
[0.490s] Level 1:colcon.colcon_core.package_identification:_identify(src/moveit2/moveit_setup_assistant/moveit_setup_controllers) by extension 'ignore_ament_install'
[0.490s] Level 1:colcon.colcon_core.package_identification:_identify(src/moveit2/moveit_setup_assistant/moveit_setup_controllers) by extensions ['colcon_pkg']
[0.490s] Level 1:colcon.colcon_core.package_identification:_identify(src/moveit2/moveit_setup_assistant/moveit_setup_controllers) by extension 'colcon_pkg'
[0.490s] Level 1:colcon.colcon_core.package_identification:_identify(src/moveit2/moveit_setup_assistant/moveit_setup_controllers) by extensions ['colcon_meta']
[0.490s] Level 1:colcon.colcon_core.package_identification:_identify(src/moveit2/moveit_setup_assistant/moveit_setup_controllers) by extension 'colcon_meta'
[0.490s] Level 1:colcon.colcon_core.package_identification:_identify(src/moveit2/moveit_setup_assistant/moveit_setup_controllers) by extensions ['ros']
[0.490s] Level 1:colcon.colcon_core.package_identification:_identify(src/moveit2/moveit_setup_assistant/moveit_setup_controllers) by extension 'ros'
[0.491s] DEBUG:colcon.colcon_core.package_identification:Package 'src/moveit2/moveit_setup_assistant/moveit_setup_controllers' with type 'ros.ament_cmake' and name 'moveit_setup_controllers'
[0.491s] Level 1:colcon.colcon_core.package_identification:_identify(src/moveit2/moveit_setup_assistant/moveit_setup_core_plugins) by extensions ['ignore', 'ignore_ament_install']
[0.491s] Level 1:colcon.colcon_core.package_identification:_identify(src/moveit2/moveit_setup_assistant/moveit_setup_core_plugins) by extension 'ignore'
[0.491s] Level 1:colcon.colcon_core.package_identification:_identify(src/moveit2/moveit_setup_assistant/moveit_setup_core_plugins) by extension 'ignore_ament_install'
[0.491s] Level 1:colcon.colcon_core.package_identification:_identify(src/moveit2/moveit_setup_assistant/moveit_setup_core_plugins) by extensions ['colcon_pkg']
[0.491s] Level 1:colcon.colcon_core.package_identification:_identify(src/moveit2/moveit_setup_assistant/moveit_setup_core_plugins) by extension 'colcon_pkg'
[0.491s] Level 1:colcon.colcon_core.package_identification:_identify(src/moveit2/moveit_setup_assistant/moveit_setup_core_plugins) by extensions ['colcon_meta']
[0.491s] Level 1:colcon.colcon_core.package_identification:_identify(src/moveit2/moveit_setup_assistant/moveit_setup_core_plugins) by extension 'colcon_meta'
[0.491s] Level 1:colcon.colcon_core.package_identification:_identify(src/moveit2/moveit_setup_assistant/moveit_setup_core_plugins) by extensions ['ros']
[0.491s] Level 1:colcon.colcon_core.package_identification:_identify(src/moveit2/moveit_setup_assistant/moveit_setup_core_plugins) by extension 'ros'
[0.492s] DEBUG:colcon.colcon_core.package_identification:Package 'src/moveit2/moveit_setup_assistant/moveit_setup_core_plugins' with type 'ros.ament_cmake' and name 'moveit_setup_core_plugins'
[0.492s] Level 1:colcon.colcon_core.package_identification:_identify(src/moveit2/moveit_setup_assistant/moveit_setup_framework) by extensions ['ignore', 'ignore_ament_install']
[0.492s] Level 1:colcon.colcon_core.package_identification:_identify(src/moveit2/moveit_setup_assistant/moveit_setup_framework) by extension 'ignore'
[0.492s] Level 1:colcon.colcon_core.package_identification:_identify(src/moveit2/moveit_setup_assistant/moveit_setup_framework) by extension 'ignore_ament_install'
[0.492s] Level 1:colcon.colcon_core.package_identification:_identify(src/moveit2/moveit_setup_assistant/moveit_setup_framework) by extensions ['colcon_pkg']
[0.492s] Level 1:colcon.colcon_core.package_identification:_identify(src/moveit2/moveit_setup_assistant/moveit_setup_framework) by extension 'colcon_pkg'
[0.492s] Level 1:colcon.colcon_core.package_identification:_identify(src/moveit2/moveit_setup_assistant/moveit_setup_framework) by extensions ['colcon_meta']
[0.492s] Level 1:colcon.colcon_core.package_identification:_identify(src/moveit2/moveit_setup_assistant/moveit_setup_framework) by extension 'colcon_meta'
[0.493s] Level 1:colcon.colcon_core.package_identification:_identify(src/moveit2/moveit_setup_assistant/moveit_setup_framework) by extensions ['ros']
[0.493s] Level 1:colcon.colcon_core.package_identification:_identify(src/moveit2/moveit_setup_assistant/moveit_setup_framework) by extension 'ros'
[0.494s] DEBUG:colcon.colcon_core.package_identification:Package 'src/moveit2/moveit_setup_assistant/moveit_setup_framework' with type 'ros.ament_cmake' and name 'moveit_setup_framework'
[0.494s] Level 1:colcon.colcon_core.package_identification:_identify(src/moveit2/moveit_setup_assistant/moveit_setup_simulation) by extensions ['ignore', 'ignore_ament_install']
[0.494s] Level 1:colcon.colcon_core.package_identification:_identify(src/moveit2/moveit_setup_assistant/moveit_setup_simulation) by extension 'ignore'
[0.494s] Level 1:colcon.colcon_core.package_identification:_identify(src/moveit2/moveit_setup_assistant/moveit_setup_simulation) ignored
[0.494s] Level 1:colcon.colcon_core.package_identification:_identify(src/moveit2/moveit_setup_assistant/moveit_setup_srdf_plugins) by extensions ['ignore', 'ignore_ament_install']
[0.494s] Level 1:colcon.colcon_core.package_identification:_identify(src/moveit2/moveit_setup_assistant/moveit_setup_srdf_plugins) by extension 'ignore'
[0.495s] Level 1:colcon.colcon_core.package_identification:_identify(src/moveit2/moveit_setup_assistant/moveit_setup_srdf_plugins) by extension 'ignore_ament_install'
[0.495s] Level 1:colcon.colcon_core.package_identification:_identify(src/moveit2/moveit_setup_assistant/moveit_setup_srdf_plugins) by extensions ['colcon_pkg']
[0.495s] Level 1:colcon.colcon_core.package_identification:_identify(src/moveit2/moveit_setup_assistant/moveit_setup_srdf_plugins) by extension 'colcon_pkg'
[0.495s] Level 1:colcon.colcon_core.package_identification:_identify(src/moveit2/moveit_setup_assistant/moveit_setup_srdf_plugins) by extensions ['colcon_meta']
[0.495s] Level 1:colcon.colcon_core.package_identification:_identify(src/moveit2/moveit_setup_assistant/moveit_setup_srdf_plugins) by extension 'colcon_meta'
[0.495s] Level 1:colcon.colcon_core.package_identification:_identify(src/moveit2/moveit_setup_assistant/moveit_setup_srdf_plugins) by extensions ['ros']
[0.495s] Level 1:colcon.colcon_core.package_identification:_identify(src/moveit2/moveit_setup_assistant/moveit_setup_srdf_plugins) by extension 'ros'
[0.495s] DEBUG:colcon.colcon_core.package_identification:Package 'src/moveit2/moveit_setup_assistant/moveit_setup_srdf_plugins' with type 'ros.ament_cmake' and name 'moveit_setup_srdf_plugins'
[0.496s] Level 1:colcon.colcon_core.package_identification:_identify(src/moveit2/moveit_setup_assistant/unported_templates) by extensions ['ignore', 'ignore_ament_install']
[0.496s] Level 1:colcon.colcon_core.package_identification:_identify(src/moveit2/moveit_setup_assistant/unported_templates) by extension 'ignore'
[0.496s] Level 1:colcon.colcon_core.package_identification:_identify(src/moveit2/moveit_setup_assistant/unported_templates) by extension 'ignore_ament_install'
[0.496s] Level 1:colcon.colcon_core.package_identification:_identify(src/moveit2/moveit_setup_assistant/unported_templates) by extensions ['colcon_pkg']
[0.496s] Level 1:colcon.colcon_core.package_identification:_identify(src/moveit2/moveit_setup_assistant/unported_templates) by extension 'colcon_pkg'
[0.496s] Level 1:colcon.colcon_core.package_identification:_identify(src/moveit2/moveit_setup_assistant/unported_templates) by extensions ['colcon_meta']
[0.496s] Level 1:colcon.colcon_core.package_identification:_identify(src/moveit2/moveit_setup_assistant/unported_templates) by extension 'colcon_meta'
[0.496s] Level 1:colcon.colcon_core.package_identification:_identify(src/moveit2/moveit_setup_assistant/unported_templates) by extensions ['ros']
[0.496s] Level 1:colcon.colcon_core.package_identification:_identify(src/moveit2/moveit_setup_assistant/unported_templates) by extension 'ros'
[0.496s] Level 1:colcon.colcon_core.package_identification:_identify(src/moveit2/moveit_setup_assistant/unported_templates) by extensions ['cmake', 'python']
[0.496s] Level 1:colcon.colcon_core.package_identification:_identify(src/moveit2/moveit_setup_assistant/unported_templates) by extension 'cmake'
[0.496s] Level 1:colcon.colcon_core.package_identification:_identify(src/moveit2/moveit_setup_assistant/unported_templates) by extension 'python'
[0.496s] Level 1:colcon.colcon_core.package_identification:_identify(src/moveit2/moveit_setup_assistant/unported_templates) by extensions ['python_setup_py']
[0.496s] Level 1:colcon.colcon_core.package_identification:_identify(src/moveit2/moveit_setup_assistant/unported_templates) by extension 'python_setup_py'
[0.496s] Level 1:colcon.colcon_core.package_identification:_identify(src/moveit2_tutorials) by extensions ['ignore', 'ignore_ament_install']
[0.496s] Level 1:colcon.colcon_core.package_identification:_identify(src/moveit2_tutorials) by extension 'ignore'
[0.497s] Level 1:colcon.colcon_core.package_identification:_identify(src/moveit2_tutorials) by extension 'ignore_ament_install'
[0.497s] Level 1:colcon.colcon_core.package_identification:_identify(src/moveit2_tutorials) by extensions ['colcon_pkg']
[0.497s] Level 1:colcon.colcon_core.package_identification:_identify(src/moveit2_tutorials) by extension 'colcon_pkg'
[0.497s] Level 1:colcon.colcon_core.package_identification:_identify(src/moveit2_tutorials) by extensions ['colcon_meta']
[0.497s] Level 1:colcon.colcon_core.package_identification:_identify(src/moveit2_tutorials) by extension 'colcon_meta'
[0.497s] Level 1:colcon.colcon_core.package_identification:_identify(src/moveit2_tutorials) by extensions ['ros']
[0.497s] Level 1:colcon.colcon_core.package_identification:_identify(src/moveit2_tutorials) by extension 'ros'
[0.499s] DEBUG:colcon.colcon_core.package_identification:Package 'src/moveit2_tutorials' with type 'ros.ament_cmake' and name 'moveit2_tutorials'
[0.499s] Level 1:colcon.colcon_core.package_identification:_identify(src/moveit_resources) by extensions ['ignore', 'ignore_ament_install']
[0.499s] Level 1:colcon.colcon_core.package_identification:_identify(src/moveit_resources) by extension 'ignore'
[0.499s] Level 1:colcon.colcon_core.package_identification:_identify(src/moveit_resources) by extension 'ignore_ament_install'
[0.499s] Level 1:colcon.colcon_core.package_identification:_identify(src/moveit_resources) by extensions ['colcon_pkg']
[0.499s] Level 1:colcon.colcon_core.package_identification:_identify(src/moveit_resources) by extension 'colcon_pkg'
[0.499s] Level 1:colcon.colcon_core.package_identification:_identify(src/moveit_resources) by extensions ['colcon_meta']
[0.499s] Level 1:colcon.colcon_core.package_identification:_identify(src/moveit_resources) by extension 'colcon_meta'
[0.499s] Level 1:colcon.colcon_core.package_identification:_identify(src/moveit_resources) by extensions ['ros']
[0.499s] Level 1:colcon.colcon_core.package_identification:_identify(src/moveit_resources) by extension 'ros'
[0.499s] Level 1:colcon.colcon_core.package_identification:_identify(src/moveit_resources) by extensions ['cmake', 'python']
[0.499s] Level 1:colcon.colcon_core.package_identification:_identify(src/moveit_resources) by extension 'cmake'
[0.499s] Level 1:colcon.colcon_core.package_identification:_identify(src/moveit_resources) by extension 'python'
[0.499s] Level 1:colcon.colcon_core.package_identification:_identify(src/moveit_resources) by extensions ['python_setup_py']
[0.499s] Level 1:colcon.colcon_core.package_identification:_identify(src/moveit_resources) by extension 'python_setup_py'
[0.500s] Level 1:colcon.colcon_core.package_identification:_identify(src/moveit_resources/fanuc_description) by extensions ['ignore', 'ignore_ament_install']
[0.500s] Level 1:colcon.colcon_core.package_identification:_identify(src/moveit_resources/fanuc_description) by extension 'ignore'
[0.500s] Level 1:colcon.colcon_core.package_identification:_identify(src/moveit_resources/fanuc_description) by extension 'ignore_ament_install'
[0.500s] Level 1:colcon.colcon_core.package_identification:_identify(src/moveit_resources/fanuc_description) by extensions ['colcon_pkg']
[0.500s] Level 1:colcon.colcon_core.package_identification:_identify(src/moveit_resources/fanuc_description) by extension 'colcon_pkg'
[0.500s] Level 1:colcon.colcon_core.package_identification:_identify(src/moveit_resources/fanuc_description) by extensions ['colcon_meta']
[0.500s] Level 1:colcon.colcon_core.package_identification:_identify(src/moveit_resources/fanuc_description) by extension 'colcon_meta'
[0.500s] Level 1:colcon.colcon_core.package_identification:_identify(src/moveit_resources/fanuc_description) by extensions ['ros']
[0.500s] Level 1:colcon.colcon_core.package_identification:_identify(src/moveit_resources/fanuc_description) by extension 'ros'
[0.501s] DEBUG:colcon.colcon_core.package_identification:Package 'src/moveit_resources/fanuc_description' with type 'ros.ament_cmake' and name 'moveit_resources_fanuc_description'
[0.501s] Level 1:colcon.colcon_core.package_identification:_identify(src/moveit_resources/fanuc_moveit_config) by extensions ['ignore', 'ignore_ament_install']
[0.501s] Level 1:colcon.colcon_core.package_identification:_identify(src/moveit_resources/fanuc_moveit_config) by extension 'ignore'
[0.501s] Level 1:colcon.colcon_core.package_identification:_identify(src/moveit_resources/fanuc_moveit_config) by extension 'ignore_ament_install'
[0.501s] Level 1:colcon.colcon_core.package_identification:_identify(src/moveit_resources/fanuc_moveit_config) by extensions ['colcon_pkg']
[0.501s] Level 1:colcon.colcon_core.package_identification:_identify(src/moveit_resources/fanuc_moveit_config) by extension 'colcon_pkg'
[0.501s] Level 1:colcon.colcon_core.package_identification:_identify(src/moveit_resources/fanuc_moveit_config) by extensions ['colcon_meta']
[0.502s] Level 1:colcon.colcon_core.package_identification:_identify(src/moveit_resources/fanuc_moveit_config) by extension 'colcon_meta'
[0.502s] Level 1:colcon.colcon_core.package_identification:_identify(src/moveit_resources/fanuc_moveit_config) by extensions ['ros']
[0.502s] Level 1:colcon.colcon_core.package_identification:_identify(src/moveit_resources/fanuc_moveit_config) by extension 'ros'
[0.502s] DEBUG:colcon.colcon_core.package_identification:Package 'src/moveit_resources/fanuc_moveit_config' with type 'ros.ament_cmake' and name 'moveit_resources_fanuc_moveit_config'
[0.503s] Level 1:colcon.colcon_core.package_identification:_identify(src/moveit_resources/moveit_resources) by extensions ['ignore', 'ignore_ament_install']
[0.503s] Level 1:colcon.colcon_core.package_identification:_identify(src/moveit_resources/moveit_resources) by extension 'ignore'
[0.503s] Level 1:colcon.colcon_core.package_identification:_identify(src/moveit_resources/moveit_resources) by extension 'ignore_ament_install'
[0.503s] Level 1:colcon.colcon_core.package_identification:_identify(src/moveit_resources/moveit_resources) by extensions ['colcon_pkg']
[0.503s] Level 1:colcon.colcon_core.package_identification:_identify(src/moveit_resources/moveit_resources) by extension 'colcon_pkg'
[0.503s] Level 1:colcon.colcon_core.package_identification:_identify(src/moveit_resources/moveit_resources) by extensions ['colcon_meta']
[0.503s] Level 1:colcon.colcon_core.package_identification:_identify(src/moveit_resources/moveit_resources) by extension 'colcon_meta'
[0.503s] Level 1:colcon.colcon_core.package_identification:_identify(src/moveit_resources/moveit_resources) by extensions ['ros']
[0.503s] Level 1:colcon.colcon_core.package_identification:_identify(src/moveit_resources/moveit_resources) by extension 'ros'
[0.503s] DEBUG:colcon.colcon_core.package_identification:Package 'src/moveit_resources/moveit_resources' with type 'ros.ament_cmake' and name 'moveit_resources'
[0.504s] Level 1:colcon.colcon_core.package_identification:_identify(src/moveit_resources/panda_description) by extensions ['ignore', 'ignore_ament_install']
[0.504s] Level 1:colcon.colcon_core.package_identification:_identify(src/moveit_resources/panda_description) by extension 'ignore'
[0.504s] Level 1:colcon.colcon_core.package_identification:_identify(src/moveit_resources/panda_description) by extension 'ignore_ament_install'
[0.504s] Level 1:colcon.colcon_core.package_identification:_identify(src/moveit_resources/panda_description) by extensions ['colcon_pkg']
[0.504s] Level 1:colcon.colcon_core.package_identification:_identify(src/moveit_resources/panda_description) by extension 'colcon_pkg'
[0.504s] Level 1:colcon.colcon_core.package_identification:_identify(src/moveit_resources/panda_description) by extensions ['colcon_meta']
[0.504s] Level 1:colcon.colcon_core.package_identification:_identify(src/moveit_resources/panda_description) by extension 'colcon_meta'
[0.504s] Level 1:colcon.colcon_core.package_identification:_identify(src/moveit_resources/panda_description) by extensions ['ros']
[0.504s] Level 1:colcon.colcon_core.package_identification:_identify(src/moveit_resources/panda_description) by extension 'ros'
[0.505s] DEBUG:colcon.colcon_core.package_identification:Package 'src/moveit_resources/panda_description' with type 'ros.ament_cmake' and name 'moveit_resources_panda_description'
[0.505s] Level 1:colcon.colcon_core.package_identification:_identify(src/moveit_resources/panda_moveit_config) by extensions ['ignore', 'ignore_ament_install']
[0.505s] Level 1:colcon.colcon_core.package_identification:_identify(src/moveit_resources/panda_moveit_config) by extension 'ignore'
[0.505s] Level 1:colcon.colcon_core.package_identification:_identify(src/moveit_resources/panda_moveit_config) by extension 'ignore_ament_install'
[0.505s] Level 1:colcon.colcon_core.package_identification:_identify(src/moveit_resources/panda_moveit_config) by extensions ['colcon_pkg']
[0.505s] Level 1:colcon.colcon_core.package_identification:_identify(src/moveit_resources/panda_moveit_config) by extension 'colcon_pkg'
[0.505s] Level 1:colcon.colcon_core.package_identification:_identify(src/moveit_resources/panda_moveit_config) by extensions ['colcon_meta']
[0.505s] Level 1:colcon.colcon_core.package_identification:_identify(src/moveit_resources/panda_moveit_config) by extension 'colcon_meta'
[0.505s] Level 1:colcon.colcon_core.package_identification:_identify(src/moveit_resources/panda_moveit_config) by extensions ['ros']
[0.505s] Level 1:colcon.colcon_core.package_identification:_identify(src/moveit_resources/panda_moveit_config) by extension 'ros'
[0.506s] DEBUG:colcon.colcon_core.package_identification:Package 'src/moveit_resources/panda_moveit_config' with type 'ros.ament_cmake' and name 'moveit_resources_panda_moveit_config'
[0.507s] Level 1:colcon.colcon_core.package_identification:_identify(src/moveit_resources/pr2_description) by extensions ['ignore', 'ignore_ament_install']
[0.507s] Level 1:colcon.colcon_core.package_identification:_identify(src/moveit_resources/pr2_description) by extension 'ignore'
[0.507s] Level 1:colcon.colcon_core.package_identification:_identify(src/moveit_resources/pr2_description) by extension 'ignore_ament_install'
[0.507s] Level 1:colcon.colcon_core.package_identification:_identify(src/moveit_resources/pr2_description) by extensions ['colcon_pkg']
[0.507s] Level 1:colcon.colcon_core.package_identification:_identify(src/moveit_resources/pr2_description) by extension 'colcon_pkg'
[0.507s] Level 1:colcon.colcon_core.package_identification:_identify(src/moveit_resources/pr2_description) by extensions ['colcon_meta']
[0.507s] Level 1:colcon.colcon_core.package_identification:_identify(src/moveit_resources/pr2_description) by extension 'colcon_meta'
[0.507s] Level 1:colcon.colcon_core.package_identification:_identify(src/moveit_resources/pr2_description) by extensions ['ros']
[0.507s] Level 1:colcon.colcon_core.package_identification:_identify(src/moveit_resources/pr2_description) by extension 'ros'
[0.508s] DEBUG:colcon.colcon_core.package_identification:Package 'src/moveit_resources/pr2_description' with type 'ros.ament_cmake' and name 'moveit_resources_pr2_description'
[0.508s] Level 1:colcon.colcon_core.package_identification:_identify(src/moveit_task_constructor) by extensions ['ignore', 'ignore_ament_install']
[0.508s] Level 1:colcon.colcon_core.package_identification:_identify(src/moveit_task_constructor) by extension 'ignore'
[0.508s] Level 1:colcon.colcon_core.package_identification:_identify(src/moveit_task_constructor) by extension 'ignore_ament_install'
[0.508s] Level 1:colcon.colcon_core.package_identification:_identify(src/moveit_task_constructor) by extensions ['colcon_pkg']
[0.508s] Level 1:colcon.colcon_core.package_identification:_identify(src/moveit_task_constructor) by extension 'colcon_pkg'
[0.508s] Level 1:colcon.colcon_core.package_identification:_identify(src/moveit_task_constructor) by extensions ['colcon_meta']
[0.508s] Level 1:colcon.colcon_core.package_identification:_identify(src/moveit_task_constructor) by extension 'colcon_meta'
[0.508s] Level 1:colcon.colcon_core.package_identification:_identify(src/moveit_task_constructor) by extensions ['ros']
[0.508s] Level 1:colcon.colcon_core.package_identification:_identify(src/moveit_task_constructor) by extension 'ros'
[0.508s] Level 1:colcon.colcon_core.package_identification:_identify(src/moveit_task_constructor) by extensions ['cmake', 'python']
[0.508s] Level 1:colcon.colcon_core.package_identification:_identify(src/moveit_task_constructor) by extension 'cmake'
[0.508s] Level 1:colcon.colcon_core.package_identification:_identify(src/moveit_task_constructor) by extension 'python'
[0.508s] Level 1:colcon.colcon_core.package_identification:_identify(src/moveit_task_constructor) by extensions ['python_setup_py']
[0.508s] Level 1:colcon.colcon_core.package_identification:_identify(src/moveit_task_constructor) by extension 'python_setup_py'
[0.508s] Level 1:colcon.colcon_core.package_identification:_identify(src/moveit_task_constructor/capabilities) by extensions ['ignore', 'ignore_ament_install']
[0.508s] Level 1:colcon.colcon_core.package_identification:_identify(src/moveit_task_constructor/capabilities) by extension 'ignore'
[0.508s] Level 1:colcon.colcon_core.package_identification:_identify(src/moveit_task_constructor/capabilities) by extension 'ignore_ament_install'
[0.508s] Level 1:colcon.colcon_core.package_identification:_identify(src/moveit_task_constructor/capabilities) by extensions ['colcon_pkg']
[0.509s] Level 1:colcon.colcon_core.package_identification:_identify(src/moveit_task_constructor/capabilities) by extension 'colcon_pkg'
[0.509s] Level 1:colcon.colcon_core.package_identification:_identify(src/moveit_task_constructor/capabilities) by extensions ['colcon_meta']
[0.509s] Level 1:colcon.colcon_core.package_identification:_identify(src/moveit_task_constructor/capabilities) by extension 'colcon_meta'
[0.509s] Level 1:colcon.colcon_core.package_identification:_identify(src/moveit_task_constructor/capabilities) by extensions ['ros']
[0.509s] Level 1:colcon.colcon_core.package_identification:_identify(src/moveit_task_constructor/capabilities) by extension 'ros'
[0.510s] DEBUG:colcon.colcon_core.package_identification:Package 'src/moveit_task_constructor/capabilities' with type 'ros.ament_cmake' and name 'moveit_task_constructor_capabilities'
[0.510s] Level 1:colcon.colcon_core.package_identification:_identify(src/moveit_task_constructor/core) by extensions ['ignore', 'ignore_ament_install']
[0.510s] Level 1:colcon.colcon_core.package_identification:_identify(src/moveit_task_constructor/core) by extension 'ignore'
[0.510s] Level 1:colcon.colcon_core.package_identification:_identify(src/moveit_task_constructor/core) by extension 'ignore_ament_install'
[0.510s] Level 1:colcon.colcon_core.package_identification:_identify(src/moveit_task_constructor/core) by extensions ['colcon_pkg']
[0.510s] Level 1:colcon.colcon_core.package_identification:_identify(src/moveit_task_constructor/core) by extension 'colcon_pkg'
[0.510s] Level 1:colcon.colcon_core.package_identification:_identify(src/moveit_task_constructor/core) by extensions ['colcon_meta']
[0.510s] Level 1:colcon.colcon_core.package_identification:_identify(src/moveit_task_constructor/core) by extension 'colcon_meta'
[0.510s] Level 1:colcon.colcon_core.package_identification:_identify(src/moveit_task_constructor/core) by extensions ['ros']
[0.510s] Level 1:colcon.colcon_core.package_identification:_identify(src/moveit_task_constructor/core) by extension 'ros'
[0.512s] DEBUG:colcon.colcon_core.package_identification:Package 'src/moveit_task_constructor/core' with type 'ros.ament_cmake' and name 'moveit_task_constructor_core'
[0.512s] Level 1:colcon.colcon_core.package_identification:_identify(src/moveit_task_constructor/demo) by extensions ['ignore', 'ignore_ament_install']
[0.512s] Level 1:colcon.colcon_core.package_identification:_identify(src/moveit_task_constructor/demo) by extension 'ignore'
[0.512s] Level 1:colcon.colcon_core.package_identification:_identify(src/moveit_task_constructor/demo) by extension 'ignore_ament_install'
[0.512s] Level 1:colcon.colcon_core.package_identification:_identify(src/moveit_task_constructor/demo) by extensions ['colcon_pkg']
[0.512s] Level 1:colcon.colcon_core.package_identification:_identify(src/moveit_task_constructor/demo) by extension 'colcon_pkg'
[0.512s] Level 1:colcon.colcon_core.package_identification:_identify(src/moveit_task_constructor/demo) by extensions ['colcon_meta']
[0.512s] Level 1:colcon.colcon_core.package_identification:_identify(src/moveit_task_constructor/demo) by extension 'colcon_meta'
[0.512s] Level 1:colcon.colcon_core.package_identification:_identify(src/moveit_task_constructor/demo) by extensions ['ros']
[0.512s] Level 1:colcon.colcon_core.package_identification:_identify(src/moveit_task_constructor/demo) by extension 'ros'
[0.513s] DEBUG:colcon.colcon_core.package_identification:Package 'src/moveit_task_constructor/demo' with type 'ros.ament_cmake' and name 'moveit_task_constructor_demo'
[0.513s] Level 1:colcon.colcon_core.package_identification:_identify(src/moveit_task_constructor/msgs) by extensions ['ignore', 'ignore_ament_install']
[0.513s] Level 1:colcon.colcon_core.package_identification:_identify(src/moveit_task_constructor/msgs) by extension 'ignore'
[0.513s] Level 1:colcon.colcon_core.package_identification:_identify(src/moveit_task_constructor/msgs) by extension 'ignore_ament_install'
[0.513s] Level 1:colcon.colcon_core.package_identification:_identify(src/moveit_task_constructor/msgs) by extensions ['colcon_pkg']
[0.513s] Level 1:colcon.colcon_core.package_identification:_identify(src/moveit_task_constructor/msgs) by extension 'colcon_pkg'
[0.513s] Level 1:colcon.colcon_core.package_identification:_identify(src/moveit_task_constructor/msgs) by extensions ['colcon_meta']
[0.513s] Level 1:colcon.colcon_core.package_identification:_identify(src/moveit_task_constructor/msgs) by extension 'colcon_meta'
[0.513s] Level 1:colcon.colcon_core.package_identification:_identify(src/moveit_task_constructor/msgs) by extensions ['ros']
[0.513s] Level 1:colcon.colcon_core.package_identification:_identify(src/moveit_task_constructor/msgs) by extension 'ros'
[0.514s] DEBUG:colcon.colcon_core.package_identification:Package 'src/moveit_task_constructor/msgs' with type 'ros.ament_cmake' and name 'moveit_task_constructor_msgs'
[0.514s] Level 1:colcon.colcon_core.package_identification:_identify(src/moveit_task_constructor/rviz_marker_tools) by extensions ['ignore', 'ignore_ament_install']
[0.514s] Level 1:colcon.colcon_core.package_identification:_identify(src/moveit_task_constructor/rviz_marker_tools) by extension 'ignore'
[0.514s] Level 1:colcon.colcon_core.package_identification:_identify(src/moveit_task_constructor/rviz_marker_tools) by extension 'ignore_ament_install'
[0.514s] Level 1:colcon.colcon_core.package_identification:_identify(src/moveit_task_constructor/rviz_marker_tools) by extensions ['colcon_pkg']
[0.514s] Level 1:colcon.colcon_core.package_identification:_identify(src/moveit_task_constructor/rviz_marker_tools) by extension 'colcon_pkg'
[0.514s] Level 1:colcon.colcon_core.package_identification:_identify(src/moveit_task_constructor/rviz_marker_tools) by extensions ['colcon_meta']
[0.515s] Level 1:colcon.colcon_core.package_identification:_identify(src/moveit_task_constructor/rviz_marker_tools) by extension 'colcon_meta'
[0.515s] Level 1:colcon.colcon_core.package_identification:_identify(src/moveit_task_constructor/rviz_marker_tools) by extensions ['ros']
[0.515s] Level 1:colcon.colcon_core.package_identification:_identify(src/moveit_task_constructor/rviz_marker_tools) by extension 'ros'
[0.515s] DEBUG:colcon.colcon_core.package_identification:Package 'src/moveit_task_constructor/rviz_marker_tools' with type 'ros.ament_cmake' and name 'rviz_marker_tools'
[0.516s] Level 1:colcon.colcon_core.package_identification:_identify(src/moveit_task_constructor/visualization) by extensions ['ignore', 'ignore_ament_install']
[0.516s] Level 1:colcon.colcon_core.package_identification:_identify(src/moveit_task_constructor/visualization) by extension 'ignore'
[0.516s] Level 1:colcon.colcon_core.package_identification:_identify(src/moveit_task_constructor/visualization) by extension 'ignore_ament_install'
[0.516s] Level 1:colcon.colcon_core.package_identification:_identify(src/moveit_task_constructor/visualization) by extensions ['colcon_pkg']
[0.516s] Level 1:colcon.colcon_core.package_identification:_identify(src/moveit_task_constructor/visualization) by extension 'colcon_pkg'
[0.516s] Level 1:colcon.colcon_core.package_identification:_identify(src/moveit_task_constructor/visualization) by extensions ['colcon_meta']
[0.516s] Level 1:colcon.colcon_core.package_identification:_identify(src/moveit_task_constructor/visualization) by extension 'colcon_meta'
[0.516s] Level 1:colcon.colcon_core.package_identification:_identify(src/moveit_task_constructor/visualization) by extensions ['ros']
[0.516s] Level 1:colcon.colcon_core.package_identification:_identify(src/moveit_task_constructor/visualization) by extension 'ros'
[0.517s] DEBUG:colcon.colcon_core.package_identification:Package 'src/moveit_task_constructor/visualization' with type 'ros.ament_cmake' and name 'moveit_task_constructor_visualization'
[0.517s] Level 1:colcon.colcon_core.package_identification:_identify(src/moveit_visual_tools) by extensions ['ignore', 'ignore_ament_install']
[0.517s] Level 1:colcon.colcon_core.package_identification:_identify(src/moveit_visual_tools) by extension 'ignore'
[0.517s] Level 1:colcon.colcon_core.package_identification:_identify(src/moveit_visual_tools) by extension 'ignore_ament_install'
[0.517s] Level 1:colcon.colcon_core.package_identification:_identify(src/moveit_visual_tools) by extensions ['colcon_pkg']
[0.517s] Level 1:colcon.colcon_core.package_identification:_identify(src/moveit_visual_tools) by extension 'colcon_pkg'
[0.517s] Level 1:colcon.colcon_core.package_identification:_identify(src/moveit_visual_tools) by extensions ['colcon_meta']
[0.517s] Level 1:colcon.colcon_core.package_identification:_identify(src/moveit_visual_tools) by extension 'colcon_meta'
[0.517s] Level 1:colcon.colcon_core.package_identification:_identify(src/moveit_visual_tools) by extensions ['ros']
[0.517s] Level 1:colcon.colcon_core.package_identification:_identify(src/moveit_visual_tools) by extension 'ros'
[0.519s] DEBUG:colcon.colcon_core.package_identification:Package 'src/moveit_visual_tools' with type 'ros.ament_cmake' and name 'moveit_visual_tools'
[0.519s] Level 1:colcon.colcon_core.package_identification:_identify(src/new_configuration) by extensions ['ignore', 'ignore_ament_install']
[0.519s] Level 1:colcon.colcon_core.package_identification:_identify(src/new_configuration) by extension 'ignore'
[0.519s] Level 1:colcon.colcon_core.package_identification:_identify(src/new_configuration) by extension 'ignore_ament_install'
[0.519s] Level 1:colcon.colcon_core.package_identification:_identify(src/new_configuration) by extensions ['colcon_pkg']
[0.519s] Level 1:colcon.colcon_core.package_identification:_identify(src/new_configuration) by extension 'colcon_pkg'
[0.519s] Level 1:colcon.colcon_core.package_identification:_identify(src/new_configuration) by extensions ['colcon_meta']
[0.519s] Level 1:colcon.colcon_core.package_identification:_identify(src/new_configuration) by extension 'colcon_meta'
[0.519s] Level 1:colcon.colcon_core.package_identification:_identify(src/new_configuration) by extensions ['ros']
[0.519s] Level 1:colcon.colcon_core.package_identification:_identify(src/new_configuration) by extension 'ros'
[0.520s] DEBUG:colcon.colcon_core.package_identification:Package 'src/new_configuration' with type 'ros.ament_cmake' and name 'new_configuration'
[0.520s] Level 1:colcon.colcon_core.package_identification:_identify(src/rosparam_shortcuts) by extensions ['ignore', 'ignore_ament_install']
[0.520s] Level 1:colcon.colcon_core.package_identification:_identify(src/rosparam_shortcuts) by extension 'ignore'
[0.520s] Level 1:colcon.colcon_core.package_identification:_identify(src/rosparam_shortcuts) by extension 'ignore_ament_install'
[0.521s] Level 1:colcon.colcon_core.package_identification:_identify(src/rosparam_shortcuts) by extensions ['colcon_pkg']
[0.521s] Level 1:colcon.colcon_core.package_identification:_identify(src/rosparam_shortcuts) by extension 'colcon_pkg'
[0.521s] Level 1:colcon.colcon_core.package_identification:_identify(src/rosparam_shortcuts) by extensions ['colcon_meta']
[0.521s] Level 1:colcon.colcon_core.package_identification:_identify(src/rosparam_shortcuts) by extension 'colcon_meta'
[0.521s] Level 1:colcon.colcon_core.package_identification:_identify(src/rosparam_shortcuts) by extensions ['ros']
[0.521s] Level 1:colcon.colcon_core.package_identification:_identify(src/rosparam_shortcuts) by extension 'ros'
[0.521s] DEBUG:colcon.colcon_core.package_identification:Package 'src/rosparam_shortcuts' with type 'ros.ament_cmake' and name 'rosparam_shortcuts'
[0.522s] Level 1:colcon.colcon_core.package_identification:_identify(src/srdfdom) by extensions ['ignore', 'ignore_ament_install']
[0.522s] Level 1:colcon.colcon_core.package_identification:_identify(src/srdfdom) by extension 'ignore'
[0.522s] Level 1:colcon.colcon_core.package_identification:_identify(src/srdfdom) by extension 'ignore_ament_install'
[0.522s] Level 1:colcon.colcon_core.package_identification:_identify(src/srdfdom) by extensions ['colcon_pkg']
[0.522s] Level 1:colcon.colcon_core.package_identification:_identify(src/srdfdom) by extension 'colcon_pkg'
[0.522s] Level 1:colcon.colcon_core.package_identification:_identify(src/srdfdom) by extensions ['colcon_meta']
[0.522s] Level 1:colcon.colcon_core.package_identification:_identify(src/srdfdom) by extension 'colcon_meta'
[0.522s] Level 1:colcon.colcon_core.package_identification:_identify(src/srdfdom) by extensions ['ros']
[0.522s] Level 1:colcon.colcon_core.package_identification:_identify(src/srdfdom) by extension 'ros'
[0.523s] DEBUG:colcon.colcon_core.package_identification:Package 'src/srdfdom' with type 'ros.ament_cmake' and name 'srdfdom'
[0.523s] Level 1:colcon.colcon_core.package_identification:_identify(src/ur3e) by extensions ['ignore', 'ignore_ament_install']
[0.523s] Level 1:colcon.colcon_core.package_identification:_identify(src/ur3e) by extension 'ignore'
[0.523s] Level 1:colcon.colcon_core.package_identification:_identify(src/ur3e) by extension 'ignore_ament_install'
[0.523s] Level 1:colcon.colcon_core.package_identification:_identify(src/ur3e) by extensions ['colcon_pkg']
[0.523s] Level 1:colcon.colcon_core.package_identification:_identify(src/ur3e) by extension 'colcon_pkg'
[0.523s] Level 1:colcon.colcon_core.package_identification:_identify(src/ur3e) by extensions ['colcon_meta']
[0.523s] Level 1:colcon.colcon_core.package_identification:_identify(src/ur3e) by extension 'colcon_meta'
[0.523s] Level 1:colcon.colcon_core.package_identification:_identify(src/ur3e) by extensions ['ros']
[0.523s] Level 1:colcon.colcon_core.package_identification:_identify(src/ur3e) by extension 'ros'
[0.524s] DEBUG:colcon.colcon_core.package_identification:Package 'src/ur3e' with type 'ros.ament_cmake' and name 'ur3e'
[0.524s] Level 1:colcon.colcon_core.package_identification:_identify(src/ur3e_motion_package) by extensions ['ignore', 'ignore_ament_install']
[0.524s] Level 1:colcon.colcon_core.package_identification:_identify(src/ur3e_motion_package) by extension 'ignore'
[0.524s] Level 1:colcon.colcon_core.package_identification:_identify(src/ur3e_motion_package) by extension 'ignore_ament_install'
[0.524s] Level 1:colcon.colcon_core.package_identification:_identify(src/ur3e_motion_package) by extensions ['colcon_pkg']
[0.524s] Level 1:colcon.colcon_core.package_identification:_identify(src/ur3e_motion_package) by extension 'colcon_pkg'
[0.524s] Level 1:colcon.colcon_core.package_identification:_identify(src/ur3e_motion_package) by extensions ['colcon_meta']
[0.524s] Level 1:colcon.colcon_core.package_identification:_identify(src/ur3e_motion_package) by extension 'colcon_meta'
[0.524s] Level 1:colcon.colcon_core.package_identification:_identify(src/ur3e_motion_package) by extensions ['ros']
[0.525s] Level 1:colcon.colcon_core.package_identification:_identify(src/ur3e_motion_package) by extension 'ros'
[0.525s] DEBUG:colcon.colcon_core.package_identification:Package 'src/ur3e_motion_package' with type 'ros.ament_python' and name 'ur3e_motion_package'
[0.525s] Level 1:colcon.colcon_core.package_discovery:discover_packages(recursive) using defaults
[0.525s] Level 1:colcon.colcon_core.package_discovery:discover_packages(ignore) discover
[0.525s] Level 1:colcon.colcon_core.package_discovery:discover_packages(ignore) using defaults
[0.525s] Level 1:colcon.colcon_core.package_discovery:discover_packages(path) discover
[0.525s] Level 1:colcon.colcon_core.package_discovery:discover_packages(path) using defaults
[0.602s] Level 1:colcon.colcon_core.package_discovery:discover_packages(prefix_path) check parameters
[0.602s] Level 1:colcon.colcon_core.package_discovery:discover_packages(prefix_path) discover
[0.603s] WARNING:colcon.colcon_ros.prefix_path.ament:The path '/home/vinayak/ws_moveit2/install/ur' in the environment variable AMENT_PREFIX_PATH doesn't exist
[0.603s] WARNING:colcon.colcon_ros.prefix_path.ament:The path '/home/vinayak/ws_moveit2/install/ur_calibration' in the environment variable AMENT_PREFIX_PATH doesn't exist
[0.603s] WARNING:colcon.colcon_ros.prefix_path.ament:The path '/home/vinayak/ws_moveit2/install/ur_robot_driver' in the environment variable AMENT_PREFIX_PATH doesn't exist
[0.603s] WARNING:colcon.colcon_ros.prefix_path.ament:The path '/home/vinayak/ws_moveit2/install/ur_moveit_config' in the environment variable AMENT_PREFIX_PATH doesn't exist
[0.603s] WARNING:colcon.colcon_ros.prefix_path.ament:The path '/home/vinayak/ws_moveit2/install/ur_bringup' in the environment variable AMENT_PREFIX_PATH doesn't exist
[0.604s] WARNING:colcon.colcon_ros.prefix_path.ament:The path '/home/vinayak/ws_moveit2/install/ur_controllers' in the environment variable AMENT_PREFIX_PATH doesn't exist
[0.604s] WARNING:colcon.colcon_ros.prefix_path.ament:The path '/home/vinayak/ws_moveit2/install/ur_dashboard_msgs' in the environment variable AMENT_PREFIX_PATH doesn't exist
[0.604s] WARNING:colcon.colcon_ros.prefix_path.ament:The path '/home/vinayak/ws_moveit2/install/ur3e_rl' in the environment variable AMENT_PREFIX_PATH doesn't exist
[0.604s] WARNING:colcon.colcon_ros.prefix_path.ament:The path '/home/vinayak/ws_moveit2/install/ur3e_motion_package' in the environment variable AMENT_PREFIX_PATH doesn't exist
[0.604s] WARNING:colcon.colcon_ros.prefix_path.ament:The path '/home/vinayak/ws_moveit2/install/new_configuration' in the environment variable AMENT_PREFIX_PATH doesn't exist
[0.604s] WARNING:colcon.colcon_ros.prefix_path.ament:The path '/home/vinayak/ws_moveit2/install/ur3e' in the environment variable AMENT_PREFIX_PATH doesn't exist
[0.604s] WARNING:colcon.colcon_ros.prefix_path.ament:The path '/home/vinayak/ws_moveit2/install/pilz_industrial_motion_planner_testutils' in the environment variable AMENT_PREFIX_PATH doesn't exist
[0.604s] WARNING:colcon.colcon_ros.prefix_path.ament:The path '/home/vinayak/ws_moveit2/install/moveit_runtime' in the environment variable AMENT_PREFIX_PATH doesn't exist
[0.604s] WARNING:colcon.colcon_ros.prefix_path.ament:The path '/home/vinayak/ws_moveit2/install/moveit2_tutorials' in the environment variable AMENT_PREFIX_PATH doesn't exist
[0.604s] WARNING:colcon.colcon_ros.prefix_path.ament:The path '/home/vinayak/ws_moveit2/install/moveit' in the environment variable AMENT_PREFIX_PATH doesn't exist
[0.604s] WARNING:colcon.colcon_ros.prefix_path.ament:The path '/home/vinayak/ws_moveit2/install/moveit_planners' in the environment variable AMENT_PREFIX_PATH doesn't exist
[0.604s] WARNING:colcon.colcon_ros.prefix_path.ament:The path '/home/vinayak/ws_moveit2/install/pilz_industrial_motion_planner' in the environment variable AMENT_PREFIX_PATH doesn't exist
[0.604s] WARNING:colcon.colcon_ros.prefix_path.ament:The path '/home/vinayak/ws_moveit2/install/moveit_visual_tools' in the environment variable AMENT_PREFIX_PATH doesn't exist
[0.604s] WARNING:colcon.colcon_ros.prefix_path.ament:The path '/home/vinayak/ws_moveit2/install/moveit_task_constructor_visualization' in the environment variable AMENT_PREFIX_PATH doesn't exist
[0.604s] WARNING:colcon.colcon_ros.prefix_path.ament:The path '/home/vinayak/ws_moveit2/install/moveit_task_constructor_demo' in the environment variable AMENT_PREFIX_PATH doesn't exist
[0.604s] WARNING:colcon.colcon_ros.prefix_path.ament:The path '/home/vinayak/ws_moveit2/install/moveit_task_constructor_capabilities' in the environment variable AMENT_PREFIX_PATH doesn't exist
[0.604s] WARNING:colcon.colcon_ros.prefix_path.ament:The path '/home/vinayak/ws_moveit2/install/moveit_task_constructor_core' in the environment variable AMENT_PREFIX_PATH doesn't exist
[0.604s] WARNING:colcon.colcon_ros.prefix_path.ament:The path '/home/vinayak/ws_moveit2/install/moveit_ros_control_interface' in the environment variable AMENT_PREFIX_PATH doesn't exist
[0.604s] WARNING:colcon.colcon_ros.prefix_path.ament:The path '/home/vinayak/ws_moveit2/install/moveit_plugins' in the environment variable AMENT_PREFIX_PATH doesn't exist
[0.604s] WARNING:colcon.colcon_ros.prefix_path.ament:The path '/home/vinayak/ws_moveit2/install/moveit_simple_controller_manager' in the environment variable AMENT_PREFIX_PATH doesn't exist
[0.604s] WARNING:colcon.colcon_ros.prefix_path.ament:The path '/home/vinayak/ws_moveit2/install/moveit_setup_assistant' in the environment variable AMENT_PREFIX_PATH doesn't exist
[0.604s] WARNING:colcon.colcon_ros.prefix_path.ament:The path '/home/vinayak/ws_moveit2/install/moveit_setup_srdf_plugins' in the environment variable AMENT_PREFIX_PATH doesn't exist
[0.604s] WARNING:colcon.colcon_ros.prefix_path.ament:The path '/home/vinayak/ws_moveit2/install/moveit_setup_core_plugins' in the environment variable AMENT_PREFIX_PATH doesn't exist
[0.604s] WARNING:colcon.colcon_ros.prefix_path.ament:The path '/home/vinayak/ws_moveit2/install/moveit_setup_controllers' in the environment variable AMENT_PREFIX_PATH doesn't exist
[0.604s] WARNING:colcon.colcon_ros.prefix_path.ament:The path '/home/vinayak/ws_moveit2/install/moveit_setup_app_plugins' in the environment variable AMENT_PREFIX_PATH doesn't exist
[0.604s] WARNING:colcon.colcon_ros.prefix_path.ament:The path '/home/vinayak/ws_moveit2/install/moveit_setup_framework' in the environment variable AMENT_PREFIX_PATH doesn't exist
[0.604s] WARNING:colcon.colcon_ros.prefix_path.ament:The path '/home/vinayak/ws_moveit2/install/moveit_servo' in the environment variable AMENT_PREFIX_PATH doesn't exist
[0.604s] WARNING:colcon.colcon_ros.prefix_path.ament:The path '/home/vinayak/ws_moveit2/install/moveit_ros' in the environment variable AMENT_PREFIX_PATH doesn't exist
[0.605s] WARNING:colcon.colcon_ros.prefix_path.ament:The path '/home/vinayak/ws_moveit2/install/moveit_ros_visualization' in the environment variable AMENT_PREFIX_PATH doesn't exist
[0.605s] WARNING:colcon.colcon_ros.prefix_path.ament:The path '/home/vinayak/ws_moveit2/install/moveit_hybrid_planning' in the environment variable AMENT_PREFIX_PATH doesn't exist
[0.605s] WARNING:colcon.colcon_ros.prefix_path.ament:The path '/home/vinayak/ws_moveit2/install/moveit_ros_planning_interface' in the environment variable AMENT_PREFIX_PATH doesn't exist
[0.605s] WARNING:colcon.colcon_ros.prefix_path.ament:The path '/home/vinayak/ws_moveit2/install/moveit_ros_benchmarks' in the environment variable AMENT_PREFIX_PATH doesn't exist
[0.605s] WARNING:colcon.colcon_ros.prefix_path.ament:The path '/home/vinayak/ws_moveit2/install/moveit_ros_warehouse' in the environment variable AMENT_PREFIX_PATH doesn't exist
[0.605s] WARNING:colcon.colcon_ros.prefix_path.ament:The path '/home/vinayak/ws_moveit2/install/moveit_ros_robot_interaction' in the environment variable AMENT_PREFIX_PATH doesn't exist
[0.605s] WARNING:colcon.colcon_ros.prefix_path.ament:The path '/home/vinayak/ws_moveit2/install/moveit_ros_perception' in the environment variable AMENT_PREFIX_PATH doesn't exist
[0.605s] WARNING:colcon.colcon_ros.prefix_path.ament:The path '/home/vinayak/ws_moveit2/install/moveit_resources_prbt_pg70_support' in the environment variable AMENT_PREFIX_PATH doesn't exist
[0.605s] WARNING:colcon.colcon_ros.prefix_path.ament:The path '/home/vinayak/ws_moveit2/install/moveit_resources_prbt_moveit_config' in the environment variable AMENT_PREFIX_PATH doesn't exist
[0.605s] WARNING:colcon.colcon_ros.prefix_path.ament:The path '/home/vinayak/ws_moveit2/install/moveit_ros_move_group' in the environment variable AMENT_PREFIX_PATH doesn't exist
[0.605s] WARNING:colcon.colcon_ros.prefix_path.ament:The path '/home/vinayak/ws_moveit2/install/moveit_planners_ompl' in the environment variable AMENT_PREFIX_PATH doesn't exist
[0.605s] WARNING:colcon.colcon_ros.prefix_path.ament:The path '/home/vinayak/ws_moveit2/install/moveit_ros_planning' in the environment variable AMENT_PREFIX_PATH doesn't exist
[0.605s] WARNING:colcon.colcon_ros.prefix_path.ament:The path '/home/vinayak/ws_moveit2/install/moveit_ros_occupancy_map_monitor' in the environment variable AMENT_PREFIX_PATH doesn't exist
[0.605s] WARNING:colcon.colcon_ros.prefix_path.ament:The path '/home/vinayak/ws_moveit2/install/moveit_resources_prbt_ikfast_manipulator_plugin' in the environment variable AMENT_PREFIX_PATH doesn't exist
[0.605s] WARNING:colcon.colcon_ros.prefix_path.ament:The path '/home/vinayak/ws_moveit2/install/moveit_planners_chomp' in the environment variable AMENT_PREFIX_PATH doesn't exist
[0.605s] WARNING:colcon.colcon_ros.prefix_path.ament:The path '/home/vinayak/ws_moveit2/install/moveit_kinematics' in the environment variable AMENT_PREFIX_PATH doesn't exist
[0.605s] WARNING:colcon.colcon_ros.prefix_path.ament:The path '/home/vinayak/ws_moveit2/install/moveit_chomp_optimizer_adapter' in the environment variable AMENT_PREFIX_PATH doesn't exist
[0.605s] WARNING:colcon.colcon_ros.prefix_path.ament:The path '/home/vinayak/ws_moveit2/install/chomp_motion_planner' in the environment variable AMENT_PREFIX_PATH doesn't exist
[0.605s] WARNING:colcon.colcon_ros.prefix_path.ament:The path '/home/vinayak/ws_moveit2/install/moveit_core' in the environment variable AMENT_PREFIX_PATH doesn't exist
[0.605s] WARNING:colcon.colcon_ros.prefix_path.ament:The path '/home/vinayak/ws_moveit2/install/moveit_configs_utils' in the environment variable AMENT_PREFIX_PATH doesn't exist
[0.605s] WARNING:colcon.colcon_ros.prefix_path.ament:The path '/home/vinayak/ws_moveit2/install/srdfdom' in the environment variable AMENT_PREFIX_PATH doesn't exist
[0.605s] WARNING:colcon.colcon_ros.prefix_path.ament:The path '/home/vinayak/ws_moveit2/install/rviz_marker_tools' in the environment variable AMENT_PREFIX_PATH doesn't exist
[0.605s] WARNING:colcon.colcon_ros.prefix_path.ament:The path '/home/vinayak/ws_moveit2/install/rosparam_shortcuts' in the environment variable AMENT_PREFIX_PATH doesn't exist
[0.605s] WARNING:colcon.colcon_ros.prefix_path.ament:The path '/home/vinayak/ws_moveit2/install/moveit_task_constructor_msgs' in the environment variable AMENT_PREFIX_PATH doesn't exist
[0.605s] WARNING:colcon.colcon_ros.prefix_path.ament:The path '/home/vinayak/ws_moveit2/install/moveit_resources_prbt_support' in the environment variable AMENT_PREFIX_PATH doesn't exist
[0.605s] WARNING:colcon.colcon_ros.prefix_path.ament:The path '/home/vinayak/ws_moveit2/install/moveit_resources' in the environment variable AMENT_PREFIX_PATH doesn't exist
[0.605s] WARNING:colcon.colcon_ros.prefix_path.ament:The path '/home/vinayak/ws_moveit2/install/moveit_resources_pr2_description' in the environment variable AMENT_PREFIX_PATH doesn't exist
[0.605s] WARNING:colcon.colcon_ros.prefix_path.ament:The path '/home/vinayak/ws_moveit2/install/moveit_resources_panda_moveit_config' in the environment variable AMENT_PREFIX_PATH doesn't exist
[0.605s] WARNING:colcon.colcon_ros.prefix_path.ament:The path '/home/vinayak/ws_moveit2/install/moveit_resources_panda_description' in the environment variable AMENT_PREFIX_PATH doesn't exist
[0.605s] WARNING:colcon.colcon_ros.prefix_path.ament:The path '/home/vinayak/ws_moveit2/install/moveit_resources_fanuc_moveit_config' in the environment variable AMENT_PREFIX_PATH doesn't exist
[0.605s] WARNING:colcon.colcon_ros.prefix_path.ament:The path '/home/vinayak/ws_moveit2/install/moveit_resources_fanuc_description' in the environment variable AMENT_PREFIX_PATH doesn't exist
[0.605s] WARNING:colcon.colcon_ros.prefix_path.ament:The path '/home/vinayak/ws_moveit2/install/moveit_common' in the environment variable AMENT_PREFIX_PATH doesn't exist
[0.606s] WARNING:colcon.colcon_ros.prefix_path.ament:The path '/home/vinayak/ws_moveit2/install/launch_param_builder' in the environment variable AMENT_PREFIX_PATH doesn't exist
[0.606s] WARNING:colcon.colcon_ros.prefix_path.catkin:The path '/home/vinayak/ws_moveit2/install/ur' in the environment variable CMAKE_PREFIX_PATH doesn't exist
[0.606s] WARNING:colcon.colcon_ros.prefix_path.catkin:The path '/home/vinayak/ws_moveit2/install/ur_calibration' in the environment variable CMAKE_PREFIX_PATH doesn't exist
[0.606s] WARNING:colcon.colcon_ros.prefix_path.catkin:The path '/home/vinayak/ws_moveit2/install/ur_robot_driver' in the environment variable CMAKE_PREFIX_PATH doesn't exist
[0.606s] WARNING:colcon.colcon_ros.prefix_path.catkin:The path '/home/vinayak/ws_moveit2/install/ur_moveit_config' in the environment variable CMAKE_PREFIX_PATH doesn't exist
[0.606s] WARNING:colcon.colcon_ros.prefix_path.catkin:The path '/home/vinayak/ws_moveit2/install/ur_bringup' in the environment variable CMAKE_PREFIX_PATH doesn't exist
[0.606s] WARNING:colcon.colcon_ros.prefix_path.catkin:The path '/home/vinayak/ws_moveit2/install/ur_controllers' in the environment variable CMAKE_PREFIX_PATH doesn't exist
[0.606s] WARNING:colcon.colcon_ros.prefix_path.catkin:The path '/home/vinayak/ws_moveit2/install/ur_dashboard_msgs' in the environment variable CMAKE_PREFIX_PATH doesn't exist
[0.606s] WARNING:colcon.colcon_ros.prefix_path.catkin:The path '/home/vinayak/ws_moveit2/install/new_configuration' in the environment variable CMAKE_PREFIX_PATH doesn't exist
[0.606s] WARNING:colcon.colcon_ros.prefix_path.catkin:The path '/home/vinayak/ws_moveit2/install/ur3e' in the environment variable CMAKE_PREFIX_PATH doesn't exist
[0.606s] WARNING:colcon.colcon_ros.prefix_path.catkin:The path '/home/vinayak/ws_moveit2/install/pilz_industrial_motion_planner_testutils' in the environment variable CMAKE_PREFIX_PATH doesn't exist
[0.606s] WARNING:colcon.colcon_ros.prefix_path.catkin:The path '/home/vinayak/ws_moveit2/install/moveit_runtime' in the environment variable CMAKE_PREFIX_PATH doesn't exist
[0.606s] WARNING:colcon.colcon_ros.prefix_path.catkin:The path '/home/vinayak/ws_moveit2/install/moveit2_tutorials' in the environment variable CMAKE_PREFIX_PATH doesn't exist
[0.606s] WARNING:colcon.colcon_ros.prefix_path.catkin:The path '/home/vinayak/ws_moveit2/install/moveit' in the environment variable CMAKE_PREFIX_PATH doesn't exist
[0.606s] WARNING:colcon.colcon_ros.prefix_path.catkin:The path '/home/vinayak/ws_moveit2/install/moveit_planners' in the environment variable CMAKE_PREFIX_PATH doesn't exist
[0.606s] WARNING:colcon.colcon_ros.prefix_path.catkin:The path '/home/vinayak/ws_moveit2/install/pilz_industrial_motion_planner' in the environment variable CMAKE_PREFIX_PATH doesn't exist
[0.606s] WARNING:colcon.colcon_ros.prefix_path.catkin:The path '/home/vinayak/ws_moveit2/install/moveit_visual_tools' in the environment variable CMAKE_PREFIX_PATH doesn't exist
[0.606s] WARNING:colcon.colcon_ros.prefix_path.catkin:The path '/home/vinayak/ws_moveit2/install/moveit_task_constructor_visualization' in the environment variable CMAKE_PREFIX_PATH doesn't exist
[0.606s] WARNING:colcon.colcon_ros.prefix_path.catkin:The path '/home/vinayak/ws_moveit2/install/moveit_task_constructor_demo' in the environment variable CMAKE_PREFIX_PATH doesn't exist
[0.606s] WARNING:colcon.colcon_ros.prefix_path.catkin:The path '/home/vinayak/ws_moveit2/install/moveit_task_constructor_capabilities' in the environment variable CMAKE_PREFIX_PATH doesn't exist
[0.606s] WARNING:colcon.colcon_ros.prefix_path.catkin:The path '/home/vinayak/ws_moveit2/install/moveit_task_constructor_core' in the environment variable CMAKE_PREFIX_PATH doesn't exist
[0.606s] WARNING:colcon.colcon_ros.prefix_path.catkin:The path '/home/vinayak/ws_moveit2/install/moveit_ros_control_interface' in the environment variable CMAKE_PREFIX_PATH doesn't exist
[0.606s] WARNING:colcon.colcon_ros.prefix_path.catkin:The path '/home/vinayak/ws_moveit2/install/moveit_plugins' in the environment variable CMAKE_PREFIX_PATH doesn't exist
[0.606s] WARNING:colcon.colcon_ros.prefix_path.catkin:The path '/home/vinayak/ws_moveit2/install/moveit_simple_controller_manager' in the environment variable CMAKE_PREFIX_PATH doesn't exist
[0.606s] WARNING:colcon.colcon_ros.prefix_path.catkin:The path '/home/vinayak/ws_moveit2/install/moveit_setup_assistant' in the environment variable CMAKE_PREFIX_PATH doesn't exist
[0.606s] WARNING:colcon.colcon_ros.prefix_path.catkin:The path '/home/vinayak/ws_moveit2/install/moveit_setup_srdf_plugins' in the environment variable CMAKE_PREFIX_PATH doesn't exist
[0.606s] WARNING:colcon.colcon_ros.prefix_path.catkin:The path '/home/vinayak/ws_moveit2/install/moveit_setup_core_plugins' in the environment variable CMAKE_PREFIX_PATH doesn't exist
[0.606s] WARNING:colcon.colcon_ros.prefix_path.catkin:The path '/home/vinayak/ws_moveit2/install/moveit_setup_controllers' in the environment variable CMAKE_PREFIX_PATH doesn't exist
[0.606s] WARNING:colcon.colcon_ros.prefix_path.catkin:The path '/home/vinayak/ws_moveit2/install/moveit_setup_app_plugins' in the environment variable CMAKE_PREFIX_PATH doesn't exist
[0.614s] WARNING:colcon.colcon_ros.prefix_path.catkin:The path '/home/vinayak/ws_moveit2/install/moveit_setup_framework' in the environment variable CMAKE_PREFIX_PATH doesn't exist
[0.614s] WARNING:colcon.colcon_ros.prefix_path.catkin:The path '/home/vinayak/ws_moveit2/install/moveit_servo' in the environment variable CMAKE_PREFIX_PATH doesn't exist
[0.614s] WARNING:colcon.colcon_ros.prefix_path.catkin:The path '/home/vinayak/ws_moveit2/install/moveit_ros' in the environment variable CMAKE_PREFIX_PATH doesn't exist
[0.614s] WARNING:colcon.colcon_ros.prefix_path.catkin:The path '/home/vinayak/ws_moveit2/install/moveit_ros_visualization' in the environment variable CMAKE_PREFIX_PATH doesn't exist
[0.614s] WARNING:colcon.colcon_ros.prefix_path.catkin:The path '/home/vinayak/ws_moveit2/install/moveit_hybrid_planning' in the environment variable CMAKE_PREFIX_PATH doesn't exist
[0.615s] WARNING:colcon.colcon_ros.prefix_path.catkin:The path '/home/vinayak/ws_moveit2/install/moveit_ros_planning_interface' in the environment variable CMAKE_PREFIX_PATH doesn't exist
[0.615s] WARNING:colcon.colcon_ros.prefix_path.catkin:The path '/home/vinayak/ws_moveit2/install/moveit_ros_benchmarks' in the environment variable CMAKE_PREFIX_PATH doesn't exist
[0.615s] WARNING:colcon.colcon_ros.prefix_path.catkin:The path '/home/vinayak/ws_moveit2/install/moveit_ros_warehouse' in the environment variable CMAKE_PREFIX_PATH doesn't exist
[0.615s] WARNING:colcon.colcon_ros.prefix_path.catkin:The path '/home/vinayak/ws_moveit2/install/moveit_ros_robot_interaction' in the environment variable CMAKE_PREFIX_PATH doesn't exist
[0.615s] WARNING:colcon.colcon_ros.prefix_path.catkin:The path '/home/vinayak/ws_moveit2/install/moveit_ros_perception' in the environment variable CMAKE_PREFIX_PATH doesn't exist
[0.615s] WARNING:colcon.colcon_ros.prefix_path.catkin:The path '/home/vinayak/ws_moveit2/install/moveit_resources_prbt_pg70_support' in the environment variable CMAKE_PREFIX_PATH doesn't exist
[0.615s] WARNING:colcon.colcon_ros.prefix_path.catkin:The path '/home/vinayak/ws_moveit2/install/moveit_resources_prbt_moveit_config' in the environment variable CMAKE_PREFIX_PATH doesn't exist
[0.615s] WARNING:colcon.colcon_ros.prefix_path.catkin:The path '/home/vinayak/ws_moveit2/install/moveit_ros_move_group' in the environment variable CMAKE_PREFIX_PATH doesn't exist
[0.615s] WARNING:colcon.colcon_ros.prefix_path.catkin:The path '/home/vinayak/ws_moveit2/install/moveit_planners_ompl' in the environment variable CMAKE_PREFIX_PATH doesn't exist
[0.615s] WARNING:colcon.colcon_ros.prefix_path.catkin:The path '/home/vinayak/ws_moveit2/install/moveit_ros_planning' in the environment variable CMAKE_PREFIX_PATH doesn't exist
[0.615s] WARNING:colcon.colcon_ros.prefix_path.catkin:The path '/home/vinayak/ws_moveit2/install/moveit_ros_occupancy_map_monitor' in the environment variable CMAKE_PREFIX_PATH doesn't exist
[0.615s] WARNING:colcon.colcon_ros.prefix_path.catkin:The path '/home/vinayak/ws_moveit2/install/moveit_resources_prbt_ikfast_manipulator_plugin' in the environment variable CMAKE_PREFIX_PATH doesn't exist
[0.615s] WARNING:colcon.colcon_ros.prefix_path.catkin:The path '/home/vinayak/ws_moveit2/install/moveit_planners_chomp' in the environment variable CMAKE_PREFIX_PATH doesn't exist
[0.615s] WARNING:colcon.colcon_ros.prefix_path.catkin:The path '/home/vinayak/ws_moveit2/install/moveit_kinematics' in the environment variable CMAKE_PREFIX_PATH doesn't exist
[0.615s] WARNING:colcon.colcon_ros.prefix_path.catkin:The path '/home/vinayak/ws_moveit2/install/moveit_chomp_optimizer_adapter' in the environment variable CMAKE_PREFIX_PATH doesn't exist
[0.615s] WARNING:colcon.colcon_ros.prefix_path.catkin:The path '/home/vinayak/ws_moveit2/install/chomp_motion_planner' in the environment variable CMAKE_PREFIX_PATH doesn't exist
[0.615s] WARNING:colcon.colcon_ros.prefix_path.catkin:The path '/home/vinayak/ws_moveit2/install/moveit_core' in the environment variable CMAKE_PREFIX_PATH doesn't exist
[0.615s] WARNING:colcon.colcon_ros.prefix_path.catkin:The path '/home/vinayak/ws_moveit2/install/srdfdom' in the environment variable CMAKE_PREFIX_PATH doesn't exist
[0.615s] WARNING:colcon.colcon_ros.prefix_path.catkin:The path '/home/vinayak/ws_moveit2/install/rviz_marker_tools' in the environment variable CMAKE_PREFIX_PATH doesn't exist
[0.615s] WARNING:colcon.colcon_ros.prefix_path.catkin:The path '/home/vinayak/ws_moveit2/install/rosparam_shortcuts' in the environment variable CMAKE_PREFIX_PATH doesn't exist
[0.615s] WARNING:colcon.colcon_ros.prefix_path.catkin:The path '/home/vinayak/ws_moveit2/install/moveit_task_constructor_msgs' in the environment variable CMAKE_PREFIX_PATH doesn't exist
[0.615s] WARNING:colcon.colcon_ros.prefix_path.catkin:The path '/home/vinayak/ws_moveit2/install/moveit_resources_prbt_support' in the environment variable CMAKE_PREFIX_PATH doesn't exist
[0.615s] WARNING:colcon.colcon_ros.prefix_path.catkin:The path '/home/vinayak/ws_moveit2/install/moveit_resources' in the environment variable CMAKE_PREFIX_PATH doesn't exist
[0.615s] WARNING:colcon.colcon_ros.prefix_path.catkin:The path '/home/vinayak/ws_moveit2/install/moveit_resources_pr2_description' in the environment variable CMAKE_PREFIX_PATH doesn't exist
[0.615s] WARNING:colcon.colcon_ros.prefix_path.catkin:The path '/home/vinayak/ws_moveit2/install/moveit_resources_panda_moveit_config' in the environment variable CMAKE_PREFIX_PATH doesn't exist
[0.616s] WARNING:colcon.colcon_ros.prefix_path.catkin:The path '/home/vinayak/ws_moveit2/install/moveit_resources_panda_description' in the environment variable CMAKE_PREFIX_PATH doesn't exist
[0.616s] WARNING:colcon.colcon_ros.prefix_path.catkin:The path '/home/vinayak/ws_moveit2/install/moveit_resources_fanuc_moveit_config' in the environment variable CMAKE_PREFIX_PATH doesn't exist
[0.616s] WARNING:colcon.colcon_ros.prefix_path.catkin:The path '/home/vinayak/ws_moveit2/install/moveit_resources_fanuc_description' in the environment variable CMAKE_PREFIX_PATH doesn't exist
[0.616s] WARNING:colcon.colcon_ros.prefix_path.catkin:The path '/home/vinayak/ws_moveit2/install/moveit_common' in the environment variable CMAKE_PREFIX_PATH doesn't exist
[0.617s] DEBUG:colcon.colcon_installed_package_information.package_discovery:Found 0 installed packages in /home/vinayak/ws_moveit2/install
[0.619s] DEBUG:colcon.colcon_installed_package_information.package_discovery:Found 448 installed packages in /opt/ros/humble
[0.620s] Level 1:colcon.colcon_core.package_discovery:discover_packages(prefix_path) using defaults
[0.673s] Level 5:colcon.colcon_core.verb:set package 'launch_param_builder' build argument 'cmake_args' from command line to 'None'
[0.673s] Level 5:colcon.colcon_core.verb:set package 'launch_param_builder' build argument 'cmake_target' from command line to 'None'
[0.673s] Level 5:colcon.colcon_core.verb:set package 'launch_param_builder' build argument 'cmake_target_skip_unavailable' from command line to 'False'
[0.673s] Level 5:colcon.colcon_core.verb:set package 'launch_param_builder' build argument 'cmake_clean_cache' from command line to 'False'
[0.673s] Level 5:colcon.colcon_core.verb:set package 'launch_param_builder' build argument 'cmake_clean_first' from command line to 'False'
[0.673s] Level 5:colcon.colcon_core.verb:set package 'launch_param_builder' build argument 'cmake_force_configure' from command line to 'False'
[0.673s] Level 5:colcon.colcon_core.verb:set package 'launch_param_builder' build argument 'ament_cmake_args' from command line to 'None'
[0.673s] Level 5:colcon.colcon_core.verb:set package 'launch_param_builder' build argument 'catkin_cmake_args' from command line to 'None'
[0.673s] Level 5:colcon.colcon_core.verb:set package 'launch_param_builder' build argument 'catkin_skip_building_tests' from command line to 'False'
[0.673s] DEBUG:colcon.colcon_core.verb:Building package 'launch_param_builder' with the following arguments: {'ament_cmake_args': None, 'build_base': '/home/vinayak/ws_moveit2/build/launch_param_builder', 'catkin_cmake_args': None, 'catkin_skip_building_tests': False, 'cmake_args': None, 'cmake_clean_cache': False, 'cmake_clean_first': False, 'cmake_force_configure': False, 'cmake_target': None, 'cmake_target_skip_unavailable': False, 'install_base': '/home/vinayak/ws_moveit2/install/launch_param_builder', 'merge_install': False, 'path': '/home/vinayak/ws_moveit2/src/launch_param_builder', 'symlink_install': False, 'test_result_base': None}
[0.673s] Level 5:colcon.colcon_core.verb:set package 'moveit_common' build argument 'cmake_args' from command line to 'None'
[0.673s] Level 5:colcon.colcon_core.verb:set package 'moveit_common' build argument 'cmake_target' from command line to 'None'
[0.673s] Level 5:colcon.colcon_core.verb:set package 'moveit_common' build argument 'cmake_target_skip_unavailable' from command line to 'False'
[0.673s] Level 5:colcon.colcon_core.verb:set package 'moveit_common' build argument 'cmake_clean_cache' from command line to 'False'
[0.673s] Level 5:colcon.colcon_core.verb:set package 'moveit_common' build argument 'cmake_clean_first' from command line to 'False'
[0.673s] Level 5:colcon.colcon_core.verb:set package 'moveit_common' build argument 'cmake_force_configure' from command line to 'False'
[0.673s] Level 5:colcon.colcon_core.verb:set package 'moveit_common' build argument 'ament_cmake_args' from command line to 'None'
[0.673s] Level 5:colcon.colcon_core.verb:set package 'moveit_common' build argument 'catkin_cmake_args' from command line to 'None'
[0.673s] Level 5:colcon.colcon_core.verb:set package 'moveit_common' build argument 'catkin_skip_building_tests' from command line to 'False'
[0.673s] DEBUG:colcon.colcon_core.verb:Building package 'moveit_common' with the following arguments: {'ament_cmake_args': None, 'build_base': '/home/vinayak/ws_moveit2/build/moveit_common', 'catkin_cmake_args': None, 'catkin_skip_building_tests': False, 'cmake_args': None, 'cmake_clean_cache': False, 'cmake_clean_first': False, 'cmake_force_configure': False, 'cmake_target': None, 'cmake_target_skip_unavailable': False, 'install_base': '/home/vinayak/ws_moveit2/install/moveit_common', 'merge_install': False, 'path': '/home/vinayak/ws_moveit2/src/moveit2/moveit_common', 'symlink_install': False, 'test_result_base': None}
[0.674s] Level 5:colcon.colcon_core.verb:set package 'moveit_resources_fanuc_description' build argument 'cmake_args' from command line to 'None'
[0.674s] Level 5:colcon.colcon_core.verb:set package 'moveit_resources_fanuc_description' build argument 'cmake_target' from command line to 'None'
[0.674s] Level 5:colcon.colcon_core.verb:set package 'moveit_resources_fanuc_description' build argument 'cmake_target_skip_unavailable' from command line to 'False'
[0.674s] Level 5:colcon.colcon_core.verb:set package 'moveit_resources_fanuc_description' build argument 'cmake_clean_cache' from command line to 'False'
[0.674s] Level 5:colcon.colcon_core.verb:set package 'moveit_resources_fanuc_description' build argument 'cmake_clean_first' from command line to 'False'
[0.674s] Level 5:colcon.colcon_core.verb:set package 'moveit_resources_fanuc_description' build argument 'cmake_force_configure' from command line to 'False'
[0.674s] Level 5:colcon.colcon_core.verb:set package 'moveit_resources_fanuc_description' build argument 'ament_cmake_args' from command line to 'None'
[0.674s] Level 5:colcon.colcon_core.verb:set package 'moveit_resources_fanuc_description' build argument 'catkin_cmake_args' from command line to 'None'
[0.674s] Level 5:colcon.colcon_core.verb:set package 'moveit_resources_fanuc_description' build argument 'catkin_skip_building_tests' from command line to 'False'
[0.674s] DEBUG:colcon.colcon_core.verb:Building package 'moveit_resources_fanuc_description' with the following arguments: {'ament_cmake_args': None, 'build_base': '/home/vinayak/ws_moveit2/build/moveit_resources_fanuc_description', 'catkin_cmake_args': None, 'catkin_skip_building_tests': False, 'cmake_args': None, 'cmake_clean_cache': False, 'cmake_clean_first': False, 'cmake_force_configure': False, 'cmake_target': None, 'cmake_target_skip_unavailable': False, 'install_base': '/home/vinayak/ws_moveit2/install/moveit_resources_fanuc_description', 'merge_install': False, 'path': '/home/vinayak/ws_moveit2/src/moveit_resources/fanuc_description', 'symlink_install': False, 'test_result_base': None}
[0.674s] Level 5:colcon.colcon_core.verb:set package 'moveit_resources_panda_description' build argument 'cmake_args' from command line to 'None'
[0.674s] Level 5:colcon.colcon_core.verb:set package 'moveit_resources_panda_description' build argument 'cmake_target' from command line to 'None'
[0.674s] Level 5:colcon.colcon_core.verb:set package 'moveit_resources_panda_description' build argument 'cmake_target_skip_unavailable' from command line to 'False'
[0.674s] Level 5:colcon.colcon_core.verb:set package 'moveit_resources_panda_description' build argument 'cmake_clean_cache' from command line to 'False'
[0.674s] Level 5:colcon.colcon_core.verb:set package 'moveit_resources_panda_description' build argument 'cmake_clean_first' from command line to 'False'
[0.674s] Level 5:colcon.colcon_core.verb:set package 'moveit_resources_panda_description' build argument 'cmake_force_configure' from command line to 'False'
[0.674s] Level 5:colcon.colcon_core.verb:set package 'moveit_resources_panda_description' build argument 'ament_cmake_args' from command line to 'None'
[0.674s] Level 5:colcon.colcon_core.verb:set package 'moveit_resources_panda_description' build argument 'catkin_cmake_args' from command line to 'None'
[0.674s] Level 5:colcon.colcon_core.verb:set package 'moveit_resources_panda_description' build argument 'catkin_skip_building_tests' from command line to 'False'
[0.674s] DEBUG:colcon.colcon_core.verb:Building package 'moveit_resources_panda_description' with the following arguments: {'ament_cmake_args': None, 'build_base': '/home/vinayak/ws_moveit2/build/moveit_resources_panda_description', 'catkin_cmake_args': None, 'catkin_skip_building_tests': False, 'cmake_args': None, 'cmake_clean_cache': False, 'cmake_clean_first': False, 'cmake_force_configure': False, 'cmake_target': None, 'cmake_target_skip_unavailable': False, 'install_base': '/home/vinayak/ws_moveit2/install/moveit_resources_panda_description', 'merge_install': False, 'path': '/home/vinayak/ws_moveit2/src/moveit_resources/panda_description', 'symlink_install': False, 'test_result_base': None}
[0.675s] Level 5:colcon.colcon_core.verb:set package 'moveit_resources_pr2_description' build argument 'cmake_args' from command line to 'None'
[0.675s] Level 5:colcon.colcon_core.verb:set package 'moveit_resources_pr2_description' build argument 'cmake_target' from command line to 'None'
[0.675s] Level 5:colcon.colcon_core.verb:set package 'moveit_resources_pr2_description' build argument 'cmake_target_skip_unavailable' from command line to 'False'
[0.675s] Level 5:colcon.colcon_core.verb:set package 'moveit_resources_pr2_description' build argument 'cmake_clean_cache' from command line to 'False'
[0.675s] Level 5:colcon.colcon_core.verb:set package 'moveit_resources_pr2_description' build argument 'cmake_clean_first' from command line to 'False'
[0.675s] Level 5:colcon.colcon_core.verb:set package 'moveit_resources_pr2_description' build argument 'cmake_force_configure' from command line to 'False'
[0.675s] Level 5:colcon.colcon_core.verb:set package 'moveit_resources_pr2_description' build argument 'ament_cmake_args' from command line to 'None'
[0.675s] Level 5:colcon.colcon_core.verb:set package 'moveit_resources_pr2_description' build argument 'catkin_cmake_args' from command line to 'None'
[0.675s] Level 5:colcon.colcon_core.verb:set package 'moveit_resources_pr2_description' build argument 'catkin_skip_building_tests' from command line to 'False'
[0.675s] DEBUG:colcon.colcon_core.verb:Building package 'moveit_resources_pr2_description' with the following arguments: {'ament_cmake_args': None, 'build_base': '/home/vinayak/ws_moveit2/build/moveit_resources_pr2_description', 'catkin_cmake_args': None, 'catkin_skip_building_tests': False, 'cmake_args': None, 'cmake_clean_cache': False, 'cmake_clean_first': False, 'cmake_force_configure': False, 'cmake_target': None, 'cmake_target_skip_unavailable': False, 'install_base': '/home/vinayak/ws_moveit2/install/moveit_resources_pr2_description', 'merge_install': False, 'path': '/home/vinayak/ws_moveit2/src/moveit_resources/pr2_description', 'symlink_install': False, 'test_result_base': None}
[0.675s] Level 5:colcon.colcon_core.verb:set package 'moveit_resources_prbt_support' build argument 'cmake_args' from command line to 'None'
[0.675s] Level 5:colcon.colcon_core.verb:set package 'moveit_resources_prbt_support' build argument 'cmake_target' from command line to 'None'
[0.675s] Level 5:colcon.colcon_core.verb:set package 'moveit_resources_prbt_support' build argument 'cmake_target_skip_unavailable' from command line to 'False'
[0.675s] Level 5:colcon.colcon_core.verb:set package 'moveit_resources_prbt_support' build argument 'cmake_clean_cache' from command line to 'False'
[0.675s] Level 5:colcon.colcon_core.verb:set package 'moveit_resources_prbt_support' build argument 'cmake_clean_first' from command line to 'False'
[0.675s] Level 5:colcon.colcon_core.verb:set package 'moveit_resources_prbt_support' build argument 'cmake_force_configure' from command line to 'False'
[0.675s] Level 5:colcon.colcon_core.verb:set package 'moveit_resources_prbt_support' build argument 'ament_cmake_args' from command line to 'None'
[0.675s] Level 5:colcon.colcon_core.verb:set package 'moveit_resources_prbt_support' build argument 'catkin_cmake_args' from command line to 'None'
[0.675s] Level 5:colcon.colcon_core.verb:set package 'moveit_resources_prbt_support' build argument 'catkin_skip_building_tests' from command line to 'False'
[0.675s] DEBUG:colcon.colcon_core.verb:Building package 'moveit_resources_prbt_support' with the following arguments: {'ament_cmake_args': None, 'build_base': '/home/vinayak/ws_moveit2/build/moveit_resources_prbt_support', 'catkin_cmake_args': None, 'catkin_skip_building_tests': False, 'cmake_args': None, 'cmake_clean_cache': False, 'cmake_clean_first': False, 'cmake_force_configure': False, 'cmake_target': None, 'cmake_target_skip_unavailable': False, 'install_base': '/home/vinayak/ws_moveit2/install/moveit_resources_prbt_support', 'merge_install': False, 'path': '/home/vinayak/ws_moveit2/src/moveit2/moveit_planners/test_configs/prbt_support', 'symlink_install': False, 'test_result_base': None}
[0.676s] Level 5:colcon.colcon_core.verb:set package 'moveit_task_constructor_msgs' build argument 'cmake_args' from command line to 'None'
[0.676s] Level 5:colcon.colcon_core.verb:set package 'moveit_task_constructor_msgs' build argument 'cmake_target' from command line to 'None'
[0.676s] Level 5:colcon.colcon_core.verb:set package 'moveit_task_constructor_msgs' build argument 'cmake_target_skip_unavailable' from command line to 'False'
[0.676s] Level 5:colcon.colcon_core.verb:set package 'moveit_task_constructor_msgs' build argument 'cmake_clean_cache' from command line to 'False'
[0.676s] Level 5:colcon.colcon_core.verb:set package 'moveit_task_constructor_msgs' build argument 'cmake_clean_first' from command line to 'False'
[0.676s] Level 5:colcon.colcon_core.verb:set package 'moveit_task_constructor_msgs' build argument 'cmake_force_configure' from command line to 'False'
[0.676s] Level 5:colcon.colcon_core.verb:set package 'moveit_task_constructor_msgs' build argument 'ament_cmake_args' from command line to 'None'
[0.676s] Level 5:colcon.colcon_core.verb:set package 'moveit_task_constructor_msgs' build argument 'catkin_cmake_args' from command line to 'None'
[0.676s] Level 5:colcon.colcon_core.verb:set package 'moveit_task_constructor_msgs' build argument 'catkin_skip_building_tests' from command line to 'False'
[0.676s] DEBUG:colcon.colcon_core.verb:Building package 'moveit_task_constructor_msgs' with the following arguments: {'ament_cmake_args': None, 'build_base': '/home/vinayak/ws_moveit2/build/moveit_task_constructor_msgs', 'catkin_cmake_args': None, 'catkin_skip_building_tests': False, 'cmake_args': None, 'cmake_clean_cache': False, 'cmake_clean_first': False, 'cmake_force_configure': False, 'cmake_target': None, 'cmake_target_skip_unavailable': False, 'install_base': '/home/vinayak/ws_moveit2/install/moveit_task_constructor_msgs', 'merge_install': False, 'path': '/home/vinayak/ws_moveit2/src/moveit_task_constructor/msgs', 'symlink_install': False, 'test_result_base': None}
[0.676s] Level 5:colcon.colcon_core.verb:set package 'rosparam_shortcuts' build argument 'cmake_args' from command line to 'None'
[0.676s] Level 5:colcon.colcon_core.verb:set package 'rosparam_shortcuts' build argument 'cmake_target' from command line to 'None'
[0.676s] Level 5:colcon.colcon_core.verb:set package 'rosparam_shortcuts' build argument 'cmake_target_skip_unavailable' from command line to 'False'
[0.676s] Level 5:colcon.colcon_core.verb:set package 'rosparam_shortcuts' build argument 'cmake_clean_cache' from command line to 'False'
[0.676s] Level 5:colcon.colcon_core.verb:set package 'rosparam_shortcuts' build argument 'cmake_clean_first' from command line to 'False'
[0.676s] Level 5:colcon.colcon_core.verb:set package 'rosparam_shortcuts' build argument 'cmake_force_configure' from command line to 'False'
[0.676s] Level 5:colcon.colcon_core.verb:set package 'rosparam_shortcuts' build argument 'ament_cmake_args' from command line to 'None'
[0.676s] Level 5:colcon.colcon_core.verb:set package 'rosparam_shortcuts' build argument 'catkin_cmake_args' from command line to 'None'
[0.676s] Level 5:colcon.colcon_core.verb:set package 'rosparam_shortcuts' build argument 'catkin_skip_building_tests' from command line to 'False'
[0.676s] DEBUG:colcon.colcon_core.verb:Building package 'rosparam_shortcuts' with the following arguments: {'ament_cmake_args': None, 'build_base': '/home/vinayak/ws_moveit2/build/rosparam_shortcuts', 'catkin_cmake_args': None, 'catkin_skip_building_tests': False, 'cmake_args': None, 'cmake_clean_cache': False, 'cmake_clean_first': False, 'cmake_force_configure': False, 'cmake_target': None, 'cmake_target_skip_unavailable': False, 'install_base': '/home/vinayak/ws_moveit2/install/rosparam_shortcuts', 'merge_install': False, 'path': '/home/vinayak/ws_moveit2/src/rosparam_shortcuts', 'symlink_install': False, 'test_result_base': None}
[0.677s] Level 5:colcon.colcon_core.verb:set package 'srdfdom' build argument 'cmake_args' from command line to 'None'
[0.677s] Level 5:colcon.colcon_core.verb:set package 'srdfdom' build argument 'cmake_target' from command line to 'None'
[0.677s] Level 5:colcon.colcon_core.verb:set package 'srdfdom' build argument 'cmake_target_skip_unavailable' from command line to 'False'
[0.677s] Level 5:colcon.colcon_core.verb:set package 'srdfdom' build argument 'cmake_clean_cache' from command line to 'False'
[0.677s] Level 5:colcon.colcon_core.verb:set package 'srdfdom' build argument 'cmake_clean_first' from command line to 'False'
[0.677s] Level 5:colcon.colcon_core.verb:set package 'srdfdom' build argument 'cmake_force_configure' from command line to 'False'
[0.677s] Level 5:colcon.colcon_core.verb:set package 'srdfdom' build argument 'ament_cmake_args' from command line to 'None'
[0.677s] Level 5:colcon.colcon_core.verb:set package 'srdfdom' build argument 'catkin_cmake_args' from command line to 'None'
[0.677s] Level 5:colcon.colcon_core.verb:set package 'srdfdom' build argument 'catkin_skip_building_tests' from command line to 'False'
[0.677s] DEBUG:colcon.colcon_core.verb:Building package 'srdfdom' with the following arguments: {'ament_cmake_args': None, 'build_base': '/home/vinayak/ws_moveit2/build/srdfdom', 'catkin_cmake_args': None, 'catkin_skip_building_tests': False, 'cmake_args': None, 'cmake_clean_cache': False, 'cmake_clean_first': False, 'cmake_force_configure': False, 'cmake_target': None, 'cmake_target_skip_unavailable': False, 'install_base': '/home/vinayak/ws_moveit2/install/srdfdom', 'merge_install': False, 'path': '/home/vinayak/ws_moveit2/src/srdfdom', 'symlink_install': False, 'test_result_base': None}
[0.677s] Level 5:colcon.colcon_core.verb:set package 'ur3e' build argument 'cmake_args' from command line to 'None'
[0.677s] Level 5:colcon.colcon_core.verb:set package 'ur3e' build argument 'cmake_target' from command line to 'None'
[0.677s] Level 5:colcon.colcon_core.verb:set package 'ur3e' build argument 'cmake_target_skip_unavailable' from command line to 'False'
[0.677s] Level 5:colcon.colcon_core.verb:set package 'ur3e' build argument 'cmake_clean_cache' from command line to 'False'
[0.677s] Level 5:colcon.colcon_core.verb:set package 'ur3e' build argument 'cmake_clean_first' from command line to 'False'
[0.677s] Level 5:colcon.colcon_core.verb:set package 'ur3e' build argument 'cmake_force_configure' from command line to 'False'
[0.677s] Level 5:colcon.colcon_core.verb:set package 'ur3e' build argument 'ament_cmake_args' from command line to 'None'
[0.677s] Level 5:colcon.colcon_core.verb:set package 'ur3e' build argument 'catkin_cmake_args' from command line to 'None'
[0.677s] Level 5:colcon.colcon_core.verb:set package 'ur3e' build argument 'catkin_skip_building_tests' from command line to 'False'
[0.677s] DEBUG:colcon.colcon_core.verb:Building package 'ur3e' with the following arguments: {'ament_cmake_args': None, 'build_base': '/home/vinayak/ws_moveit2/build/ur3e', 'catkin_cmake_args': None, 'catkin_skip_building_tests': False, 'cmake_args': None, 'cmake_clean_cache': False, 'cmake_clean_first': False, 'cmake_force_configure': False, 'cmake_target': None, 'cmake_target_skip_unavailable': False, 'install_base': '/home/vinayak/ws_moveit2/install/ur3e', 'merge_install': False, 'path': '/home/vinayak/ws_moveit2/src/ur3e', 'symlink_install': False, 'test_result_base': None}
[0.678s] Level 5:colcon.colcon_core.verb:set package 'ur3e_motion_package' build argument 'cmake_args' from command line to 'None'
[0.678s] Level 5:colcon.colcon_core.verb:set package 'ur3e_motion_package' build argument 'cmake_target' from command line to 'None'
[0.678s] Level 5:colcon.colcon_core.verb:set package 'ur3e_motion_package' build argument 'cmake_target_skip_unavailable' from command line to 'False'
[0.678s] Level 5:colcon.colcon_core.verb:set package 'ur3e_motion_package' build argument 'cmake_clean_cache' from command line to 'False'
[0.678s] Level 5:colcon.colcon_core.verb:set package 'ur3e_motion_package' build argument 'cmake_clean_first' from command line to 'False'
[0.678s] Level 5:colcon.colcon_core.verb:set package 'ur3e_motion_package' build argument 'cmake_force_configure' from command line to 'False'
[0.678s] Level 5:colcon.colcon_core.verb:set package 'ur3e_motion_package' build argument 'ament_cmake_args' from command line to 'None'
[0.678s] Level 5:colcon.colcon_core.verb:set package 'ur3e_motion_package' build argument 'catkin_cmake_args' from command line to 'None'
[0.678s] Level 5:colcon.colcon_core.verb:set package 'ur3e_motion_package' build argument 'catkin_skip_building_tests' from command line to 'False'
[0.678s] DEBUG:colcon.colcon_core.verb:Building package 'ur3e_motion_package' with the following arguments: {'ament_cmake_args': None, 'build_base': '/home/vinayak/ws_moveit2/build/ur3e_motion_package', 'catkin_cmake_args': None, 'catkin_skip_building_tests': False, 'cmake_args': None, 'cmake_clean_cache': False, 'cmake_clean_first': False, 'cmake_force_configure': False, 'cmake_target': None, 'cmake_target_skip_unavailable': False, 'install_base': '/home/vinayak/ws_moveit2/install/ur3e_motion_package', 'merge_install': False, 'path': '/home/vinayak/ws_moveit2/src/ur3e_motion_package', 'symlink_install': False, 'test_result_base': None}
[0.678s] Level 5:colcon.colcon_core.verb:set package 'ur_dashboard_msgs' build argument 'cmake_args' from command line to 'None'
[0.678s] Level 5:colcon.colcon_core.verb:set package 'ur_dashboard_msgs' build argument 'cmake_target' from command line to 'None'
[0.678s] Level 5:colcon.colcon_core.verb:set package 'ur_dashboard_msgs' build argument 'cmake_target_skip_unavailable' from command line to 'False'
[0.678s] Level 5:colcon.colcon_core.verb:set package 'ur_dashboard_msgs' build argument 'cmake_clean_cache' from command line to 'False'
[0.678s] Level 5:colcon.colcon_core.verb:set package 'ur_dashboard_msgs' build argument 'cmake_clean_first' from command line to 'False'
[0.678s] Level 5:colcon.colcon_core.verb:set package 'ur_dashboard_msgs' build argument 'cmake_force_configure' from command line to 'False'
[0.678s] Level 5:colcon.colcon_core.verb:set package 'ur_dashboard_msgs' build argument 'ament_cmake_args' from command line to 'None'
[0.678s] Level 5:colcon.colcon_core.verb:set package 'ur_dashboard_msgs' build argument 'catkin_cmake_args' from command line to 'None'
[0.678s] Level 5:colcon.colcon_core.verb:set package 'ur_dashboard_msgs' build argument 'catkin_skip_building_tests' from command line to 'False'
[0.678s] DEBUG:colcon.colcon_core.verb:Building package 'ur_dashboard_msgs' with the following arguments: {'ament_cmake_args': None, 'build_base': '/home/vinayak/ws_moveit2/build/ur_dashboard_msgs', 'catkin_cmake_args': None, 'catkin_skip_building_tests': False, 'cmake_args': None, 'cmake_clean_cache': False, 'cmake_clean_first': False, 'cmake_force_configure': False, 'cmake_target': None, 'cmake_target_skip_unavailable': False, 'install_base': '/home/vinayak/ws_moveit2/install/ur_dashboard_msgs', 'merge_install': False, 'path': '/home/vinayak/ws_moveit2/src/Universal_Robots_ROS2_Driver/ur_dashboard_msgs', 'symlink_install': False, 'test_result_base': None}
[0.679s] Level 5:colcon.colcon_core.verb:set package 'moveit_configs_utils' build argument 'cmake_args' from command line to 'None'
[0.679s] Level 5:colcon.colcon_core.verb:set package 'moveit_configs_utils' build argument 'cmake_target' from command line to 'None'
[0.679s] Level 5:colcon.colcon_core.verb:set package 'moveit_configs_utils' build argument 'cmake_target_skip_unavailable' from command line to 'False'
[0.679s] Level 5:colcon.colcon_core.verb:set package 'moveit_configs_utils' build argument 'cmake_clean_cache' from command line to 'False'
[0.679s] Level 5:colcon.colcon_core.verb:set package 'moveit_configs_utils' build argument 'cmake_clean_first' from command line to 'False'
[0.679s] Level 5:colcon.colcon_core.verb:set package 'moveit_configs_utils' build argument 'cmake_force_configure' from command line to 'False'
[0.679s] Level 5:colcon.colcon_core.verb:set package 'moveit_configs_utils' build argument 'ament_cmake_args' from command line to 'None'
[0.679s] Level 5:colcon.colcon_core.verb:set package 'moveit_configs_utils' build argument 'catkin_cmake_args' from command line to 'None'
[0.679s] Level 5:colcon.colcon_core.verb:set package 'moveit_configs_utils' build argument 'catkin_skip_building_tests' from command line to 'False'
[0.679s] DEBUG:colcon.colcon_core.verb:Building package 'moveit_configs_utils' with the following arguments: {'ament_cmake_args': None, 'build_base': '/home/vinayak/ws_moveit2/build/moveit_configs_utils', 'catkin_cmake_args': None, 'catkin_skip_building_tests': False, 'cmake_args': None, 'cmake_clean_cache': False, 'cmake_clean_first': False, 'cmake_force_configure': False, 'cmake_target': None, 'cmake_target_skip_unavailable': False, 'install_base': '/home/vinayak/ws_moveit2/install/moveit_configs_utils', 'merge_install': False, 'path': '/home/vinayak/ws_moveit2/src/moveit2/moveit_configs_utils', 'symlink_install': False, 'test_result_base': None}
[0.679s] Level 5:colcon.colcon_core.verb:set package 'moveit_resources_fanuc_moveit_config' build argument 'cmake_args' from command line to 'None'
[0.679s] Level 5:colcon.colcon_core.verb:set package 'moveit_resources_fanuc_moveit_config' build argument 'cmake_target' from command line to 'None'
[0.679s] Level 5:colcon.colcon_core.verb:set package 'moveit_resources_fanuc_moveit_config' build argument 'cmake_target_skip_unavailable' from command line to 'False'
[0.679s] Level 5:colcon.colcon_core.verb:set package 'moveit_resources_fanuc_moveit_config' build argument 'cmake_clean_cache' from command line to 'False'
[0.679s] Level 5:colcon.colcon_core.verb:set package 'moveit_resources_fanuc_moveit_config' build argument 'cmake_clean_first' from command line to 'False'
[0.679s] Level 5:colcon.colcon_core.verb:set package 'moveit_resources_fanuc_moveit_config' build argument 'cmake_force_configure' from command line to 'False'
[0.679s] Level 5:colcon.colcon_core.verb:set package 'moveit_resources_fanuc_moveit_config' build argument 'ament_cmake_args' from command line to 'None'
[0.679s] Level 5:colcon.colcon_core.verb:set package 'moveit_resources_fanuc_moveit_config' build argument 'catkin_cmake_args' from command line to 'None'
[0.679s] Level 5:colcon.colcon_core.verb:set package 'moveit_resources_fanuc_moveit_config' build argument 'catkin_skip_building_tests' from command line to 'False'
[0.679s] DEBUG:colcon.colcon_core.verb:Building package 'moveit_resources_fanuc_moveit_config' with the following arguments: {'ament_cmake_args': None, 'build_base': '/home/vinayak/ws_moveit2/build/moveit_resources_fanuc_moveit_config', 'catkin_cmake_args': None, 'catkin_skip_building_tests': False, 'cmake_args': None, 'cmake_clean_cache': False, 'cmake_clean_first': False, 'cmake_force_configure': False, 'cmake_target': None, 'cmake_target_skip_unavailable': False, 'install_base': '/home/vinayak/ws_moveit2/install/moveit_resources_fanuc_moveit_config', 'merge_install': False, 'path': '/home/vinayak/ws_moveit2/src/moveit_resources/fanuc_moveit_config', 'symlink_install': False, 'test_result_base': None}
[0.680s] Level 5:colcon.colcon_core.verb:set package 'moveit_resources_panda_moveit_config' build argument 'cmake_args' from command line to 'None'
[0.680s] Level 5:colcon.colcon_core.verb:set package 'moveit_resources_panda_moveit_config' build argument 'cmake_target' from command line to 'None'
[0.680s] Level 5:colcon.colcon_core.verb:set package 'moveit_resources_panda_moveit_config' build argument 'cmake_target_skip_unavailable' from command line to 'False'
[0.680s] Level 5:colcon.colcon_core.verb:set package 'moveit_resources_panda_moveit_config' build argument 'cmake_clean_cache' from command line to 'False'
[0.680s] Level 5:colcon.colcon_core.verb:set package 'moveit_resources_panda_moveit_config' build argument 'cmake_clean_first' from command line to 'False'
[0.680s] Level 5:colcon.colcon_core.verb:set package 'moveit_resources_panda_moveit_config' build argument 'cmake_force_configure' from command line to 'False'
[0.680s] Level 5:colcon.colcon_core.verb:set package 'moveit_resources_panda_moveit_config' build argument 'ament_cmake_args' from command line to 'None'
[0.680s] Level 5:colcon.colcon_core.verb:set package 'moveit_resources_panda_moveit_config' build argument 'catkin_cmake_args' from command line to 'None'
[0.680s] Level 5:colcon.colcon_core.verb:set package 'moveit_resources_panda_moveit_config' build argument 'catkin_skip_building_tests' from command line to 'False'
[0.680s] DEBUG:colcon.colcon_core.verb:Building package 'moveit_resources_panda_moveit_config' with the following arguments: {'ament_cmake_args': None, 'build_base': '/home/vinayak/ws_moveit2/build/moveit_resources_panda_moveit_config', 'catkin_cmake_args': None, 'catkin_skip_building_tests': False, 'cmake_args': None, 'cmake_clean_cache': False, 'cmake_clean_first': False, 'cmake_force_configure': False, 'cmake_target': None, 'cmake_target_skip_unavailable': False, 'install_base': '/home/vinayak/ws_moveit2/install/moveit_resources_panda_moveit_config', 'merge_install': False, 'path': '/home/vinayak/ws_moveit2/src/moveit_resources/panda_moveit_config', 'symlink_install': False, 'test_result_base': None}
[0.680s] Level 5:colcon.colcon_core.verb:set package 'rviz_marker_tools' build argument 'cmake_args' from command line to 'None'
[0.680s] Level 5:colcon.colcon_core.verb:set package 'rviz_marker_tools' build argument 'cmake_target' from command line to 'None'
[0.680s] Level 5:colcon.colcon_core.verb:set package 'rviz_marker_tools' build argument 'cmake_target_skip_unavailable' from command line to 'False'
[0.680s] Level 5:colcon.colcon_core.verb:set package 'rviz_marker_tools' build argument 'cmake_clean_cache' from command line to 'False'
[0.680s] Level 5:colcon.colcon_core.verb:set package 'rviz_marker_tools' build argument 'cmake_clean_first' from command line to 'False'
[0.680s] Level 5:colcon.colcon_core.verb:set package 'rviz_marker_tools' build argument 'cmake_force_configure' from command line to 'False'
[0.680s] Level 5:colcon.colcon_core.verb:set package 'rviz_marker_tools' build argument 'ament_cmake_args' from command line to 'None'
[0.680s] Level 5:colcon.colcon_core.verb:set package 'rviz_marker_tools' build argument 'catkin_cmake_args' from command line to 'None'
[0.680s] Level 5:colcon.colcon_core.verb:set package 'rviz_marker_tools' build argument 'catkin_skip_building_tests' from command line to 'False'
[0.680s] DEBUG:colcon.colcon_core.verb:Building package 'rviz_marker_tools' with the following arguments: {'ament_cmake_args': None, 'build_base': '/home/vinayak/ws_moveit2/build/rviz_marker_tools', 'catkin_cmake_args': None, 'catkin_skip_building_tests': False, 'cmake_args': None, 'cmake_clean_cache': False, 'cmake_clean_first': False, 'cmake_force_configure': False, 'cmake_target': None, 'cmake_target_skip_unavailable': False, 'install_base': '/home/vinayak/ws_moveit2/install/rviz_marker_tools', 'merge_install': False, 'path': '/home/vinayak/ws_moveit2/src/moveit_task_constructor/rviz_marker_tools', 'symlink_install': False, 'test_result_base': None}
[0.680s] Level 5:colcon.colcon_core.verb:set package 'ur_controllers' build argument 'cmake_args' from command line to 'None'
[0.681s] Level 5:colcon.colcon_core.verb:set package 'ur_controllers' build argument 'cmake_target' from command line to 'None'
[0.681s] Level 5:colcon.colcon_core.verb:set package 'ur_controllers' build argument 'cmake_target_skip_unavailable' from command line to 'False'
[0.681s] Level 5:colcon.colcon_core.verb:set package 'ur_controllers' build argument 'cmake_clean_cache' from command line to 'False'
[0.681s] Level 5:colcon.colcon_core.verb:set package 'ur_controllers' build argument 'cmake_clean_first' from command line to 'False'
[0.681s] Level 5:colcon.colcon_core.verb:set package 'ur_controllers' build argument 'cmake_force_configure' from command line to 'False'
[0.681s] Level 5:colcon.colcon_core.verb:set package 'ur_controllers' build argument 'ament_cmake_args' from command line to 'None'
[0.681s] Level 5:colcon.colcon_core.verb:set package 'ur_controllers' build argument 'catkin_cmake_args' from command line to 'None'
[0.681s] Level 5:colcon.colcon_core.verb:set package 'ur_controllers' build argument 'catkin_skip_building_tests' from command line to 'False'
[0.681s] DEBUG:colcon.colcon_core.verb:Building package 'ur_controllers' with the following arguments: {'ament_cmake_args': None, 'build_base': '/home/vinayak/ws_moveit2/build/ur_controllers', 'catkin_cmake_args': None, 'catkin_skip_building_tests': False, 'cmake_args': None, 'cmake_clean_cache': False, 'cmake_clean_first': False, 'cmake_force_configure': False, 'cmake_target': None, 'cmake_target_skip_unavailable': False, 'install_base': '/home/vinayak/ws_moveit2/install/ur_controllers', 'merge_install': False, 'path': '/home/vinayak/ws_moveit2/src/Universal_Robots_ROS2_Driver/ur_controllers', 'symlink_install': False, 'test_result_base': None}
[0.681s] Level 5:colcon.colcon_core.verb:set package 'moveit_core' build argument 'cmake_args' from command line to 'None'
[0.681s] Level 5:colcon.colcon_core.verb:set package 'moveit_core' build argument 'cmake_target' from command line to 'None'
[0.681s] Level 5:colcon.colcon_core.verb:set package 'moveit_core' build argument 'cmake_target_skip_unavailable' from command line to 'False'
[0.681s] Level 5:colcon.colcon_core.verb:set package 'moveit_core' build argument 'cmake_clean_cache' from command line to 'False'
[0.681s] Level 5:colcon.colcon_core.verb:set package 'moveit_core' build argument 'cmake_clean_first' from command line to 'False'
[0.681s] Level 5:colcon.colcon_core.verb:set package 'moveit_core' build argument 'cmake_force_configure' from command line to 'False'
[0.681s] Level 5:colcon.colcon_core.verb:set package 'moveit_core' build argument 'ament_cmake_args' from command line to 'None'
[0.681s] Level 5:colcon.colcon_core.verb:set package 'moveit_core' build argument 'catkin_cmake_args' from command line to 'None'
[0.681s] Level 5:colcon.colcon_core.verb:set package 'moveit_core' build argument 'catkin_skip_building_tests' from command line to 'False'
[0.681s] DEBUG:colcon.colcon_core.verb:Building package 'moveit_core' with the following arguments: {'ament_cmake_args': None, 'build_base': '/home/vinayak/ws_moveit2/build/moveit_core', 'catkin_cmake_args': None, 'catkin_skip_building_tests': False, 'cmake_args': None, 'cmake_clean_cache': False, 'cmake_clean_first': False, 'cmake_force_configure': False, 'cmake_target': None, 'cmake_target_skip_unavailable': False, 'install_base': '/home/vinayak/ws_moveit2/install/moveit_core', 'merge_install': False, 'path': '/home/vinayak/ws_moveit2/src/moveit2/moveit_core', 'symlink_install': False, 'test_result_base': None}
[0.681s] Level 5:colcon.colcon_core.verb:set package 'moveit_resources' build argument 'cmake_args' from command line to 'None'
[0.682s] Level 5:colcon.colcon_core.verb:set package 'moveit_resources' build argument 'cmake_target' from command line to 'None'
[0.682s] Level 5:colcon.colcon_core.verb:set package 'moveit_resources' build argument 'cmake_target_skip_unavailable' from command line to 'False'
[0.682s] Level 5:colcon.colcon_core.verb:set package 'moveit_resources' build argument 'cmake_clean_cache' from command line to 'False'
[0.682s] Level 5:colcon.colcon_core.verb:set package 'moveit_resources' build argument 'cmake_clean_first' from command line to 'False'
[0.682s] Level 5:colcon.colcon_core.verb:set package 'moveit_resources' build argument 'cmake_force_configure' from command line to 'False'
[0.682s] Level 5:colcon.colcon_core.verb:set package 'moveit_resources' build argument 'ament_cmake_args' from command line to 'None'
[0.682s] Level 5:colcon.colcon_core.verb:set package 'moveit_resources' build argument 'catkin_cmake_args' from command line to 'None'
[0.682s] Level 5:colcon.colcon_core.verb:set package 'moveit_resources' build argument 'catkin_skip_building_tests' from command line to 'False'
[0.682s] DEBUG:colcon.colcon_core.verb:Building package 'moveit_resources' with the following arguments: {'ament_cmake_args': None, 'build_base': '/home/vinayak/ws_moveit2/build/moveit_resources', 'catkin_cmake_args': None, 'catkin_skip_building_tests': False, 'cmake_args': None, 'cmake_clean_cache': False, 'cmake_clean_first': False, 'cmake_force_configure': False, 'cmake_target': None, 'cmake_target_skip_unavailable': False, 'install_base': '/home/vinayak/ws_moveit2/install/moveit_resources', 'merge_install': False, 'path': '/home/vinayak/ws_moveit2/src/moveit_resources/moveit_resources', 'symlink_install': False, 'test_result_base': None}
[0.682s] Level 5:colcon.colcon_core.verb:set package 'ur_bringup' build argument 'cmake_args' from command line to 'None'
[0.682s] Level 5:colcon.colcon_core.verb:set package 'ur_bringup' build argument 'cmake_target' from command line to 'None'
[0.682s] Level 5:colcon.colcon_core.verb:set package 'ur_bringup' build argument 'cmake_target_skip_unavailable' from command line to 'False'
[0.682s] Level 5:colcon.colcon_core.verb:set package 'ur_bringup' build argument 'cmake_clean_cache' from command line to 'False'
[0.682s] Level 5:colcon.colcon_core.verb:set package 'ur_bringup' build argument 'cmake_clean_first' from command line to 'False'
[0.682s] Level 5:colcon.colcon_core.verb:set package 'ur_bringup' build argument 'cmake_force_configure' from command line to 'False'
[0.682s] Level 5:colcon.colcon_core.verb:set package 'ur_bringup' build argument 'ament_cmake_args' from command line to 'None'
[0.682s] Level 5:colcon.colcon_core.verb:set package 'ur_bringup' build argument 'catkin_cmake_args' from command line to 'None'
[0.682s] Level 5:colcon.colcon_core.verb:set package 'ur_bringup' build argument 'catkin_skip_building_tests' from command line to 'False'
[0.682s] DEBUG:colcon.colcon_core.verb:Building package 'ur_bringup' with the following arguments: {'ament_cmake_args': None, 'build_base': '/home/vinayak/ws_moveit2/build/ur_bringup', 'catkin_cmake_args': None, 'catkin_skip_building_tests': False, 'cmake_args': None, 'cmake_clean_cache': False, 'cmake_clean_first': False, 'cmake_force_configure': False, 'cmake_target': None, 'cmake_target_skip_unavailable': False, 'install_base': '/home/vinayak/ws_moveit2/install/ur_bringup', 'merge_install': False, 'path': '/home/vinayak/ws_moveit2/src/Universal_Robots_ROS2_Driver/ur_bringup', 'symlink_install': False, 'test_result_base': None}
[0.682s] Level 5:colcon.colcon_core.verb:set package 'ur_robot_driver' build argument 'cmake_args' from command line to 'None'
[0.682s] Level 5:colcon.colcon_core.verb:set package 'ur_robot_driver' build argument 'cmake_target' from command line to 'None'
[0.682s] Level 5:colcon.colcon_core.verb:set package 'ur_robot_driver' build argument 'cmake_target_skip_unavailable' from command line to 'False'
[0.683s] Level 5:colcon.colcon_core.verb:set package 'ur_robot_driver' build argument 'cmake_clean_cache' from command line to 'False'
[0.683s] Level 5:colcon.colcon_core.verb:set package 'ur_robot_driver' build argument 'cmake_clean_first' from command line to 'False'
[0.683s] Level 5:colcon.colcon_core.verb:set package 'ur_robot_driver' build argument 'cmake_force_configure' from command line to 'False'
[0.683s] Level 5:colcon.colcon_core.verb:set package 'ur_robot_driver' build argument 'ament_cmake_args' from command line to 'None'
[0.683s] Level 5:colcon.colcon_core.verb:set package 'ur_robot_driver' build argument 'catkin_cmake_args' from command line to 'None'
[0.683s] Level 5:colcon.colcon_core.verb:set package 'ur_robot_driver' build argument 'catkin_skip_building_tests' from command line to 'False'
[0.683s] DEBUG:colcon.colcon_core.verb:Building package 'ur_robot_driver' with the following arguments: {'ament_cmake_args': None, 'build_base': '/home/vinayak/ws_moveit2/build/ur_robot_driver', 'catkin_cmake_args': None, 'catkin_skip_building_tests': False, 'cmake_args': None, 'cmake_clean_cache': False, 'cmake_clean_first': False, 'cmake_force_configure': False, 'cmake_target': None, 'cmake_target_skip_unavailable': False, 'install_base': '/home/vinayak/ws_moveit2/install/ur_robot_driver', 'merge_install': False, 'path': '/home/vinayak/ws_moveit2/src/Universal_Robots_ROS2_Driver/ur_robot_driver', 'symlink_install': False, 'test_result_base': None}
[0.683s] Level 5:colcon.colcon_core.verb:set package 'chomp_motion_planner' build argument 'cmake_args' from command line to 'None'
[0.683s] Level 5:colcon.colcon_core.verb:set package 'chomp_motion_planner' build argument 'cmake_target' from command line to 'None'
[0.683s] Level 5:colcon.colcon_core.verb:set package 'chomp_motion_planner' build argument 'cmake_target_skip_unavailable' from command line to 'False'
[0.683s] Level 5:colcon.colcon_core.verb:set package 'chomp_motion_planner' build argument 'cmake_clean_cache' from command line to 'False'
[0.683s] Level 5:colcon.colcon_core.verb:set package 'chomp_motion_planner' build argument 'cmake_clean_first' from command line to 'False'
[0.683s] Level 5:colcon.colcon_core.verb:set package 'chomp_motion_planner' build argument 'cmake_force_configure' from command line to 'False'
[0.683s] Level 5:colcon.colcon_core.verb:set package 'chomp_motion_planner' build argument 'ament_cmake_args' from command line to 'None'
[0.683s] Level 5:colcon.colcon_core.verb:set package 'chomp_motion_planner' build argument 'catkin_cmake_args' from command line to 'None'
[0.683s] Level 5:colcon.colcon_core.verb:set package 'chomp_motion_planner' build argument 'catkin_skip_building_tests' from command line to 'False'
[0.683s] DEBUG:colcon.colcon_core.verb:Building package 'chomp_motion_planner' with the following arguments: {'ament_cmake_args': None, 'build_base': '/home/vinayak/ws_moveit2/build/chomp_motion_planner', 'catkin_cmake_args': None, 'catkin_skip_building_tests': False, 'cmake_args': None, 'cmake_clean_cache': False, 'cmake_clean_first': False, 'cmake_force_configure': False, 'cmake_target': None, 'cmake_target_skip_unavailable': False, 'install_base': '/home/vinayak/ws_moveit2/install/chomp_motion_planner', 'merge_install': False, 'path': '/home/vinayak/ws_moveit2/src/moveit2/moveit_planners/chomp/chomp_motion_planner', 'symlink_install': False, 'test_result_base': None}
[0.683s] Level 5:colcon.colcon_core.verb:set package 'moveit_resources_prbt_ikfast_manipulator_plugin' build argument 'cmake_args' from command line to 'None'
[0.683s] Level 5:colcon.colcon_core.verb:set package 'moveit_resources_prbt_ikfast_manipulator_plugin' build argument 'cmake_target' from command line to 'None'
[0.683s] Level 5:colcon.colcon_core.verb:set package 'moveit_resources_prbt_ikfast_manipulator_plugin' build argument 'cmake_target_skip_unavailable' from command line to 'False'
[0.683s] Level 5:colcon.colcon_core.verb:set package 'moveit_resources_prbt_ikfast_manipulator_plugin' build argument 'cmake_clean_cache' from command line to 'False'
[0.683s] Level 5:colcon.colcon_core.verb:set package 'moveit_resources_prbt_ikfast_manipulator_plugin' build argument 'cmake_clean_first' from command line to 'False'
[0.684s] Level 5:colcon.colcon_core.verb:set package 'moveit_resources_prbt_ikfast_manipulator_plugin' build argument 'cmake_force_configure' from command line to 'False'
[0.684s] Level 5:colcon.colcon_core.verb:set package 'moveit_resources_prbt_ikfast_manipulator_plugin' build argument 'ament_cmake_args' from command line to 'None'
[0.684s] Level 5:colcon.colcon_core.verb:set package 'moveit_resources_prbt_ikfast_manipulator_plugin' build argument 'catkin_cmake_args' from command line to 'None'
[0.684s] Level 5:colcon.colcon_core.verb:set package 'moveit_resources_prbt_ikfast_manipulator_plugin' build argument 'catkin_skip_building_tests' from command line to 'False'
[0.684s] DEBUG:colcon.colcon_core.verb:Building package 'moveit_resources_prbt_ikfast_manipulator_plugin' with the following arguments: {'ament_cmake_args': None, 'build_base': '/home/vinayak/ws_moveit2/build/moveit_resources_prbt_ikfast_manipulator_plugin', 'catkin_cmake_args': None, 'catkin_skip_building_tests': False, 'cmake_args': None, 'cmake_clean_cache': False, 'cmake_clean_first': False, 'cmake_force_configure': False, 'cmake_target': None, 'cmake_target_skip_unavailable': False, 'install_base': '/home/vinayak/ws_moveit2/install/moveit_resources_prbt_ikfast_manipulator_plugin', 'merge_install': False, 'path': '/home/vinayak/ws_moveit2/src/moveit2/moveit_planners/test_configs/prbt_ikfast_manipulator_plugin', 'symlink_install': False, 'test_result_base': None}
[0.684s] Level 5:colcon.colcon_core.verb:set package 'moveit_ros_occupancy_map_monitor' build argument 'cmake_args' from command line to 'None'
[0.684s] Level 5:colcon.colcon_core.verb:set package 'moveit_ros_occupancy_map_monitor' build argument 'cmake_target' from command line to 'None'
[0.684s] Level 5:colcon.colcon_core.verb:set package 'moveit_ros_occupancy_map_monitor' build argument 'cmake_target_skip_unavailable' from command line to 'False'
[0.684s] Level 5:colcon.colcon_core.verb:set package 'moveit_ros_occupancy_map_monitor' build argument 'cmake_clean_cache' from command line to 'False'
[0.684s] Level 5:colcon.colcon_core.verb:set package 'moveit_ros_occupancy_map_monitor' build argument 'cmake_clean_first' from command line to 'False'
[0.684s] Level 5:colcon.colcon_core.verb:set package 'moveit_ros_occupancy_map_monitor' build argument 'cmake_force_configure' from command line to 'False'
[0.684s] Level 5:colcon.colcon_core.verb:set package 'moveit_ros_occupancy_map_monitor' build argument 'ament_cmake_args' from command line to 'None'
[0.684s] Level 5:colcon.colcon_core.verb:set package 'moveit_ros_occupancy_map_monitor' build argument 'catkin_cmake_args' from command line to 'None'
[0.684s] Level 5:colcon.colcon_core.verb:set package 'moveit_ros_occupancy_map_monitor' build argument 'catkin_skip_building_tests' from command line to 'False'
[0.684s] DEBUG:colcon.colcon_core.verb:Building package 'moveit_ros_occupancy_map_monitor' with the following arguments: {'ament_cmake_args': None, 'build_base': '/home/vinayak/ws_moveit2/build/moveit_ros_occupancy_map_monitor', 'catkin_cmake_args': None, 'catkin_skip_building_tests': False, 'cmake_args': None, 'cmake_clean_cache': False, 'cmake_clean_first': False, 'cmake_force_configure': False, 'cmake_target': None, 'cmake_target_skip_unavailable': False, 'install_base': '/home/vinayak/ws_moveit2/install/moveit_ros_occupancy_map_monitor', 'merge_install': False, 'path': '/home/vinayak/ws_moveit2/src/moveit2/moveit_ros/occupancy_map_monitor', 'symlink_install': False, 'test_result_base': None}
[0.684s] Level 5:colcon.colcon_core.verb:set package 'moveit_simple_controller_manager' build argument 'cmake_args' from command line to 'None'
[0.684s] Level 5:colcon.colcon_core.verb:set package 'moveit_simple_controller_manager' build argument 'cmake_target' from command line to 'None'
[0.684s] Level 5:colcon.colcon_core.verb:set package 'moveit_simple_controller_manager' build argument 'cmake_target_skip_unavailable' from command line to 'False'
[0.684s] Level 5:colcon.colcon_core.verb:set package 'moveit_simple_controller_manager' build argument 'cmake_clean_cache' from command line to 'False'
[0.684s] Level 5:colcon.colcon_core.verb:set package 'moveit_simple_controller_manager' build argument 'cmake_clean_first' from command line to 'False'
[0.684s] Level 5:colcon.colcon_core.verb:set package 'moveit_simple_controller_manager' build argument 'cmake_force_configure' from command line to 'False'
[0.684s] Level 5:colcon.colcon_core.verb:set package 'moveit_simple_controller_manager' build argument 'ament_cmake_args' from command line to 'None'
[0.684s] Level 5:colcon.colcon_core.verb:set package 'moveit_simple_controller_manager' build argument 'catkin_cmake_args' from command line to 'None'
[0.685s] Level 5:colcon.colcon_core.verb:set package 'moveit_simple_controller_manager' build argument 'catkin_skip_building_tests' from command line to 'False'
[0.685s] DEBUG:colcon.colcon_core.verb:Building package 'moveit_simple_controller_manager' with the following arguments: {'ament_cmake_args': None, 'build_base': '/home/vinayak/ws_moveit2/build/moveit_simple_controller_manager', 'catkin_cmake_args': None, 'catkin_skip_building_tests': False, 'cmake_args': None, 'cmake_clean_cache': False, 'cmake_clean_first': False, 'cmake_force_configure': False, 'cmake_target': None, 'cmake_target_skip_unavailable': False, 'install_base': '/home/vinayak/ws_moveit2/install/moveit_simple_controller_manager', 'merge_install': False, 'path': '/home/vinayak/ws_moveit2/src/moveit2/moveit_plugins/moveit_simple_controller_manager', 'symlink_install': False, 'test_result_base': None}
[0.685s] Level 5:colcon.colcon_core.verb:set package 'pilz_industrial_motion_planner_testutils' build argument 'cmake_args' from command line to 'None'
[0.685s] Level 5:colcon.colcon_core.verb:set package 'pilz_industrial_motion_planner_testutils' build argument 'cmake_target' from command line to 'None'
[0.685s] Level 5:colcon.colcon_core.verb:set package 'pilz_industrial_motion_planner_testutils' build argument 'cmake_target_skip_unavailable' from command line to 'False'
[0.685s] Level 5:colcon.colcon_core.verb:set package 'pilz_industrial_motion_planner_testutils' build argument 'cmake_clean_cache' from command line to 'False'
[0.685s] Level 5:colcon.colcon_core.verb:set package 'pilz_industrial_motion_planner_testutils' build argument 'cmake_clean_first' from command line to 'False'
[0.685s] Level 5:colcon.colcon_core.verb:set package 'pilz_industrial_motion_planner_testutils' build argument 'cmake_force_configure' from command line to 'False'
[0.685s] Level 5:colcon.colcon_core.verb:set package 'pilz_industrial_motion_planner_testutils' build argument 'ament_cmake_args' from command line to 'None'
[0.685s] Level 5:colcon.colcon_core.verb:set package 'pilz_industrial_motion_planner_testutils' build argument 'catkin_cmake_args' from command line to 'None'
[0.685s] Level 5:colcon.colcon_core.verb:set package 'pilz_industrial_motion_planner_testutils' build argument 'catkin_skip_building_tests' from command line to 'False'
[0.685s] DEBUG:colcon.colcon_core.verb:Building package 'pilz_industrial_motion_planner_testutils' with the following arguments: {'ament_cmake_args': None, 'build_base': '/home/vinayak/ws_moveit2/build/pilz_industrial_motion_planner_testutils', 'catkin_cmake_args': None, 'catkin_skip_building_tests': False, 'cmake_args': None, 'cmake_clean_cache': False, 'cmake_clean_first': False, 'cmake_force_configure': False, 'cmake_target': None, 'cmake_target_skip_unavailable': False, 'install_base': '/home/vinayak/ws_moveit2/install/pilz_industrial_motion_planner_testutils', 'merge_install': False, 'path': '/home/vinayak/ws_moveit2/src/moveit2/moveit_planners/pilz_industrial_motion_planner_testutils', 'symlink_install': False, 'test_result_base': None}
[0.685s] Level 5:colcon.colcon_core.verb:set package 'ur_calibration' build argument 'cmake_args' from command line to 'None'
[0.685s] Level 5:colcon.colcon_core.verb:set package 'ur_calibration' build argument 'cmake_target' from command line to 'None'
[0.685s] Level 5:colcon.colcon_core.verb:set package 'ur_calibration' build argument 'cmake_target_skip_unavailable' from command line to 'False'
[0.685s] Level 5:colcon.colcon_core.verb:set package 'ur_calibration' build argument 'cmake_clean_cache' from command line to 'False'
[0.685s] Level 5:colcon.colcon_core.verb:set package 'ur_calibration' build argument 'cmake_clean_first' from command line to 'False'
[0.685s] Level 5:colcon.colcon_core.verb:set package 'ur_calibration' build argument 'cmake_force_configure' from command line to 'False'
[0.685s] Level 5:colcon.colcon_core.verb:set package 'ur_calibration' build argument 'ament_cmake_args' from command line to 'None'
[0.685s] Level 5:colcon.colcon_core.verb:set package 'ur_calibration' build argument 'catkin_cmake_args' from command line to 'None'
[0.685s] Level 5:colcon.colcon_core.verb:set package 'ur_calibration' build argument 'catkin_skip_building_tests' from command line to 'False'
[0.685s] DEBUG:colcon.colcon_core.verb:Building package 'ur_calibration' with the following arguments: {'ament_cmake_args': None, 'build_base': '/home/vinayak/ws_moveit2/build/ur_calibration', 'catkin_cmake_args': None, 'catkin_skip_building_tests': False, 'cmake_args': None, 'cmake_clean_cache': False, 'cmake_clean_first': False, 'cmake_force_configure': False, 'cmake_target': None, 'cmake_target_skip_unavailable': False, 'install_base': '/home/vinayak/ws_moveit2/install/ur_calibration', 'merge_install': False, 'path': '/home/vinayak/ws_moveit2/src/Universal_Robots_ROS2_Driver/ur_calibration', 'symlink_install': False, 'test_result_base': None}
[0.686s] Level 5:colcon.colcon_core.verb:set package 'moveit_chomp_optimizer_adapter' build argument 'cmake_args' from command line to 'None'
[0.686s] Level 5:colcon.colcon_core.verb:set package 'moveit_chomp_optimizer_adapter' build argument 'cmake_target' from command line to 'None'
[0.686s] Level 5:colcon.colcon_core.verb:set package 'moveit_chomp_optimizer_adapter' build argument 'cmake_target_skip_unavailable' from command line to 'False'
[0.686s] Level 5:colcon.colcon_core.verb:set package 'moveit_chomp_optimizer_adapter' build argument 'cmake_clean_cache' from command line to 'False'
[0.686s] Level 5:colcon.colcon_core.verb:set package 'moveit_chomp_optimizer_adapter' build argument 'cmake_clean_first' from command line to 'False'
[0.686s] Level 5:colcon.colcon_core.verb:set package 'moveit_chomp_optimizer_adapter' build argument 'cmake_force_configure' from command line to 'False'
[0.686s] Level 5:colcon.colcon_core.verb:set package 'moveit_chomp_optimizer_adapter' build argument 'ament_cmake_args' from command line to 'None'
[0.686s] Level 5:colcon.colcon_core.verb:set package 'moveit_chomp_optimizer_adapter' build argument 'catkin_cmake_args' from command line to 'None'
[0.686s] Level 5:colcon.colcon_core.verb:set package 'moveit_chomp_optimizer_adapter' build argument 'catkin_skip_building_tests' from command line to 'False'
[0.686s] DEBUG:colcon.colcon_core.verb:Building package 'moveit_chomp_optimizer_adapter' with the following arguments: {'ament_cmake_args': None, 'build_base': '/home/vinayak/ws_moveit2/build/moveit_chomp_optimizer_adapter', 'catkin_cmake_args': None, 'catkin_skip_building_tests': False, 'cmake_args': None, 'cmake_clean_cache': False, 'cmake_clean_first': False, 'cmake_force_configure': False, 'cmake_target': None, 'cmake_target_skip_unavailable': False, 'install_base': '/home/vinayak/ws_moveit2/install/moveit_chomp_optimizer_adapter', 'merge_install': False, 'path': '/home/vinayak/ws_moveit2/src/moveit2/moveit_planners/chomp/chomp_optimizer_adapter', 'symlink_install': False, 'test_result_base': None}
[0.686s] Level 5:colcon.colcon_core.verb:set package 'moveit_planners_chomp' build argument 'cmake_args' from command line to 'None'
[0.686s] Level 5:colcon.colcon_core.verb:set package 'moveit_planners_chomp' build argument 'cmake_target' from command line to 'None'
[0.686s] Level 5:colcon.colcon_core.verb:set package 'moveit_planners_chomp' build argument 'cmake_target_skip_unavailable' from command line to 'False'
[0.686s] Level 5:colcon.colcon_core.verb:set package 'moveit_planners_chomp' build argument 'cmake_clean_cache' from command line to 'False'
[0.686s] Level 5:colcon.colcon_core.verb:set package 'moveit_planners_chomp' build argument 'cmake_clean_first' from command line to 'False'
[0.686s] Level 5:colcon.colcon_core.verb:set package 'moveit_planners_chomp' build argument 'cmake_force_configure' from command line to 'False'
[0.686s] Level 5:colcon.colcon_core.verb:set package 'moveit_planners_chomp' build argument 'ament_cmake_args' from command line to 'None'
[0.686s] Level 5:colcon.colcon_core.verb:set package 'moveit_planners_chomp' build argument 'catkin_cmake_args' from command line to 'None'
[0.686s] Level 5:colcon.colcon_core.verb:set package 'moveit_planners_chomp' build argument 'catkin_skip_building_tests' from command line to 'False'
[0.686s] DEBUG:colcon.colcon_core.verb:Building package 'moveit_planners_chomp' with the following arguments: {'ament_cmake_args': None, 'build_base': '/home/vinayak/ws_moveit2/build/moveit_planners_chomp', 'catkin_cmake_args': None, 'catkin_skip_building_tests': False, 'cmake_args': None, 'cmake_clean_cache': False, 'cmake_clean_first': False, 'cmake_force_configure': False, 'cmake_target': None, 'cmake_target_skip_unavailable': False, 'install_base': '/home/vinayak/ws_moveit2/install/moveit_planners_chomp', 'merge_install': False, 'path': '/home/vinayak/ws_moveit2/src/moveit2/moveit_planners/chomp/chomp_interface', 'symlink_install': False, 'test_result_base': None}
[0.687s] Level 5:colcon.colcon_core.verb:set package 'moveit_plugins' build argument 'cmake_args' from command line to 'None'
[0.687s] Level 5:colcon.colcon_core.verb:set package 'moveit_plugins' build argument 'cmake_target' from command line to 'None'
[0.687s] Level 5:colcon.colcon_core.verb:set package 'moveit_plugins' build argument 'cmake_target_skip_unavailable' from command line to 'False'
[0.687s] Level 5:colcon.colcon_core.verb:set package 'moveit_plugins' build argument 'cmake_clean_cache' from command line to 'False'
[0.687s] Level 5:colcon.colcon_core.verb:set package 'moveit_plugins' build argument 'cmake_clean_first' from command line to 'False'
[0.687s] Level 5:colcon.colcon_core.verb:set package 'moveit_plugins' build argument 'cmake_force_configure' from command line to 'False'
[0.687s] Level 5:colcon.colcon_core.verb:set package 'moveit_plugins' build argument 'ament_cmake_args' from command line to 'None'
[0.687s] Level 5:colcon.colcon_core.verb:set package 'moveit_plugins' build argument 'catkin_cmake_args' from command line to 'None'
[0.687s] Level 5:colcon.colcon_core.verb:set package 'moveit_plugins' build argument 'catkin_skip_building_tests' from command line to 'False'
[0.687s] DEBUG:colcon.colcon_core.verb:Building package 'moveit_plugins' with the following arguments: {'ament_cmake_args': None, 'build_base': '/home/vinayak/ws_moveit2/build/moveit_plugins', 'catkin_cmake_args': None, 'catkin_skip_building_tests': False, 'cmake_args': None, 'cmake_clean_cache': False, 'cmake_clean_first': False, 'cmake_force_configure': False, 'cmake_target': None, 'cmake_target_skip_unavailable': False, 'install_base': '/home/vinayak/ws_moveit2/install/moveit_plugins', 'merge_install': False, 'path': '/home/vinayak/ws_moveit2/src/moveit2/moveit_plugins/moveit_plugins', 'symlink_install': False, 'test_result_base': None}
[0.687s] Level 5:colcon.colcon_core.verb:set package 'moveit_ros_control_interface' build argument 'cmake_args' from command line to 'None'
[0.687s] Level 5:colcon.colcon_core.verb:set package 'moveit_ros_control_interface' build argument 'cmake_target' from command line to 'None'
[0.687s] Level 5:colcon.colcon_core.verb:set package 'moveit_ros_control_interface' build argument 'cmake_target_skip_unavailable' from command line to 'False'
[0.687s] Level 5:colcon.colcon_core.verb:set package 'moveit_ros_control_interface' build argument 'cmake_clean_cache' from command line to 'False'
[0.687s] Level 5:colcon.colcon_core.verb:set package 'moveit_ros_control_interface' build argument 'cmake_clean_first' from command line to 'False'
[0.687s] Level 5:colcon.colcon_core.verb:set package 'moveit_ros_control_interface' build argument 'cmake_force_configure' from command line to 'False'
[0.687s] Level 5:colcon.colcon_core.verb:set package 'moveit_ros_control_interface' build argument 'ament_cmake_args' from command line to 'None'
[0.687s] Level 5:colcon.colcon_core.verb:set package 'moveit_ros_control_interface' build argument 'catkin_cmake_args' from command line to 'None'
[0.687s] Level 5:colcon.colcon_core.verb:set package 'moveit_ros_control_interface' build argument 'catkin_skip_building_tests' from command line to 'False'
[0.687s] DEBUG:colcon.colcon_core.verb:Building package 'moveit_ros_control_interface' with the following arguments: {'ament_cmake_args': None, 'build_base': '/home/vinayak/ws_moveit2/build/moveit_ros_control_interface', 'catkin_cmake_args': None, 'catkin_skip_building_tests': False, 'cmake_args': None, 'cmake_clean_cache': False, 'cmake_clean_first': False, 'cmake_force_configure': False, 'cmake_target': None, 'cmake_target_skip_unavailable': False, 'install_base': '/home/vinayak/ws_moveit2/install/moveit_ros_control_interface', 'merge_install': False, 'path': '/home/vinayak/ws_moveit2/src/moveit2/moveit_plugins/moveit_ros_control_interface', 'symlink_install': False, 'test_result_base': None}
[0.688s] Level 5:colcon.colcon_core.verb:set package 'moveit_ros_planning' build argument 'cmake_args' from command line to 'None'
[0.688s] Level 5:colcon.colcon_core.verb:set package 'moveit_ros_planning' build argument 'cmake_target' from command line to 'None'
[0.688s] Level 5:colcon.colcon_core.verb:set package 'moveit_ros_planning' build argument 'cmake_target_skip_unavailable' from command line to 'False'
[0.688s] Level 5:colcon.colcon_core.verb:set package 'moveit_ros_planning' build argument 'cmake_clean_cache' from command line to 'False'
[0.688s] Level 5:colcon.colcon_core.verb:set package 'moveit_ros_planning' build argument 'cmake_clean_first' from command line to 'False'
[0.688s] Level 5:colcon.colcon_core.verb:set package 'moveit_ros_planning' build argument 'cmake_force_configure' from command line to 'False'
[0.688s] Level 5:colcon.colcon_core.verb:set package 'moveit_ros_planning' build argument 'ament_cmake_args' from command line to 'None'
[0.688s] Level 5:colcon.colcon_core.verb:set package 'moveit_ros_planning' build argument 'catkin_cmake_args' from command line to 'None'
[0.688s] Level 5:colcon.colcon_core.verb:set package 'moveit_ros_planning' build argument 'catkin_skip_building_tests' from command line to 'False'
[0.688s] DEBUG:colcon.colcon_core.verb:Building package 'moveit_ros_planning' with the following arguments: {'ament_cmake_args': None, 'build_base': '/home/vinayak/ws_moveit2/build/moveit_ros_planning', 'catkin_cmake_args': None, 'catkin_skip_building_tests': False, 'cmake_args': None, 'cmake_clean_cache': False, 'cmake_clean_first': False, 'cmake_force_configure': False, 'cmake_target': None, 'cmake_target_skip_unavailable': False, 'install_base': '/home/vinayak/ws_moveit2/install/moveit_ros_planning', 'merge_install': False, 'path': '/home/vinayak/ws_moveit2/src/moveit2/moveit_ros/planning', 'symlink_install': False, 'test_result_base': None}
[0.688s] Level 5:colcon.colcon_core.verb:set package 'moveit_kinematics' build argument 'cmake_args' from command line to 'None'
[0.688s] Level 5:colcon.colcon_core.verb:set package 'moveit_kinematics' build argument 'cmake_target' from command line to 'None'
[0.688s] Level 5:colcon.colcon_core.verb:set package 'moveit_kinematics' build argument 'cmake_target_skip_unavailable' from command line to 'False'
[0.688s] Level 5:colcon.colcon_core.verb:set package 'moveit_kinematics' build argument 'cmake_clean_cache' from command line to 'False'
[0.688s] Level 5:colcon.colcon_core.verb:set package 'moveit_kinematics' build argument 'cmake_clean_first' from command line to 'False'
[0.688s] Level 5:colcon.colcon_core.verb:set package 'moveit_kinematics' build argument 'cmake_force_configure' from command line to 'False'
[0.688s] Level 5:colcon.colcon_core.verb:set package 'moveit_kinematics' build argument 'ament_cmake_args' from command line to 'None'
[0.688s] Level 5:colcon.colcon_core.verb:set package 'moveit_kinematics' build argument 'catkin_cmake_args' from command line to 'None'
[0.688s] Level 5:colcon.colcon_core.verb:set package 'moveit_kinematics' build argument 'catkin_skip_building_tests' from command line to 'False'
[0.688s] DEBUG:colcon.colcon_core.verb:Building package 'moveit_kinematics' with the following arguments: {'ament_cmake_args': None, 'build_base': '/home/vinayak/ws_moveit2/build/moveit_kinematics', 'catkin_cmake_args': None, 'catkin_skip_building_tests': False, 'cmake_args': None, 'cmake_clean_cache': False, 'cmake_clean_first': False, 'cmake_force_configure': False, 'cmake_target': None, 'cmake_target_skip_unavailable': False, 'install_base': '/home/vinayak/ws_moveit2/install/moveit_kinematics', 'merge_install': False, 'path': '/home/vinayak/ws_moveit2/src/moveit2/moveit_kinematics', 'symlink_install': False, 'test_result_base': None}
[0.689s] Level 5:colcon.colcon_core.verb:set package 'moveit_planners_ompl' build argument 'cmake_args' from command line to 'None'
[0.689s] Level 5:colcon.colcon_core.verb:set package 'moveit_planners_ompl' build argument 'cmake_target' from command line to 'None'
[0.689s] Level 5:colcon.colcon_core.verb:set package 'moveit_planners_ompl' build argument 'cmake_target_skip_unavailable' from command line to 'False'
[0.689s] Level 5:colcon.colcon_core.verb:set package 'moveit_planners_ompl' build argument 'cmake_clean_cache' from command line to 'False'
[0.689s] Level 5:colcon.colcon_core.verb:set package 'moveit_planners_ompl' build argument 'cmake_clean_first' from command line to 'False'
[0.689s] Level 5:colcon.colcon_core.verb:set package 'moveit_planners_ompl' build argument 'cmake_force_configure' from command line to 'False'
[0.689s] Level 5:colcon.colcon_core.verb:set package 'moveit_planners_ompl' build argument 'ament_cmake_args' from command line to 'None'
[0.689s] Level 5:colcon.colcon_core.verb:set package 'moveit_planners_ompl' build argument 'catkin_cmake_args' from command line to 'None'
[0.689s] Level 5:colcon.colcon_core.verb:set package 'moveit_planners_ompl' build argument 'catkin_skip_building_tests' from command line to 'False'
[0.689s] DEBUG:colcon.colcon_core.verb:Building package 'moveit_planners_ompl' with the following arguments: {'ament_cmake_args': None, 'build_base': '/home/vinayak/ws_moveit2/build/moveit_planners_ompl', 'catkin_cmake_args': None, 'catkin_skip_building_tests': False, 'cmake_args': None, 'cmake_clean_cache': False, 'cmake_clean_first': False, 'cmake_force_configure': False, 'cmake_target': None, 'cmake_target_skip_unavailable': False, 'install_base': '/home/vinayak/ws_moveit2/install/moveit_planners_ompl', 'merge_install': False, 'path': '/home/vinayak/ws_moveit2/src/moveit2/moveit_planners/ompl', 'symlink_install': False, 'test_result_base': None}
[0.689s] Level 5:colcon.colcon_core.verb:set package 'moveit_ros_perception' build argument 'cmake_args' from command line to 'None'
[0.689s] Level 5:colcon.colcon_core.verb:set package 'moveit_ros_perception' build argument 'cmake_target' from command line to 'None'
[0.689s] Level 5:colcon.colcon_core.verb:set package 'moveit_ros_perception' build argument 'cmake_target_skip_unavailable' from command line to 'False'
[0.689s] Level 5:colcon.colcon_core.verb:set package 'moveit_ros_perception' build argument 'cmake_clean_cache' from command line to 'False'
[0.689s] Level 5:colcon.colcon_core.verb:set package 'moveit_ros_perception' build argument 'cmake_clean_first' from command line to 'False'
[0.689s] Level 5:colcon.colcon_core.verb:set package 'moveit_ros_perception' build argument 'cmake_force_configure' from command line to 'False'
[0.689s] Level 5:colcon.colcon_core.verb:set package 'moveit_ros_perception' build argument 'ament_cmake_args' from command line to 'None'
[0.689s] Level 5:colcon.colcon_core.verb:set package 'moveit_ros_perception' build argument 'catkin_cmake_args' from command line to 'None'
[0.689s] Level 5:colcon.colcon_core.verb:set package 'moveit_ros_perception' build argument 'catkin_skip_building_tests' from command line to 'False'
[0.689s] DEBUG:colcon.colcon_core.verb:Building package 'moveit_ros_perception' with the following arguments: {'ament_cmake_args': None, 'build_base': '/home/vinayak/ws_moveit2/build/moveit_ros_perception', 'catkin_cmake_args': None, 'catkin_skip_building_tests': False, 'cmake_args': None, 'cmake_clean_cache': False, 'cmake_clean_first': False, 'cmake_force_configure': False, 'cmake_target': None, 'cmake_target_skip_unavailable': False, 'install_base': '/home/vinayak/ws_moveit2/install/moveit_ros_perception', 'merge_install': False, 'path': '/home/vinayak/ws_moveit2/src/moveit2/moveit_ros/perception', 'symlink_install': False, 'test_result_base': None}
[0.690s] Level 5:colcon.colcon_core.verb:set package 'moveit_ros_robot_interaction' build argument 'cmake_args' from command line to 'None'
[0.690s] Level 5:colcon.colcon_core.verb:set package 'moveit_ros_robot_interaction' build argument 'cmake_target' from command line to 'None'
[0.690s] Level 5:colcon.colcon_core.verb:set package 'moveit_ros_robot_interaction' build argument 'cmake_target_skip_unavailable' from command line to 'False'
[0.690s] Level 5:colcon.colcon_core.verb:set package 'moveit_ros_robot_interaction' build argument 'cmake_clean_cache' from command line to 'False'
[0.690s] Level 5:colcon.colcon_core.verb:set package 'moveit_ros_robot_interaction' build argument 'cmake_clean_first' from command line to 'False'
[0.690s] Level 5:colcon.colcon_core.verb:set package 'moveit_ros_robot_interaction' build argument 'cmake_force_configure' from command line to 'False'
[0.690s] Level 5:colcon.colcon_core.verb:set package 'moveit_ros_robot_interaction' build argument 'ament_cmake_args' from command line to 'None'
[0.690s] Level 5:colcon.colcon_core.verb:set package 'moveit_ros_robot_interaction' build argument 'catkin_cmake_args' from command line to 'None'
[0.690s] Level 5:colcon.colcon_core.verb:set package 'moveit_ros_robot_interaction' build argument 'catkin_skip_building_tests' from command line to 'False'
[0.690s] DEBUG:colcon.colcon_core.verb:Building package 'moveit_ros_robot_interaction' with the following arguments: {'ament_cmake_args': None, 'build_base': '/home/vinayak/ws_moveit2/build/moveit_ros_robot_interaction', 'catkin_cmake_args': None, 'catkin_skip_building_tests': False, 'cmake_args': None, 'cmake_clean_cache': False, 'cmake_clean_first': False, 'cmake_force_configure': False, 'cmake_target': None, 'cmake_target_skip_unavailable': False, 'install_base': '/home/vinayak/ws_moveit2/install/moveit_ros_robot_interaction', 'merge_install': False, 'path': '/home/vinayak/ws_moveit2/src/moveit2/moveit_ros/robot_interaction', 'symlink_install': False, 'test_result_base': None}
[0.690s] Level 5:colcon.colcon_core.verb:set package 'moveit_ros_warehouse' build argument 'cmake_args' from command line to 'None'
[0.690s] Level 5:colcon.colcon_core.verb:set package 'moveit_ros_warehouse' build argument 'cmake_target' from command line to 'None'
[0.690s] Level 5:colcon.colcon_core.verb:set package 'moveit_ros_warehouse' build argument 'cmake_target_skip_unavailable' from command line to 'False'
[0.690s] Level 5:colcon.colcon_core.verb:set package 'moveit_ros_warehouse' build argument 'cmake_clean_cache' from command line to 'False'
[0.690s] Level 5:colcon.colcon_core.verb:set package 'moveit_ros_warehouse' build argument 'cmake_clean_first' from command line to 'False'
[0.690s] Level 5:colcon.colcon_core.verb:set package 'moveit_ros_warehouse' build argument 'cmake_force_configure' from command line to 'False'
[0.690s] Level 5:colcon.colcon_core.verb:set package 'moveit_ros_warehouse' build argument 'ament_cmake_args' from command line to 'None'
[0.690s] Level 5:colcon.colcon_core.verb:set package 'moveit_ros_warehouse' build argument 'catkin_cmake_args' from command line to 'None'
[0.690s] Level 5:colcon.colcon_core.verb:set package 'moveit_ros_warehouse' build argument 'catkin_skip_building_tests' from command line to 'False'
[0.690s] DEBUG:colcon.colcon_core.verb:Building package 'moveit_ros_warehouse' with the following arguments: {'ament_cmake_args': None, 'build_base': '/home/vinayak/ws_moveit2/build/moveit_ros_warehouse', 'catkin_cmake_args': None, 'catkin_skip_building_tests': False, 'cmake_args': None, 'cmake_clean_cache': False, 'cmake_clean_first': False, 'cmake_force_configure': False, 'cmake_target': None, 'cmake_target_skip_unavailable': False, 'install_base': '/home/vinayak/ws_moveit2/install/moveit_ros_warehouse', 'merge_install': False, 'path': '/home/vinayak/ws_moveit2/src/moveit2/moveit_ros/warehouse', 'symlink_install': False, 'test_result_base': None}
[0.691s] Level 5:colcon.colcon_core.verb:set package 'moveit_visual_tools' build argument 'cmake_args' from command line to 'None'
[0.691s] Level 5:colcon.colcon_core.verb:set package 'moveit_visual_tools' build argument 'cmake_target' from command line to 'None'
[0.691s] Level 5:colcon.colcon_core.verb:set package 'moveit_visual_tools' build argument 'cmake_target_skip_unavailable' from command line to 'False'
[0.691s] Level 5:colcon.colcon_core.verb:set package 'moveit_visual_tools' build argument 'cmake_clean_cache' from command line to 'False'
[0.691s] Level 5:colcon.colcon_core.verb:set package 'moveit_visual_tools' build argument 'cmake_clean_first' from command line to 'False'
[0.691s] Level 5:colcon.colcon_core.verb:set package 'moveit_visual_tools' build argument 'cmake_force_configure' from command line to 'False'
[0.691s] Level 5:colcon.colcon_core.verb:set package 'moveit_visual_tools' build argument 'ament_cmake_args' from command line to 'None'
[0.691s] Level 5:colcon.colcon_core.verb:set package 'moveit_visual_tools' build argument 'catkin_cmake_args' from command line to 'None'
[0.691s] Level 5:colcon.colcon_core.verb:set package 'moveit_visual_tools' build argument 'catkin_skip_building_tests' from command line to 'False'
[0.691s] DEBUG:colcon.colcon_core.verb:Building package 'moveit_visual_tools' with the following arguments: {'ament_cmake_args': None, 'build_base': '/home/vinayak/ws_moveit2/build/moveit_visual_tools', 'catkin_cmake_args': None, 'catkin_skip_building_tests': False, 'cmake_args': None, 'cmake_clean_cache': False, 'cmake_clean_first': False, 'cmake_force_configure': False, 'cmake_target': None, 'cmake_target_skip_unavailable': False, 'install_base': '/home/vinayak/ws_moveit2/install/moveit_visual_tools', 'merge_install': False, 'path': '/home/vinayak/ws_moveit2/src/moveit_visual_tools', 'symlink_install': False, 'test_result_base': None}
[0.691s] Level 5:colcon.colcon_core.verb:set package 'moveit_ros_benchmarks' build argument 'cmake_args' from command line to 'None'
[0.691s] Level 5:colcon.colcon_core.verb:set package 'moveit_ros_benchmarks' build argument 'cmake_target' from command line to 'None'
[0.691s] Level 5:colcon.colcon_core.verb:set package 'moveit_ros_benchmarks' build argument 'cmake_target_skip_unavailable' from command line to 'False'
[0.691s] Level 5:colcon.colcon_core.verb:set package 'moveit_ros_benchmarks' build argument 'cmake_clean_cache' from command line to 'False'
[0.691s] Level 5:colcon.colcon_core.verb:set package 'moveit_ros_benchmarks' build argument 'cmake_clean_first' from command line to 'False'
[0.691s] Level 5:colcon.colcon_core.verb:set package 'moveit_ros_benchmarks' build argument 'cmake_force_configure' from command line to 'False'
[0.691s] Level 5:colcon.colcon_core.verb:set package 'moveit_ros_benchmarks' build argument 'ament_cmake_args' from command line to 'None'
[0.691s] Level 5:colcon.colcon_core.verb:set package 'moveit_ros_benchmarks' build argument 'catkin_cmake_args' from command line to 'None'
[0.691s] Level 5:colcon.colcon_core.verb:set package 'moveit_ros_benchmarks' build argument 'catkin_skip_building_tests' from command line to 'False'
[0.691s] DEBUG:colcon.colcon_core.verb:Building package 'moveit_ros_benchmarks' with the following arguments: {'ament_cmake_args': None, 'build_base': '/home/vinayak/ws_moveit2/build/moveit_ros_benchmarks', 'catkin_cmake_args': None, 'catkin_skip_building_tests': False, 'cmake_args': None, 'cmake_clean_cache': False, 'cmake_clean_first': False, 'cmake_force_configure': False, 'cmake_target': None, 'cmake_target_skip_unavailable': False, 'install_base': '/home/vinayak/ws_moveit2/install/moveit_ros_benchmarks', 'merge_install': False, 'path': '/home/vinayak/ws_moveit2/src/moveit2/moveit_ros/benchmarks', 'symlink_install': False, 'test_result_base': None}
[0.692s] Level 5:colcon.colcon_core.verb:set package 'moveit_ros_move_group' build argument 'cmake_args' from command line to 'None'
[0.692s] Level 5:colcon.colcon_core.verb:set package 'moveit_ros_move_group' build argument 'cmake_target' from command line to 'None'
[0.692s] Level 5:colcon.colcon_core.verb:set package 'moveit_ros_move_group' build argument 'cmake_target_skip_unavailable' from command line to 'False'
[0.692s] Level 5:colcon.colcon_core.verb:set package 'moveit_ros_move_group' build argument 'cmake_clean_cache' from command line to 'False'
[0.692s] Level 5:colcon.colcon_core.verb:set package 'moveit_ros_move_group' build argument 'cmake_clean_first' from command line to 'False'
[0.692s] Level 5:colcon.colcon_core.verb:set package 'moveit_ros_move_group' build argument 'cmake_force_configure' from command line to 'False'
[0.692s] Level 5:colcon.colcon_core.verb:set package 'moveit_ros_move_group' build argument 'ament_cmake_args' from command line to 'None'
[0.692s] Level 5:colcon.colcon_core.verb:set package 'moveit_ros_move_group' build argument 'catkin_cmake_args' from command line to 'None'
[0.692s] Level 5:colcon.colcon_core.verb:set package 'moveit_ros_move_group' build argument 'catkin_skip_building_tests' from command line to 'False'
[0.692s] DEBUG:colcon.colcon_core.verb:Building package 'moveit_ros_move_group' with the following arguments: {'ament_cmake_args': None, 'build_base': '/home/vinayak/ws_moveit2/build/moveit_ros_move_group', 'catkin_cmake_args': None, 'catkin_skip_building_tests': False, 'cmake_args': None, 'cmake_clean_cache': False, 'cmake_clean_first': False, 'cmake_force_configure': False, 'cmake_target': None, 'cmake_target_skip_unavailable': False, 'install_base': '/home/vinayak/ws_moveit2/install/moveit_ros_move_group', 'merge_install': False, 'path': '/home/vinayak/ws_moveit2/src/moveit2/moveit_ros/move_group', 'symlink_install': False, 'test_result_base': None}
[0.692s] Level 5:colcon.colcon_core.verb:set package 'moveit_resources_prbt_moveit_config' build argument 'cmake_args' from command line to 'None'
[0.692s] Level 5:colcon.colcon_core.verb:set package 'moveit_resources_prbt_moveit_config' build argument 'cmake_target' from command line to 'None'
[0.692s] Level 5:colcon.colcon_core.verb:set package 'moveit_resources_prbt_moveit_config' build argument 'cmake_target_skip_unavailable' from command line to 'False'
[0.692s] Level 5:colcon.colcon_core.verb:set package 'moveit_resources_prbt_moveit_config' build argument 'cmake_clean_cache' from command line to 'False'
[0.692s] Level 5:colcon.colcon_core.verb:set package 'moveit_resources_prbt_moveit_config' build argument 'cmake_clean_first' from command line to 'False'
[0.692s] Level 5:colcon.colcon_core.verb:set package 'moveit_resources_prbt_moveit_config' build argument 'cmake_force_configure' from command line to 'False'
[0.692s] Level 5:colcon.colcon_core.verb:set package 'moveit_resources_prbt_moveit_config' build argument 'ament_cmake_args' from command line to 'None'
[0.692s] Level 5:colcon.colcon_core.verb:set package 'moveit_resources_prbt_moveit_config' build argument 'catkin_cmake_args' from command line to 'None'
[0.692s] Level 5:colcon.colcon_core.verb:set package 'moveit_resources_prbt_moveit_config' build argument 'catkin_skip_building_tests' from command line to 'False'
[0.692s] DEBUG:colcon.colcon_core.verb:Building package 'moveit_resources_prbt_moveit_config' with the following arguments: {'ament_cmake_args': None, 'build_base': '/home/vinayak/ws_moveit2/build/moveit_resources_prbt_moveit_config', 'catkin_cmake_args': None, 'catkin_skip_building_tests': False, 'cmake_args': None, 'cmake_clean_cache': False, 'cmake_clean_first': False, 'cmake_force_configure': False, 'cmake_target': None, 'cmake_target_skip_unavailable': False, 'install_base': '/home/vinayak/ws_moveit2/install/moveit_resources_prbt_moveit_config', 'merge_install': False, 'path': '/home/vinayak/ws_moveit2/src/moveit2/moveit_planners/test_configs/prbt_moveit_config', 'symlink_install': False, 'test_result_base': None}
[0.693s] Level 5:colcon.colcon_core.verb:set package 'moveit_ros_planning_interface' build argument 'cmake_args' from command line to 'None'
[0.693s] Level 5:colcon.colcon_core.verb:set package 'moveit_ros_planning_interface' build argument 'cmake_target' from command line to 'None'
[0.693s] Level 5:colcon.colcon_core.verb:set package 'moveit_ros_planning_interface' build argument 'cmake_target_skip_unavailable' from command line to 'False'
[0.693s] Level 5:colcon.colcon_core.verb:set package 'moveit_ros_planning_interface' build argument 'cmake_clean_cache' from command line to 'False'
[0.693s] Level 5:colcon.colcon_core.verb:set package 'moveit_ros_planning_interface' build argument 'cmake_clean_first' from command line to 'False'
[0.693s] Level 5:colcon.colcon_core.verb:set package 'moveit_ros_planning_interface' build argument 'cmake_force_configure' from command line to 'False'
[0.693s] Level 5:colcon.colcon_core.verb:set package 'moveit_ros_planning_interface' build argument 'ament_cmake_args' from command line to 'None'
[0.693s] Level 5:colcon.colcon_core.verb:set package 'moveit_ros_planning_interface' build argument 'catkin_cmake_args' from command line to 'None'
[0.693s] Level 5:colcon.colcon_core.verb:set package 'moveit_ros_planning_interface' build argument 'catkin_skip_building_tests' from command line to 'False'
[0.693s] DEBUG:colcon.colcon_core.verb:Building package 'moveit_ros_planning_interface' with the following arguments: {'ament_cmake_args': None, 'build_base': '/home/vinayak/ws_moveit2/build/moveit_ros_planning_interface', 'catkin_cmake_args': None, 'catkin_skip_building_tests': False, 'cmake_args': None, 'cmake_clean_cache': False, 'cmake_clean_first': False, 'cmake_force_configure': False, 'cmake_target': None, 'cmake_target_skip_unavailable': False, 'install_base': '/home/vinayak/ws_moveit2/install/moveit_ros_planning_interface', 'merge_install': False, 'path': '/home/vinayak/ws_moveit2/src/moveit2/moveit_ros/planning_interface', 'symlink_install': False, 'test_result_base': None}
[0.693s] Level 5:colcon.colcon_core.verb:set package 'moveit_hybrid_planning' build argument 'cmake_args' from command line to 'None'
[0.693s] Level 5:colcon.colcon_core.verb:set package 'moveit_hybrid_planning' build argument 'cmake_target' from command line to 'None'
[0.693s] Level 5:colcon.colcon_core.verb:set package 'moveit_hybrid_planning' build argument 'cmake_target_skip_unavailable' from command line to 'False'
[0.693s] Level 5:colcon.colcon_core.verb:set package 'moveit_hybrid_planning' build argument 'cmake_clean_cache' from command line to 'False'
[0.693s] Level 5:colcon.colcon_core.verb:set package 'moveit_hybrid_planning' build argument 'cmake_clean_first' from command line to 'False'
[0.693s] Level 5:colcon.colcon_core.verb:set package 'moveit_hybrid_planning' build argument 'cmake_force_configure' from command line to 'False'
[0.693s] Level 5:colcon.colcon_core.verb:set package 'moveit_hybrid_planning' build argument 'ament_cmake_args' from command line to 'None'
[0.693s] Level 5:colcon.colcon_core.verb:set package 'moveit_hybrid_planning' build argument 'catkin_cmake_args' from command line to 'None'
[0.693s] Level 5:colcon.colcon_core.verb:set package 'moveit_hybrid_planning' build argument 'catkin_skip_building_tests' from command line to 'False'
[0.693s] DEBUG:colcon.colcon_core.verb:Building package 'moveit_hybrid_planning' with the following arguments: {'ament_cmake_args': None, 'build_base': '/home/vinayak/ws_moveit2/build/moveit_hybrid_planning', 'catkin_cmake_args': None, 'catkin_skip_building_tests': False, 'cmake_args': None, 'cmake_clean_cache': False, 'cmake_clean_first': False, 'cmake_force_configure': False, 'cmake_target': None, 'cmake_target_skip_unavailable': False, 'install_base': '/home/vinayak/ws_moveit2/install/moveit_hybrid_planning', 'merge_install': False, 'path': '/home/vinayak/ws_moveit2/src/moveit2/moveit_ros/hybrid_planning', 'symlink_install': False, 'test_result_base': None}
[0.694s] Level 5:colcon.colcon_core.verb:set package 'moveit_resources_prbt_pg70_support' build argument 'cmake_args' from command line to 'None'
[0.694s] Level 5:colcon.colcon_core.verb:set package 'moveit_resources_prbt_pg70_support' build argument 'cmake_target' from command line to 'None'
[0.694s] Level 5:colcon.colcon_core.verb:set package 'moveit_resources_prbt_pg70_support' build argument 'cmake_target_skip_unavailable' from command line to 'False'
[0.694s] Level 5:colcon.colcon_core.verb:set package 'moveit_resources_prbt_pg70_support' build argument 'cmake_clean_cache' from command line to 'False'
[0.694s] Level 5:colcon.colcon_core.verb:set package 'moveit_resources_prbt_pg70_support' build argument 'cmake_clean_first' from command line to 'False'
[0.694s] Level 5:colcon.colcon_core.verb:set package 'moveit_resources_prbt_pg70_support' build argument 'cmake_force_configure' from command line to 'False'
[0.694s] Level 5:colcon.colcon_core.verb:set package 'moveit_resources_prbt_pg70_support' build argument 'ament_cmake_args' from command line to 'None'
[0.694s] Level 5:colcon.colcon_core.verb:set package 'moveit_resources_prbt_pg70_support' build argument 'catkin_cmake_args' from command line to 'None'
[0.694s] Level 5:colcon.colcon_core.verb:set package 'moveit_resources_prbt_pg70_support' build argument 'catkin_skip_building_tests' from command line to 'False'
[0.694s] DEBUG:colcon.colcon_core.verb:Building package 'moveit_resources_prbt_pg70_support' with the following arguments: {'ament_cmake_args': None, 'build_base': '/home/vinayak/ws_moveit2/build/moveit_resources_prbt_pg70_support', 'catkin_cmake_args': None, 'catkin_skip_building_tests': False, 'cmake_args': None, 'cmake_clean_cache': False, 'cmake_clean_first': False, 'cmake_force_configure': False, 'cmake_target': None, 'cmake_target_skip_unavailable': False, 'install_base': '/home/vinayak/ws_moveit2/install/moveit_resources_prbt_pg70_support', 'merge_install': False, 'path': '/home/vinayak/ws_moveit2/src/moveit2/moveit_planners/test_configs/prbt_pg70_support', 'symlink_install': False, 'test_result_base': None}
[0.694s] Level 5:colcon.colcon_core.verb:set package 'moveit_ros_visualization' build argument 'cmake_args' from command line to 'None'
[0.694s] Level 5:colcon.colcon_core.verb:set package 'moveit_ros_visualization' build argument 'cmake_target' from command line to 'None'
[0.694s] Level 5:colcon.colcon_core.verb:set package 'moveit_ros_visualization' build argument 'cmake_target_skip_unavailable' from command line to 'False'
[0.694s] Level 5:colcon.colcon_core.verb:set package 'moveit_ros_visualization' build argument 'cmake_clean_cache' from command line to 'False'
[0.694s] Level 5:colcon.colcon_core.verb:set package 'moveit_ros_visualization' build argument 'cmake_clean_first' from command line to 'False'
[0.694s] Level 5:colcon.colcon_core.verb:set package 'moveit_ros_visualization' build argument 'cmake_force_configure' from command line to 'False'
[0.694s] Level 5:colcon.colcon_core.verb:set package 'moveit_ros_visualization' build argument 'ament_cmake_args' from command line to 'None'
[0.694s] Level 5:colcon.colcon_core.verb:set package 'moveit_ros_visualization' build argument 'catkin_cmake_args' from command line to 'None'
[0.694s] Level 5:colcon.colcon_core.verb:set package 'moveit_ros_visualization' build argument 'catkin_skip_building_tests' from command line to 'False'
[0.694s] DEBUG:colcon.colcon_core.verb:Building package 'moveit_ros_visualization' with the following arguments: {'ament_cmake_args': None, 'build_base': '/home/vinayak/ws_moveit2/build/moveit_ros_visualization', 'catkin_cmake_args': None, 'catkin_skip_building_tests': False, 'cmake_args': None, 'cmake_clean_cache': False, 'cmake_clean_first': False, 'cmake_force_configure': False, 'cmake_target': None, 'cmake_target_skip_unavailable': False, 'install_base': '/home/vinayak/ws_moveit2/install/moveit_ros_visualization', 'merge_install': False, 'path': '/home/vinayak/ws_moveit2/src/moveit2/moveit_ros/visualization', 'symlink_install': False, 'test_result_base': None}
[0.695s] Level 5:colcon.colcon_core.verb:set package 'moveit_servo' build argument 'cmake_args' from command line to 'None'
[0.695s] Level 5:colcon.colcon_core.verb:set package 'moveit_servo' build argument 'cmake_target' from command line to 'None'
[0.695s] Level 5:colcon.colcon_core.verb:set package 'moveit_servo' build argument 'cmake_target_skip_unavailable' from command line to 'False'
[0.695s] Level 5:colcon.colcon_core.verb:set package 'moveit_servo' build argument 'cmake_clean_cache' from command line to 'False'
[0.695s] Level 5:colcon.colcon_core.verb:set package 'moveit_servo' build argument 'cmake_clean_first' from command line to 'False'
[0.695s] Level 5:colcon.colcon_core.verb:set package 'moveit_servo' build argument 'cmake_force_configure' from command line to 'False'
[0.695s] Level 5:colcon.colcon_core.verb:set package 'moveit_servo' build argument 'ament_cmake_args' from command line to 'None'
[0.695s] Level 5:colcon.colcon_core.verb:set package 'moveit_servo' build argument 'catkin_cmake_args' from command line to 'None'
[0.695s] Level 5:colcon.colcon_core.verb:set package 'moveit_servo' build argument 'catkin_skip_building_tests' from command line to 'False'
[0.695s] DEBUG:colcon.colcon_core.verb:Building package 'moveit_servo' with the following arguments: {'ament_cmake_args': None, 'build_base': '/home/vinayak/ws_moveit2/build/moveit_servo', 'catkin_cmake_args': None, 'catkin_skip_building_tests': False, 'cmake_args': None, 'cmake_clean_cache': False, 'cmake_clean_first': False, 'cmake_force_configure': False, 'cmake_target': None, 'cmake_target_skip_unavailable': False, 'install_base': '/home/vinayak/ws_moveit2/install/moveit_servo', 'merge_install': False, 'path': '/home/vinayak/ws_moveit2/src/moveit2/moveit_ros/moveit_servo', 'symlink_install': False, 'test_result_base': None}
[0.695s] Level 5:colcon.colcon_core.verb:set package 'moveit_ros' build argument 'cmake_args' from command line to 'None'
[0.695s] Level 5:colcon.colcon_core.verb:set package 'moveit_ros' build argument 'cmake_target' from command line to 'None'
[0.695s] Level 5:colcon.colcon_core.verb:set package 'moveit_ros' build argument 'cmake_target_skip_unavailable' from command line to 'False'
[0.695s] Level 5:colcon.colcon_core.verb:set package 'moveit_ros' build argument 'cmake_clean_cache' from command line to 'False'
[0.695s] Level 5:colcon.colcon_core.verb:set package 'moveit_ros' build argument 'cmake_clean_first' from command line to 'False'
[0.695s] Level 5:colcon.colcon_core.verb:set package 'moveit_ros' build argument 'cmake_force_configure' from command line to 'False'
[0.695s] Level 5:colcon.colcon_core.verb:set package 'moveit_ros' build argument 'ament_cmake_args' from command line to 'None'
[0.695s] Level 5:colcon.colcon_core.verb:set package 'moveit_ros' build argument 'catkin_cmake_args' from command line to 'None'
[0.695s] Level 5:colcon.colcon_core.verb:set package 'moveit_ros' build argument 'catkin_skip_building_tests' from command line to 'False'
[0.695s] DEBUG:colcon.colcon_core.verb:Building package 'moveit_ros' with the following arguments: {'ament_cmake_args': None, 'build_base': '/home/vinayak/ws_moveit2/build/moveit_ros', 'catkin_cmake_args': None, 'catkin_skip_building_tests': False, 'cmake_args': None, 'cmake_clean_cache': False, 'cmake_clean_first': False, 'cmake_force_configure': False, 'cmake_target': None, 'cmake_target_skip_unavailable': False, 'install_base': '/home/vinayak/ws_moveit2/install/moveit_ros', 'merge_install': False, 'path': '/home/vinayak/ws_moveit2/src/moveit2/moveit_ros/moveit_ros', 'symlink_install': False, 'test_result_base': None}
[0.696s] Level 5:colcon.colcon_core.verb:set package 'moveit_setup_framework' build argument 'cmake_args' from command line to 'None'
[0.696s] Level 5:colcon.colcon_core.verb:set package 'moveit_setup_framework' build argument 'cmake_target' from command line to 'None'
[0.696s] Level 5:colcon.colcon_core.verb:set package 'moveit_setup_framework' build argument 'cmake_target_skip_unavailable' from command line to 'False'
[0.696s] Level 5:colcon.colcon_core.verb:set package 'moveit_setup_framework' build argument 'cmake_clean_cache' from command line to 'False'
[0.696s] Level 5:colcon.colcon_core.verb:set package 'moveit_setup_framework' build argument 'cmake_clean_first' from command line to 'False'
[0.696s] Level 5:colcon.colcon_core.verb:set package 'moveit_setup_framework' build argument 'cmake_force_configure' from command line to 'False'
[0.696s] Level 5:colcon.colcon_core.verb:set package 'moveit_setup_framework' build argument 'ament_cmake_args' from command line to 'None'
[0.696s] Level 5:colcon.colcon_core.verb:set package 'moveit_setup_framework' build argument 'catkin_cmake_args' from command line to 'None'
[0.696s] Level 5:colcon.colcon_core.verb:set package 'moveit_setup_framework' build argument 'catkin_skip_building_tests' from command line to 'False'
[0.696s] DEBUG:colcon.colcon_core.verb:Building package 'moveit_setup_framework' with the following arguments: {'ament_cmake_args': None, 'build_base': '/home/vinayak/ws_moveit2/build/moveit_setup_framework', 'catkin_cmake_args': None, 'catkin_skip_building_tests': False, 'cmake_args': None, 'cmake_clean_cache': False, 'cmake_clean_first': False, 'cmake_force_configure': False, 'cmake_target': None, 'cmake_target_skip_unavailable': False, 'install_base': '/home/vinayak/ws_moveit2/install/moveit_setup_framework', 'merge_install': False, 'path': '/home/vinayak/ws_moveit2/src/moveit2/moveit_setup_assistant/moveit_setup_framework', 'symlink_install': False, 'test_result_base': None}
[0.696s] Level 5:colcon.colcon_core.verb:set package 'pilz_industrial_motion_planner' build argument 'cmake_args' from command line to 'None'
[0.696s] Level 5:colcon.colcon_core.verb:set package 'pilz_industrial_motion_planner' build argument 'cmake_target' from command line to 'None'
[0.696s] Level 5:colcon.colcon_core.verb:set package 'pilz_industrial_motion_planner' build argument 'cmake_target_skip_unavailable' from command line to 'False'
[0.696s] Level 5:colcon.colcon_core.verb:set package 'pilz_industrial_motion_planner' build argument 'cmake_clean_cache' from command line to 'False'
[0.696s] Level 5:colcon.colcon_core.verb:set package 'pilz_industrial_motion_planner' build argument 'cmake_clean_first' from command line to 'False'
[0.696s] Level 5:colcon.colcon_core.verb:set package 'pilz_industrial_motion_planner' build argument 'cmake_force_configure' from command line to 'False'
[0.696s] Level 5:colcon.colcon_core.verb:set package 'pilz_industrial_motion_planner' build argument 'ament_cmake_args' from command line to 'None'
[0.696s] Level 5:colcon.colcon_core.verb:set package 'pilz_industrial_motion_planner' build argument 'catkin_cmake_args' from command line to 'None'
[0.696s] Level 5:colcon.colcon_core.verb:set package 'pilz_industrial_motion_planner' build argument 'catkin_skip_building_tests' from command line to 'False'
[0.696s] DEBUG:colcon.colcon_core.verb:Building package 'pilz_industrial_motion_planner' with the following arguments: {'ament_cmake_args': None, 'build_base': '/home/vinayak/ws_moveit2/build/pilz_industrial_motion_planner', 'catkin_cmake_args': None, 'catkin_skip_building_tests': False, 'cmake_args': None, 'cmake_clean_cache': False, 'cmake_clean_first': False, 'cmake_force_configure': False, 'cmake_target': None, 'cmake_target_skip_unavailable': False, 'install_base': '/home/vinayak/ws_moveit2/install/pilz_industrial_motion_planner', 'merge_install': False, 'path': '/home/vinayak/ws_moveit2/src/moveit2/moveit_planners/pilz_industrial_motion_planner', 'symlink_install': False, 'test_result_base': None}
[0.697s] Level 5:colcon.colcon_core.verb:set package 'ur_moveit_config' build argument 'cmake_args' from command line to 'None'
[0.697s] Level 5:colcon.colcon_core.verb:set package 'ur_moveit_config' build argument 'cmake_target' from command line to 'None'
[0.697s] Level 5:colcon.colcon_core.verb:set package 'ur_moveit_config' build argument 'cmake_target_skip_unavailable' from command line to 'False'
[0.697s] Level 5:colcon.colcon_core.verb:set package 'ur_moveit_config' build argument 'cmake_clean_cache' from command line to 'False'
[0.697s] Level 5:colcon.colcon_core.verb:set package 'ur_moveit_config' build argument 'cmake_clean_first' from command line to 'False'
[0.697s] Level 5:colcon.colcon_core.verb:set package 'ur_moveit_config' build argument 'cmake_force_configure' from command line to 'False'
[0.697s] Level 5:colcon.colcon_core.verb:set package 'ur_moveit_config' build argument 'ament_cmake_args' from command line to 'None'
[0.697s] Level 5:colcon.colcon_core.verb:set package 'ur_moveit_config' build argument 'catkin_cmake_args' from command line to 'None'
[0.697s] Level 5:colcon.colcon_core.verb:set package 'ur_moveit_config' build argument 'catkin_skip_building_tests' from command line to 'False'
[0.697s] DEBUG:colcon.colcon_core.verb:Building package 'ur_moveit_config' with the following arguments: {'ament_cmake_args': None, 'build_base': '/home/vinayak/ws_moveit2/build/ur_moveit_config', 'catkin_cmake_args': None, 'catkin_skip_building_tests': False, 'cmake_args': None, 'cmake_clean_cache': False, 'cmake_clean_first': False, 'cmake_force_configure': False, 'cmake_target': None, 'cmake_target_skip_unavailable': False, 'install_base': '/home/vinayak/ws_moveit2/install/ur_moveit_config', 'merge_install': False, 'path': '/home/vinayak/ws_moveit2/src/Universal_Robots_ROS2_Driver/ur_moveit_config', 'symlink_install': False, 'test_result_base': None}
[0.697s] Level 5:colcon.colcon_core.verb:set package 'moveit_planners' build argument 'cmake_args' from command line to 'None'
[0.697s] Level 5:colcon.colcon_core.verb:set package 'moveit_planners' build argument 'cmake_target' from command line to 'None'
[0.697s] Level 5:colcon.colcon_core.verb:set package 'moveit_planners' build argument 'cmake_target_skip_unavailable' from command line to 'False'
[0.697s] Level 5:colcon.colcon_core.verb:set package 'moveit_planners' build argument 'cmake_clean_cache' from command line to 'False'
[0.697s] Level 5:colcon.colcon_core.verb:set package 'moveit_planners' build argument 'cmake_clean_first' from command line to 'False'
[0.697s] Level 5:colcon.colcon_core.verb:set package 'moveit_planners' build argument 'cmake_force_configure' from command line to 'False'
[0.697s] Level 5:colcon.colcon_core.verb:set package 'moveit_planners' build argument 'ament_cmake_args' from command line to 'None'
[0.697s] Level 5:colcon.colcon_core.verb:set package 'moveit_planners' build argument 'catkin_cmake_args' from command line to 'None'
[0.697s] Level 5:colcon.colcon_core.verb:set package 'moveit_planners' build argument 'catkin_skip_building_tests' from command line to 'False'
[0.697s] DEBUG:colcon.colcon_core.verb:Building package 'moveit_planners' with the following arguments: {'ament_cmake_args': None, 'build_base': '/home/vinayak/ws_moveit2/build/moveit_planners', 'catkin_cmake_args': None, 'catkin_skip_building_tests': False, 'cmake_args': None, 'cmake_clean_cache': False, 'cmake_clean_first': False, 'cmake_force_configure': False, 'cmake_target': None, 'cmake_target_skip_unavailable': False, 'install_base': '/home/vinayak/ws_moveit2/install/moveit_planners', 'merge_install': False, 'path': '/home/vinayak/ws_moveit2/src/moveit2/moveit_planners/moveit_planners', 'symlink_install': False, 'test_result_base': None}
[0.698s] Level 5:colcon.colcon_core.verb:set package 'moveit_setup_app_plugins' build argument 'cmake_args' from command line to 'None'
[0.698s] Level 5:colcon.colcon_core.verb:set package 'moveit_setup_app_plugins' build argument 'cmake_target' from command line to 'None'
[0.698s] Level 5:colcon.colcon_core.verb:set package 'moveit_setup_app_plugins' build argument 'cmake_target_skip_unavailable' from command line to 'False'
[0.698s] Level 5:colcon.colcon_core.verb:set package 'moveit_setup_app_plugins' build argument 'cmake_clean_cache' from command line to 'False'
[0.698s] Level 5:colcon.colcon_core.verb:set package 'moveit_setup_app_plugins' build argument 'cmake_clean_first' from command line to 'False'
[0.698s] Level 5:colcon.colcon_core.verb:set package 'moveit_setup_app_plugins' build argument 'cmake_force_configure' from command line to 'False'
[0.698s] Level 5:colcon.colcon_core.verb:set package 'moveit_setup_app_plugins' build argument 'ament_cmake_args' from command line to 'None'
[0.698s] Level 5:colcon.colcon_core.verb:set package 'moveit_setup_app_plugins' build argument 'catkin_cmake_args' from command line to 'None'
[0.698s] Level 5:colcon.colcon_core.verb:set package 'moveit_setup_app_plugins' build argument 'catkin_skip_building_tests' from command line to 'False'
[0.698s] DEBUG:colcon.colcon_core.verb:Building package 'moveit_setup_app_plugins' with the following arguments: {'ament_cmake_args': None, 'build_base': '/home/vinayak/ws_moveit2/build/moveit_setup_app_plugins', 'catkin_cmake_args': None, 'catkin_skip_building_tests': False, 'cmake_args': None, 'cmake_clean_cache': False, 'cmake_clean_first': False, 'cmake_force_configure': False, 'cmake_target': None, 'cmake_target_skip_unavailable': False, 'install_base': '/home/vinayak/ws_moveit2/install/moveit_setup_app_plugins', 'merge_install': False, 'path': '/home/vinayak/ws_moveit2/src/moveit2/moveit_setup_assistant/moveit_setup_app_plugins', 'symlink_install': False, 'test_result_base': None}
[0.698s] Level 5:colcon.colcon_core.verb:set package 'moveit_setup_controllers' build argument 'cmake_args' from command line to 'None'
[0.698s] Level 5:colcon.colcon_core.verb:set package 'moveit_setup_controllers' build argument 'cmake_target' from command line to 'None'
[0.698s] Level 5:colcon.colcon_core.verb:set package 'moveit_setup_controllers' build argument 'cmake_target_skip_unavailable' from command line to 'False'
[0.698s] Level 5:colcon.colcon_core.verb:set package 'moveit_setup_controllers' build argument 'cmake_clean_cache' from command line to 'False'
[0.698s] Level 5:colcon.colcon_core.verb:set package 'moveit_setup_controllers' build argument 'cmake_clean_first' from command line to 'False'
[0.698s] Level 5:colcon.colcon_core.verb:set package 'moveit_setup_controllers' build argument 'cmake_force_configure' from command line to 'False'
[0.698s] Level 5:colcon.colcon_core.verb:set package 'moveit_setup_controllers' build argument 'ament_cmake_args' from command line to 'None'
[0.698s] Level 5:colcon.colcon_core.verb:set package 'moveit_setup_controllers' build argument 'catkin_cmake_args' from command line to 'None'
[0.698s] Level 5:colcon.colcon_core.verb:set package 'moveit_setup_controllers' build argument 'catkin_skip_building_tests' from command line to 'False'
[0.698s] DEBUG:colcon.colcon_core.verb:Building package 'moveit_setup_controllers' with the following arguments: {'ament_cmake_args': None, 'build_base': '/home/vinayak/ws_moveit2/build/moveit_setup_controllers', 'catkin_cmake_args': None, 'catkin_skip_building_tests': False, 'cmake_args': None, 'cmake_clean_cache': False, 'cmake_clean_first': False, 'cmake_force_configure': False, 'cmake_target': None, 'cmake_target_skip_unavailable': False, 'install_base': '/home/vinayak/ws_moveit2/install/moveit_setup_controllers', 'merge_install': False, 'path': '/home/vinayak/ws_moveit2/src/moveit2/moveit_setup_assistant/moveit_setup_controllers', 'symlink_install': False, 'test_result_base': None}
[0.699s] Level 5:colcon.colcon_core.verb:set package 'moveit_setup_core_plugins' build argument 'cmake_args' from command line to 'None'
[0.699s] Level 5:colcon.colcon_core.verb:set package 'moveit_setup_core_plugins' build argument 'cmake_target' from command line to 'None'
[0.699s] Level 5:colcon.colcon_core.verb:set package 'moveit_setup_core_plugins' build argument 'cmake_target_skip_unavailable' from command line to 'False'
[0.699s] Level 5:colcon.colcon_core.verb:set package 'moveit_setup_core_plugins' build argument 'cmake_clean_cache' from command line to 'False'
[0.699s] Level 5:colcon.colcon_core.verb:set package 'moveit_setup_core_plugins' build argument 'cmake_clean_first' from command line to 'False'
[0.699s] Level 5:colcon.colcon_core.verb:set package 'moveit_setup_core_plugins' build argument 'cmake_force_configure' from command line to 'False'
[0.699s] Level 5:colcon.colcon_core.verb:set package 'moveit_setup_core_plugins' build argument 'ament_cmake_args' from command line to 'None'
[0.699s] Level 5:colcon.colcon_core.verb:set package 'moveit_setup_core_plugins' build argument 'catkin_cmake_args' from command line to 'None'
[0.699s] Level 5:colcon.colcon_core.verb:set package 'moveit_setup_core_plugins' build argument 'catkin_skip_building_tests' from command line to 'False'
[0.699s] DEBUG:colcon.colcon_core.verb:Building package 'moveit_setup_core_plugins' with the following arguments: {'ament_cmake_args': None, 'build_base': '/home/vinayak/ws_moveit2/build/moveit_setup_core_plugins', 'catkin_cmake_args': None, 'catkin_skip_building_tests': False, 'cmake_args': None, 'cmake_clean_cache': False, 'cmake_clean_first': False, 'cmake_force_configure': False, 'cmake_target': None, 'cmake_target_skip_unavailable': False, 'install_base': '/home/vinayak/ws_moveit2/install/moveit_setup_core_plugins', 'merge_install': False, 'path': '/home/vinayak/ws_moveit2/src/moveit2/moveit_setup_assistant/moveit_setup_core_plugins', 'symlink_install': False, 'test_result_base': None}
[0.699s] Level 5:colcon.colcon_core.verb:set package 'moveit_setup_srdf_plugins' build argument 'cmake_args' from command line to 'None'
[0.699s] Level 5:colcon.colcon_core.verb:set package 'moveit_setup_srdf_plugins' build argument 'cmake_target' from command line to 'None'
[0.699s] Level 5:colcon.colcon_core.verb:set package 'moveit_setup_srdf_plugins' build argument 'cmake_target_skip_unavailable' from command line to 'False'
[0.699s] Level 5:colcon.colcon_core.verb:set package 'moveit_setup_srdf_plugins' build argument 'cmake_clean_cache' from command line to 'False'
[0.699s] Level 5:colcon.colcon_core.verb:set package 'moveit_setup_srdf_plugins' build argument 'cmake_clean_first' from command line to 'False'
[0.699s] Level 5:colcon.colcon_core.verb:set package 'moveit_setup_srdf_plugins' build argument 'cmake_force_configure' from command line to 'False'
[0.699s] Level 5:colcon.colcon_core.verb:set package 'moveit_setup_srdf_plugins' build argument 'ament_cmake_args' from command line to 'None'
[0.699s] Level 5:colcon.colcon_core.verb:set package 'moveit_setup_srdf_plugins' build argument 'catkin_cmake_args' from command line to 'None'
[0.699s] Level 5:colcon.colcon_core.verb:set package 'moveit_setup_srdf_plugins' build argument 'catkin_skip_building_tests' from command line to 'False'
[0.699s] DEBUG:colcon.colcon_core.verb:Building package 'moveit_setup_srdf_plugins' with the following arguments: {'ament_cmake_args': None, 'build_base': '/home/vinayak/ws_moveit2/build/moveit_setup_srdf_plugins', 'catkin_cmake_args': None, 'catkin_skip_building_tests': False, 'cmake_args': None, 'cmake_clean_cache': False, 'cmake_clean_first': False, 'cmake_force_configure': False, 'cmake_target': None, 'cmake_target_skip_unavailable': False, 'install_base': '/home/vinayak/ws_moveit2/install/moveit_setup_srdf_plugins', 'merge_install': False, 'path': '/home/vinayak/ws_moveit2/src/moveit2/moveit_setup_assistant/moveit_setup_srdf_plugins', 'symlink_install': False, 'test_result_base': None}
[0.700s] Level 5:colcon.colcon_core.verb:set package 'ur' build argument 'cmake_args' from command line to 'None'
[0.700s] Level 5:colcon.colcon_core.verb:set package 'ur' build argument 'cmake_target' from command line to 'None'
[0.700s] Level 5:colcon.colcon_core.verb:set package 'ur' build argument 'cmake_target_skip_unavailable' from command line to 'False'
[0.700s] Level 5:colcon.colcon_core.verb:set package 'ur' build argument 'cmake_clean_cache' from command line to 'False'
[0.700s] Level 5:colcon.colcon_core.verb:set package 'ur' build argument 'cmake_clean_first' from command line to 'False'
[0.700s] Level 5:colcon.colcon_core.verb:set package 'ur' build argument 'cmake_force_configure' from command line to 'False'
[0.700s] Level 5:colcon.colcon_core.verb:set package 'ur' build argument 'ament_cmake_args' from command line to 'None'
[0.700s] Level 5:colcon.colcon_core.verb:set package 'ur' build argument 'catkin_cmake_args' from command line to 'None'
[0.700s] Level 5:colcon.colcon_core.verb:set package 'ur' build argument 'catkin_skip_building_tests' from command line to 'False'
[0.700s] DEBUG:colcon.colcon_core.verb:Building package 'ur' with the following arguments: {'ament_cmake_args': None, 'build_base': '/home/vinayak/ws_moveit2/build/ur', 'catkin_cmake_args': None, 'catkin_skip_building_tests': False, 'cmake_args': None, 'cmake_clean_cache': False, 'cmake_clean_first': False, 'cmake_force_configure': False, 'cmake_target': None, 'cmake_target_skip_unavailable': False, 'install_base': '/home/vinayak/ws_moveit2/install/ur', 'merge_install': False, 'path': '/home/vinayak/ws_moveit2/src/Universal_Robots_ROS2_Driver/ur', 'symlink_install': False, 'test_result_base': None}
[0.700s] Level 5:colcon.colcon_core.verb:set package 'moveit_runtime' build argument 'cmake_args' from command line to 'None'
[0.700s] Level 5:colcon.colcon_core.verb:set package 'moveit_runtime' build argument 'cmake_target' from command line to 'None'
[0.700s] Level 5:colcon.colcon_core.verb:set package 'moveit_runtime' build argument 'cmake_target_skip_unavailable' from command line to 'False'
[0.700s] Level 5:colcon.colcon_core.verb:set package 'moveit_runtime' build argument 'cmake_clean_cache' from command line to 'False'
[0.700s] Level 5:colcon.colcon_core.verb:set package 'moveit_runtime' build argument 'cmake_clean_first' from command line to 'False'
[0.700s] Level 5:colcon.colcon_core.verb:set package 'moveit_runtime' build argument 'cmake_force_configure' from command line to 'False'
[0.700s] Level 5:colcon.colcon_core.verb:set package 'moveit_runtime' build argument 'ament_cmake_args' from command line to 'None'
[0.700s] Level 5:colcon.colcon_core.verb:set package 'moveit_runtime' build argument 'catkin_cmake_args' from command line to 'None'
[0.700s] Level 5:colcon.colcon_core.verb:set package 'moveit_runtime' build argument 'catkin_skip_building_tests' from command line to 'False'
[0.700s] DEBUG:colcon.colcon_core.verb:Building package 'moveit_runtime' with the following arguments: {'ament_cmake_args': None, 'build_base': '/home/vinayak/ws_moveit2/build/moveit_runtime', 'catkin_cmake_args': None, 'catkin_skip_building_tests': False, 'cmake_args': None, 'cmake_clean_cache': False, 'cmake_clean_first': False, 'cmake_force_configure': False, 'cmake_target': None, 'cmake_target_skip_unavailable': False, 'install_base': '/home/vinayak/ws_moveit2/install/moveit_runtime', 'merge_install': False, 'path': '/home/vinayak/ws_moveit2/src/moveit2/moveit_runtime', 'symlink_install': False, 'test_result_base': None}
[0.701s] Level 5:colcon.colcon_core.verb:set package 'moveit_setup_assistant' build argument 'cmake_args' from command line to 'None'
[0.701s] Level 5:colcon.colcon_core.verb:set package 'moveit_setup_assistant' build argument 'cmake_target' from command line to 'None'
[0.701s] Level 5:colcon.colcon_core.verb:set package 'moveit_setup_assistant' build argument 'cmake_target_skip_unavailable' from command line to 'False'
[0.701s] Level 5:colcon.colcon_core.verb:set package 'moveit_setup_assistant' build argument 'cmake_clean_cache' from command line to 'False'
[0.701s] Level 5:colcon.colcon_core.verb:set package 'moveit_setup_assistant' build argument 'cmake_clean_first' from command line to 'False'
[0.701s] Level 5:colcon.colcon_core.verb:set package 'moveit_setup_assistant' build argument 'cmake_force_configure' from command line to 'False'
[0.701s] Level 5:colcon.colcon_core.verb:set package 'moveit_setup_assistant' build argument 'ament_cmake_args' from command line to 'None'
[0.701s] Level 5:colcon.colcon_core.verb:set package 'moveit_setup_assistant' build argument 'catkin_cmake_args' from command line to 'None'
[0.701s] Level 5:colcon.colcon_core.verb:set package 'moveit_setup_assistant' build argument 'catkin_skip_building_tests' from command line to 'False'
[0.701s] DEBUG:colcon.colcon_core.verb:Building package 'moveit_setup_assistant' with the following arguments: {'ament_cmake_args': None, 'build_base': '/home/vinayak/ws_moveit2/build/moveit_setup_assistant', 'catkin_cmake_args': None, 'catkin_skip_building_tests': False, 'cmake_args': None, 'cmake_clean_cache': False, 'cmake_clean_first': False, 'cmake_force_configure': False, 'cmake_target': None, 'cmake_target_skip_unavailable': False, 'install_base': '/home/vinayak/ws_moveit2/install/moveit_setup_assistant', 'merge_install': False, 'path': '/home/vinayak/ws_moveit2/src/moveit2/moveit_setup_assistant/moveit_setup_assistant', 'symlink_install': False, 'test_result_base': None}
[0.701s] Level 5:colcon.colcon_core.verb:set package 'moveit_task_constructor_core' build argument 'cmake_args' from command line to 'None'
[0.701s] Level 5:colcon.colcon_core.verb:set package 'moveit_task_constructor_core' build argument 'cmake_target' from command line to 'None'
[0.701s] Level 5:colcon.colcon_core.verb:set package 'moveit_task_constructor_core' build argument 'cmake_target_skip_unavailable' from command line to 'False'
[0.701s] Level 5:colcon.colcon_core.verb:set package 'moveit_task_constructor_core' build argument 'cmake_clean_cache' from command line to 'False'
[0.701s] Level 5:colcon.colcon_core.verb:set package 'moveit_task_constructor_core' build argument 'cmake_clean_first' from command line to 'False'
[0.701s] Level 5:colcon.colcon_core.verb:set package 'moveit_task_constructor_core' build argument 'cmake_force_configure' from command line to 'False'
[0.701s] Level 5:colcon.colcon_core.verb:set package 'moveit_task_constructor_core' build argument 'ament_cmake_args' from command line to 'None'
[0.701s] Level 5:colcon.colcon_core.verb:set package 'moveit_task_constructor_core' build argument 'catkin_cmake_args' from command line to 'None'
[0.701s] Level 5:colcon.colcon_core.verb:set package 'moveit_task_constructor_core' build argument 'catkin_skip_building_tests' from command line to 'False'
[0.701s] DEBUG:colcon.colcon_core.verb:Building package 'moveit_task_constructor_core' with the following arguments: {'ament_cmake_args': None, 'build_base': '/home/vinayak/ws_moveit2/build/moveit_task_constructor_core', 'catkin_cmake_args': None, 'catkin_skip_building_tests': False, 'cmake_args': None, 'cmake_clean_cache': False, 'cmake_clean_first': False, 'cmake_force_configure': False, 'cmake_target': None, 'cmake_target_skip_unavailable': False, 'install_base': '/home/vinayak/ws_moveit2/install/moveit_task_constructor_core', 'merge_install': False, 'path': '/home/vinayak/ws_moveit2/src/moveit_task_constructor/core', 'symlink_install': False, 'test_result_base': None}
[0.702s] Level 5:colcon.colcon_core.verb:set package 'moveit' build argument 'cmake_args' from command line to 'None'
[0.702s] Level 5:colcon.colcon_core.verb:set package 'moveit' build argument 'cmake_target' from command line to 'None'
[0.702s] Level 5:colcon.colcon_core.verb:set package 'moveit' build argument 'cmake_target_skip_unavailable' from command line to 'False'
[0.702s] Level 5:colcon.colcon_core.verb:set package 'moveit' build argument 'cmake_clean_cache' from command line to 'False'
[0.702s] Level 5:colcon.colcon_core.verb:set package 'moveit' build argument 'cmake_clean_first' from command line to 'False'
[0.702s] Level 5:colcon.colcon_core.verb:set package 'moveit' build argument 'cmake_force_configure' from command line to 'False'
[0.702s] Level 5:colcon.colcon_core.verb:set package 'moveit' build argument 'ament_cmake_args' from command line to 'None'
[0.702s] Level 5:colcon.colcon_core.verb:set package 'moveit' build argument 'catkin_cmake_args' from command line to 'None'
[0.702s] Level 5:colcon.colcon_core.verb:set package 'moveit' build argument 'catkin_skip_building_tests' from command line to 'False'
[0.702s] DEBUG:colcon.colcon_core.verb:Building package 'moveit' with the following arguments: {'ament_cmake_args': None, 'build_base': '/home/vinayak/ws_moveit2/build/moveit', 'catkin_cmake_args': None, 'catkin_skip_building_tests': False, 'cmake_args': None, 'cmake_clean_cache': False, 'cmake_clean_first': False, 'cmake_force_configure': False, 'cmake_target': None, 'cmake_target_skip_unavailable': False, 'install_base': '/home/vinayak/ws_moveit2/install/moveit', 'merge_install': False, 'path': '/home/vinayak/ws_moveit2/src/moveit2/moveit', 'symlink_install': False, 'test_result_base': None}
[0.702s] Level 5:colcon.colcon_core.verb:set package 'moveit_task_constructor_capabilities' build argument 'cmake_args' from command line to 'None'
[0.702s] Level 5:colcon.colcon_core.verb:set package 'moveit_task_constructor_capabilities' build argument 'cmake_target' from command line to 'None'
[0.702s] Level 5:colcon.colcon_core.verb:set package 'moveit_task_constructor_capabilities' build argument 'cmake_target_skip_unavailable' from command line to 'False'
[0.702s] Level 5:colcon.colcon_core.verb:set package 'moveit_task_constructor_capabilities' build argument 'cmake_clean_cache' from command line to 'False'
[0.702s] Level 5:colcon.colcon_core.verb:set package 'moveit_task_constructor_capabilities' build argument 'cmake_clean_first' from command line to 'False'
[0.702s] Level 5:colcon.colcon_core.verb:set package 'moveit_task_constructor_capabilities' build argument 'cmake_force_configure' from command line to 'False'
[0.702s] Level 5:colcon.colcon_core.verb:set package 'moveit_task_constructor_capabilities' build argument 'ament_cmake_args' from command line to 'None'
[0.702s] Level 5:colcon.colcon_core.verb:set package 'moveit_task_constructor_capabilities' build argument 'catkin_cmake_args' from command line to 'None'
[0.702s] Level 5:colcon.colcon_core.verb:set package 'moveit_task_constructor_capabilities' build argument 'catkin_skip_building_tests' from command line to 'False'
[0.702s] DEBUG:colcon.colcon_core.verb:Building package 'moveit_task_constructor_capabilities' with the following arguments: {'ament_cmake_args': None, 'build_base': '/home/vinayak/ws_moveit2/build/moveit_task_constructor_capabilities', 'catkin_cmake_args': None, 'catkin_skip_building_tests': False, 'cmake_args': None, 'cmake_clean_cache': False, 'cmake_clean_first': False, 'cmake_force_configure': False, 'cmake_target': None, 'cmake_target_skip_unavailable': False, 'install_base': '/home/vinayak/ws_moveit2/install/moveit_task_constructor_capabilities', 'merge_install': False, 'path': '/home/vinayak/ws_moveit2/src/moveit_task_constructor/capabilities', 'symlink_install': False, 'test_result_base': None}
[0.703s] Level 5:colcon.colcon_core.verb:set package 'moveit_task_constructor_visualization' build argument 'cmake_args' from command line to 'None'
[0.703s] Level 5:colcon.colcon_core.verb:set package 'moveit_task_constructor_visualization' build argument 'cmake_target' from command line to 'None'
[0.703s] Level 5:colcon.colcon_core.verb:set package 'moveit_task_constructor_visualization' build argument 'cmake_target_skip_unavailable' from command line to 'False'
[0.703s] Level 5:colcon.colcon_core.verb:set package 'moveit_task_constructor_visualization' build argument 'cmake_clean_cache' from command line to 'False'
[0.703s] Level 5:colcon.colcon_core.verb:set package 'moveit_task_constructor_visualization' build argument 'cmake_clean_first' from command line to 'False'
[0.703s] Level 5:colcon.colcon_core.verb:set package 'moveit_task_constructor_visualization' build argument 'cmake_force_configure' from command line to 'False'
[0.703s] Level 5:colcon.colcon_core.verb:set package 'moveit_task_constructor_visualization' build argument 'ament_cmake_args' from command line to 'None'
[0.703s] Level 5:colcon.colcon_core.verb:set package 'moveit_task_constructor_visualization' build argument 'catkin_cmake_args' from command line to 'None'
[0.703s] Level 5:colcon.colcon_core.verb:set package 'moveit_task_constructor_visualization' build argument 'catkin_skip_building_tests' from command line to 'False'
[0.703s] DEBUG:colcon.colcon_core.verb:Building package 'moveit_task_constructor_visualization' with the following arguments: {'ament_cmake_args': None, 'build_base': '/home/vinayak/ws_moveit2/build/moveit_task_constructor_visualization', 'catkin_cmake_args': None, 'catkin_skip_building_tests': False, 'cmake_args': None, 'cmake_clean_cache': False, 'cmake_clean_first': False, 'cmake_force_configure': False, 'cmake_target': None, 'cmake_target_skip_unavailable': False, 'install_base': '/home/vinayak/ws_moveit2/install/moveit_task_constructor_visualization', 'merge_install': False, 'path': '/home/vinayak/ws_moveit2/src/moveit_task_constructor/visualization', 'symlink_install': False, 'test_result_base': None}
[0.703s] Level 5:colcon.colcon_core.verb:set package 'new_configuration' build argument 'cmake_args' from command line to 'None'
[0.703s] Level 5:colcon.colcon_core.verb:set package 'new_configuration' build argument 'cmake_target' from command line to 'None'
[0.703s] Level 5:colcon.colcon_core.verb:set package 'new_configuration' build argument 'cmake_target_skip_unavailable' from command line to 'False'
[0.703s] Level 5:colcon.colcon_core.verb:set package 'new_configuration' build argument 'cmake_clean_cache' from command line to 'False'
[0.703s] Level 5:colcon.colcon_core.verb:set package 'new_configuration' build argument 'cmake_clean_first' from command line to 'False'
[0.703s] Level 5:colcon.colcon_core.verb:set package 'new_configuration' build argument 'cmake_force_configure' from command line to 'False'
[0.703s] Level 5:colcon.colcon_core.verb:set package 'new_configuration' build argument 'ament_cmake_args' from command line to 'None'
[0.703s] Level 5:colcon.colcon_core.verb:set package 'new_configuration' build argument 'catkin_cmake_args' from command line to 'None'
[0.703s] Level 5:colcon.colcon_core.verb:set package 'new_configuration' build argument 'catkin_skip_building_tests' from command line to 'False'
[0.703s] DEBUG:colcon.colcon_core.verb:Building package 'new_configuration' with the following arguments: {'ament_cmake_args': None, 'build_base': '/home/vinayak/ws_moveit2/build/new_configuration', 'catkin_cmake_args': None, 'catkin_skip_building_tests': False, 'cmake_args': None, 'cmake_clean_cache': False, 'cmake_clean_first': False, 'cmake_force_configure': False, 'cmake_target': None, 'cmake_target_skip_unavailable': False, 'install_base': '/home/vinayak/ws_moveit2/install/new_configuration', 'merge_install': False, 'path': '/home/vinayak/ws_moveit2/src/new_configuration', 'symlink_install': False, 'test_result_base': None}
[0.704s] Level 5:colcon.colcon_core.verb:set package 'moveit2_tutorials' build argument 'cmake_args' from command line to 'None'
[0.704s] Level 5:colcon.colcon_core.verb:set package 'moveit2_tutorials' build argument 'cmake_target' from command line to 'None'
[0.704s] Level 5:colcon.colcon_core.verb:set package 'moveit2_tutorials' build argument 'cmake_target_skip_unavailable' from command line to 'False'
[0.704s] Level 5:colcon.colcon_core.verb:set package 'moveit2_tutorials' build argument 'cmake_clean_cache' from command line to 'False'
[0.704s] Level 5:colcon.colcon_core.verb:set package 'moveit2_tutorials' build argument 'cmake_clean_first' from command line to 'False'
[0.704s] Level 5:colcon.colcon_core.verb:set package 'moveit2_tutorials' build argument 'cmake_force_configure' from command line to 'False'
[0.704s] Level 5:colcon.colcon_core.verb:set package 'moveit2_tutorials' build argument 'ament_cmake_args' from command line to 'None'
[0.704s] Level 5:colcon.colcon_core.verb:set package 'moveit2_tutorials' build argument 'catkin_cmake_args' from command line to 'None'
[0.704s] Level 5:colcon.colcon_core.verb:set package 'moveit2_tutorials' build argument 'catkin_skip_building_tests' from command line to 'False'
[0.704s] DEBUG:colcon.colcon_core.verb:Building package 'moveit2_tutorials' with the following arguments: {'ament_cmake_args': None, 'build_base': '/home/vinayak/ws_moveit2/build/moveit2_tutorials', 'catkin_cmake_args': None, 'catkin_skip_building_tests': False, 'cmake_args': None, 'cmake_clean_cache': False, 'cmake_clean_first': False, 'cmake_force_configure': False, 'cmake_target': None, 'cmake_target_skip_unavailable': False, 'install_base': '/home/vinayak/ws_moveit2/install/moveit2_tutorials', 'merge_install': False, 'path': '/home/vinayak/ws_moveit2/src/moveit2_tutorials', 'symlink_install': False, 'test_result_base': None}
[0.704s] Level 5:colcon.colcon_core.verb:set package 'moveit_task_constructor_demo' build argument 'cmake_args' from command line to 'None'
[0.704s] Level 5:colcon.colcon_core.verb:set package 'moveit_task_constructor_demo' build argument 'cmake_target' from command line to 'None'
[0.704s] Level 5:colcon.colcon_core.verb:set package 'moveit_task_constructor_demo' build argument 'cmake_target_skip_unavailable' from command line to 'False'
[0.704s] Level 5:colcon.colcon_core.verb:set package 'moveit_task_constructor_demo' build argument 'cmake_clean_cache' from command line to 'False'
[0.704s] Level 5:colcon.colcon_core.verb:set package 'moveit_task_constructor_demo' build argument 'cmake_clean_first' from command line to 'False'
[0.704s] Level 5:colcon.colcon_core.verb:set package 'moveit_task_constructor_demo' build argument 'cmake_force_configure' from command line to 'False'
[0.704s] Level 5:colcon.colcon_core.verb:set package 'moveit_task_constructor_demo' build argument 'ament_cmake_args' from command line to 'None'
[0.704s] Level 5:colcon.colcon_core.verb:set package 'moveit_task_constructor_demo' build argument 'catkin_cmake_args' from command line to 'None'
[0.704s] Level 5:colcon.colcon_core.verb:set package 'moveit_task_constructor_demo' build argument 'catkin_skip_building_tests' from command line to 'False'
[0.704s] DEBUG:colcon.colcon_core.verb:Building package 'moveit_task_constructor_demo' with the following arguments: {'ament_cmake_args': None, 'build_base': '/home/vinayak/ws_moveit2/build/moveit_task_constructor_demo', 'catkin_cmake_args': None, 'catkin_skip_building_tests': False, 'cmake_args': None, 'cmake_clean_cache': False, 'cmake_clean_first': False, 'cmake_force_configure': False, 'cmake_target': None, 'cmake_target_skip_unavailable': False, 'install_base': '/home/vinayak/ws_moveit2/install/moveit_task_constructor_demo', 'merge_install': False, 'path': '/home/vinayak/ws_moveit2/src/moveit_task_constructor/demo', 'symlink_install': False, 'test_result_base': None}
[0.704s] INFO:colcon.colcon_core.executor:Executing jobs using 'parallel' executor
[0.705s] DEBUG:colcon.colcon_parallel_executor.executor.parallel:run_until_complete
[0.706s] INFO:colcon.colcon_ros.task.ament_cmake.build:Building ROS package in '/home/vinayak/ws_moveit2/src/moveit_resources/panda_description' with build type 'ament_cmake'
[0.706s] INFO:colcon.colcon_cmake.task.cmake.build:Building CMake package in '/home/vinayak/ws_moveit2/src/moveit_resources/panda_description'
[0.712s] INFO:colcon.colcon_core.plugin_system:Skipping extension 'colcon_core.shell.bat': Not used on non-Windows systems
[0.712s] INFO:colcon.colcon_core.shell:Skip shell extension 'powershell' for command environment: Not usable outside of PowerShell
[0.712s] DEBUG:colcon.colcon_core.shell:Skip shell extension 'dsv' for command environment
[0.716s] INFO:colcon.colcon_ros.task.ament_cmake.build:Building ROS package in '/home/vinayak/ws_moveit2/src/moveit2/moveit_common' with build type 'ament_cmake'
[0.716s] INFO:colcon.colcon_cmake.task.cmake.build:Building CMake package in '/home/vinayak/ws_moveit2/src/moveit2/moveit_common'
[0.716s] INFO:colcon.colcon_core.shell:Skip shell extension 'powershell' for command environment: Not usable outside of PowerShell
[0.716s] DEBUG:colcon.colcon_core.shell:Skip shell extension 'dsv' for command environment
[0.720s] INFO:colcon.colcon_ros.task.ament_cmake.build:Building ROS package in '/home/vinayak/ws_moveit2/src/moveit_resources/pr2_description' with build type 'ament_cmake'
[0.720s] INFO:colcon.colcon_cmake.task.cmake.build:Building CMake package in '/home/vinayak/ws_moveit2/src/moveit_resources/pr2_description'
[0.720s] INFO:colcon.colcon_core.shell:Skip shell extension 'powershell' for command environment: Not usable outside of PowerShell
[0.720s] DEBUG:colcon.colcon_core.shell:Skip shell extension 'dsv' for command environment
[0.724s] INFO:colcon.colcon_ros.task.ament_cmake.build:Building ROS package in '/home/vinayak/ws_moveit2/src/srdfdom' with build type 'ament_cmake'
[0.724s] INFO:colcon.colcon_cmake.task.cmake.build:Building CMake package in '/home/vinayak/ws_moveit2/src/srdfdom'
[0.724s] INFO:colcon.colcon_core.shell:Skip shell extension 'powershell' for command environment: Not usable outside of PowerShell
[0.724s] DEBUG:colcon.colcon_core.shell:Skip shell extension 'dsv' for command environment
[0.728s] INFO:colcon.colcon_ros.task.ament_python.build:Building ROS package in '/home/vinayak/ws_moveit2/src/launch_param_builder' with build type 'ament_python'
[0.728s] Level 1:colcon.colcon_core.shell:create_environment_hook('launch_param_builder', 'ament_prefix_path')
[0.728s] INFO:colcon.colcon_core.shell:Creating environment hook '/home/vinayak/ws_moveit2/install/launch_param_builder/share/launch_param_builder/hook/ament_prefix_path.ps1'
[0.729s] INFO:colcon.colcon_core.shell:Creating environment descriptor '/home/vinayak/ws_moveit2/install/launch_param_builder/share/launch_param_builder/hook/ament_prefix_path.dsv'
[0.729s] INFO:colcon.colcon_core.shell:Creating environment hook '/home/vinayak/ws_moveit2/install/launch_param_builder/share/launch_param_builder/hook/ament_prefix_path.sh'
[0.730s] INFO:colcon.colcon_core.shell:Skip shell extension 'powershell' for command environment: Not usable outside of PowerShell
[0.730s] DEBUG:colcon.colcon_core.shell:Skip shell extension 'dsv' for command environment
[0.733s] INFO:colcon.colcon_ros.task.ament_cmake.build:Building ROS package in '/home/vinayak/ws_moveit2/src/moveit_resources/fanuc_description' with build type 'ament_cmake'
[0.733s] INFO:colcon.colcon_cmake.task.cmake.build:Building CMake package in '/home/vinayak/ws_moveit2/src/moveit_resources/fanuc_description'
[0.733s] INFO:colcon.colcon_core.shell:Skip shell extension 'powershell' for command environment: Not usable outside of PowerShell
[0.733s] DEBUG:colcon.colcon_core.shell:Skip shell extension 'dsv' for command environment
[0.737s] INFO:colcon.colcon_ros.task.ament_cmake.build:Building ROS package in '/home/vinayak/ws_moveit2/src/moveit2/moveit_planners/test_configs/prbt_support' with build type 'ament_cmake'
[0.737s] INFO:colcon.colcon_cmake.task.cmake.build:Building CMake package in '/home/vinayak/ws_moveit2/src/moveit2/moveit_planners/test_configs/prbt_support'
[0.737s] INFO:colcon.colcon_core.shell:Skip shell extension 'powershell' for command environment: Not usable outside of PowerShell
[0.737s] DEBUG:colcon.colcon_core.shell:Skip shell extension 'dsv' for command environment
[0.741s] INFO:colcon.colcon_ros.task.ament_cmake.build:Building ROS package in '/home/vinayak/ws_moveit2/src/moveit_task_constructor/msgs' with build type 'ament_cmake'
[0.741s] INFO:colcon.colcon_cmake.task.cmake.build:Building CMake package in '/home/vinayak/ws_moveit2/src/moveit_task_constructor/msgs'
[0.741s] INFO:colcon.colcon_core.shell:Skip shell extension 'powershell' for command environment: Not usable outside of PowerShell
[0.741s] DEBUG:colcon.colcon_core.shell:Skip shell extension 'dsv' for command environment
[0.748s] DEBUG:colcon.colcon_core.event_handler.log_command:Invoking command in '/home/vinayak/ws_moveit2/build/moveit_resources_panda_description': CMAKE_PREFIX_PATH=${CMAKE_PREFIX_PATH}:/home/vinayak/ws_moveit2/install/ur3e_rl:/home/vinayak/ws_moveit2/install/ur3e_motion_package:/home/vinayak/ws_moveit2/install/moveit_configs_utils:/home/vinayak/ws_moveit2/install/launch_param_builder:/opt/ros/humble /usr/bin/cmake /home/vinayak/ws_moveit2/src/moveit_resources/panda_description -DCMAKE_INSTALL_PREFIX=/home/vinayak/ws_moveit2/install/moveit_resources_panda_description
[0.751s] DEBUG:colcon.colcon_core.event_handler.log_command:Invoking command in '/home/vinayak/ws_moveit2/build/moveit_common': CMAKE_PREFIX_PATH=${CMAKE_PREFIX_PATH}:/home/vinayak/ws_moveit2/install/ur3e_rl:/home/vinayak/ws_moveit2/install/ur3e_motion_package:/home/vinayak/ws_moveit2/install/moveit_configs_utils:/home/vinayak/ws_moveit2/install/launch_param_builder:/opt/ros/humble /usr/bin/cmake /home/vinayak/ws_moveit2/src/moveit2/moveit_common -DCMAKE_INSTALL_PREFIX=/home/vinayak/ws_moveit2/install/moveit_common
[0.754s] DEBUG:colcon.colcon_core.event_handler.log_command:Invoking command in '/home/vinayak/ws_moveit2/build/moveit_resources_pr2_description': CMAKE_PREFIX_PATH=${CMAKE_PREFIX_PATH}:/home/vinayak/ws_moveit2/install/ur3e_rl:/home/vinayak/ws_moveit2/install/ur3e_motion_package:/home/vinayak/ws_moveit2/install/moveit_configs_utils:/home/vinayak/ws_moveit2/install/launch_param_builder:/opt/ros/humble /usr/bin/cmake /home/vinayak/ws_moveit2/src/moveit_resources/pr2_description -DCMAKE_INSTALL_PREFIX=/home/vinayak/ws_moveit2/install/moveit_resources_pr2_description
[0.757s] DEBUG:colcon.colcon_core.event_handler.log_command:Invoking command in '/home/vinayak/ws_moveit2/build/srdfdom': CMAKE_PREFIX_PATH=${CMAKE_PREFIX_PATH}:/home/vinayak/ws_moveit2/install/ur3e_rl:/home/vinayak/ws_moveit2/install/ur3e_motion_package:/home/vinayak/ws_moveit2/install/moveit_configs_utils:/home/vinayak/ws_moveit2/install/launch_param_builder:/opt/ros/humble /usr/bin/cmake /home/vinayak/ws_moveit2/src/srdfdom -DCMAKE_INSTALL_PREFIX=/home/vinayak/ws_moveit2/install/srdfdom
[1.115s] INFO:colcon.colcon_core.task.python.build:Building Python package in '/home/vinayak/ws_moveit2/src/launch_param_builder'
[1.116s] INFO:colcon.colcon_core.shell:Skip shell extension 'powershell' for command environment: Not usable outside of PowerShell
[1.116s] DEBUG:colcon.colcon_core.shell:Skip shell extension 'dsv' for command environment
[1.125s] DEBUG:colcon.colcon_core.event_handler.log_command:Invoking command in '/home/vinayak/ws_moveit2/build/moveit_resources_fanuc_description': CMAKE_PREFIX_PATH=${CMAKE_PREFIX_PATH}:/home/vinayak/ws_moveit2/install/ur3e_rl:/home/vinayak/ws_moveit2/install/ur3e_motion_package:/home/vinayak/ws_moveit2/install/moveit_configs_utils:/home/vinayak/ws_moveit2/install/launch_param_builder:/opt/ros/humble /usr/bin/cmake /home/vinayak/ws_moveit2/src/moveit_resources/fanuc_description -DCMAKE_INSTALL_PREFIX=/home/vinayak/ws_moveit2/install/moveit_resources_fanuc_description
[1.132s] DEBUG:colcon.colcon_core.event_handler.log_command:Invoking command in '/home/vinayak/ws_moveit2/build/moveit_resources_prbt_support': CMAKE_PREFIX_PATH=${CMAKE_PREFIX_PATH}:/home/vinayak/ws_moveit2/install/ur3e_rl:/home/vinayak/ws_moveit2/install/ur3e_motion_package:/home/vinayak/ws_moveit2/install/moveit_configs_utils:/home/vinayak/ws_moveit2/install/launch_param_builder:/opt/ros/humble /usr/bin/cmake /home/vinayak/ws_moveit2/src/moveit2/moveit_planners/test_configs/prbt_support -DCMAKE_INSTALL_PREFIX=/home/vinayak/ws_moveit2/install/moveit_resources_prbt_support
[1.146s] DEBUG:colcon.colcon_core.event_handler.log_command:Invoking command in '/home/vinayak/ws_moveit2/build/moveit_task_constructor_msgs': CMAKE_PREFIX_PATH=${CMAKE_PREFIX_PATH}:/home/vinayak/ws_moveit2/install/ur3e_rl:/home/vinayak/ws_moveit2/install/ur3e_motion_package:/home/vinayak/ws_moveit2/install/moveit_configs_utils:/home/vinayak/ws_moveit2/install/launch_param_builder:/opt/ros/humble /usr/bin/cmake /home/vinayak/ws_moveit2/src/moveit_task_constructor/msgs -DCMAKE_INSTALL_PREFIX=/home/vinayak/ws_moveit2/install/moveit_task_constructor_msgs
[1.379s] DEBUG:colcon.colcon_core.event_handler.log_command:Invoked command in '/home/vinayak/ws_moveit2/build/moveit_common' returned '0': CMAKE_PREFIX_PATH=${CMAKE_PREFIX_PATH}:/home/vinayak/ws_moveit2/install/ur3e_rl:/home/vinayak/ws_moveit2/install/ur3e_motion_package:/home/vinayak/ws_moveit2/install/moveit_configs_utils:/home/vinayak/ws_moveit2/install/launch_param_builder:/opt/ros/humble /usr/bin/cmake /home/vinayak/ws_moveit2/src/moveit2/moveit_common -DCMAKE_INSTALL_PREFIX=/home/vinayak/ws_moveit2/install/moveit_common
[1.387s] DEBUG:colcon.colcon_core.event_handler.log_command:Invoking command in '/home/vinayak/ws_moveit2/build/moveit_common': CMAKE_PREFIX_PATH=${CMAKE_PREFIX_PATH}:/home/vinayak/ws_moveit2/install/ur3e_rl:/home/vinayak/ws_moveit2/install/ur3e_motion_package:/home/vinayak/ws_moveit2/install/moveit_configs_utils:/home/vinayak/ws_moveit2/install/launch_param_builder:/opt/ros/humble /usr/bin/cmake --build /home/vinayak/ws_moveit2/build/moveit_common -- -j8 -l8
[1.748s] DEBUG:colcon.colcon_core.event_handler.log_command:Invoked command in '/home/vinayak/ws_moveit2/build/moveit_common' returned '0': CMAKE_PREFIX_PATH=${CMAKE_PREFIX_PATH}:/home/vinayak/ws_moveit2/install/ur3e_rl:/home/vinayak/ws_moveit2/install/ur3e_motion_package:/home/vinayak/ws_moveit2/install/moveit_configs_utils:/home/vinayak/ws_moveit2/install/launch_param_builder:/opt/ros/humble /usr/bin/cmake --build /home/vinayak/ws_moveit2/build/moveit_common -- -j8 -l8
[1.764s] DEBUG:colcon.colcon_core.event_handler.log_command:Invoking command in '/home/vinayak/ws_moveit2/build/moveit_common': CMAKE_PREFIX_PATH=${CMAKE_PREFIX_PATH}:/home/vinayak/ws_moveit2/install/ur3e_rl:/home/vinayak/ws_moveit2/install/ur3e_motion_package:/home/vinayak/ws_moveit2/install/moveit_configs_utils:/home/vinayak/ws_moveit2/install/launch_param_builder:/opt/ros/humble /usr/bin/cmake --install /home/vinayak/ws_moveit2/build/moveit_common
[1.770s] DEBUG:colcon.colcon_core.event_handler.log_command:Invoked command in '/home/vinayak/ws_moveit2/build/moveit_resources_panda_description' returned '0': CMAKE_PREFIX_PATH=${CMAKE_PREFIX_PATH}:/home/vinayak/ws_moveit2/install/ur3e_rl:/home/vinayak/ws_moveit2/install/ur3e_motion_package:/home/vinayak/ws_moveit2/install/moveit_configs_utils:/home/vinayak/ws_moveit2/install/launch_param_builder:/opt/ros/humble /usr/bin/cmake /home/vinayak/ws_moveit2/src/moveit_resources/panda_description -DCMAKE_INSTALL_PREFIX=/home/vinayak/ws_moveit2/install/moveit_resources_panda_description
[1.770s] DEBUG:colcon.colcon_core.event_handler.log_command:Invoking command in '/home/vinayak/ws_moveit2/build/moveit_resources_panda_description': CMAKE_PREFIX_PATH=${CMAKE_PREFIX_PATH}:/home/vinayak/ws_moveit2/install/ur3e_rl:/home/vinayak/ws_moveit2/install/ur3e_motion_package:/home/vinayak/ws_moveit2/install/moveit_configs_utils:/home/vinayak/ws_moveit2/install/launch_param_builder:/opt/ros/humble /usr/bin/cmake --build /home/vinayak/ws_moveit2/build/moveit_resources_panda_description -- -j8 -l8
[1.785s] Level 1:colcon.colcon_core.environment:create_environment_scripts_only(moveit_common)
[1.786s] DEBUG:colcon.colcon_core.event_handler.log_command:Invoked command in '/home/vinayak/ws_moveit2/build/moveit_common' returned '0': CMAKE_PREFIX_PATH=${CMAKE_PREFIX_PATH}:/home/vinayak/ws_moveit2/install/ur3e_rl:/home/vinayak/ws_moveit2/install/ur3e_motion_package:/home/vinayak/ws_moveit2/install/moveit_configs_utils:/home/vinayak/ws_moveit2/install/launch_param_builder:/opt/ros/humble /usr/bin/cmake --install /home/vinayak/ws_moveit2/build/moveit_common
[1.795s] Level 1:colcon.colcon_core.environment:checking '/home/vinayak/ws_moveit2/install/moveit_common' for CMake module files
[1.795s] Level 1:colcon.colcon_core.environment:checking '/home/vinayak/ws_moveit2/install/moveit_common' for CMake config files
[1.796s] Level 1:colcon.colcon_core.shell:create_environment_hook('moveit_common', 'cmake_prefix_path')
[1.796s] INFO:colcon.colcon_core.shell:Creating environment hook '/home/vinayak/ws_moveit2/install/moveit_common/share/moveit_common/hook/cmake_prefix_path.ps1'
[1.797s] INFO:colcon.colcon_core.shell:Creating environment descriptor '/home/vinayak/ws_moveit2/install/moveit_common/share/moveit_common/hook/cmake_prefix_path.dsv'
[1.797s] INFO:colcon.colcon_core.shell:Creating environment hook '/home/vinayak/ws_moveit2/install/moveit_common/share/moveit_common/hook/cmake_prefix_path.sh'
[1.798s] Level 1:colcon.colcon_core.environment:checking '/home/vinayak/ws_moveit2/install/moveit_common/bin'
[1.798s] Level 1:colcon.colcon_core.environment:checking '/home/vinayak/ws_moveit2/install/moveit_common/lib/pkgconfig/moveit_common.pc'
[1.799s] Level 1:colcon.colcon_core.environment:checking '/home/vinayak/ws_moveit2/install/moveit_common/lib/python3.10/site-packages'
[1.799s] Level 1:colcon.colcon_core.environment:checking '/home/vinayak/ws_moveit2/install/moveit_common/bin'
[1.800s] INFO:colcon.colcon_core.shell:Creating package script '/home/vinayak/ws_moveit2/install/moveit_common/share/moveit_common/package.ps1'
[1.801s] INFO:colcon.colcon_core.shell:Creating package descriptor '/home/vinayak/ws_moveit2/install/moveit_common/share/moveit_common/package.dsv'
[1.802s] INFO:colcon.colcon_core.shell:Creating package script '/home/vinayak/ws_moveit2/install/moveit_common/share/moveit_common/package.sh'
[1.803s] INFO:colcon.colcon_core.shell:Creating package script '/home/vinayak/ws_moveit2/install/moveit_common/share/moveit_common/package.bash'
[1.804s] INFO:colcon.colcon_core.shell:Creating package script '/home/vinayak/ws_moveit2/install/moveit_common/share/moveit_common/package.zsh'
[1.805s] Level 1:colcon.colcon_core.environment:create_file_with_runtime_dependencies(/home/vinayak/ws_moveit2/install/moveit_common/share/colcon-core/packages/moveit_common)
[1.806s] Level 1:colcon.colcon_core.environment:create_environment_scripts_only(moveit_common)
[1.806s] Level 1:colcon.colcon_core.environment:checking '/home/vinayak/ws_moveit2/install/moveit_common' for CMake module files
[1.807s] Level 1:colcon.colcon_core.environment:checking '/home/vinayak/ws_moveit2/install/moveit_common' for CMake config files
[1.808s] Level 1:colcon.colcon_core.shell:create_environment_hook('moveit_common', 'cmake_prefix_path')
[1.808s] INFO:colcon.colcon_core.shell:Creating environment hook '/home/vinayak/ws_moveit2/install/moveit_common/share/moveit_common/hook/cmake_prefix_path.ps1'
[1.809s] INFO:colcon.colcon_core.shell:Creating environment descriptor '/home/vinayak/ws_moveit2/install/moveit_common/share/moveit_common/hook/cmake_prefix_path.dsv'
[1.809s] INFO:colcon.colcon_core.shell:Creating environment hook '/home/vinayak/ws_moveit2/install/moveit_common/share/moveit_common/hook/cmake_prefix_path.sh'
[1.810s] Level 1:colcon.colcon_core.environment:checking '/home/vinayak/ws_moveit2/install/moveit_common/bin'
[1.811s] Level 1:colcon.colcon_core.environment:checking '/home/vinayak/ws_moveit2/install/moveit_common/lib/pkgconfig/moveit_common.pc'
[1.811s] Level 1:colcon.colcon_core.environment:checking '/home/vinayak/ws_moveit2/install/moveit_common/lib/python3.10/site-packages'
[1.811s] Level 1:colcon.colcon_core.environment:checking '/home/vinayak/ws_moveit2/install/moveit_common/bin'
[1.812s] INFO:colcon.colcon_core.shell:Creating package script '/home/vinayak/ws_moveit2/install/moveit_common/share/moveit_common/package.ps1'
[1.813s] INFO:colcon.colcon_core.shell:Creating package descriptor '/home/vinayak/ws_moveit2/install/moveit_common/share/moveit_common/package.dsv'
[1.813s] INFO:colcon.colcon_core.shell:Creating package script '/home/vinayak/ws_moveit2/install/moveit_common/share/moveit_common/package.sh'
[1.814s] INFO:colcon.colcon_core.shell:Creating package script '/home/vinayak/ws_moveit2/install/moveit_common/share/moveit_common/package.bash'
[1.815s] INFO:colcon.colcon_core.shell:Creating package script '/home/vinayak/ws_moveit2/install/moveit_common/share/moveit_common/package.zsh'
[1.815s] Level 1:colcon.colcon_core.environment:create_file_with_runtime_dependencies(/home/vinayak/ws_moveit2/install/moveit_common/share/colcon-core/packages/moveit_common)
[1.817s] INFO:colcon.colcon_ros.task.ament_cmake.build:Building ROS package in '/home/vinayak/ws_moveit2/src/Universal_Robots_ROS2_Driver/ur_dashboard_msgs' with build type 'ament_cmake'
[1.817s] INFO:colcon.colcon_cmake.task.cmake.build:Building CMake package in '/home/vinayak/ws_moveit2/src/Universal_Robots_ROS2_Driver/ur_dashboard_msgs'
[1.817s] INFO:colcon.colcon_core.shell:Skip shell extension 'powershell' for command environment: Not usable outside of PowerShell
[1.817s] DEBUG:colcon.colcon_core.shell:Skip shell extension 'dsv' for command environment
[1.831s] DEBUG:colcon.colcon_core.event_handler.log_command:Invoked command in '/home/vinayak/ws_moveit2/build/moveit_resources_pr2_description' returned '0': CMAKE_PREFIX_PATH=${CMAKE_PREFIX_PATH}:/home/vinayak/ws_moveit2/install/ur3e_rl:/home/vinayak/ws_moveit2/install/ur3e_motion_package:/home/vinayak/ws_moveit2/install/moveit_configs_utils:/home/vinayak/ws_moveit2/install/launch_param_builder:/opt/ros/humble /usr/bin/cmake /home/vinayak/ws_moveit2/src/moveit_resources/pr2_description -DCMAKE_INSTALL_PREFIX=/home/vinayak/ws_moveit2/install/moveit_resources_pr2_description
[1.832s] DEBUG:colcon.colcon_core.event_handler.log_command:Invoking command in '/home/vinayak/ws_moveit2/build/moveit_resources_pr2_description': CMAKE_PREFIX_PATH=${CMAKE_PREFIX_PATH}:/home/vinayak/ws_moveit2/install/ur3e_rl:/home/vinayak/ws_moveit2/install/ur3e_motion_package:/home/vinayak/ws_moveit2/install/moveit_configs_utils:/home/vinayak/ws_moveit2/install/launch_param_builder:/opt/ros/humble /usr/bin/cmake --build /home/vinayak/ws_moveit2/build/moveit_resources_pr2_description -- -j8 -l8
[1.833s] DEBUG:colcon.colcon_core.event_handler.log_command:Invoked command in '/home/vinayak/ws_moveit2/build/moveit_resources_panda_description' returned '0': CMAKE_PREFIX_PATH=${CMAKE_PREFIX_PATH}:/home/vinayak/ws_moveit2/install/ur3e_rl:/home/vinayak/ws_moveit2/install/ur3e_motion_package:/home/vinayak/ws_moveit2/install/moveit_configs_utils:/home/vinayak/ws_moveit2/install/launch_param_builder:/opt/ros/humble /usr/bin/cmake --build /home/vinayak/ws_moveit2/build/moveit_resources_panda_description -- -j8 -l8
[1.841s] DEBUG:colcon.colcon_core.event_handler.log_command:Invoking command in '/home/vinayak/ws_moveit2/build/moveit_resources_panda_description': CMAKE_PREFIX_PATH=${CMAKE_PREFIX_PATH}:/home/vinayak/ws_moveit2/install/ur3e_rl:/home/vinayak/ws_moveit2/install/ur3e_motion_package:/home/vinayak/ws_moveit2/install/moveit_configs_utils:/home/vinayak/ws_moveit2/install/launch_param_builder:/opt/ros/humble /usr/bin/cmake --install /home/vinayak/ws_moveit2/build/moveit_resources_panda_description
[1.842s] DEBUG:colcon.colcon_core.event_handler.log_command:Invoking command in '/home/vinayak/ws_moveit2/build/ur_dashboard_msgs': CMAKE_PREFIX_PATH=${CMAKE_PREFIX_PATH}:/home/vinayak/ws_moveit2/install/ur3e_rl:/home/vinayak/ws_moveit2/install/ur3e_motion_package:/home/vinayak/ws_moveit2/install/moveit_configs_utils:/home/vinayak/ws_moveit2/install/launch_param_builder:/opt/ros/humble /usr/bin/cmake /home/vinayak/ws_moveit2/src/Universal_Robots_ROS2_Driver/ur_dashboard_msgs -DCMAKE_INSTALL_PREFIX=/home/vinayak/ws_moveit2/install/ur_dashboard_msgs
[1.901s] DEBUG:colcon.colcon_core.event_handler.log_command:Invoked command in '/home/vinayak/ws_moveit2/build/moveit_resources_pr2_description' returned '0': CMAKE_PREFIX_PATH=${CMAKE_PREFIX_PATH}:/home/vinayak/ws_moveit2/install/ur3e_rl:/home/vinayak/ws_moveit2/install/ur3e_motion_package:/home/vinayak/ws_moveit2/install/moveit_configs_utils:/home/vinayak/ws_moveit2/install/launch_param_builder:/opt/ros/humble /usr/bin/cmake --build /home/vinayak/ws_moveit2/build/moveit_resources_pr2_description -- -j8 -l8
[1.903s] DEBUG:colcon.colcon_core.event_handler.log_command:Invoking command in '/home/vinayak/ws_moveit2/build/moveit_resources_pr2_description': CMAKE_PREFIX_PATH=${CMAKE_PREFIX_PATH}:/home/vinayak/ws_moveit2/install/ur3e_rl:/home/vinayak/ws_moveit2/install/ur3e_motion_package:/home/vinayak/ws_moveit2/install/moveit_configs_utils:/home/vinayak/ws_moveit2/install/launch_param_builder:/opt/ros/humble /usr/bin/cmake --install /home/vinayak/ws_moveit2/build/moveit_resources_pr2_description
[1.903s] Level 1:colcon.colcon_core.environment:create_environment_scripts_only(moveit_resources_panda_description)
[1.904s] Level 1:colcon.colcon_core.environment:checking '/home/vinayak/ws_moveit2/install/moveit_resources_panda_description' for CMake module files
[1.905s] Level 1:colcon.colcon_core.environment:checking '/home/vinayak/ws_moveit2/install/moveit_resources_panda_description' for CMake config files
[1.905s] DEBUG:colcon.colcon_core.event_handler.log_command:Invoked command in '/home/vinayak/ws_moveit2/build/moveit_resources_panda_description' returned '0': CMAKE_PREFIX_PATH=${CMAKE_PREFIX_PATH}:/home/vinayak/ws_moveit2/install/ur3e_rl:/home/vinayak/ws_moveit2/install/ur3e_motion_package:/home/vinayak/ws_moveit2/install/moveit_configs_utils:/home/vinayak/ws_moveit2/install/launch_param_builder:/opt/ros/humble /usr/bin/cmake --install /home/vinayak/ws_moveit2/build/moveit_resources_panda_description
[1.906s] Level 1:colcon.colcon_core.shell:create_environment_hook('moveit_resources_panda_description', 'cmake_prefix_path')
[1.907s] INFO:colcon.colcon_core.shell:Creating environment hook '/home/vinayak/ws_moveit2/install/moveit_resources_panda_description/share/moveit_resources_panda_description/hook/cmake_prefix_path.ps1'
[1.907s] INFO:colcon.colcon_core.shell:Creating environment descriptor '/home/vinayak/ws_moveit2/install/moveit_resources_panda_description/share/moveit_resources_panda_description/hook/cmake_prefix_path.dsv'
[1.908s] INFO:colcon.colcon_core.shell:Creating environment hook '/home/vinayak/ws_moveit2/install/moveit_resources_panda_description/share/moveit_resources_panda_description/hook/cmake_prefix_path.sh'
[1.909s] Level 1:colcon.colcon_core.environment:checking '/home/vinayak/ws_moveit2/install/moveit_resources_panda_description/bin'
[1.909s] Level 1:colcon.colcon_core.environment:checking '/home/vinayak/ws_moveit2/install/moveit_resources_panda_description/lib/pkgconfig/moveit_resources_panda_description.pc'
[1.909s] Level 1:colcon.colcon_core.environment:checking '/home/vinayak/ws_moveit2/install/moveit_resources_panda_description/lib/python3.10/site-packages'
[1.909s] Level 1:colcon.colcon_core.environment:checking '/home/vinayak/ws_moveit2/install/moveit_resources_panda_description/bin'
[1.910s] INFO:colcon.colcon_core.shell:Creating package script '/home/vinayak/ws_moveit2/install/moveit_resources_panda_description/share/moveit_resources_panda_description/package.ps1'
[1.911s] INFO:colcon.colcon_core.shell:Creating package descriptor '/home/vinayak/ws_moveit2/install/moveit_resources_panda_description/share/moveit_resources_panda_description/package.dsv'
[1.912s] INFO:colcon.colcon_core.shell:Creating package script '/home/vinayak/ws_moveit2/install/moveit_resources_panda_description/share/moveit_resources_panda_description/package.sh'
[1.913s] INFO:colcon.colcon_core.shell:Creating package script '/home/vinayak/ws_moveit2/install/moveit_resources_panda_description/share/moveit_resources_panda_description/package.bash'
[1.914s] INFO:colcon.colcon_core.shell:Creating package script '/home/vinayak/ws_moveit2/install/moveit_resources_panda_description/share/moveit_resources_panda_description/package.zsh'
[1.915s] Level 1:colcon.colcon_core.environment:create_file_with_runtime_dependencies(/home/vinayak/ws_moveit2/install/moveit_resources_panda_description/share/colcon-core/packages/moveit_resources_panda_description)
[1.918s] Level 1:colcon.colcon_core.environment:create_environment_scripts_only(moveit_resources_panda_description)
[1.918s] Level 1:colcon.colcon_core.environment:checking '/home/vinayak/ws_moveit2/install/moveit_resources_panda_description' for CMake module files
[1.921s] Level 1:colcon.colcon_core.environment:checking '/home/vinayak/ws_moveit2/install/moveit_resources_panda_description' for CMake config files
[1.922s] Level 1:colcon.colcon_core.shell:create_environment_hook('moveit_resources_panda_description', 'cmake_prefix_path')
[1.922s] INFO:colcon.colcon_core.shell:Creating environment hook '/home/vinayak/ws_moveit2/install/moveit_resources_panda_description/share/moveit_resources_panda_description/hook/cmake_prefix_path.ps1'
[1.923s] INFO:colcon.colcon_core.shell:Creating environment descriptor '/home/vinayak/ws_moveit2/install/moveit_resources_panda_description/share/moveit_resources_panda_description/hook/cmake_prefix_path.dsv'
[1.924s] INFO:colcon.colcon_core.shell:Creating environment hook '/home/vinayak/ws_moveit2/install/moveit_resources_panda_description/share/moveit_resources_panda_description/hook/cmake_prefix_path.sh'
[1.925s] Level 1:colcon.colcon_core.environment:checking '/home/vinayak/ws_moveit2/install/moveit_resources_panda_description/bin'
[1.925s] Level 1:colcon.colcon_core.environment:checking '/home/vinayak/ws_moveit2/install/moveit_resources_panda_description/lib/pkgconfig/moveit_resources_panda_description.pc'
[1.925s] Level 1:colcon.colcon_core.environment:checking '/home/vinayak/ws_moveit2/install/moveit_resources_panda_description/lib/python3.10/site-packages'
[1.926s] Level 1:colcon.colcon_core.environment:checking '/home/vinayak/ws_moveit2/install/moveit_resources_panda_description/bin'
[1.926s] INFO:colcon.colcon_core.shell:Creating package script '/home/vinayak/ws_moveit2/install/moveit_resources_panda_description/share/moveit_resources_panda_description/package.ps1'
[1.928s] INFO:colcon.colcon_core.shell:Creating package descriptor '/home/vinayak/ws_moveit2/install/moveit_resources_panda_description/share/moveit_resources_panda_description/package.dsv'
[1.929s] INFO:colcon.colcon_core.shell:Creating package script '/home/vinayak/ws_moveit2/install/moveit_resources_panda_description/share/moveit_resources_panda_description/package.sh'
[1.930s] INFO:colcon.colcon_core.shell:Creating package script '/home/vinayak/ws_moveit2/install/moveit_resources_panda_description/share/moveit_resources_panda_description/package.bash'
[1.931s] INFO:colcon.colcon_core.shell:Creating package script '/home/vinayak/ws_moveit2/install/moveit_resources_panda_description/share/moveit_resources_panda_description/package.zsh'
[1.932s] Level 1:colcon.colcon_core.environment:create_file_with_runtime_dependencies(/home/vinayak/ws_moveit2/install/moveit_resources_panda_description/share/colcon-core/packages/moveit_resources_panda_description)
[1.933s] INFO:colcon.colcon_ros.task.ament_cmake.build:Building ROS package in '/home/vinayak/ws_moveit2/src/moveit_resources/panda_moveit_config' with build type 'ament_cmake'
[1.933s] INFO:colcon.colcon_cmake.task.cmake.build:Building CMake package in '/home/vinayak/ws_moveit2/src/moveit_resources/panda_moveit_config'
[1.934s] INFO:colcon.colcon_core.shell:Skip shell extension 'powershell' for command environment: Not usable outside of PowerShell
[1.934s] DEBUG:colcon.colcon_core.shell:Skip shell extension 'dsv' for command environment
[1.963s] DEBUG:colcon.colcon_core.event_handler.log_command:Invoking command in '/home/vinayak/ws_moveit2/build/moveit_resources_panda_moveit_config': CMAKE_PREFIX_PATH=/home/vinayak/ws_moveit2/install/moveit_resources_panda_description:/home/vinayak/ws_moveit2/install/ur:/home/vinayak/ws_moveit2/install/ur_calibration:/home/vinayak/ws_moveit2/install/ur_robot_driver:/home/vinayak/ws_moveit2/install/ur_moveit_config:/home/vinayak/ws_moveit2/install/ur_bringup:/home/vinayak/ws_moveit2/install/ur_controllers:/home/vinayak/ws_moveit2/install/ur_dashboard_msgs:/home/vinayak/ws_moveit2/install/new_configuration:/home/vinayak/ws_moveit2/install/ur3e:/home/vinayak/ws_moveit2/install/pilz_industrial_motion_planner_testutils:/home/vinayak/ws_moveit2/install/moveit_runtime:/home/vinayak/ws_moveit2/install/moveit2_tutorials:/home/vinayak/ws_moveit2/install/moveit:/home/vinayak/ws_moveit2/install/moveit_planners:/home/vinayak/ws_moveit2/install/pilz_industrial_motion_planner:/home/vinayak/ws_moveit2/install/moveit_visual_tools:/home/vinayak/ws_moveit2/install/moveit_task_constructor_visualization:/home/vinayak/ws_moveit2/install/moveit_task_constructor_demo:/home/vinayak/ws_moveit2/install/moveit_task_constructor_capabilities:/home/vinayak/ws_moveit2/install/moveit_task_constructor_core:/home/vinayak/ws_moveit2/install/moveit_ros_control_interface:/home/vinayak/ws_moveit2/install/moveit_plugins:/home/vinayak/ws_moveit2/install/moveit_simple_controller_manager:/home/vinayak/ws_moveit2/install/moveit_setup_assistant:/home/vinayak/ws_moveit2/install/moveit_setup_srdf_plugins:/home/vinayak/ws_moveit2/install/moveit_setup_core_plugins:/home/vinayak/ws_moveit2/install/moveit_setup_controllers:/home/vinayak/ws_moveit2/install/moveit_setup_app_plugins:/home/vinayak/ws_moveit2/install/moveit_setup_framework:/home/vinayak/ws_moveit2/install/moveit_servo:/home/vinayak/ws_moveit2/install/moveit_ros:/home/vinayak/ws_moveit2/install/moveit_ros_visualization:/home/vinayak/ws_moveit2/install/moveit_hybrid_planning:/home/vinayak/ws_moveit2/install/moveit_ros_planning_interface:/home/vinayak/ws_moveit2/install/moveit_ros_benchmarks:/home/vinayak/ws_moveit2/install/moveit_ros_warehouse:/home/vinayak/ws_moveit2/install/moveit_ros_robot_interaction:/home/vinayak/ws_moveit2/install/moveit_ros_perception:/home/vinayak/ws_moveit2/install/moveit_resources_prbt_pg70_support:/home/vinayak/ws_moveit2/install/moveit_resources_prbt_moveit_config:/home/vinayak/ws_moveit2/install/moveit_ros_move_group:/home/vinayak/ws_moveit2/install/moveit_planners_ompl:/home/vinayak/ws_moveit2/install/moveit_ros_planning:/home/vinayak/ws_moveit2/install/moveit_ros_occupancy_map_monitor:/home/vinayak/ws_moveit2/install/moveit_resources_prbt_ikfast_manipulator_plugin:/home/vinayak/ws_moveit2/install/moveit_planners_chomp:/home/vinayak/ws_moveit2/install/moveit_kinematics:/home/vinayak/ws_moveit2/install/moveit_chomp_optimizer_adapter:/home/vinayak/ws_moveit2/install/chomp_motion_planner:/home/vinayak/ws_moveit2/install/moveit_core:/home/vinayak/ws_moveit2/install/srdfdom:/home/vinayak/ws_moveit2/install/rviz_marker_tools:/home/vinayak/ws_moveit2/install/rosparam_shortcuts:/home/vinayak/ws_moveit2/install/moveit_task_constructor_msgs:/home/vinayak/ws_moveit2/install/moveit_resources_prbt_support:/home/vinayak/ws_moveit2/install/moveit_resources:/home/vinayak/ws_moveit2/install/moveit_resources_pr2_description:/home/vinayak/ws_moveit2/install/moveit_resources_panda_moveit_config:/home/vinayak/ws_moveit2/install/moveit_resources_fanuc_moveit_config:/home/vinayak/ws_moveit2/install/moveit_resources_fanuc_description:/home/vinayak/ws_moveit2/install/moveit_common:/home/vinayak/ws_moveit2/install/ur3e_rl:/home/vinayak/ws_moveit2/install/ur3e_motion_package:/home/vinayak/ws_moveit2/install/moveit_configs_utils:/home/vinayak/ws_moveit2/install/launch_param_builder:/opt/ros/humble /usr/bin/cmake /home/vinayak/ws_moveit2/src/moveit_resources/panda_moveit_config -DCMAKE_INSTALL_PREFIX=/home/vinayak/ws_moveit2/install/moveit_resources_panda_moveit_config
[2.027s] DEBUG:colcon.colcon_core.event_handler.log_command:Invoking command in '/home/vinayak/ws_moveit2/src/launch_param_builder': PYTHONPATH=/home/vinayak/ws_moveit2/build/launch_param_builder/prefix_override:/usr/lib/python3/dist-packages/colcon_core/task/python/colcon_distutils_commands:/home/vinayak/ws_moveit2/install/launch_param_builder/lib/python3.10/site-packages:${PYTHONPATH} /usr/bin/python3 -W ignore:setup.py install is deprecated -W ignore:easy_install command is deprecated setup.py egg_info --egg-base ../../build/launch_param_builder build --build-base /home/vinayak/ws_moveit2/build/launch_param_builder/build install --record /home/vinayak/ws_moveit2/build/launch_param_builder/install.log --single-version-externally-managed install_data
[2.216s] DEBUG:colcon.colcon_core.event_handler.log_command:Invoked command in '/home/vinayak/ws_moveit2/build/moveit_resources_fanuc_description' returned '0': CMAKE_PREFIX_PATH=${CMAKE_PREFIX_PATH}:/home/vinayak/ws_moveit2/install/ur3e_rl:/home/vinayak/ws_moveit2/install/ur3e_motion_package:/home/vinayak/ws_moveit2/install/moveit_configs_utils:/home/vinayak/ws_moveit2/install/launch_param_builder:/opt/ros/humble /usr/bin/cmake /home/vinayak/ws_moveit2/src/moveit_resources/fanuc_description -DCMAKE_INSTALL_PREFIX=/home/vinayak/ws_moveit2/install/moveit_resources_fanuc_description
[2.222s] DEBUG:colcon.colcon_core.event_handler.log_command:Invoking command in '/home/vinayak/ws_moveit2/build/moveit_resources_fanuc_description': CMAKE_PREFIX_PATH=${CMAKE_PREFIX_PATH}:/home/vinayak/ws_moveit2/install/ur3e_rl:/home/vinayak/ws_moveit2/install/ur3e_motion_package:/home/vinayak/ws_moveit2/install/moveit_configs_utils:/home/vinayak/ws_moveit2/install/launch_param_builder:/opt/ros/humble /usr/bin/cmake --build /home/vinayak/ws_moveit2/build/moveit_resources_fanuc_description -- -j8 -l8
[2.227s] DEBUG:colcon.colcon_core.event_handler.log_command:Invoked command in '/home/vinayak/ws_moveit2/build/moveit_resources_prbt_support' returned '0': CMAKE_PREFIX_PATH=${CMAKE_PREFIX_PATH}:/home/vinayak/ws_moveit2/install/ur3e_rl:/home/vinayak/ws_moveit2/install/ur3e_motion_package:/home/vinayak/ws_moveit2/install/moveit_configs_utils:/home/vinayak/ws_moveit2/install/launch_param_builder:/opt/ros/humble /usr/bin/cmake /home/vinayak/ws_moveit2/src/moveit2/moveit_planners/test_configs/prbt_support -DCMAKE_INSTALL_PREFIX=/home/vinayak/ws_moveit2/install/moveit_resources_prbt_support
[2.228s] DEBUG:colcon.colcon_core.event_handler.log_command:Invoking command in '/home/vinayak/ws_moveit2/build/moveit_resources_prbt_support': CMAKE_PREFIX_PATH=${CMAKE_PREFIX_PATH}:/home/vinayak/ws_moveit2/install/ur3e_rl:/home/vinayak/ws_moveit2/install/ur3e_motion_package:/home/vinayak/ws_moveit2/install/moveit_configs_utils:/home/vinayak/ws_moveit2/install/launch_param_builder:/opt/ros/humble /usr/bin/cmake --build /home/vinayak/ws_moveit2/build/moveit_resources_prbt_support -- -j8 -l8
[2.255s] Level 1:colcon.colcon_core.environment:create_environment_scripts_only(moveit_resources_pr2_description)
[2.256s] Level 1:colcon.colcon_core.environment:checking '/home/vinayak/ws_moveit2/install/moveit_resources_pr2_description' for CMake module files
[2.257s] Level 1:colcon.colcon_core.environment:checking '/home/vinayak/ws_moveit2/install/moveit_resources_pr2_description' for CMake config files
[2.257s] Level 1:colcon.colcon_core.shell:create_environment_hook('moveit_resources_pr2_description', 'cmake_prefix_path')
[2.257s] INFO:colcon.colcon_core.shell:Creating environment hook '/home/vinayak/ws_moveit2/install/moveit_resources_pr2_description/share/moveit_resources_pr2_description/hook/cmake_prefix_path.ps1'
[2.258s] INFO:colcon.colcon_core.shell:Creating environment descriptor '/home/vinayak/ws_moveit2/install/moveit_resources_pr2_description/share/moveit_resources_pr2_description/hook/cmake_prefix_path.dsv'
[2.258s] INFO:colcon.colcon_core.shell:Creating environment hook '/home/vinayak/ws_moveit2/install/moveit_resources_pr2_description/share/moveit_resources_pr2_description/hook/cmake_prefix_path.sh'
[2.259s] Level 1:colcon.colcon_core.environment:checking '/home/vinayak/ws_moveit2/install/moveit_resources_pr2_description/bin'
[2.259s] Level 1:colcon.colcon_core.environment:checking '/home/vinayak/ws_moveit2/install/moveit_resources_pr2_description/lib/pkgconfig/moveit_resources_pr2_description.pc'
[2.260s] Level 1:colcon.colcon_core.environment:checking '/home/vinayak/ws_moveit2/install/moveit_resources_pr2_description/lib/python3.10/site-packages'
[2.260s] DEBUG:colcon.colcon_core.event_handler.log_command:Invoked command in '/home/vinayak/ws_moveit2/build/moveit_resources_pr2_description' returned '0': CMAKE_PREFIX_PATH=${CMAKE_PREFIX_PATH}:/home/vinayak/ws_moveit2/install/ur3e_rl:/home/vinayak/ws_moveit2/install/ur3e_motion_package:/home/vinayak/ws_moveit2/install/moveit_configs_utils:/home/vinayak/ws_moveit2/install/launch_param_builder:/opt/ros/humble /usr/bin/cmake --install /home/vinayak/ws_moveit2/build/moveit_resources_pr2_description
[2.260s] Level 1:colcon.colcon_core.environment:checking '/home/vinayak/ws_moveit2/install/moveit_resources_pr2_description/bin'
[2.261s] INFO:colcon.colcon_core.shell:Creating package script '/home/vinayak/ws_moveit2/install/moveit_resources_pr2_description/share/moveit_resources_pr2_description/package.ps1'
[2.262s] INFO:colcon.colcon_core.shell:Creating package descriptor '/home/vinayak/ws_moveit2/install/moveit_resources_pr2_description/share/moveit_resources_pr2_description/package.dsv'
[2.262s] INFO:colcon.colcon_core.shell:Creating package script '/home/vinayak/ws_moveit2/install/moveit_resources_pr2_description/share/moveit_resources_pr2_description/package.sh'
[2.263s] INFO:colcon.colcon_core.shell:Creating package script '/home/vinayak/ws_moveit2/install/moveit_resources_pr2_description/share/moveit_resources_pr2_description/package.bash'
[2.264s] INFO:colcon.colcon_core.shell:Creating package script '/home/vinayak/ws_moveit2/install/moveit_resources_pr2_description/share/moveit_resources_pr2_description/package.zsh'
[2.264s] Level 1:colcon.colcon_core.environment:create_file_with_runtime_dependencies(/home/vinayak/ws_moveit2/install/moveit_resources_pr2_description/share/colcon-core/packages/moveit_resources_pr2_description)
[2.265s] Level 1:colcon.colcon_core.environment:create_environment_scripts_only(moveit_resources_pr2_description)
[2.266s] Level 1:colcon.colcon_core.environment:checking '/home/vinayak/ws_moveit2/install/moveit_resources_pr2_description' for CMake module files
[2.267s] Level 1:colcon.colcon_core.environment:checking '/home/vinayak/ws_moveit2/install/moveit_resources_pr2_description' for CMake config files
[2.267s] Level 1:colcon.colcon_core.shell:create_environment_hook('moveit_resources_pr2_description', 'cmake_prefix_path')
[2.267s] INFO:colcon.colcon_core.shell:Creating environment hook '/home/vinayak/ws_moveit2/install/moveit_resources_pr2_description/share/moveit_resources_pr2_description/hook/cmake_prefix_path.ps1'
[2.268s] INFO:colcon.colcon_core.shell:Creating environment descriptor '/home/vinayak/ws_moveit2/install/moveit_resources_pr2_description/share/moveit_resources_pr2_description/hook/cmake_prefix_path.dsv'
[2.269s] INFO:colcon.colcon_core.shell:Creating environment hook '/home/vinayak/ws_moveit2/install/moveit_resources_pr2_description/share/moveit_resources_pr2_description/hook/cmake_prefix_path.sh'
[2.269s] Level 1:colcon.colcon_core.environment:checking '/home/vinayak/ws_moveit2/install/moveit_resources_pr2_description/bin'
[2.270s] Level 1:colcon.colcon_core.environment:checking '/home/vinayak/ws_moveit2/install/moveit_resources_pr2_description/lib/pkgconfig/moveit_resources_pr2_description.pc'
[2.270s] Level 1:colcon.colcon_core.environment:checking '/home/vinayak/ws_moveit2/install/moveit_resources_pr2_description/lib/python3.10/site-packages'
[2.270s] Level 1:colcon.colcon_core.environment:checking '/home/vinayak/ws_moveit2/install/moveit_resources_pr2_description/bin'
[2.271s] INFO:colcon.colcon_core.shell:Creating package script '/home/vinayak/ws_moveit2/install/moveit_resources_pr2_description/share/moveit_resources_pr2_description/package.ps1'
[2.272s] INFO:colcon.colcon_core.shell:Creating package descriptor '/home/vinayak/ws_moveit2/install/moveit_resources_pr2_description/share/moveit_resources_pr2_description/package.dsv'
[2.272s] INFO:colcon.colcon_core.shell:Creating package script '/home/vinayak/ws_moveit2/install/moveit_resources_pr2_description/share/moveit_resources_pr2_description/package.sh'
[2.273s] INFO:colcon.colcon_core.shell:Creating package script '/home/vinayak/ws_moveit2/install/moveit_resources_pr2_description/share/moveit_resources_pr2_description/package.bash'
[2.274s] INFO:colcon.colcon_core.shell:Creating package script '/home/vinayak/ws_moveit2/install/moveit_resources_pr2_description/share/moveit_resources_pr2_description/package.zsh'
[2.274s] Level 1:colcon.colcon_core.environment:create_file_with_runtime_dependencies(/home/vinayak/ws_moveit2/install/moveit_resources_pr2_description/share/colcon-core/packages/moveit_resources_pr2_description)
[2.275s] INFO:colcon.colcon_ros.task.ament_cmake.build:Building ROS package in '/home/vinayak/ws_moveit2/src/moveit_task_constructor/rviz_marker_tools' with build type 'ament_cmake'
[2.275s] INFO:colcon.colcon_cmake.task.cmake.build:Building CMake package in '/home/vinayak/ws_moveit2/src/moveit_task_constructor/rviz_marker_tools'
[2.276s] INFO:colcon.colcon_core.shell:Skip shell extension 'powershell' for command environment: Not usable outside of PowerShell
[2.276s] DEBUG:colcon.colcon_core.shell:Skip shell extension 'dsv' for command environment
[2.286s] DEBUG:colcon.colcon_core.event_handler.log_command:Invoked command in '/home/vinayak/ws_moveit2/build/moveit_resources_fanuc_description' returned '0': CMAKE_PREFIX_PATH=${CMAKE_PREFIX_PATH}:/home/vinayak/ws_moveit2/install/ur3e_rl:/home/vinayak/ws_moveit2/install/ur3e_motion_package:/home/vinayak/ws_moveit2/install/moveit_configs_utils:/home/vinayak/ws_moveit2/install/launch_param_builder:/opt/ros/humble /usr/bin/cmake --build /home/vinayak/ws_moveit2/build/moveit_resources_fanuc_description -- -j8 -l8
[2.287s] DEBUG:colcon.colcon_core.event_handler.log_command:Invoking command in '/home/vinayak/ws_moveit2/build/moveit_resources_fanuc_description': CMAKE_PREFIX_PATH=${CMAKE_PREFIX_PATH}:/home/vinayak/ws_moveit2/install/ur3e_rl:/home/vinayak/ws_moveit2/install/ur3e_motion_package:/home/vinayak/ws_moveit2/install/moveit_configs_utils:/home/vinayak/ws_moveit2/install/launch_param_builder:/opt/ros/humble /usr/bin/cmake --install /home/vinayak/ws_moveit2/build/moveit_resources_fanuc_description
[2.293s] DEBUG:colcon.colcon_core.event_handler.log_command:Invoked command in '/home/vinayak/ws_moveit2/build/moveit_resources_prbt_support' returned '0': CMAKE_PREFIX_PATH=${CMAKE_PREFIX_PATH}:/home/vinayak/ws_moveit2/install/ur3e_rl:/home/vinayak/ws_moveit2/install/ur3e_motion_package:/home/vinayak/ws_moveit2/install/moveit_configs_utils:/home/vinayak/ws_moveit2/install/launch_param_builder:/opt/ros/humble /usr/bin/cmake --build /home/vinayak/ws_moveit2/build/moveit_resources_prbt_support -- -j8 -l8
[2.297s] DEBUG:colcon.colcon_core.event_handler.log_command:Invoking command in '/home/vinayak/ws_moveit2/build/moveit_resources_prbt_support': CMAKE_PREFIX_PATH=${CMAKE_PREFIX_PATH}:/home/vinayak/ws_moveit2/install/ur3e_rl:/home/vinayak/ws_moveit2/install/ur3e_motion_package:/home/vinayak/ws_moveit2/install/moveit_configs_utils:/home/vinayak/ws_moveit2/install/launch_param_builder:/opt/ros/humble /usr/bin/cmake --install /home/vinayak/ws_moveit2/build/moveit_resources_prbt_support
[2.301s] DEBUG:colcon.colcon_core.event_handler.log_command:Invoking command in '/home/vinayak/ws_moveit2/build/rviz_marker_tools': CMAKE_PREFIX_PATH=/home/vinayak/ws_moveit2/install/moveit_common:/home/vinayak/ws_moveit2/install/ur:/home/vinayak/ws_moveit2/install/ur_calibration:/home/vinayak/ws_moveit2/install/ur_robot_driver:/home/vinayak/ws_moveit2/install/ur_moveit_config:/home/vinayak/ws_moveit2/install/ur_bringup:/home/vinayak/ws_moveit2/install/ur_controllers:/home/vinayak/ws_moveit2/install/ur_dashboard_msgs:/home/vinayak/ws_moveit2/install/new_configuration:/home/vinayak/ws_moveit2/install/ur3e:/home/vinayak/ws_moveit2/install/pilz_industrial_motion_planner_testutils:/home/vinayak/ws_moveit2/install/moveit_runtime:/home/vinayak/ws_moveit2/install/moveit2_tutorials:/home/vinayak/ws_moveit2/install/moveit:/home/vinayak/ws_moveit2/install/moveit_planners:/home/vinayak/ws_moveit2/install/pilz_industrial_motion_planner:/home/vinayak/ws_moveit2/install/moveit_visual_tools:/home/vinayak/ws_moveit2/install/moveit_task_constructor_visualization:/home/vinayak/ws_moveit2/install/moveit_task_constructor_demo:/home/vinayak/ws_moveit2/install/moveit_task_constructor_capabilities:/home/vinayak/ws_moveit2/install/moveit_task_constructor_core:/home/vinayak/ws_moveit2/install/moveit_ros_control_interface:/home/vinayak/ws_moveit2/install/moveit_plugins:/home/vinayak/ws_moveit2/install/moveit_simple_controller_manager:/home/vinayak/ws_moveit2/install/moveit_setup_assistant:/home/vinayak/ws_moveit2/install/moveit_setup_srdf_plugins:/home/vinayak/ws_moveit2/install/moveit_setup_core_plugins:/home/vinayak/ws_moveit2/install/moveit_setup_controllers:/home/vinayak/ws_moveit2/install/moveit_setup_app_plugins:/home/vinayak/ws_moveit2/install/moveit_setup_framework:/home/vinayak/ws_moveit2/install/moveit_servo:/home/vinayak/ws_moveit2/install/moveit_ros:/home/vinayak/ws_moveit2/install/moveit_ros_visualization:/home/vinayak/ws_moveit2/install/moveit_hybrid_planning:/home/vinayak/ws_moveit2/install/moveit_ros_planning_interface:/home/vinayak/ws_moveit2/install/moveit_ros_benchmarks:/home/vinayak/ws_moveit2/install/moveit_ros_warehouse:/home/vinayak/ws_moveit2/install/moveit_ros_robot_interaction:/home/vinayak/ws_moveit2/install/moveit_ros_perception:/home/vinayak/ws_moveit2/install/moveit_resources_prbt_pg70_support:/home/vinayak/ws_moveit2/install/moveit_resources_prbt_moveit_config:/home/vinayak/ws_moveit2/install/moveit_ros_move_group:/home/vinayak/ws_moveit2/install/moveit_planners_ompl:/home/vinayak/ws_moveit2/install/moveit_ros_planning:/home/vinayak/ws_moveit2/install/moveit_ros_occupancy_map_monitor:/home/vinayak/ws_moveit2/install/moveit_resources_prbt_ikfast_manipulator_plugin:/home/vinayak/ws_moveit2/install/moveit_planners_chomp:/home/vinayak/ws_moveit2/install/moveit_kinematics:/home/vinayak/ws_moveit2/install/moveit_chomp_optimizer_adapter:/home/vinayak/ws_moveit2/install/chomp_motion_planner:/home/vinayak/ws_moveit2/install/moveit_core:/home/vinayak/ws_moveit2/install/srdfdom:/home/vinayak/ws_moveit2/install/rviz_marker_tools:/home/vinayak/ws_moveit2/install/rosparam_shortcuts:/home/vinayak/ws_moveit2/install/moveit_task_constructor_msgs:/home/vinayak/ws_moveit2/install/moveit_resources_prbt_support:/home/vinayak/ws_moveit2/install/moveit_resources:/home/vinayak/ws_moveit2/install/moveit_resources_pr2_description:/home/vinayak/ws_moveit2/install/moveit_resources_panda_moveit_config:/home/vinayak/ws_moveit2/install/moveit_resources_panda_description:/home/vinayak/ws_moveit2/install/moveit_resources_fanuc_moveit_config:/home/vinayak/ws_moveit2/install/moveit_resources_fanuc_description:/home/vinayak/ws_moveit2/install/ur3e_rl:/home/vinayak/ws_moveit2/install/ur3e_motion_package:/home/vinayak/ws_moveit2/install/moveit_configs_utils:/home/vinayak/ws_moveit2/install/launch_param_builder:/opt/ros/humble /usr/bin/cmake /home/vinayak/ws_moveit2/src/moveit_task_constructor/rviz_marker_tools -DCMAKE_INSTALL_PREFIX=/home/vinayak/ws_moveit2/install/rviz_marker_tools
[2.323s] Level 1:colcon.colcon_core.environment:create_environment_scripts_only(moveit_resources_fanuc_description)
[2.323s] Level 1:colcon.colcon_core.environment:checking '/home/vinayak/ws_moveit2/install/moveit_resources_fanuc_description' for CMake module files
[2.325s] DEBUG:colcon.colcon_core.event_handler.log_command:Invoked command in '/home/vinayak/ws_moveit2/build/moveit_resources_fanuc_description' returned '0': CMAKE_PREFIX_PATH=${CMAKE_PREFIX_PATH}:/home/vinayak/ws_moveit2/install/ur3e_rl:/home/vinayak/ws_moveit2/install/ur3e_motion_package:/home/vinayak/ws_moveit2/install/moveit_configs_utils:/home/vinayak/ws_moveit2/install/launch_param_builder:/opt/ros/humble /usr/bin/cmake --install /home/vinayak/ws_moveit2/build/moveit_resources_fanuc_description
[2.332s] Level 1:colcon.colcon_core.environment:checking '/home/vinayak/ws_moveit2/install/moveit_resources_fanuc_description' for CMake config files
[2.333s] Level 1:colcon.colcon_core.shell:create_environment_hook('moveit_resources_fanuc_description', 'cmake_prefix_path')
[2.333s] INFO:colcon.colcon_core.shell:Creating environment hook '/home/vinayak/ws_moveit2/install/moveit_resources_fanuc_description/share/moveit_resources_fanuc_description/hook/cmake_prefix_path.ps1'
[2.336s] INFO:colcon.colcon_core.shell:Creating environment descriptor '/home/vinayak/ws_moveit2/install/moveit_resources_fanuc_description/share/moveit_resources_fanuc_description/hook/cmake_prefix_path.dsv'
[2.336s] INFO:colcon.colcon_core.shell:Creating environment hook '/home/vinayak/ws_moveit2/install/moveit_resources_fanuc_description/share/moveit_resources_fanuc_description/hook/cmake_prefix_path.sh'
[2.337s] Level 1:colcon.colcon_core.environment:checking '/home/vinayak/ws_moveit2/install/moveit_resources_fanuc_description/bin'
[2.337s] Level 1:colcon.colcon_core.environment:checking '/home/vinayak/ws_moveit2/install/moveit_resources_fanuc_description/lib/pkgconfig/moveit_resources_fanuc_description.pc'
[2.338s] Level 1:colcon.colcon_core.environment:checking '/home/vinayak/ws_moveit2/install/moveit_resources_fanuc_description/lib/python3.10/site-packages'
[2.338s] Level 1:colcon.colcon_core.environment:checking '/home/vinayak/ws_moveit2/install/moveit_resources_fanuc_description/bin'
[2.339s] INFO:colcon.colcon_core.shell:Creating package script '/home/vinayak/ws_moveit2/install/moveit_resources_fanuc_description/share/moveit_resources_fanuc_description/package.ps1'
[2.340s] INFO:colcon.colcon_core.shell:Creating package descriptor '/home/vinayak/ws_moveit2/install/moveit_resources_fanuc_description/share/moveit_resources_fanuc_description/package.dsv'
[2.341s] INFO:colcon.colcon_core.shell:Creating package script '/home/vinayak/ws_moveit2/install/moveit_resources_fanuc_description/share/moveit_resources_fanuc_description/package.sh'
[2.341s] INFO:colcon.colcon_core.shell:Creating package script '/home/vinayak/ws_moveit2/install/moveit_resources_fanuc_description/share/moveit_resources_fanuc_description/package.bash'
[2.342s] INFO:colcon.colcon_core.shell:Creating package script '/home/vinayak/ws_moveit2/install/moveit_resources_fanuc_description/share/moveit_resources_fanuc_description/package.zsh'
[2.342s] Level 1:colcon.colcon_core.environment:create_file_with_runtime_dependencies(/home/vinayak/ws_moveit2/install/moveit_resources_fanuc_description/share/colcon-core/packages/moveit_resources_fanuc_description)
[2.342s] Level 1:colcon.colcon_core.environment:create_environment_scripts_only(moveit_resources_fanuc_description)
[2.343s] Level 1:colcon.colcon_core.environment:checking '/home/vinayak/ws_moveit2/install/moveit_resources_fanuc_description' for CMake module files
[2.343s] Level 1:colcon.colcon_core.environment:checking '/home/vinayak/ws_moveit2/install/moveit_resources_fanuc_description' for CMake config files
[2.344s] Level 1:colcon.colcon_core.shell:create_environment_hook('moveit_resources_fanuc_description', 'cmake_prefix_path')
[2.344s] INFO:colcon.colcon_core.shell:Creating environment hook '/home/vinayak/ws_moveit2/install/moveit_resources_fanuc_description/share/moveit_resources_fanuc_description/hook/cmake_prefix_path.ps1'
[2.345s] INFO:colcon.colcon_core.shell:Creating environment descriptor '/home/vinayak/ws_moveit2/install/moveit_resources_fanuc_description/share/moveit_resources_fanuc_description/hook/cmake_prefix_path.dsv'
[2.345s] INFO:colcon.colcon_core.shell:Creating environment hook '/home/vinayak/ws_moveit2/install/moveit_resources_fanuc_description/share/moveit_resources_fanuc_description/hook/cmake_prefix_path.sh'
[2.346s] Level 1:colcon.colcon_core.environment:checking '/home/vinayak/ws_moveit2/install/moveit_resources_fanuc_description/bin'
[2.346s] Level 1:colcon.colcon_core.environment:checking '/home/vinayak/ws_moveit2/install/moveit_resources_fanuc_description/lib/pkgconfig/moveit_resources_fanuc_description.pc'
[2.347s] Level 1:colcon.colcon_core.environment:checking '/home/vinayak/ws_moveit2/install/moveit_resources_fanuc_description/lib/python3.10/site-packages'
[2.347s] Level 1:colcon.colcon_core.environment:checking '/home/vinayak/ws_moveit2/install/moveit_resources_fanuc_description/bin'
[2.347s] INFO:colcon.colcon_core.shell:Creating package script '/home/vinayak/ws_moveit2/install/moveit_resources_fanuc_description/share/moveit_resources_fanuc_description/package.ps1'
[2.348s] INFO:colcon.colcon_core.shell:Creating package descriptor '/home/vinayak/ws_moveit2/install/moveit_resources_fanuc_description/share/moveit_resources_fanuc_description/package.dsv'
[2.349s] INFO:colcon.colcon_core.shell:Creating package script '/home/vinayak/ws_moveit2/install/moveit_resources_fanuc_description/share/moveit_resources_fanuc_description/package.sh'
[2.349s] INFO:colcon.colcon_core.shell:Creating package script '/home/vinayak/ws_moveit2/install/moveit_resources_fanuc_description/share/moveit_resources_fanuc_description/package.bash'
[2.350s] INFO:colcon.colcon_core.shell:Creating package script '/home/vinayak/ws_moveit2/install/moveit_resources_fanuc_description/share/moveit_resources_fanuc_description/package.zsh'
[2.351s] Level 1:colcon.colcon_core.environment:create_file_with_runtime_dependencies(/home/vinayak/ws_moveit2/install/moveit_resources_fanuc_description/share/colcon-core/packages/moveit_resources_fanuc_description)
[2.352s] INFO:colcon.colcon_ros.task.ament_cmake.build:Building ROS package in '/home/vinayak/ws_moveit2/src/moveit_resources/fanuc_moveit_config' with build type 'ament_cmake'
[2.352s] INFO:colcon.colcon_cmake.task.cmake.build:Building CMake package in '/home/vinayak/ws_moveit2/src/moveit_resources/fanuc_moveit_config'
[2.353s] INFO:colcon.colcon_core.shell:Skip shell extension 'powershell' for command environment: Not usable outside of PowerShell
[2.353s] DEBUG:colcon.colcon_core.shell:Skip shell extension 'dsv' for command environment
[2.361s] Level 1:colcon.colcon_core.environment:create_environment_scripts_only(moveit_resources_prbt_support)
[2.362s] Level 1:colcon.colcon_core.environment:checking '/home/vinayak/ws_moveit2/install/moveit_resources_prbt_support' for CMake module files
[2.363s] DEBUG:colcon.colcon_core.event_handler.log_command:Invoked command in '/home/vinayak/ws_moveit2/build/moveit_resources_prbt_support' returned '0': CMAKE_PREFIX_PATH=${CMAKE_PREFIX_PATH}:/home/vinayak/ws_moveit2/install/ur3e_rl:/home/vinayak/ws_moveit2/install/ur3e_motion_package:/home/vinayak/ws_moveit2/install/moveit_configs_utils:/home/vinayak/ws_moveit2/install/launch_param_builder:/opt/ros/humble /usr/bin/cmake --install /home/vinayak/ws_moveit2/build/moveit_resources_prbt_support
[2.363s] Level 1:colcon.colcon_core.environment:checking '/home/vinayak/ws_moveit2/install/moveit_resources_prbt_support' for CMake config files
[2.364s] Level 1:colcon.colcon_core.shell:create_environment_hook('moveit_resources_prbt_support', 'cmake_prefix_path')
[2.364s] INFO:colcon.colcon_core.shell:Creating environment hook '/home/vinayak/ws_moveit2/install/moveit_resources_prbt_support/share/moveit_resources_prbt_support/hook/cmake_prefix_path.ps1'
[2.365s] INFO:colcon.colcon_core.shell:Creating environment descriptor '/home/vinayak/ws_moveit2/install/moveit_resources_prbt_support/share/moveit_resources_prbt_support/hook/cmake_prefix_path.dsv'
[2.365s] INFO:colcon.colcon_core.shell:Creating environment hook '/home/vinayak/ws_moveit2/install/moveit_resources_prbt_support/share/moveit_resources_prbt_support/hook/cmake_prefix_path.sh'
[2.366s] Level 1:colcon.colcon_core.environment:checking '/home/vinayak/ws_moveit2/install/moveit_resources_prbt_support/bin'
[2.366s] Level 1:colcon.colcon_core.environment:checking '/home/vinayak/ws_moveit2/install/moveit_resources_prbt_support/lib/pkgconfig/moveit_resources_prbt_support.pc'
[2.369s] Level 1:colcon.colcon_core.environment:checking '/home/vinayak/ws_moveit2/install/moveit_resources_prbt_support/lib/python3.10/site-packages'
[2.369s] Level 1:colcon.colcon_core.environment:checking '/home/vinayak/ws_moveit2/install/moveit_resources_prbt_support/bin'
[2.370s] INFO:colcon.colcon_core.shell:Creating package script '/home/vinayak/ws_moveit2/install/moveit_resources_prbt_support/share/moveit_resources_prbt_support/package.ps1'
[2.371s] INFO:colcon.colcon_core.shell:Creating package descriptor '/home/vinayak/ws_moveit2/install/moveit_resources_prbt_support/share/moveit_resources_prbt_support/package.dsv'
[2.372s] INFO:colcon.colcon_core.shell:Creating package script '/home/vinayak/ws_moveit2/install/moveit_resources_prbt_support/share/moveit_resources_prbt_support/package.sh'
[2.372s] INFO:colcon.colcon_core.shell:Creating package script '/home/vinayak/ws_moveit2/install/moveit_resources_prbt_support/share/moveit_resources_prbt_support/package.bash'
[2.373s] INFO:colcon.colcon_core.shell:Creating package script '/home/vinayak/ws_moveit2/install/moveit_resources_prbt_support/share/moveit_resources_prbt_support/package.zsh'
[2.374s] Level 1:colcon.colcon_core.environment:create_file_with_runtime_dependencies(/home/vinayak/ws_moveit2/install/moveit_resources_prbt_support/share/colcon-core/packages/moveit_resources_prbt_support)
[2.375s] Level 1:colcon.colcon_core.environment:create_environment_scripts_only(moveit_resources_prbt_support)
[2.375s] Level 1:colcon.colcon_core.environment:checking '/home/vinayak/ws_moveit2/install/moveit_resources_prbt_support' for CMake module files
[2.376s] Level 1:colcon.colcon_core.environment:checking '/home/vinayak/ws_moveit2/install/moveit_resources_prbt_support' for CMake config files
[2.376s] Level 1:colcon.colcon_core.shell:create_environment_hook('moveit_resources_prbt_support', 'cmake_prefix_path')
[2.376s] INFO:colcon.colcon_core.shell:Creating environment hook '/home/vinayak/ws_moveit2/install/moveit_resources_prbt_support/share/moveit_resources_prbt_support/hook/cmake_prefix_path.ps1'
[2.377s] INFO:colcon.colcon_core.shell:Creating environment descriptor '/home/vinayak/ws_moveit2/install/moveit_resources_prbt_support/share/moveit_resources_prbt_support/hook/cmake_prefix_path.dsv'
[2.377s] INFO:colcon.colcon_core.shell:Creating environment hook '/home/vinayak/ws_moveit2/install/moveit_resources_prbt_support/share/moveit_resources_prbt_support/hook/cmake_prefix_path.sh'
[2.378s] Level 1:colcon.colcon_core.environment:checking '/home/vinayak/ws_moveit2/install/moveit_resources_prbt_support/bin'
[2.378s] Level 1:colcon.colcon_core.environment:checking '/home/vinayak/ws_moveit2/install/moveit_resources_prbt_support/lib/pkgconfig/moveit_resources_prbt_support.pc'
[2.379s] Level 1:colcon.colcon_core.environment:checking '/home/vinayak/ws_moveit2/install/moveit_resources_prbt_support/lib/python3.10/site-packages'
[2.379s] Level 1:colcon.colcon_core.environment:checking '/home/vinayak/ws_moveit2/install/moveit_resources_prbt_support/bin'
[2.380s] INFO:colcon.colcon_core.shell:Creating package script '/home/vinayak/ws_moveit2/install/moveit_resources_prbt_support/share/moveit_resources_prbt_support/package.ps1'
[2.380s] INFO:colcon.colcon_core.shell:Creating package descriptor '/home/vinayak/ws_moveit2/install/moveit_resources_prbt_support/share/moveit_resources_prbt_support/package.dsv'
[2.381s] INFO:colcon.colcon_core.shell:Creating package script '/home/vinayak/ws_moveit2/install/moveit_resources_prbt_support/share/moveit_resources_prbt_support/package.sh'
[2.382s] INFO:colcon.colcon_core.shell:Creating package script '/home/vinayak/ws_moveit2/install/moveit_resources_prbt_support/share/moveit_resources_prbt_support/package.bash'
[2.382s] INFO:colcon.colcon_core.shell:Creating package script '/home/vinayak/ws_moveit2/install/moveit_resources_prbt_support/share/moveit_resources_prbt_support/package.zsh'
[2.383s] Level 1:colcon.colcon_core.environment:create_file_with_runtime_dependencies(/home/vinayak/ws_moveit2/install/moveit_resources_prbt_support/share/colcon-core/packages/moveit_resources_prbt_support)
[2.385s] INFO:colcon.colcon_ros.task.ament_cmake.build:Building ROS package in '/home/vinayak/ws_moveit2/src/ur3e' with build type 'ament_cmake'
[2.385s] INFO:colcon.colcon_cmake.task.cmake.build:Building CMake package in '/home/vinayak/ws_moveit2/src/ur3e'
[2.385s] INFO:colcon.colcon_core.shell:Skip shell extension 'powershell' for command environment: Not usable outside of PowerShell
[2.385s] DEBUG:colcon.colcon_core.shell:Skip shell extension 'dsv' for command environment
[2.400s] DEBUG:colcon.colcon_core.event_handler.log_command:Invoking command in '/home/vinayak/ws_moveit2/build/moveit_resources_fanuc_moveit_config': CMAKE_PREFIX_PATH=/home/vinayak/ws_moveit2/install/moveit_resources_fanuc_description:/home/vinayak/ws_moveit2/install/ur:/home/vinayak/ws_moveit2/install/ur_calibration:/home/vinayak/ws_moveit2/install/ur_robot_driver:/home/vinayak/ws_moveit2/install/ur_moveit_config:/home/vinayak/ws_moveit2/install/ur_bringup:/home/vinayak/ws_moveit2/install/ur_controllers:/home/vinayak/ws_moveit2/install/ur_dashboard_msgs:/home/vinayak/ws_moveit2/install/new_configuration:/home/vinayak/ws_moveit2/install/ur3e:/home/vinayak/ws_moveit2/install/pilz_industrial_motion_planner_testutils:/home/vinayak/ws_moveit2/install/moveit_runtime:/home/vinayak/ws_moveit2/install/moveit2_tutorials:/home/vinayak/ws_moveit2/install/moveit:/home/vinayak/ws_moveit2/install/moveit_planners:/home/vinayak/ws_moveit2/install/pilz_industrial_motion_planner:/home/vinayak/ws_moveit2/install/moveit_visual_tools:/home/vinayak/ws_moveit2/install/moveit_task_constructor_visualization:/home/vinayak/ws_moveit2/install/moveit_task_constructor_demo:/home/vinayak/ws_moveit2/install/moveit_task_constructor_capabilities:/home/vinayak/ws_moveit2/install/moveit_task_constructor_core:/home/vinayak/ws_moveit2/install/moveit_ros_control_interface:/home/vinayak/ws_moveit2/install/moveit_plugins:/home/vinayak/ws_moveit2/install/moveit_simple_controller_manager:/home/vinayak/ws_moveit2/install/moveit_setup_assistant:/home/vinayak/ws_moveit2/install/moveit_setup_srdf_plugins:/home/vinayak/ws_moveit2/install/moveit_setup_core_plugins:/home/vinayak/ws_moveit2/install/moveit_setup_controllers:/home/vinayak/ws_moveit2/install/moveit_setup_app_plugins:/home/vinayak/ws_moveit2/install/moveit_setup_framework:/home/vinayak/ws_moveit2/install/moveit_servo:/home/vinayak/ws_moveit2/install/moveit_ros:/home/vinayak/ws_moveit2/install/moveit_ros_visualization:/home/vinayak/ws_moveit2/install/moveit_hybrid_planning:/home/vinayak/ws_moveit2/install/moveit_ros_planning_interface:/home/vinayak/ws_moveit2/install/moveit_ros_benchmarks:/home/vinayak/ws_moveit2/install/moveit_ros_warehouse:/home/vinayak/ws_moveit2/install/moveit_ros_robot_interaction:/home/vinayak/ws_moveit2/install/moveit_ros_perception:/home/vinayak/ws_moveit2/install/moveit_resources_prbt_pg70_support:/home/vinayak/ws_moveit2/install/moveit_resources_prbt_moveit_config:/home/vinayak/ws_moveit2/install/moveit_ros_move_group:/home/vinayak/ws_moveit2/install/moveit_planners_ompl:/home/vinayak/ws_moveit2/install/moveit_ros_planning:/home/vinayak/ws_moveit2/install/moveit_ros_occupancy_map_monitor:/home/vinayak/ws_moveit2/install/moveit_resources_prbt_ikfast_manipulator_plugin:/home/vinayak/ws_moveit2/install/moveit_planners_chomp:/home/vinayak/ws_moveit2/install/moveit_kinematics:/home/vinayak/ws_moveit2/install/moveit_chomp_optimizer_adapter:/home/vinayak/ws_moveit2/install/chomp_motion_planner:/home/vinayak/ws_moveit2/install/moveit_core:/home/vinayak/ws_moveit2/install/srdfdom:/home/vinayak/ws_moveit2/install/rviz_marker_tools:/home/vinayak/ws_moveit2/install/rosparam_shortcuts:/home/vinayak/ws_moveit2/install/moveit_task_constructor_msgs:/home/vinayak/ws_moveit2/install/moveit_resources_prbt_support:/home/vinayak/ws_moveit2/install/moveit_resources:/home/vinayak/ws_moveit2/install/moveit_resources_pr2_description:/home/vinayak/ws_moveit2/install/moveit_resources_panda_moveit_config:/home/vinayak/ws_moveit2/install/moveit_resources_panda_description:/home/vinayak/ws_moveit2/install/moveit_resources_fanuc_moveit_config:/home/vinayak/ws_moveit2/install/moveit_common:/home/vinayak/ws_moveit2/install/ur3e_rl:/home/vinayak/ws_moveit2/install/ur3e_motion_package:/home/vinayak/ws_moveit2/install/moveit_configs_utils:/home/vinayak/ws_moveit2/install/launch_param_builder:/opt/ros/humble /usr/bin/cmake /home/vinayak/ws_moveit2/src/moveit_resources/fanuc_moveit_config -DCMAKE_INSTALL_PREFIX=/home/vinayak/ws_moveit2/install/moveit_resources_fanuc_moveit_config
[2.411s] DEBUG:colcon.colcon_core.event_handler.log_command:Invoking command in '/home/vinayak/ws_moveit2/build/ur3e': CMAKE_PREFIX_PATH=${CMAKE_PREFIX_PATH}:/home/vinayak/ws_moveit2/install/ur3e_rl:/home/vinayak/ws_moveit2/install/ur3e_motion_package:/home/vinayak/ws_moveit2/install/moveit_configs_utils:/home/vinayak/ws_moveit2/install/launch_param_builder:/opt/ros/humble /usr/bin/cmake /home/vinayak/ws_moveit2/src/ur3e -DCMAKE_INSTALL_PREFIX=/home/vinayak/ws_moveit2/install/ur3e
[2.675s] Level 1:colcon.colcon_core.environment:checking '/home/vinayak/ws_moveit2/install/launch_param_builder' for CMake module files
[2.676s] Level 1:colcon.colcon_core.environment:checking '/home/vinayak/ws_moveit2/install/launch_param_builder' for CMake config files
[2.677s] Level 1:colcon.colcon_core.environment:checking '/home/vinayak/ws_moveit2/install/launch_param_builder/lib'
[2.677s] Level 1:colcon.colcon_core.environment:checking '/home/vinayak/ws_moveit2/install/launch_param_builder/bin'
[2.678s] Level 1:colcon.colcon_core.environment:checking '/home/vinayak/ws_moveit2/install/launch_param_builder/lib/pkgconfig/launch_param_builder.pc'
[2.678s] Level 1:colcon.colcon_core.environment:checking '/home/vinayak/ws_moveit2/install/launch_param_builder/lib/python3.10/site-packages'
[2.676s] DEBUG:colcon.colcon_core.event_handler.log_command:Invoked command in '/home/vinayak/ws_moveit2/src/launch_param_builder' returned '0': PYTHONPATH=/home/vinayak/ws_moveit2/build/launch_param_builder/prefix_override:/usr/lib/python3/dist-packages/colcon_core/task/python/colcon_distutils_commands:/home/vinayak/ws_moveit2/install/launch_param_builder/lib/python3.10/site-packages:${PYTHONPATH} /usr/bin/python3 -W ignore:setup.py install is deprecated -W ignore:easy_install command is deprecated setup.py egg_info --egg-base ../../build/launch_param_builder build --build-base /home/vinayak/ws_moveit2/build/launch_param_builder/build install --record /home/vinayak/ws_moveit2/build/launch_param_builder/install.log --single-version-externally-managed install_data
[2.678s] Level 1:colcon.colcon_core.shell:create_environment_hook('launch_param_builder', 'pythonpath')
[2.679s] INFO:colcon.colcon_core.shell:Creating environment hook '/home/vinayak/ws_moveit2/install/launch_param_builder/share/launch_param_builder/hook/pythonpath.ps1'
[2.681s] INFO:colcon.colcon_core.shell:Creating environment descriptor '/home/vinayak/ws_moveit2/install/launch_param_builder/share/launch_param_builder/hook/pythonpath.dsv'
[2.681s] INFO:colcon.colcon_core.shell:Creating environment hook '/home/vinayak/ws_moveit2/install/launch_param_builder/share/launch_param_builder/hook/pythonpath.sh'
[2.682s] Level 1:colcon.colcon_core.environment:checking '/home/vinayak/ws_moveit2/install/launch_param_builder/bin'
[2.682s] Level 1:colcon.colcon_core.environment:create_environment_scripts_only(launch_param_builder)
[2.683s] INFO:colcon.colcon_core.shell:Creating package script '/home/vinayak/ws_moveit2/install/launch_param_builder/share/launch_param_builder/package.ps1'
[2.684s] INFO:colcon.colcon_core.shell:Creating package descriptor '/home/vinayak/ws_moveit2/install/launch_param_builder/share/launch_param_builder/package.dsv'
[2.684s] INFO:colcon.colcon_core.shell:Creating package script '/home/vinayak/ws_moveit2/install/launch_param_builder/share/launch_param_builder/package.sh'
[2.685s] INFO:colcon.colcon_core.shell:Creating package script '/home/vinayak/ws_moveit2/install/launch_param_builder/share/launch_param_builder/package.bash'
[2.685s] INFO:colcon.colcon_core.shell:Creating package script '/home/vinayak/ws_moveit2/install/launch_param_builder/share/launch_param_builder/package.zsh'
[2.686s] Level 1:colcon.colcon_core.environment:create_file_with_runtime_dependencies(/home/vinayak/ws_moveit2/install/launch_param_builder/share/colcon-core/packages/launch_param_builder)
[2.687s] INFO:colcon.colcon_ros.task.ament_cmake.build:Building ROS package in '/home/vinayak/ws_moveit2/src/rosparam_shortcuts' with build type 'ament_cmake'
[2.687s] INFO:colcon.colcon_cmake.task.cmake.build:Building CMake package in '/home/vinayak/ws_moveit2/src/rosparam_shortcuts'
[2.687s] INFO:colcon.colcon_core.shell:Skip shell extension 'powershell' for command environment: Not usable outside of PowerShell
[2.688s] DEBUG:colcon.colcon_core.shell:Skip shell extension 'dsv' for command environment
[2.710s] DEBUG:colcon.colcon_core.event_handler.log_command:Invoking command in '/home/vinayak/ws_moveit2/build/rosparam_shortcuts': CMAKE_PREFIX_PATH=${CMAKE_PREFIX_PATH}:/home/vinayak/ws_moveit2/install/ur3e_rl:/home/vinayak/ws_moveit2/install/ur3e_motion_package:/home/vinayak/ws_moveit2/install/moveit_configs_utils:/home/vinayak/ws_moveit2/install/launch_param_builder:/opt/ros/humble /usr/bin/cmake /home/vinayak/ws_moveit2/src/rosparam_shortcuts -DCMAKE_INSTALL_PREFIX=/home/vinayak/ws_moveit2/install/rosparam_shortcuts
[3.071s] DEBUG:colcon.colcon_core.event_handler.log_command:Invoked command in '/home/vinayak/ws_moveit2/build/moveit_resources_panda_moveit_config' returned '0': CMAKE_PREFIX_PATH=/home/vinayak/ws_moveit2/install/moveit_resources_panda_description:/home/vinayak/ws_moveit2/install/ur:/home/vinayak/ws_moveit2/install/ur_calibration:/home/vinayak/ws_moveit2/install/ur_robot_driver:/home/vinayak/ws_moveit2/install/ur_moveit_config:/home/vinayak/ws_moveit2/install/ur_bringup:/home/vinayak/ws_moveit2/install/ur_controllers:/home/vinayak/ws_moveit2/install/ur_dashboard_msgs:/home/vinayak/ws_moveit2/install/new_configuration:/home/vinayak/ws_moveit2/install/ur3e:/home/vinayak/ws_moveit2/install/pilz_industrial_motion_planner_testutils:/home/vinayak/ws_moveit2/install/moveit_runtime:/home/vinayak/ws_moveit2/install/moveit2_tutorials:/home/vinayak/ws_moveit2/install/moveit:/home/vinayak/ws_moveit2/install/moveit_planners:/home/vinayak/ws_moveit2/install/pilz_industrial_motion_planner:/home/vinayak/ws_moveit2/install/moveit_visual_tools:/home/vinayak/ws_moveit2/install/moveit_task_constructor_visualization:/home/vinayak/ws_moveit2/install/moveit_task_constructor_demo:/home/vinayak/ws_moveit2/install/moveit_task_constructor_capabilities:/home/vinayak/ws_moveit2/install/moveit_task_constructor_core:/home/vinayak/ws_moveit2/install/moveit_ros_control_interface:/home/vinayak/ws_moveit2/install/moveit_plugins:/home/vinayak/ws_moveit2/install/moveit_simple_controller_manager:/home/vinayak/ws_moveit2/install/moveit_setup_assistant:/home/vinayak/ws_moveit2/install/moveit_setup_srdf_plugins:/home/vinayak/ws_moveit2/install/moveit_setup_core_plugins:/home/vinayak/ws_moveit2/install/moveit_setup_controllers:/home/vinayak/ws_moveit2/install/moveit_setup_app_plugins:/home/vinayak/ws_moveit2/install/moveit_setup_framework:/home/vinayak/ws_moveit2/install/moveit_servo:/home/vinayak/ws_moveit2/install/moveit_ros:/home/vinayak/ws_moveit2/install/moveit_ros_visualization:/home/vinayak/ws_moveit2/install/moveit_hybrid_planning:/home/vinayak/ws_moveit2/install/moveit_ros_planning_interface:/home/vinayak/ws_moveit2/install/moveit_ros_benchmarks:/home/vinayak/ws_moveit2/install/moveit_ros_warehouse:/home/vinayak/ws_moveit2/install/moveit_ros_robot_interaction:/home/vinayak/ws_moveit2/install/moveit_ros_perception:/home/vinayak/ws_moveit2/install/moveit_resources_prbt_pg70_support:/home/vinayak/ws_moveit2/install/moveit_resources_prbt_moveit_config:/home/vinayak/ws_moveit2/install/moveit_ros_move_group:/home/vinayak/ws_moveit2/install/moveit_planners_ompl:/home/vinayak/ws_moveit2/install/moveit_ros_planning:/home/vinayak/ws_moveit2/install/moveit_ros_occupancy_map_monitor:/home/vinayak/ws_moveit2/install/moveit_resources_prbt_ikfast_manipulator_plugin:/home/vinayak/ws_moveit2/install/moveit_planners_chomp:/home/vinayak/ws_moveit2/install/moveit_kinematics:/home/vinayak/ws_moveit2/install/moveit_chomp_optimizer_adapter:/home/vinayak/ws_moveit2/install/chomp_motion_planner:/home/vinayak/ws_moveit2/install/moveit_core:/home/vinayak/ws_moveit2/install/srdfdom:/home/vinayak/ws_moveit2/install/rviz_marker_tools:/home/vinayak/ws_moveit2/install/rosparam_shortcuts:/home/vinayak/ws_moveit2/install/moveit_task_constructor_msgs:/home/vinayak/ws_moveit2/install/moveit_resources_prbt_support:/home/vinayak/ws_moveit2/install/moveit_resources:/home/vinayak/ws_moveit2/install/moveit_resources_pr2_description:/home/vinayak/ws_moveit2/install/moveit_resources_panda_moveit_config:/home/vinayak/ws_moveit2/install/moveit_resources_fanuc_moveit_config:/home/vinayak/ws_moveit2/install/moveit_resources_fanuc_description:/home/vinayak/ws_moveit2/install/moveit_common:/home/vinayak/ws_moveit2/install/ur3e_rl:/home/vinayak/ws_moveit2/install/ur3e_motion_package:/home/vinayak/ws_moveit2/install/moveit_configs_utils:/home/vinayak/ws_moveit2/install/launch_param_builder:/opt/ros/humble /usr/bin/cmake /home/vinayak/ws_moveit2/src/moveit_resources/panda_moveit_config -DCMAKE_INSTALL_PREFIX=/home/vinayak/ws_moveit2/install/moveit_resources_panda_moveit_config
[3.072s] DEBUG:colcon.colcon_core.event_handler.log_command:Invoking command in '/home/vinayak/ws_moveit2/build/moveit_resources_panda_moveit_config': CMAKE_PREFIX_PATH=/home/vinayak/ws_moveit2/install/moveit_resources_panda_description:/home/vinayak/ws_moveit2/install/ur:/home/vinayak/ws_moveit2/install/ur_calibration:/home/vinayak/ws_moveit2/install/ur_robot_driver:/home/vinayak/ws_moveit2/install/ur_moveit_config:/home/vinayak/ws_moveit2/install/ur_bringup:/home/vinayak/ws_moveit2/install/ur_controllers:/home/vinayak/ws_moveit2/install/ur_dashboard_msgs:/home/vinayak/ws_moveit2/install/new_configuration:/home/vinayak/ws_moveit2/install/ur3e:/home/vinayak/ws_moveit2/install/pilz_industrial_motion_planner_testutils:/home/vinayak/ws_moveit2/install/moveit_runtime:/home/vinayak/ws_moveit2/install/moveit2_tutorials:/home/vinayak/ws_moveit2/install/moveit:/home/vinayak/ws_moveit2/install/moveit_planners:/home/vinayak/ws_moveit2/install/pilz_industrial_motion_planner:/home/vinayak/ws_moveit2/install/moveit_visual_tools:/home/vinayak/ws_moveit2/install/moveit_task_constructor_visualization:/home/vinayak/ws_moveit2/install/moveit_task_constructor_demo:/home/vinayak/ws_moveit2/install/moveit_task_constructor_capabilities:/home/vinayak/ws_moveit2/install/moveit_task_constructor_core:/home/vinayak/ws_moveit2/install/moveit_ros_control_interface:/home/vinayak/ws_moveit2/install/moveit_plugins:/home/vinayak/ws_moveit2/install/moveit_simple_controller_manager:/home/vinayak/ws_moveit2/install/moveit_setup_assistant:/home/vinayak/ws_moveit2/install/moveit_setup_srdf_plugins:/home/vinayak/ws_moveit2/install/moveit_setup_core_plugins:/home/vinayak/ws_moveit2/install/moveit_setup_controllers:/home/vinayak/ws_moveit2/install/moveit_setup_app_plugins:/home/vinayak/ws_moveit2/install/moveit_setup_framework:/home/vinayak/ws_moveit2/install/moveit_servo:/home/vinayak/ws_moveit2/install/moveit_ros:/home/vinayak/ws_moveit2/install/moveit_ros_visualization:/home/vinayak/ws_moveit2/install/moveit_hybrid_planning:/home/vinayak/ws_moveit2/install/moveit_ros_planning_interface:/home/vinayak/ws_moveit2/install/moveit_ros_benchmarks:/home/vinayak/ws_moveit2/install/moveit_ros_warehouse:/home/vinayak/ws_moveit2/install/moveit_ros_robot_interaction:/home/vinayak/ws_moveit2/install/moveit_ros_perception:/home/vinayak/ws_moveit2/install/moveit_resources_prbt_pg70_support:/home/vinayak/ws_moveit2/install/moveit_resources_prbt_moveit_config:/home/vinayak/ws_moveit2/install/moveit_ros_move_group:/home/vinayak/ws_moveit2/install/moveit_planners_ompl:/home/vinayak/ws_moveit2/install/moveit_ros_planning:/home/vinayak/ws_moveit2/install/moveit_ros_occupancy_map_monitor:/home/vinayak/ws_moveit2/install/moveit_resources_prbt_ikfast_manipulator_plugin:/home/vinayak/ws_moveit2/install/moveit_planners_chomp:/home/vinayak/ws_moveit2/install/moveit_kinematics:/home/vinayak/ws_moveit2/install/moveit_chomp_optimizer_adapter:/home/vinayak/ws_moveit2/install/chomp_motion_planner:/home/vinayak/ws_moveit2/install/moveit_core:/home/vinayak/ws_moveit2/install/srdfdom:/home/vinayak/ws_moveit2/install/rviz_marker_tools:/home/vinayak/ws_moveit2/install/rosparam_shortcuts:/home/vinayak/ws_moveit2/install/moveit_task_constructor_msgs:/home/vinayak/ws_moveit2/install/moveit_resources_prbt_support:/home/vinayak/ws_moveit2/install/moveit_resources:/home/vinayak/ws_moveit2/install/moveit_resources_pr2_description:/home/vinayak/ws_moveit2/install/moveit_resources_panda_moveit_config:/home/vinayak/ws_moveit2/install/moveit_resources_fanuc_moveit_config:/home/vinayak/ws_moveit2/install/moveit_resources_fanuc_description:/home/vinayak/ws_moveit2/install/moveit_common:/home/vinayak/ws_moveit2/install/ur3e_rl:/home/vinayak/ws_moveit2/install/ur3e_motion_package:/home/vinayak/ws_moveit2/install/moveit_configs_utils:/home/vinayak/ws_moveit2/install/launch_param_builder:/opt/ros/humble /usr/bin/cmake --build /home/vinayak/ws_moveit2/build/moveit_resources_panda_moveit_config -- -j8 -l8
[3.433s] DEBUG:colcon.colcon_core.event_handler.log_command:Invoked command in '/home/vinayak/ws_moveit2/build/moveit_resources_fanuc_moveit_config' returned '0': CMAKE_PREFIX_PATH=/home/vinayak/ws_moveit2/install/moveit_resources_fanuc_description:/home/vinayak/ws_moveit2/install/ur:/home/vinayak/ws_moveit2/install/ur_calibration:/home/vinayak/ws_moveit2/install/ur_robot_driver:/home/vinayak/ws_moveit2/install/ur_moveit_config:/home/vinayak/ws_moveit2/install/ur_bringup:/home/vinayak/ws_moveit2/install/ur_controllers:/home/vinayak/ws_moveit2/install/ur_dashboard_msgs:/home/vinayak/ws_moveit2/install/new_configuration:/home/vinayak/ws_moveit2/install/ur3e:/home/vinayak/ws_moveit2/install/pilz_industrial_motion_planner_testutils:/home/vinayak/ws_moveit2/install/moveit_runtime:/home/vinayak/ws_moveit2/install/moveit2_tutorials:/home/vinayak/ws_moveit2/install/moveit:/home/vinayak/ws_moveit2/install/moveit_planners:/home/vinayak/ws_moveit2/install/pilz_industrial_motion_planner:/home/vinayak/ws_moveit2/install/moveit_visual_tools:/home/vinayak/ws_moveit2/install/moveit_task_constructor_visualization:/home/vinayak/ws_moveit2/install/moveit_task_constructor_demo:/home/vinayak/ws_moveit2/install/moveit_task_constructor_capabilities:/home/vinayak/ws_moveit2/install/moveit_task_constructor_core:/home/vinayak/ws_moveit2/install/moveit_ros_control_interface:/home/vinayak/ws_moveit2/install/moveit_plugins:/home/vinayak/ws_moveit2/install/moveit_simple_controller_manager:/home/vinayak/ws_moveit2/install/moveit_setup_assistant:/home/vinayak/ws_moveit2/install/moveit_setup_srdf_plugins:/home/vinayak/ws_moveit2/install/moveit_setup_core_plugins:/home/vinayak/ws_moveit2/install/moveit_setup_controllers:/home/vinayak/ws_moveit2/install/moveit_setup_app_plugins:/home/vinayak/ws_moveit2/install/moveit_setup_framework:/home/vinayak/ws_moveit2/install/moveit_servo:/home/vinayak/ws_moveit2/install/moveit_ros:/home/vinayak/ws_moveit2/install/moveit_ros_visualization:/home/vinayak/ws_moveit2/install/moveit_hybrid_planning:/home/vinayak/ws_moveit2/install/moveit_ros_planning_interface:/home/vinayak/ws_moveit2/install/moveit_ros_benchmarks:/home/vinayak/ws_moveit2/install/moveit_ros_warehouse:/home/vinayak/ws_moveit2/install/moveit_ros_robot_interaction:/home/vinayak/ws_moveit2/install/moveit_ros_perception:/home/vinayak/ws_moveit2/install/moveit_resources_prbt_pg70_support:/home/vinayak/ws_moveit2/install/moveit_resources_prbt_moveit_config:/home/vinayak/ws_moveit2/install/moveit_ros_move_group:/home/vinayak/ws_moveit2/install/moveit_planners_ompl:/home/vinayak/ws_moveit2/install/moveit_ros_planning:/home/vinayak/ws_moveit2/install/moveit_ros_occupancy_map_monitor:/home/vinayak/ws_moveit2/install/moveit_resources_prbt_ikfast_manipulator_plugin:/home/vinayak/ws_moveit2/install/moveit_planners_chomp:/home/vinayak/ws_moveit2/install/moveit_kinematics:/home/vinayak/ws_moveit2/install/moveit_chomp_optimizer_adapter:/home/vinayak/ws_moveit2/install/chomp_motion_planner:/home/vinayak/ws_moveit2/install/moveit_core:/home/vinayak/ws_moveit2/install/srdfdom:/home/vinayak/ws_moveit2/install/rviz_marker_tools:/home/vinayak/ws_moveit2/install/rosparam_shortcuts:/home/vinayak/ws_moveit2/install/moveit_task_constructor_msgs:/home/vinayak/ws_moveit2/install/moveit_resources_prbt_support:/home/vinayak/ws_moveit2/install/moveit_resources:/home/vinayak/ws_moveit2/install/moveit_resources_pr2_description:/home/vinayak/ws_moveit2/install/moveit_resources_panda_moveit_config:/home/vinayak/ws_moveit2/install/moveit_resources_panda_description:/home/vinayak/ws_moveit2/install/moveit_resources_fanuc_moveit_config:/home/vinayak/ws_moveit2/install/moveit_common:/home/vinayak/ws_moveit2/install/ur3e_rl:/home/vinayak/ws_moveit2/install/ur3e_motion_package:/home/vinayak/ws_moveit2/install/moveit_configs_utils:/home/vinayak/ws_moveit2/install/launch_param_builder:/opt/ros/humble /usr/bin/cmake /home/vinayak/ws_moveit2/src/moveit_resources/fanuc_moveit_config -DCMAKE_INSTALL_PREFIX=/home/vinayak/ws_moveit2/install/moveit_resources_fanuc_moveit_config
[3.435s] DEBUG:colcon.colcon_core.event_handler.log_command:Invoking command in '/home/vinayak/ws_moveit2/build/moveit_resources_fanuc_moveit_config': CMAKE_PREFIX_PATH=/home/vinayak/ws_moveit2/install/moveit_resources_fanuc_description:/home/vinayak/ws_moveit2/install/ur:/home/vinayak/ws_moveit2/install/ur_calibration:/home/vinayak/ws_moveit2/install/ur_robot_driver:/home/vinayak/ws_moveit2/install/ur_moveit_config:/home/vinayak/ws_moveit2/install/ur_bringup:/home/vinayak/ws_moveit2/install/ur_controllers:/home/vinayak/ws_moveit2/install/ur_dashboard_msgs:/home/vinayak/ws_moveit2/install/new_configuration:/home/vinayak/ws_moveit2/install/ur3e:/home/vinayak/ws_moveit2/install/pilz_industrial_motion_planner_testutils:/home/vinayak/ws_moveit2/install/moveit_runtime:/home/vinayak/ws_moveit2/install/moveit2_tutorials:/home/vinayak/ws_moveit2/install/moveit:/home/vinayak/ws_moveit2/install/moveit_planners:/home/vinayak/ws_moveit2/install/pilz_industrial_motion_planner:/home/vinayak/ws_moveit2/install/moveit_visual_tools:/home/vinayak/ws_moveit2/install/moveit_task_constructor_visualization:/home/vinayak/ws_moveit2/install/moveit_task_constructor_demo:/home/vinayak/ws_moveit2/install/moveit_task_constructor_capabilities:/home/vinayak/ws_moveit2/install/moveit_task_constructor_core:/home/vinayak/ws_moveit2/install/moveit_ros_control_interface:/home/vinayak/ws_moveit2/install/moveit_plugins:/home/vinayak/ws_moveit2/install/moveit_simple_controller_manager:/home/vinayak/ws_moveit2/install/moveit_setup_assistant:/home/vinayak/ws_moveit2/install/moveit_setup_srdf_plugins:/home/vinayak/ws_moveit2/install/moveit_setup_core_plugins:/home/vinayak/ws_moveit2/install/moveit_setup_controllers:/home/vinayak/ws_moveit2/install/moveit_setup_app_plugins:/home/vinayak/ws_moveit2/install/moveit_setup_framework:/home/vinayak/ws_moveit2/install/moveit_servo:/home/vinayak/ws_moveit2/install/moveit_ros:/home/vinayak/ws_moveit2/install/moveit_ros_visualization:/home/vinayak/ws_moveit2/install/moveit_hybrid_planning:/home/vinayak/ws_moveit2/install/moveit_ros_planning_interface:/home/vinayak/ws_moveit2/install/moveit_ros_benchmarks:/home/vinayak/ws_moveit2/install/moveit_ros_warehouse:/home/vinayak/ws_moveit2/install/moveit_ros_robot_interaction:/home/vinayak/ws_moveit2/install/moveit_ros_perception:/home/vinayak/ws_moveit2/install/moveit_resources_prbt_pg70_support:/home/vinayak/ws_moveit2/install/moveit_resources_prbt_moveit_config:/home/vinayak/ws_moveit2/install/moveit_ros_move_group:/home/vinayak/ws_moveit2/install/moveit_planners_ompl:/home/vinayak/ws_moveit2/install/moveit_ros_planning:/home/vinayak/ws_moveit2/install/moveit_ros_occupancy_map_monitor:/home/vinayak/ws_moveit2/install/moveit_resources_prbt_ikfast_manipulator_plugin:/home/vinayak/ws_moveit2/install/moveit_planners_chomp:/home/vinayak/ws_moveit2/install/moveit_kinematics:/home/vinayak/ws_moveit2/install/moveit_chomp_optimizer_adapter:/home/vinayak/ws_moveit2/install/chomp_motion_planner:/home/vinayak/ws_moveit2/install/moveit_core:/home/vinayak/ws_moveit2/install/srdfdom:/home/vinayak/ws_moveit2/install/rviz_marker_tools:/home/vinayak/ws_moveit2/install/rosparam_shortcuts:/home/vinayak/ws_moveit2/install/moveit_task_constructor_msgs:/home/vinayak/ws_moveit2/install/moveit_resources_prbt_support:/home/vinayak/ws_moveit2/install/moveit_resources:/home/vinayak/ws_moveit2/install/moveit_resources_pr2_description:/home/vinayak/ws_moveit2/install/moveit_resources_panda_moveit_config:/home/vinayak/ws_moveit2/install/moveit_resources_panda_description:/home/vinayak/ws_moveit2/install/moveit_resources_fanuc_moveit_config:/home/vinayak/ws_moveit2/install/moveit_common:/home/vinayak/ws_moveit2/install/ur3e_rl:/home/vinayak/ws_moveit2/install/ur3e_motion_package:/home/vinayak/ws_moveit2/install/moveit_configs_utils:/home/vinayak/ws_moveit2/install/launch_param_builder:/opt/ros/humble /usr/bin/cmake --build /home/vinayak/ws_moveit2/build/moveit_resources_fanuc_moveit_config -- -j8 -l8
[4.732s] DEBUG:colcon.colcon_core.event_handler.log_command:Invoked command in '/home/vinayak/ws_moveit2/build/ur_dashboard_msgs' returned '0': CMAKE_PREFIX_PATH=${CMAKE_PREFIX_PATH}:/home/vinayak/ws_moveit2/install/ur3e_rl:/home/vinayak/ws_moveit2/install/ur3e_motion_package:/home/vinayak/ws_moveit2/install/moveit_configs_utils:/home/vinayak/ws_moveit2/install/launch_param_builder:/opt/ros/humble /usr/bin/cmake /home/vinayak/ws_moveit2/src/Universal_Robots_ROS2_Driver/ur_dashboard_msgs -DCMAKE_INSTALL_PREFIX=/home/vinayak/ws_moveit2/install/ur_dashboard_msgs
[4.734s] DEBUG:colcon.colcon_core.event_handler.log_command:Invoking command in '/home/vinayak/ws_moveit2/build/ur_dashboard_msgs': CMAKE_PREFIX_PATH=${CMAKE_PREFIX_PATH}:/home/vinayak/ws_moveit2/install/ur3e_rl:/home/vinayak/ws_moveit2/install/ur3e_motion_package:/home/vinayak/ws_moveit2/install/moveit_configs_utils:/home/vinayak/ws_moveit2/install/launch_param_builder:/opt/ros/humble /usr/bin/cmake --build /home/vinayak/ws_moveit2/build/ur_dashboard_msgs -- -j8 -l8
[4.741s] DEBUG:colcon.colcon_core.event_handler.log_command:Invoked command in '/home/vinayak/ws_moveit2/build/moveit_resources_panda_moveit_config' returned '0': CMAKE_PREFIX_PATH=/home/vinayak/ws_moveit2/install/moveit_resources_panda_description:/home/vinayak/ws_moveit2/install/ur:/home/vinayak/ws_moveit2/install/ur_calibration:/home/vinayak/ws_moveit2/install/ur_robot_driver:/home/vinayak/ws_moveit2/install/ur_moveit_config:/home/vinayak/ws_moveit2/install/ur_bringup:/home/vinayak/ws_moveit2/install/ur_controllers:/home/vinayak/ws_moveit2/install/ur_dashboard_msgs:/home/vinayak/ws_moveit2/install/new_configuration:/home/vinayak/ws_moveit2/install/ur3e:/home/vinayak/ws_moveit2/install/pilz_industrial_motion_planner_testutils:/home/vinayak/ws_moveit2/install/moveit_runtime:/home/vinayak/ws_moveit2/install/moveit2_tutorials:/home/vinayak/ws_moveit2/install/moveit:/home/vinayak/ws_moveit2/install/moveit_planners:/home/vinayak/ws_moveit2/install/pilz_industrial_motion_planner:/home/vinayak/ws_moveit2/install/moveit_visual_tools:/home/vinayak/ws_moveit2/install/moveit_task_constructor_visualization:/home/vinayak/ws_moveit2/install/moveit_task_constructor_demo:/home/vinayak/ws_moveit2/install/moveit_task_constructor_capabilities:/home/vinayak/ws_moveit2/install/moveit_task_constructor_core:/home/vinayak/ws_moveit2/install/moveit_ros_control_interface:/home/vinayak/ws_moveit2/install/moveit_plugins:/home/vinayak/ws_moveit2/install/moveit_simple_controller_manager:/home/vinayak/ws_moveit2/install/moveit_setup_assistant:/home/vinayak/ws_moveit2/install/moveit_setup_srdf_plugins:/home/vinayak/ws_moveit2/install/moveit_setup_core_plugins:/home/vinayak/ws_moveit2/install/moveit_setup_controllers:/home/vinayak/ws_moveit2/install/moveit_setup_app_plugins:/home/vinayak/ws_moveit2/install/moveit_setup_framework:/home/vinayak/ws_moveit2/install/moveit_servo:/home/vinayak/ws_moveit2/install/moveit_ros:/home/vinayak/ws_moveit2/install/moveit_ros_visualization:/home/vinayak/ws_moveit2/install/moveit_hybrid_planning:/home/vinayak/ws_moveit2/install/moveit_ros_planning_interface:/home/vinayak/ws_moveit2/install/moveit_ros_benchmarks:/home/vinayak/ws_moveit2/install/moveit_ros_warehouse:/home/vinayak/ws_moveit2/install/moveit_ros_robot_interaction:/home/vinayak/ws_moveit2/install/moveit_ros_perception:/home/vinayak/ws_moveit2/install/moveit_resources_prbt_pg70_support:/home/vinayak/ws_moveit2/install/moveit_resources_prbt_moveit_config:/home/vinayak/ws_moveit2/install/moveit_ros_move_group:/home/vinayak/ws_moveit2/install/moveit_planners_ompl:/home/vinayak/ws_moveit2/install/moveit_ros_planning:/home/vinayak/ws_moveit2/install/moveit_ros_occupancy_map_monitor:/home/vinayak/ws_moveit2/install/moveit_resources_prbt_ikfast_manipulator_plugin:/home/vinayak/ws_moveit2/install/moveit_planners_chomp:/home/vinayak/ws_moveit2/install/moveit_kinematics:/home/vinayak/ws_moveit2/install/moveit_chomp_optimizer_adapter:/home/vinayak/ws_moveit2/install/chomp_motion_planner:/home/vinayak/ws_moveit2/install/moveit_core:/home/vinayak/ws_moveit2/install/srdfdom:/home/vinayak/ws_moveit2/install/rviz_marker_tools:/home/vinayak/ws_moveit2/install/rosparam_shortcuts:/home/vinayak/ws_moveit2/install/moveit_task_constructor_msgs:/home/vinayak/ws_moveit2/install/moveit_resources_prbt_support:/home/vinayak/ws_moveit2/install/moveit_resources:/home/vinayak/ws_moveit2/install/moveit_resources_pr2_description:/home/vinayak/ws_moveit2/install/moveit_resources_panda_moveit_config:/home/vinayak/ws_moveit2/install/moveit_resources_fanuc_moveit_config:/home/vinayak/ws_moveit2/install/moveit_resources_fanuc_description:/home/vinayak/ws_moveit2/install/moveit_common:/home/vinayak/ws_moveit2/install/ur3e_rl:/home/vinayak/ws_moveit2/install/ur3e_motion_package:/home/vinayak/ws_moveit2/install/moveit_configs_utils:/home/vinayak/ws_moveit2/install/launch_param_builder:/opt/ros/humble /usr/bin/cmake --build /home/vinayak/ws_moveit2/build/moveit_resources_panda_moveit_config -- -j8 -l8
[4.742s] DEBUG:colcon.colcon_core.event_handler.log_command:Invoking command in '/home/vinayak/ws_moveit2/build/moveit_resources_panda_moveit_config': CMAKE_PREFIX_PATH=/home/vinayak/ws_moveit2/install/moveit_resources_panda_description:/home/vinayak/ws_moveit2/install/ur:/home/vinayak/ws_moveit2/install/ur_calibration:/home/vinayak/ws_moveit2/install/ur_robot_driver:/home/vinayak/ws_moveit2/install/ur_moveit_config:/home/vinayak/ws_moveit2/install/ur_bringup:/home/vinayak/ws_moveit2/install/ur_controllers:/home/vinayak/ws_moveit2/install/ur_dashboard_msgs:/home/vinayak/ws_moveit2/install/new_configuration:/home/vinayak/ws_moveit2/install/ur3e:/home/vinayak/ws_moveit2/install/pilz_industrial_motion_planner_testutils:/home/vinayak/ws_moveit2/install/moveit_runtime:/home/vinayak/ws_moveit2/install/moveit2_tutorials:/home/vinayak/ws_moveit2/install/moveit:/home/vinayak/ws_moveit2/install/moveit_planners:/home/vinayak/ws_moveit2/install/pilz_industrial_motion_planner:/home/vinayak/ws_moveit2/install/moveit_visual_tools:/home/vinayak/ws_moveit2/install/moveit_task_constructor_visualization:/home/vinayak/ws_moveit2/install/moveit_task_constructor_demo:/home/vinayak/ws_moveit2/install/moveit_task_constructor_capabilities:/home/vinayak/ws_moveit2/install/moveit_task_constructor_core:/home/vinayak/ws_moveit2/install/moveit_ros_control_interface:/home/vinayak/ws_moveit2/install/moveit_plugins:/home/vinayak/ws_moveit2/install/moveit_simple_controller_manager:/home/vinayak/ws_moveit2/install/moveit_setup_assistant:/home/vinayak/ws_moveit2/install/moveit_setup_srdf_plugins:/home/vinayak/ws_moveit2/install/moveit_setup_core_plugins:/home/vinayak/ws_moveit2/install/moveit_setup_controllers:/home/vinayak/ws_moveit2/install/moveit_setup_app_plugins:/home/vinayak/ws_moveit2/install/moveit_setup_framework:/home/vinayak/ws_moveit2/install/moveit_servo:/home/vinayak/ws_moveit2/install/moveit_ros:/home/vinayak/ws_moveit2/install/moveit_ros_visualization:/home/vinayak/ws_moveit2/install/moveit_hybrid_planning:/home/vinayak/ws_moveit2/install/moveit_ros_planning_interface:/home/vinayak/ws_moveit2/install/moveit_ros_benchmarks:/home/vinayak/ws_moveit2/install/moveit_ros_warehouse:/home/vinayak/ws_moveit2/install/moveit_ros_robot_interaction:/home/vinayak/ws_moveit2/install/moveit_ros_perception:/home/vinayak/ws_moveit2/install/moveit_resources_prbt_pg70_support:/home/vinayak/ws_moveit2/install/moveit_resources_prbt_moveit_config:/home/vinayak/ws_moveit2/install/moveit_ros_move_group:/home/vinayak/ws_moveit2/install/moveit_planners_ompl:/home/vinayak/ws_moveit2/install/moveit_ros_planning:/home/vinayak/ws_moveit2/install/moveit_ros_occupancy_map_monitor:/home/vinayak/ws_moveit2/install/moveit_resources_prbt_ikfast_manipulator_plugin:/home/vinayak/ws_moveit2/install/moveit_planners_chomp:/home/vinayak/ws_moveit2/install/moveit_kinematics:/home/vinayak/ws_moveit2/install/moveit_chomp_optimizer_adapter:/home/vinayak/ws_moveit2/install/chomp_motion_planner:/home/vinayak/ws_moveit2/install/moveit_core:/home/vinayak/ws_moveit2/install/srdfdom:/home/vinayak/ws_moveit2/install/rviz_marker_tools:/home/vinayak/ws_moveit2/install/rosparam_shortcuts:/home/vinayak/ws_moveit2/install/moveit_task_constructor_msgs:/home/vinayak/ws_moveit2/install/moveit_resources_prbt_support:/home/vinayak/ws_moveit2/install/moveit_resources:/home/vinayak/ws_moveit2/install/moveit_resources_pr2_description:/home/vinayak/ws_moveit2/install/moveit_resources_panda_moveit_config:/home/vinayak/ws_moveit2/install/moveit_resources_fanuc_moveit_config:/home/vinayak/ws_moveit2/install/moveit_resources_fanuc_description:/home/vinayak/ws_moveit2/install/moveit_common:/home/vinayak/ws_moveit2/install/ur3e_rl:/home/vinayak/ws_moveit2/install/ur3e_motion_package:/home/vinayak/ws_moveit2/install/moveit_configs_utils:/home/vinayak/ws_moveit2/install/launch_param_builder:/opt/ros/humble /usr/bin/cmake --install /home/vinayak/ws_moveit2/build/moveit_resources_panda_moveit_config
[4.748s] DEBUG:colcon.colcon_core.event_handler.log_command:Invoked command in '/home/vinayak/ws_moveit2/build/moveit_resources_fanuc_moveit_config' returned '0': CMAKE_PREFIX_PATH=/home/vinayak/ws_moveit2/install/moveit_resources_fanuc_description:/home/vinayak/ws_moveit2/install/ur:/home/vinayak/ws_moveit2/install/ur_calibration:/home/vinayak/ws_moveit2/install/ur_robot_driver:/home/vinayak/ws_moveit2/install/ur_moveit_config:/home/vinayak/ws_moveit2/install/ur_bringup:/home/vinayak/ws_moveit2/install/ur_controllers:/home/vinayak/ws_moveit2/install/ur_dashboard_msgs:/home/vinayak/ws_moveit2/install/new_configuration:/home/vinayak/ws_moveit2/install/ur3e:/home/vinayak/ws_moveit2/install/pilz_industrial_motion_planner_testutils:/home/vinayak/ws_moveit2/install/moveit_runtime:/home/vinayak/ws_moveit2/install/moveit2_tutorials:/home/vinayak/ws_moveit2/install/moveit:/home/vinayak/ws_moveit2/install/moveit_planners:/home/vinayak/ws_moveit2/install/pilz_industrial_motion_planner:/home/vinayak/ws_moveit2/install/moveit_visual_tools:/home/vinayak/ws_moveit2/install/moveit_task_constructor_visualization:/home/vinayak/ws_moveit2/install/moveit_task_constructor_demo:/home/vinayak/ws_moveit2/install/moveit_task_constructor_capabilities:/home/vinayak/ws_moveit2/install/moveit_task_constructor_core:/home/vinayak/ws_moveit2/install/moveit_ros_control_interface:/home/vinayak/ws_moveit2/install/moveit_plugins:/home/vinayak/ws_moveit2/install/moveit_simple_controller_manager:/home/vinayak/ws_moveit2/install/moveit_setup_assistant:/home/vinayak/ws_moveit2/install/moveit_setup_srdf_plugins:/home/vinayak/ws_moveit2/install/moveit_setup_core_plugins:/home/vinayak/ws_moveit2/install/moveit_setup_controllers:/home/vinayak/ws_moveit2/install/moveit_setup_app_plugins:/home/vinayak/ws_moveit2/install/moveit_setup_framework:/home/vinayak/ws_moveit2/install/moveit_servo:/home/vinayak/ws_moveit2/install/moveit_ros:/home/vinayak/ws_moveit2/install/moveit_ros_visualization:/home/vinayak/ws_moveit2/install/moveit_hybrid_planning:/home/vinayak/ws_moveit2/install/moveit_ros_planning_interface:/home/vinayak/ws_moveit2/install/moveit_ros_benchmarks:/home/vinayak/ws_moveit2/install/moveit_ros_warehouse:/home/vinayak/ws_moveit2/install/moveit_ros_robot_interaction:/home/vinayak/ws_moveit2/install/moveit_ros_perception:/home/vinayak/ws_moveit2/install/moveit_resources_prbt_pg70_support:/home/vinayak/ws_moveit2/install/moveit_resources_prbt_moveit_config:/home/vinayak/ws_moveit2/install/moveit_ros_move_group:/home/vinayak/ws_moveit2/install/moveit_planners_ompl:/home/vinayak/ws_moveit2/install/moveit_ros_planning:/home/vinayak/ws_moveit2/install/moveit_ros_occupancy_map_monitor:/home/vinayak/ws_moveit2/install/moveit_resources_prbt_ikfast_manipulator_plugin:/home/vinayak/ws_moveit2/install/moveit_planners_chomp:/home/vinayak/ws_moveit2/install/moveit_kinematics:/home/vinayak/ws_moveit2/install/moveit_chomp_optimizer_adapter:/home/vinayak/ws_moveit2/install/chomp_motion_planner:/home/vinayak/ws_moveit2/install/moveit_core:/home/vinayak/ws_moveit2/install/srdfdom:/home/vinayak/ws_moveit2/install/rviz_marker_tools:/home/vinayak/ws_moveit2/install/rosparam_shortcuts:/home/vinayak/ws_moveit2/install/moveit_task_constructor_msgs:/home/vinayak/ws_moveit2/install/moveit_resources_prbt_support:/home/vinayak/ws_moveit2/install/moveit_resources:/home/vinayak/ws_moveit2/install/moveit_resources_pr2_description:/home/vinayak/ws_moveit2/install/moveit_resources_panda_moveit_config:/home/vinayak/ws_moveit2/install/moveit_resources_panda_description:/home/vinayak/ws_moveit2/install/moveit_resources_fanuc_moveit_config:/home/vinayak/ws_moveit2/install/moveit_common:/home/vinayak/ws_moveit2/install/ur3e_rl:/home/vinayak/ws_moveit2/install/ur3e_motion_package:/home/vinayak/ws_moveit2/install/moveit_configs_utils:/home/vinayak/ws_moveit2/install/launch_param_builder:/opt/ros/humble /usr/bin/cmake --build /home/vinayak/ws_moveit2/build/moveit_resources_fanuc_moveit_config -- -j8 -l8
[4.749s] DEBUG:colcon.colcon_core.event_handler.log_command:Invoking command in '/home/vinayak/ws_moveit2/build/moveit_resources_fanuc_moveit_config': CMAKE_PREFIX_PATH=/home/vinayak/ws_moveit2/install/moveit_resources_fanuc_description:/home/vinayak/ws_moveit2/install/ur:/home/vinayak/ws_moveit2/install/ur_calibration:/home/vinayak/ws_moveit2/install/ur_robot_driver:/home/vinayak/ws_moveit2/install/ur_moveit_config:/home/vinayak/ws_moveit2/install/ur_bringup:/home/vinayak/ws_moveit2/install/ur_controllers:/home/vinayak/ws_moveit2/install/ur_dashboard_msgs:/home/vinayak/ws_moveit2/install/new_configuration:/home/vinayak/ws_moveit2/install/ur3e:/home/vinayak/ws_moveit2/install/pilz_industrial_motion_planner_testutils:/home/vinayak/ws_moveit2/install/moveit_runtime:/home/vinayak/ws_moveit2/install/moveit2_tutorials:/home/vinayak/ws_moveit2/install/moveit:/home/vinayak/ws_moveit2/install/moveit_planners:/home/vinayak/ws_moveit2/install/pilz_industrial_motion_planner:/home/vinayak/ws_moveit2/install/moveit_visual_tools:/home/vinayak/ws_moveit2/install/moveit_task_constructor_visualization:/home/vinayak/ws_moveit2/install/moveit_task_constructor_demo:/home/vinayak/ws_moveit2/install/moveit_task_constructor_capabilities:/home/vinayak/ws_moveit2/install/moveit_task_constructor_core:/home/vinayak/ws_moveit2/install/moveit_ros_control_interface:/home/vinayak/ws_moveit2/install/moveit_plugins:/home/vinayak/ws_moveit2/install/moveit_simple_controller_manager:/home/vinayak/ws_moveit2/install/moveit_setup_assistant:/home/vinayak/ws_moveit2/install/moveit_setup_srdf_plugins:/home/vinayak/ws_moveit2/install/moveit_setup_core_plugins:/home/vinayak/ws_moveit2/install/moveit_setup_controllers:/home/vinayak/ws_moveit2/install/moveit_setup_app_plugins:/home/vinayak/ws_moveit2/install/moveit_setup_framework:/home/vinayak/ws_moveit2/install/moveit_servo:/home/vinayak/ws_moveit2/install/moveit_ros:/home/vinayak/ws_moveit2/install/moveit_ros_visualization:/home/vinayak/ws_moveit2/install/moveit_hybrid_planning:/home/vinayak/ws_moveit2/install/moveit_ros_planning_interface:/home/vinayak/ws_moveit2/install/moveit_ros_benchmarks:/home/vinayak/ws_moveit2/install/moveit_ros_warehouse:/home/vinayak/ws_moveit2/install/moveit_ros_robot_interaction:/home/vinayak/ws_moveit2/install/moveit_ros_perception:/home/vinayak/ws_moveit2/install/moveit_resources_prbt_pg70_support:/home/vinayak/ws_moveit2/install/moveit_resources_prbt_moveit_config:/home/vinayak/ws_moveit2/install/moveit_ros_move_group:/home/vinayak/ws_moveit2/install/moveit_planners_ompl:/home/vinayak/ws_moveit2/install/moveit_ros_planning:/home/vinayak/ws_moveit2/install/moveit_ros_occupancy_map_monitor:/home/vinayak/ws_moveit2/install/moveit_resources_prbt_ikfast_manipulator_plugin:/home/vinayak/ws_moveit2/install/moveit_planners_chomp:/home/vinayak/ws_moveit2/install/moveit_kinematics:/home/vinayak/ws_moveit2/install/moveit_chomp_optimizer_adapter:/home/vinayak/ws_moveit2/install/chomp_motion_planner:/home/vinayak/ws_moveit2/install/moveit_core:/home/vinayak/ws_moveit2/install/srdfdom:/home/vinayak/ws_moveit2/install/rviz_marker_tools:/home/vinayak/ws_moveit2/install/rosparam_shortcuts:/home/vinayak/ws_moveit2/install/moveit_task_constructor_msgs:/home/vinayak/ws_moveit2/install/moveit_resources_prbt_support:/home/vinayak/ws_moveit2/install/moveit_resources:/home/vinayak/ws_moveit2/install/moveit_resources_pr2_description:/home/vinayak/ws_moveit2/install/moveit_resources_panda_moveit_config:/home/vinayak/ws_moveit2/install/moveit_resources_panda_description:/home/vinayak/ws_moveit2/install/moveit_resources_fanuc_moveit_config:/home/vinayak/ws_moveit2/install/moveit_common:/home/vinayak/ws_moveit2/install/ur3e_rl:/home/vinayak/ws_moveit2/install/ur3e_motion_package:/home/vinayak/ws_moveit2/install/moveit_configs_utils:/home/vinayak/ws_moveit2/install/launch_param_builder:/opt/ros/humble /usr/bin/cmake --install /home/vinayak/ws_moveit2/build/moveit_resources_fanuc_moveit_config
[4.865s] Level 1:colcon.colcon_core.environment:create_environment_scripts_only(moveit_resources_fanuc_moveit_config)
[4.866s] Level 1:colcon.colcon_core.environment:checking '/home/vinayak/ws_moveit2/install/moveit_resources_fanuc_moveit_config' for CMake module files
[4.867s] Level 1:colcon.colcon_core.environment:checking '/home/vinayak/ws_moveit2/install/moveit_resources_fanuc_moveit_config' for CMake config files
[4.867s] Level 1:colcon.colcon_core.shell:create_environment_hook('moveit_resources_fanuc_moveit_config', 'cmake_prefix_path')
[4.868s] INFO:colcon.colcon_core.shell:Creating environment hook '/home/vinayak/ws_moveit2/install/moveit_resources_fanuc_moveit_config/share/moveit_resources_fanuc_moveit_config/hook/cmake_prefix_path.ps1'
[4.868s] INFO:colcon.colcon_core.shell:Creating environment descriptor '/home/vinayak/ws_moveit2/install/moveit_resources_fanuc_moveit_config/share/moveit_resources_fanuc_moveit_config/hook/cmake_prefix_path.dsv'
[4.869s] INFO:colcon.colcon_core.shell:Creating environment hook '/home/vinayak/ws_moveit2/install/moveit_resources_fanuc_moveit_config/share/moveit_resources_fanuc_moveit_config/hook/cmake_prefix_path.sh'
[4.875s] Level 1:colcon.colcon_core.environment:checking '/home/vinayak/ws_moveit2/install/moveit_resources_fanuc_moveit_config/bin'
[4.875s] Level 1:colcon.colcon_core.environment:checking '/home/vinayak/ws_moveit2/install/moveit_resources_fanuc_moveit_config/lib/pkgconfig/moveit_resources_fanuc_moveit_config.pc'
[4.875s] Level 1:colcon.colcon_core.environment:checking '/home/vinayak/ws_moveit2/install/moveit_resources_fanuc_moveit_config/lib/python3.10/site-packages'
[4.876s] Level 1:colcon.colcon_core.environment:checking '/home/vinayak/ws_moveit2/install/moveit_resources_fanuc_moveit_config/bin'
[4.873s] DEBUG:colcon.colcon_core.event_handler.log_command:Invoked command in '/home/vinayak/ws_moveit2/build/ur3e' returned '0': CMAKE_PREFIX_PATH=${CMAKE_PREFIX_PATH}:/home/vinayak/ws_moveit2/install/ur3e_rl:/home/vinayak/ws_moveit2/install/ur3e_motion_package:/home/vinayak/ws_moveit2/install/moveit_configs_utils:/home/vinayak/ws_moveit2/install/launch_param_builder:/opt/ros/humble /usr/bin/cmake /home/vinayak/ws_moveit2/src/ur3e -DCMAKE_INSTALL_PREFIX=/home/vinayak/ws_moveit2/install/ur3e
[4.877s] DEBUG:colcon.colcon_core.event_handler.log_command:Invoking command in '/home/vinayak/ws_moveit2/build/ur3e': CMAKE_PREFIX_PATH=${CMAKE_PREFIX_PATH}:/home/vinayak/ws_moveit2/install/ur3e_rl:/home/vinayak/ws_moveit2/install/ur3e_motion_package:/home/vinayak/ws_moveit2/install/moveit_configs_utils:/home/vinayak/ws_moveit2/install/launch_param_builder:/opt/ros/humble /usr/bin/cmake --build /home/vinayak/ws_moveit2/build/ur3e -- -j8 -l8
[4.876s] INFO:colcon.colcon_core.shell:Creating package script '/home/vinayak/ws_moveit2/install/moveit_resources_fanuc_moveit_config/share/moveit_resources_fanuc_moveit_config/package.ps1'
[4.878s] DEBUG:colcon.colcon_core.event_handler.log_command:Invoked command in '/home/vinayak/ws_moveit2/build/moveit_resources_fanuc_moveit_config' returned '0': CMAKE_PREFIX_PATH=/home/vinayak/ws_moveit2/install/moveit_resources_fanuc_description:/home/vinayak/ws_moveit2/install/ur:/home/vinayak/ws_moveit2/install/ur_calibration:/home/vinayak/ws_moveit2/install/ur_robot_driver:/home/vinayak/ws_moveit2/install/ur_moveit_config:/home/vinayak/ws_moveit2/install/ur_bringup:/home/vinayak/ws_moveit2/install/ur_controllers:/home/vinayak/ws_moveit2/install/ur_dashboard_msgs:/home/vinayak/ws_moveit2/install/new_configuration:/home/vinayak/ws_moveit2/install/ur3e:/home/vinayak/ws_moveit2/install/pilz_industrial_motion_planner_testutils:/home/vinayak/ws_moveit2/install/moveit_runtime:/home/vinayak/ws_moveit2/install/moveit2_tutorials:/home/vinayak/ws_moveit2/install/moveit:/home/vinayak/ws_moveit2/install/moveit_planners:/home/vinayak/ws_moveit2/install/pilz_industrial_motion_planner:/home/vinayak/ws_moveit2/install/moveit_visual_tools:/home/vinayak/ws_moveit2/install/moveit_task_constructor_visualization:/home/vinayak/ws_moveit2/install/moveit_task_constructor_demo:/home/vinayak/ws_moveit2/install/moveit_task_constructor_capabilities:/home/vinayak/ws_moveit2/install/moveit_task_constructor_core:/home/vinayak/ws_moveit2/install/moveit_ros_control_interface:/home/vinayak/ws_moveit2/install/moveit_plugins:/home/vinayak/ws_moveit2/install/moveit_simple_controller_manager:/home/vinayak/ws_moveit2/install/moveit_setup_assistant:/home/vinayak/ws_moveit2/install/moveit_setup_srdf_plugins:/home/vinayak/ws_moveit2/install/moveit_setup_core_plugins:/home/vinayak/ws_moveit2/install/moveit_setup_controllers:/home/vinayak/ws_moveit2/install/moveit_setup_app_plugins:/home/vinayak/ws_moveit2/install/moveit_setup_framework:/home/vinayak/ws_moveit2/install/moveit_servo:/home/vinayak/ws_moveit2/install/moveit_ros:/home/vinayak/ws_moveit2/install/moveit_ros_visualization:/home/vinayak/ws_moveit2/install/moveit_hybrid_planning:/home/vinayak/ws_moveit2/install/moveit_ros_planning_interface:/home/vinayak/ws_moveit2/install/moveit_ros_benchmarks:/home/vinayak/ws_moveit2/install/moveit_ros_warehouse:/home/vinayak/ws_moveit2/install/moveit_ros_robot_interaction:/home/vinayak/ws_moveit2/install/moveit_ros_perception:/home/vinayak/ws_moveit2/install/moveit_resources_prbt_pg70_support:/home/vinayak/ws_moveit2/install/moveit_resources_prbt_moveit_config:/home/vinayak/ws_moveit2/install/moveit_ros_move_group:/home/vinayak/ws_moveit2/install/moveit_planners_ompl:/home/vinayak/ws_moveit2/install/moveit_ros_planning:/home/vinayak/ws_moveit2/install/moveit_ros_occupancy_map_monitor:/home/vinayak/ws_moveit2/install/moveit_resources_prbt_ikfast_manipulator_plugin:/home/vinayak/ws_moveit2/install/moveit_planners_chomp:/home/vinayak/ws_moveit2/install/moveit_kinematics:/home/vinayak/ws_moveit2/install/moveit_chomp_optimizer_adapter:/home/vinayak/ws_moveit2/install/chomp_motion_planner:/home/vinayak/ws_moveit2/install/moveit_core:/home/vinayak/ws_moveit2/install/srdfdom:/home/vinayak/ws_moveit2/install/rviz_marker_tools:/home/vinayak/ws_moveit2/install/rosparam_shortcuts:/home/vinayak/ws_moveit2/install/moveit_task_constructor_msgs:/home/vinayak/ws_moveit2/install/moveit_resources_prbt_support:/home/vinayak/ws_moveit2/install/moveit_resources:/home/vinayak/ws_moveit2/install/moveit_resources_pr2_description:/home/vinayak/ws_moveit2/install/moveit_resources_panda_moveit_config:/home/vinayak/ws_moveit2/install/moveit_resources_panda_description:/home/vinayak/ws_moveit2/install/moveit_resources_fanuc_moveit_config:/home/vinayak/ws_moveit2/install/moveit_common:/home/vinayak/ws_moveit2/install/ur3e_rl:/home/vinayak/ws_moveit2/install/ur3e_motion_package:/home/vinayak/ws_moveit2/install/moveit_configs_utils:/home/vinayak/ws_moveit2/install/launch_param_builder:/opt/ros/humble /usr/bin/cmake --install /home/vinayak/ws_moveit2/build/moveit_resources_fanuc_moveit_config
[4.880s] INFO:colcon.colcon_core.shell:Creating package descriptor '/home/vinayak/ws_moveit2/install/moveit_resources_fanuc_moveit_config/share/moveit_resources_fanuc_moveit_config/package.dsv'
[4.880s] INFO:colcon.colcon_core.shell:Creating package script '/home/vinayak/ws_moveit2/install/moveit_resources_fanuc_moveit_config/share/moveit_resources_fanuc_moveit_config/package.sh'
[4.882s] INFO:colcon.colcon_core.shell:Creating package script '/home/vinayak/ws_moveit2/install/moveit_resources_fanuc_moveit_config/share/moveit_resources_fanuc_moveit_config/package.bash'
[4.882s] INFO:colcon.colcon_core.shell:Creating package script '/home/vinayak/ws_moveit2/install/moveit_resources_fanuc_moveit_config/share/moveit_resources_fanuc_moveit_config/package.zsh'
[4.883s] Level 1:colcon.colcon_core.environment:create_file_with_runtime_dependencies(/home/vinayak/ws_moveit2/install/moveit_resources_fanuc_moveit_config/share/colcon-core/packages/moveit_resources_fanuc_moveit_config)
[4.883s] Level 1:colcon.colcon_core.environment:create_environment_scripts_only(moveit_resources_fanuc_moveit_config)
[4.884s] Level 1:colcon.colcon_core.environment:checking '/home/vinayak/ws_moveit2/install/moveit_resources_fanuc_moveit_config' for CMake module files
[4.884s] Level 1:colcon.colcon_core.environment:checking '/home/vinayak/ws_moveit2/install/moveit_resources_fanuc_moveit_config' for CMake config files
[4.884s] Level 1:colcon.colcon_core.shell:create_environment_hook('moveit_resources_fanuc_moveit_config', 'cmake_prefix_path')
[4.884s] INFO:colcon.colcon_core.shell:Creating environment hook '/home/vinayak/ws_moveit2/install/moveit_resources_fanuc_moveit_config/share/moveit_resources_fanuc_moveit_config/hook/cmake_prefix_path.ps1'
[4.885s] INFO:colcon.colcon_core.shell:Creating environment descriptor '/home/vinayak/ws_moveit2/install/moveit_resources_fanuc_moveit_config/share/moveit_resources_fanuc_moveit_config/hook/cmake_prefix_path.dsv'
[4.885s] INFO:colcon.colcon_core.shell:Creating environment hook '/home/vinayak/ws_moveit2/install/moveit_resources_fanuc_moveit_config/share/moveit_resources_fanuc_moveit_config/hook/cmake_prefix_path.sh'
[4.886s] Level 1:colcon.colcon_core.environment:checking '/home/vinayak/ws_moveit2/install/moveit_resources_fanuc_moveit_config/bin'
[4.886s] Level 1:colcon.colcon_core.environment:checking '/home/vinayak/ws_moveit2/install/moveit_resources_fanuc_moveit_config/lib/pkgconfig/moveit_resources_fanuc_moveit_config.pc'
[4.886s] Level 1:colcon.colcon_core.environment:checking '/home/vinayak/ws_moveit2/install/moveit_resources_fanuc_moveit_config/lib/python3.10/site-packages'
[4.887s] Level 1:colcon.colcon_core.environment:checking '/home/vinayak/ws_moveit2/install/moveit_resources_fanuc_moveit_config/bin'
[4.887s] INFO:colcon.colcon_core.shell:Creating package script '/home/vinayak/ws_moveit2/install/moveit_resources_fanuc_moveit_config/share/moveit_resources_fanuc_moveit_config/package.ps1'
[4.888s] INFO:colcon.colcon_core.shell:Creating package descriptor '/home/vinayak/ws_moveit2/install/moveit_resources_fanuc_moveit_config/share/moveit_resources_fanuc_moveit_config/package.dsv'
[4.889s] INFO:colcon.colcon_core.shell:Creating package script '/home/vinayak/ws_moveit2/install/moveit_resources_fanuc_moveit_config/share/moveit_resources_fanuc_moveit_config/package.sh'
[4.890s] INFO:colcon.colcon_core.shell:Creating package script '/home/vinayak/ws_moveit2/install/moveit_resources_fanuc_moveit_config/share/moveit_resources_fanuc_moveit_config/package.bash'
[4.891s] INFO:colcon.colcon_core.shell:Creating package script '/home/vinayak/ws_moveit2/install/moveit_resources_fanuc_moveit_config/share/moveit_resources_fanuc_moveit_config/package.zsh'
[4.893s] Level 1:colcon.colcon_core.environment:create_file_with_runtime_dependencies(/home/vinayak/ws_moveit2/install/moveit_resources_fanuc_moveit_config/share/colcon-core/packages/moveit_resources_fanuc_moveit_config)
[4.894s] Level 1:colcon.colcon_core.environment:create_environment_scripts_only(moveit_resources_panda_moveit_config)
[4.895s] Level 1:colcon.colcon_core.environment:checking '/home/vinayak/ws_moveit2/install/moveit_resources_panda_moveit_config' for CMake module files
[4.895s] Level 1:colcon.colcon_core.environment:checking '/home/vinayak/ws_moveit2/install/moveit_resources_panda_moveit_config' for CMake config files
[4.896s] Level 1:colcon.colcon_core.shell:create_environment_hook('moveit_resources_panda_moveit_config', 'cmake_prefix_path')
[4.896s] INFO:colcon.colcon_core.shell:Creating environment hook '/home/vinayak/ws_moveit2/install/moveit_resources_panda_moveit_config/share/moveit_resources_panda_moveit_config/hook/cmake_prefix_path.ps1'
[4.897s] INFO:colcon.colcon_core.shell:Creating environment descriptor '/home/vinayak/ws_moveit2/install/moveit_resources_panda_moveit_config/share/moveit_resources_panda_moveit_config/hook/cmake_prefix_path.dsv'
[4.898s] DEBUG:colcon.colcon_core.event_handler.log_command:Invoked command in '/home/vinayak/ws_moveit2/build/moveit_resources_panda_moveit_config' returned '0': CMAKE_PREFIX_PATH=/home/vinayak/ws_moveit2/install/moveit_resources_panda_description:/home/vinayak/ws_moveit2/install/ur:/home/vinayak/ws_moveit2/install/ur_calibration:/home/vinayak/ws_moveit2/install/ur_robot_driver:/home/vinayak/ws_moveit2/install/ur_moveit_config:/home/vinayak/ws_moveit2/install/ur_bringup:/home/vinayak/ws_moveit2/install/ur_controllers:/home/vinayak/ws_moveit2/install/ur_dashboard_msgs:/home/vinayak/ws_moveit2/install/new_configuration:/home/vinayak/ws_moveit2/install/ur3e:/home/vinayak/ws_moveit2/install/pilz_industrial_motion_planner_testutils:/home/vinayak/ws_moveit2/install/moveit_runtime:/home/vinayak/ws_moveit2/install/moveit2_tutorials:/home/vinayak/ws_moveit2/install/moveit:/home/vinayak/ws_moveit2/install/moveit_planners:/home/vinayak/ws_moveit2/install/pilz_industrial_motion_planner:/home/vinayak/ws_moveit2/install/moveit_visual_tools:/home/vinayak/ws_moveit2/install/moveit_task_constructor_visualization:/home/vinayak/ws_moveit2/install/moveit_task_constructor_demo:/home/vinayak/ws_moveit2/install/moveit_task_constructor_capabilities:/home/vinayak/ws_moveit2/install/moveit_task_constructor_core:/home/vinayak/ws_moveit2/install/moveit_ros_control_interface:/home/vinayak/ws_moveit2/install/moveit_plugins:/home/vinayak/ws_moveit2/install/moveit_simple_controller_manager:/home/vinayak/ws_moveit2/install/moveit_setup_assistant:/home/vinayak/ws_moveit2/install/moveit_setup_srdf_plugins:/home/vinayak/ws_moveit2/install/moveit_setup_core_plugins:/home/vinayak/ws_moveit2/install/moveit_setup_controllers:/home/vinayak/ws_moveit2/install/moveit_setup_app_plugins:/home/vinayak/ws_moveit2/install/moveit_setup_framework:/home/vinayak/ws_moveit2/install/moveit_servo:/home/vinayak/ws_moveit2/install/moveit_ros:/home/vinayak/ws_moveit2/install/moveit_ros_visualization:/home/vinayak/ws_moveit2/install/moveit_hybrid_planning:/home/vinayak/ws_moveit2/install/moveit_ros_planning_interface:/home/vinayak/ws_moveit2/install/moveit_ros_benchmarks:/home/vinayak/ws_moveit2/install/moveit_ros_warehouse:/home/vinayak/ws_moveit2/install/moveit_ros_robot_interaction:/home/vinayak/ws_moveit2/install/moveit_ros_perception:/home/vinayak/ws_moveit2/install/moveit_resources_prbt_pg70_support:/home/vinayak/ws_moveit2/install/moveit_resources_prbt_moveit_config:/home/vinayak/ws_moveit2/install/moveit_ros_move_group:/home/vinayak/ws_moveit2/install/moveit_planners_ompl:/home/vinayak/ws_moveit2/install/moveit_ros_planning:/home/vinayak/ws_moveit2/install/moveit_ros_occupancy_map_monitor:/home/vinayak/ws_moveit2/install/moveit_resources_prbt_ikfast_manipulator_plugin:/home/vinayak/ws_moveit2/install/moveit_planners_chomp:/home/vinayak/ws_moveit2/install/moveit_kinematics:/home/vinayak/ws_moveit2/install/moveit_chomp_optimizer_adapter:/home/vinayak/ws_moveit2/install/chomp_motion_planner:/home/vinayak/ws_moveit2/install/moveit_core:/home/vinayak/ws_moveit2/install/srdfdom:/home/vinayak/ws_moveit2/install/rviz_marker_tools:/home/vinayak/ws_moveit2/install/rosparam_shortcuts:/home/vinayak/ws_moveit2/install/moveit_task_constructor_msgs:/home/vinayak/ws_moveit2/install/moveit_resources_prbt_support:/home/vinayak/ws_moveit2/install/moveit_resources:/home/vinayak/ws_moveit2/install/moveit_resources_pr2_description:/home/vinayak/ws_moveit2/install/moveit_resources_panda_moveit_config:/home/vinayak/ws_moveit2/install/moveit_resources_fanuc_moveit_config:/home/vinayak/ws_moveit2/install/moveit_resources_fanuc_description:/home/vinayak/ws_moveit2/install/moveit_common:/home/vinayak/ws_moveit2/install/ur3e_rl:/home/vinayak/ws_moveit2/install/ur3e_motion_package:/home/vinayak/ws_moveit2/install/moveit_configs_utils:/home/vinayak/ws_moveit2/install/launch_param_builder:/opt/ros/humble /usr/bin/cmake --install /home/vinayak/ws_moveit2/build/moveit_resources_panda_moveit_config
[4.898s] INFO:colcon.colcon_core.shell:Creating environment hook '/home/vinayak/ws_moveit2/install/moveit_resources_panda_moveit_config/share/moveit_resources_panda_moveit_config/hook/cmake_prefix_path.sh'
[4.899s] Level 1:colcon.colcon_core.environment:checking '/home/vinayak/ws_moveit2/install/moveit_resources_panda_moveit_config/bin'
[4.899s] Level 1:colcon.colcon_core.environment:checking '/home/vinayak/ws_moveit2/install/moveit_resources_panda_moveit_config/lib/pkgconfig/moveit_resources_panda_moveit_config.pc'
[4.900s] Level 1:colcon.colcon_core.environment:checking '/home/vinayak/ws_moveit2/install/moveit_resources_panda_moveit_config/lib/python3.10/site-packages'
[4.900s] Level 1:colcon.colcon_core.environment:checking '/home/vinayak/ws_moveit2/install/moveit_resources_panda_moveit_config/bin'
[4.900s] INFO:colcon.colcon_core.shell:Creating package script '/home/vinayak/ws_moveit2/install/moveit_resources_panda_moveit_config/share/moveit_resources_panda_moveit_config/package.ps1'
[4.901s] INFO:colcon.colcon_core.shell:Creating package descriptor '/home/vinayak/ws_moveit2/install/moveit_resources_panda_moveit_config/share/moveit_resources_panda_moveit_config/package.dsv'
[4.902s] INFO:colcon.colcon_core.shell:Creating package script '/home/vinayak/ws_moveit2/install/moveit_resources_panda_moveit_config/share/moveit_resources_panda_moveit_config/package.sh'
[4.902s] INFO:colcon.colcon_core.shell:Creating package script '/home/vinayak/ws_moveit2/install/moveit_resources_panda_moveit_config/share/moveit_resources_panda_moveit_config/package.bash'
[4.903s] INFO:colcon.colcon_core.shell:Creating package script '/home/vinayak/ws_moveit2/install/moveit_resources_panda_moveit_config/share/moveit_resources_panda_moveit_config/package.zsh'
[4.903s] Level 1:colcon.colcon_core.environment:create_file_with_runtime_dependencies(/home/vinayak/ws_moveit2/install/moveit_resources_panda_moveit_config/share/colcon-core/packages/moveit_resources_panda_moveit_config)
[4.904s] Level 1:colcon.colcon_core.environment:create_environment_scripts_only(moveit_resources_panda_moveit_config)
[4.905s] Level 1:colcon.colcon_core.environment:checking '/home/vinayak/ws_moveit2/install/moveit_resources_panda_moveit_config' for CMake module files
[4.906s] Level 1:colcon.colcon_core.environment:checking '/home/vinayak/ws_moveit2/install/moveit_resources_panda_moveit_config' for CMake config files
[4.906s] Level 1:colcon.colcon_core.shell:create_environment_hook('moveit_resources_panda_moveit_config', 'cmake_prefix_path')
[4.907s] INFO:colcon.colcon_core.shell:Creating environment hook '/home/vinayak/ws_moveit2/install/moveit_resources_panda_moveit_config/share/moveit_resources_panda_moveit_config/hook/cmake_prefix_path.ps1'
[4.908s] INFO:colcon.colcon_core.shell:Creating environment descriptor '/home/vinayak/ws_moveit2/install/moveit_resources_panda_moveit_config/share/moveit_resources_panda_moveit_config/hook/cmake_prefix_path.dsv'
[4.909s] INFO:colcon.colcon_core.shell:Creating environment hook '/home/vinayak/ws_moveit2/install/moveit_resources_panda_moveit_config/share/moveit_resources_panda_moveit_config/hook/cmake_prefix_path.sh'
[4.910s] Level 1:colcon.colcon_core.environment:checking '/home/vinayak/ws_moveit2/install/moveit_resources_panda_moveit_config/bin'
[4.910s] Level 1:colcon.colcon_core.environment:checking '/home/vinayak/ws_moveit2/install/moveit_resources_panda_moveit_config/lib/pkgconfig/moveit_resources_panda_moveit_config.pc'
[4.911s] Level 1:colcon.colcon_core.environment:checking '/home/vinayak/ws_moveit2/install/moveit_resources_panda_moveit_config/lib/python3.10/site-packages'
[4.911s] Level 1:colcon.colcon_core.environment:checking '/home/vinayak/ws_moveit2/install/moveit_resources_panda_moveit_config/bin'
[4.912s] INFO:colcon.colcon_core.shell:Creating package script '/home/vinayak/ws_moveit2/install/moveit_resources_panda_moveit_config/share/moveit_resources_panda_moveit_config/package.ps1'
[4.913s] INFO:colcon.colcon_core.shell:Creating package descriptor '/home/vinayak/ws_moveit2/install/moveit_resources_panda_moveit_config/share/moveit_resources_panda_moveit_config/package.dsv'
[4.914s] INFO:colcon.colcon_core.shell:Creating package script '/home/vinayak/ws_moveit2/install/moveit_resources_panda_moveit_config/share/moveit_resources_panda_moveit_config/package.sh'
[4.915s] INFO:colcon.colcon_core.shell:Creating package script '/home/vinayak/ws_moveit2/install/moveit_resources_panda_moveit_config/share/moveit_resources_panda_moveit_config/package.bash'
[4.915s] INFO:colcon.colcon_core.shell:Creating package script '/home/vinayak/ws_moveit2/install/moveit_resources_panda_moveit_config/share/moveit_resources_panda_moveit_config/package.zsh'
[4.916s] Level 1:colcon.colcon_core.environment:create_file_with_runtime_dependencies(/home/vinayak/ws_moveit2/install/moveit_resources_panda_moveit_config/share/colcon-core/packages/moveit_resources_panda_moveit_config)
[4.918s] INFO:colcon.colcon_ros.task.ament_python.build:Building ROS package in '/home/vinayak/ws_moveit2/src/ur3e_motion_package' with build type 'ament_python'
[4.918s] Level 1:colcon.colcon_core.shell:create_environment_hook('ur3e_motion_package', 'ament_prefix_path')
[4.919s] INFO:colcon.colcon_core.shell:Creating environment hook '/home/vinayak/ws_moveit2/install/ur3e_motion_package/share/ur3e_motion_package/hook/ament_prefix_path.ps1'
[4.920s] INFO:colcon.colcon_core.shell:Creating environment descriptor '/home/vinayak/ws_moveit2/install/ur3e_motion_package/share/ur3e_motion_package/hook/ament_prefix_path.dsv'
[4.921s] INFO:colcon.colcon_core.shell:Creating environment hook '/home/vinayak/ws_moveit2/install/ur3e_motion_package/share/ur3e_motion_package/hook/ament_prefix_path.sh'
[4.922s] INFO:colcon.colcon_core.shell:Skip shell extension 'powershell' for command environment: Not usable outside of PowerShell
[4.922s] DEBUG:colcon.colcon_core.shell:Skip shell extension 'dsv' for command environment
[4.943s] INFO:colcon.colcon_ros.task.ament_cmake.build:Building ROS package in '/home/vinayak/ws_moveit2/src/moveit_resources/moveit_resources' with build type 'ament_cmake'
[4.943s] INFO:colcon.colcon_cmake.task.cmake.build:Building CMake package in '/home/vinayak/ws_moveit2/src/moveit_resources/moveit_resources'
[4.943s] INFO:colcon.colcon_core.shell:Skip shell extension 'powershell' for command environment: Not usable outside of PowerShell
[4.943s] DEBUG:colcon.colcon_core.shell:Skip shell extension 'dsv' for command environment
[5.506s] INFO:colcon.colcon_core.task.python.build:Building Python package in '/home/vinayak/ws_moveit2/src/ur3e_motion_package'
[5.506s] INFO:colcon.colcon_core.shell:Skip shell extension 'powershell' for command environment: Not usable outside of PowerShell
[5.506s] DEBUG:colcon.colcon_core.shell:Skip shell extension 'dsv' for command environment
[5.514s] DEBUG:colcon.colcon_core.event_handler.log_command:Invoked command in '/home/vinayak/ws_moveit2/build/rviz_marker_tools' returned '0': CMAKE_PREFIX_PATH=/home/vinayak/ws_moveit2/install/moveit_common:/home/vinayak/ws_moveit2/install/ur:/home/vinayak/ws_moveit2/install/ur_calibration:/home/vinayak/ws_moveit2/install/ur_robot_driver:/home/vinayak/ws_moveit2/install/ur_moveit_config:/home/vinayak/ws_moveit2/install/ur_bringup:/home/vinayak/ws_moveit2/install/ur_controllers:/home/vinayak/ws_moveit2/install/ur_dashboard_msgs:/home/vinayak/ws_moveit2/install/new_configuration:/home/vinayak/ws_moveit2/install/ur3e:/home/vinayak/ws_moveit2/install/pilz_industrial_motion_planner_testutils:/home/vinayak/ws_moveit2/install/moveit_runtime:/home/vinayak/ws_moveit2/install/moveit2_tutorials:/home/vinayak/ws_moveit2/install/moveit:/home/vinayak/ws_moveit2/install/moveit_planners:/home/vinayak/ws_moveit2/install/pilz_industrial_motion_planner:/home/vinayak/ws_moveit2/install/moveit_visual_tools:/home/vinayak/ws_moveit2/install/moveit_task_constructor_visualization:/home/vinayak/ws_moveit2/install/moveit_task_constructor_demo:/home/vinayak/ws_moveit2/install/moveit_task_constructor_capabilities:/home/vinayak/ws_moveit2/install/moveit_task_constructor_core:/home/vinayak/ws_moveit2/install/moveit_ros_control_interface:/home/vinayak/ws_moveit2/install/moveit_plugins:/home/vinayak/ws_moveit2/install/moveit_simple_controller_manager:/home/vinayak/ws_moveit2/install/moveit_setup_assistant:/home/vinayak/ws_moveit2/install/moveit_setup_srdf_plugins:/home/vinayak/ws_moveit2/install/moveit_setup_core_plugins:/home/vinayak/ws_moveit2/install/moveit_setup_controllers:/home/vinayak/ws_moveit2/install/moveit_setup_app_plugins:/home/vinayak/ws_moveit2/install/moveit_setup_framework:/home/vinayak/ws_moveit2/install/moveit_servo:/home/vinayak/ws_moveit2/install/moveit_ros:/home/vinayak/ws_moveit2/install/moveit_ros_visualization:/home/vinayak/ws_moveit2/install/moveit_hybrid_planning:/home/vinayak/ws_moveit2/install/moveit_ros_planning_interface:/home/vinayak/ws_moveit2/install/moveit_ros_benchmarks:/home/vinayak/ws_moveit2/install/moveit_ros_warehouse:/home/vinayak/ws_moveit2/install/moveit_ros_robot_interaction:/home/vinayak/ws_moveit2/install/moveit_ros_perception:/home/vinayak/ws_moveit2/install/moveit_resources_prbt_pg70_support:/home/vinayak/ws_moveit2/install/moveit_resources_prbt_moveit_config:/home/vinayak/ws_moveit2/install/moveit_ros_move_group:/home/vinayak/ws_moveit2/install/moveit_planners_ompl:/home/vinayak/ws_moveit2/install/moveit_ros_planning:/home/vinayak/ws_moveit2/install/moveit_ros_occupancy_map_monitor:/home/vinayak/ws_moveit2/install/moveit_resources_prbt_ikfast_manipulator_plugin:/home/vinayak/ws_moveit2/install/moveit_planners_chomp:/home/vinayak/ws_moveit2/install/moveit_kinematics:/home/vinayak/ws_moveit2/install/moveit_chomp_optimizer_adapter:/home/vinayak/ws_moveit2/install/chomp_motion_planner:/home/vinayak/ws_moveit2/install/moveit_core:/home/vinayak/ws_moveit2/install/srdfdom:/home/vinayak/ws_moveit2/install/rviz_marker_tools:/home/vinayak/ws_moveit2/install/rosparam_shortcuts:/home/vinayak/ws_moveit2/install/moveit_task_constructor_msgs:/home/vinayak/ws_moveit2/install/moveit_resources_prbt_support:/home/vinayak/ws_moveit2/install/moveit_resources:/home/vinayak/ws_moveit2/install/moveit_resources_pr2_description:/home/vinayak/ws_moveit2/install/moveit_resources_panda_moveit_config:/home/vinayak/ws_moveit2/install/moveit_resources_panda_description:/home/vinayak/ws_moveit2/install/moveit_resources_fanuc_moveit_config:/home/vinayak/ws_moveit2/install/moveit_resources_fanuc_description:/home/vinayak/ws_moveit2/install/ur3e_rl:/home/vinayak/ws_moveit2/install/ur3e_motion_package:/home/vinayak/ws_moveit2/install/moveit_configs_utils:/home/vinayak/ws_moveit2/install/launch_param_builder:/opt/ros/humble /usr/bin/cmake /home/vinayak/ws_moveit2/src/moveit_task_constructor/rviz_marker_tools -DCMAKE_INSTALL_PREFIX=/home/vinayak/ws_moveit2/install/rviz_marker_tools
[5.516s] DEBUG:colcon.colcon_core.event_handler.log_command:Invoking command in '/home/vinayak/ws_moveit2/build/rviz_marker_tools': CMAKE_PREFIX_PATH=/home/vinayak/ws_moveit2/install/moveit_common:/home/vinayak/ws_moveit2/install/ur:/home/vinayak/ws_moveit2/install/ur_calibration:/home/vinayak/ws_moveit2/install/ur_robot_driver:/home/vinayak/ws_moveit2/install/ur_moveit_config:/home/vinayak/ws_moveit2/install/ur_bringup:/home/vinayak/ws_moveit2/install/ur_controllers:/home/vinayak/ws_moveit2/install/ur_dashboard_msgs:/home/vinayak/ws_moveit2/install/new_configuration:/home/vinayak/ws_moveit2/install/ur3e:/home/vinayak/ws_moveit2/install/pilz_industrial_motion_planner_testutils:/home/vinayak/ws_moveit2/install/moveit_runtime:/home/vinayak/ws_moveit2/install/moveit2_tutorials:/home/vinayak/ws_moveit2/install/moveit:/home/vinayak/ws_moveit2/install/moveit_planners:/home/vinayak/ws_moveit2/install/pilz_industrial_motion_planner:/home/vinayak/ws_moveit2/install/moveit_visual_tools:/home/vinayak/ws_moveit2/install/moveit_task_constructor_visualization:/home/vinayak/ws_moveit2/install/moveit_task_constructor_demo:/home/vinayak/ws_moveit2/install/moveit_task_constructor_capabilities:/home/vinayak/ws_moveit2/install/moveit_task_constructor_core:/home/vinayak/ws_moveit2/install/moveit_ros_control_interface:/home/vinayak/ws_moveit2/install/moveit_plugins:/home/vinayak/ws_moveit2/install/moveit_simple_controller_manager:/home/vinayak/ws_moveit2/install/moveit_setup_assistant:/home/vinayak/ws_moveit2/install/moveit_setup_srdf_plugins:/home/vinayak/ws_moveit2/install/moveit_setup_core_plugins:/home/vinayak/ws_moveit2/install/moveit_setup_controllers:/home/vinayak/ws_moveit2/install/moveit_setup_app_plugins:/home/vinayak/ws_moveit2/install/moveit_setup_framework:/home/vinayak/ws_moveit2/install/moveit_servo:/home/vinayak/ws_moveit2/install/moveit_ros:/home/vinayak/ws_moveit2/install/moveit_ros_visualization:/home/vinayak/ws_moveit2/install/moveit_hybrid_planning:/home/vinayak/ws_moveit2/install/moveit_ros_planning_interface:/home/vinayak/ws_moveit2/install/moveit_ros_benchmarks:/home/vinayak/ws_moveit2/install/moveit_ros_warehouse:/home/vinayak/ws_moveit2/install/moveit_ros_robot_interaction:/home/vinayak/ws_moveit2/install/moveit_ros_perception:/home/vinayak/ws_moveit2/install/moveit_resources_prbt_pg70_support:/home/vinayak/ws_moveit2/install/moveit_resources_prbt_moveit_config:/home/vinayak/ws_moveit2/install/moveit_ros_move_group:/home/vinayak/ws_moveit2/install/moveit_planners_ompl:/home/vinayak/ws_moveit2/install/moveit_ros_planning:/home/vinayak/ws_moveit2/install/moveit_ros_occupancy_map_monitor:/home/vinayak/ws_moveit2/install/moveit_resources_prbt_ikfast_manipulator_plugin:/home/vinayak/ws_moveit2/install/moveit_planners_chomp:/home/vinayak/ws_moveit2/install/moveit_kinematics:/home/vinayak/ws_moveit2/install/moveit_chomp_optimizer_adapter:/home/vinayak/ws_moveit2/install/chomp_motion_planner:/home/vinayak/ws_moveit2/install/moveit_core:/home/vinayak/ws_moveit2/install/srdfdom:/home/vinayak/ws_moveit2/install/rviz_marker_tools:/home/vinayak/ws_moveit2/install/rosparam_shortcuts:/home/vinayak/ws_moveit2/install/moveit_task_constructor_msgs:/home/vinayak/ws_moveit2/install/moveit_resources_prbt_support:/home/vinayak/ws_moveit2/install/moveit_resources:/home/vinayak/ws_moveit2/install/moveit_resources_pr2_description:/home/vinayak/ws_moveit2/install/moveit_resources_panda_moveit_config:/home/vinayak/ws_moveit2/install/moveit_resources_panda_description:/home/vinayak/ws_moveit2/install/moveit_resources_fanuc_moveit_config:/home/vinayak/ws_moveit2/install/moveit_resources_fanuc_description:/home/vinayak/ws_moveit2/install/ur3e_rl:/home/vinayak/ws_moveit2/install/ur3e_motion_package:/home/vinayak/ws_moveit2/install/moveit_configs_utils:/home/vinayak/ws_moveit2/install/launch_param_builder:/opt/ros/humble /usr/bin/cmake --build /home/vinayak/ws_moveit2/build/rviz_marker_tools -- -j8 -l8
[5.517s] DEBUG:colcon.colcon_core.event_handler.log_command:Invoked command in '/home/vinayak/ws_moveit2/build/ur3e' returned '0': CMAKE_PREFIX_PATH=${CMAKE_PREFIX_PATH}:/home/vinayak/ws_moveit2/install/ur3e_rl:/home/vinayak/ws_moveit2/install/ur3e_motion_package:/home/vinayak/ws_moveit2/install/moveit_configs_utils:/home/vinayak/ws_moveit2/install/launch_param_builder:/opt/ros/humble /usr/bin/cmake --build /home/vinayak/ws_moveit2/build/ur3e -- -j8 -l8
[5.520s] DEBUG:colcon.colcon_core.event_handler.log_command:Invoking command in '/home/vinayak/ws_moveit2/build/ur3e': CMAKE_PREFIX_PATH=${CMAKE_PREFIX_PATH}:/home/vinayak/ws_moveit2/install/ur3e_rl:/home/vinayak/ws_moveit2/install/ur3e_motion_package:/home/vinayak/ws_moveit2/install/moveit_configs_utils:/home/vinayak/ws_moveit2/install/launch_param_builder:/opt/ros/humble /usr/bin/cmake --install /home/vinayak/ws_moveit2/build/ur3e
[5.530s] DEBUG:colcon.colcon_core.event_handler.log_command:Invoking command in '/home/vinayak/ws_moveit2/build/moveit_resources': CMAKE_PREFIX_PATH=/home/vinayak/ws_moveit2/install/moveit_resources_panda_moveit_config:/home/vinayak/ws_moveit2/install/moveit_resources_fanuc_moveit_config:/home/vinayak/ws_moveit2/install/moveit_resources_pr2_description:/home/vinayak/ws_moveit2/install/moveit_resources_panda_description:/home/vinayak/ws_moveit2/install/moveit_resources_fanuc_description:/home/vinayak/ws_moveit2/install/ur:/home/vinayak/ws_moveit2/install/ur_calibration:/home/vinayak/ws_moveit2/install/ur_robot_driver:/home/vinayak/ws_moveit2/install/ur_moveit_config:/home/vinayak/ws_moveit2/install/ur_bringup:/home/vinayak/ws_moveit2/install/ur_controllers:/home/vinayak/ws_moveit2/install/ur_dashboard_msgs:/home/vinayak/ws_moveit2/install/new_configuration:/home/vinayak/ws_moveit2/install/ur3e:/home/vinayak/ws_moveit2/install/pilz_industrial_motion_planner_testutils:/home/vinayak/ws_moveit2/install/moveit_runtime:/home/vinayak/ws_moveit2/install/moveit2_tutorials:/home/vinayak/ws_moveit2/install/moveit:/home/vinayak/ws_moveit2/install/moveit_planners:/home/vinayak/ws_moveit2/install/pilz_industrial_motion_planner:/home/vinayak/ws_moveit2/install/moveit_visual_tools:/home/vinayak/ws_moveit2/install/moveit_task_constructor_visualization:/home/vinayak/ws_moveit2/install/moveit_task_constructor_demo:/home/vinayak/ws_moveit2/install/moveit_task_constructor_capabilities:/home/vinayak/ws_moveit2/install/moveit_task_constructor_core:/home/vinayak/ws_moveit2/install/moveit_ros_control_interface:/home/vinayak/ws_moveit2/install/moveit_plugins:/home/vinayak/ws_moveit2/install/moveit_simple_controller_manager:/home/vinayak/ws_moveit2/install/moveit_setup_assistant:/home/vinayak/ws_moveit2/install/moveit_setup_srdf_plugins:/home/vinayak/ws_moveit2/install/moveit_setup_core_plugins:/home/vinayak/ws_moveit2/install/moveit_setup_controllers:/home/vinayak/ws_moveit2/install/moveit_setup_app_plugins:/home/vinayak/ws_moveit2/install/moveit_setup_framework:/home/vinayak/ws_moveit2/install/moveit_servo:/home/vinayak/ws_moveit2/install/moveit_ros:/home/vinayak/ws_moveit2/install/moveit_ros_visualization:/home/vinayak/ws_moveit2/install/moveit_hybrid_planning:/home/vinayak/ws_moveit2/install/moveit_ros_planning_interface:/home/vinayak/ws_moveit2/install/moveit_ros_benchmarks:/home/vinayak/ws_moveit2/install/moveit_ros_warehouse:/home/vinayak/ws_moveit2/install/moveit_ros_robot_interaction:/home/vinayak/ws_moveit2/install/moveit_ros_perception:/home/vinayak/ws_moveit2/install/moveit_resources_prbt_pg70_support:/home/vinayak/ws_moveit2/install/moveit_resources_prbt_moveit_config:/home/vinayak/ws_moveit2/install/moveit_ros_move_group:/home/vinayak/ws_moveit2/install/moveit_planners_ompl:/home/vinayak/ws_moveit2/install/moveit_ros_planning:/home/vinayak/ws_moveit2/install/moveit_ros_occupancy_map_monitor:/home/vinayak/ws_moveit2/install/moveit_resources_prbt_ikfast_manipulator_plugin:/home/vinayak/ws_moveit2/install/moveit_planners_chomp:/home/vinayak/ws_moveit2/install/moveit_kinematics:/home/vinayak/ws_moveit2/install/moveit_chomp_optimizer_adapter:/home/vinayak/ws_moveit2/install/chomp_motion_planner:/home/vinayak/ws_moveit2/install/moveit_core:/home/vinayak/ws_moveit2/install/srdfdom:/home/vinayak/ws_moveit2/install/rviz_marker_tools:/home/vinayak/ws_moveit2/install/rosparam_shortcuts:/home/vinayak/ws_moveit2/install/moveit_task_constructor_msgs:/home/vinayak/ws_moveit2/install/moveit_resources_prbt_support:/home/vinayak/ws_moveit2/install/moveit_resources:/home/vinayak/ws_moveit2/install/moveit_common:/home/vinayak/ws_moveit2/install/ur3e_rl:/home/vinayak/ws_moveit2/install/ur3e_motion_package:/home/vinayak/ws_moveit2/install/moveit_configs_utils:/home/vinayak/ws_moveit2/install/launch_param_builder:/opt/ros/humble /usr/bin/cmake /home/vinayak/ws_moveit2/src/moveit_resources/moveit_resources -DCMAKE_INSTALL_PREFIX=/home/vinayak/ws_moveit2/install/moveit_resources
[5.531s] DEBUG:colcon.colcon_core.event_handler.log_command:Invoked command in '/home/vinayak/ws_moveit2/build/rosparam_shortcuts' returned '0': CMAKE_PREFIX_PATH=${CMAKE_PREFIX_PATH}:/home/vinayak/ws_moveit2/install/ur3e_rl:/home/vinayak/ws_moveit2/install/ur3e_motion_package:/home/vinayak/ws_moveit2/install/moveit_configs_utils:/home/vinayak/ws_moveit2/install/launch_param_builder:/opt/ros/humble /usr/bin/cmake /home/vinayak/ws_moveit2/src/rosparam_shortcuts -DCMAKE_INSTALL_PREFIX=/home/vinayak/ws_moveit2/install/rosparam_shortcuts
[5.531s] DEBUG:colcon.colcon_core.event_handler.log_command:Invoking command in '/home/vinayak/ws_moveit2/build/rosparam_shortcuts': CMAKE_PREFIX_PATH=${CMAKE_PREFIX_PATH}:/home/vinayak/ws_moveit2/install/ur3e_rl:/home/vinayak/ws_moveit2/install/ur3e_motion_package:/home/vinayak/ws_moveit2/install/moveit_configs_utils:/home/vinayak/ws_moveit2/install/launch_param_builder:/opt/ros/humble /usr/bin/cmake --build /home/vinayak/ws_moveit2/build/rosparam_shortcuts -- -j8 -l8
[5.605s] Level 1:colcon.colcon_core.environment:create_environment_scripts_only(ur3e)
[5.606s] Level 1:colcon.colcon_core.environment:checking '/home/vinayak/ws_moveit2/install/ur3e' for CMake module files
[5.607s] DEBUG:colcon.colcon_core.event_handler.log_command:Invoked command in '/home/vinayak/ws_moveit2/build/ur3e' returned '0': CMAKE_PREFIX_PATH=${CMAKE_PREFIX_PATH}:/home/vinayak/ws_moveit2/install/ur3e_rl:/home/vinayak/ws_moveit2/install/ur3e_motion_package:/home/vinayak/ws_moveit2/install/moveit_configs_utils:/home/vinayak/ws_moveit2/install/launch_param_builder:/opt/ros/humble /usr/bin/cmake --install /home/vinayak/ws_moveit2/build/ur3e
[5.607s] Level 1:colcon.colcon_core.environment:checking '/home/vinayak/ws_moveit2/install/ur3e' for CMake config files
[5.607s] Level 1:colcon.colcon_core.shell:create_environment_hook('ur3e', 'cmake_prefix_path')
[5.608s] INFO:colcon.colcon_core.shell:Creating environment hook '/home/vinayak/ws_moveit2/install/ur3e/share/ur3e/hook/cmake_prefix_path.ps1'
[5.608s] INFO:colcon.colcon_core.shell:Creating environment descriptor '/home/vinayak/ws_moveit2/install/ur3e/share/ur3e/hook/cmake_prefix_path.dsv'
[5.609s] INFO:colcon.colcon_core.shell:Creating environment hook '/home/vinayak/ws_moveit2/install/ur3e/share/ur3e/hook/cmake_prefix_path.sh'
[5.609s] Level 1:colcon.colcon_core.environment:checking '/home/vinayak/ws_moveit2/install/ur3e/bin'
[5.610s] Level 1:colcon.colcon_core.environment:checking '/home/vinayak/ws_moveit2/install/ur3e/lib/pkgconfig/ur3e.pc'
[5.610s] Level 1:colcon.colcon_core.environment:checking '/home/vinayak/ws_moveit2/install/ur3e/lib/python3.10/site-packages'
[5.615s] Level 1:colcon.colcon_core.environment:checking '/home/vinayak/ws_moveit2/install/ur3e/bin'
[5.618s] INFO:colcon.colcon_core.shell:Creating package script '/home/vinayak/ws_moveit2/install/ur3e/share/ur3e/package.ps1'
[5.619s] INFO:colcon.colcon_core.shell:Creating package descriptor '/home/vinayak/ws_moveit2/install/ur3e/share/ur3e/package.dsv'
[5.625s] INFO:colcon.colcon_core.shell:Creating package script '/home/vinayak/ws_moveit2/install/ur3e/share/ur3e/package.sh'
[5.626s] INFO:colcon.colcon_core.shell:Creating package script '/home/vinayak/ws_moveit2/install/ur3e/share/ur3e/package.bash'
[5.626s] INFO:colcon.colcon_core.shell:Creating package script '/home/vinayak/ws_moveit2/install/ur3e/share/ur3e/package.zsh'
[5.627s] Level 1:colcon.colcon_core.environment:create_file_with_runtime_dependencies(/home/vinayak/ws_moveit2/install/ur3e/share/colcon-core/packages/ur3e)
[5.631s] Level 1:colcon.colcon_core.environment:create_environment_scripts_only(ur3e)
[5.631s] Level 1:colcon.colcon_core.environment:checking '/home/vinayak/ws_moveit2/install/ur3e' for CMake module files
[5.632s] Level 1:colcon.colcon_core.environment:checking '/home/vinayak/ws_moveit2/install/ur3e' for CMake config files
[5.632s] Level 1:colcon.colcon_core.shell:create_environment_hook('ur3e', 'cmake_prefix_path')
[5.633s] INFO:colcon.colcon_core.shell:Creating environment hook '/home/vinayak/ws_moveit2/install/ur3e/share/ur3e/hook/cmake_prefix_path.ps1'
[5.635s] INFO:colcon.colcon_core.shell:Creating environment descriptor '/home/vinayak/ws_moveit2/install/ur3e/share/ur3e/hook/cmake_prefix_path.dsv'
[5.636s] INFO:colcon.colcon_core.shell:Creating environment hook '/home/vinayak/ws_moveit2/install/ur3e/share/ur3e/hook/cmake_prefix_path.sh'
[5.637s] Level 1:colcon.colcon_core.environment:checking '/home/vinayak/ws_moveit2/install/ur3e/bin'
[5.637s] Level 1:colcon.colcon_core.environment:checking '/home/vinayak/ws_moveit2/install/ur3e/lib/pkgconfig/ur3e.pc'
[5.637s] Level 1:colcon.colcon_core.environment:checking '/home/vinayak/ws_moveit2/install/ur3e/lib/python3.10/site-packages'
[5.637s] Level 1:colcon.colcon_core.environment:checking '/home/vinayak/ws_moveit2/install/ur3e/bin'
[5.638s] INFO:colcon.colcon_core.shell:Creating package script '/home/vinayak/ws_moveit2/install/ur3e/share/ur3e/package.ps1'
[5.640s] INFO:colcon.colcon_core.shell:Creating package descriptor '/home/vinayak/ws_moveit2/install/ur3e/share/ur3e/package.dsv'
[5.641s] INFO:colcon.colcon_core.shell:Creating package script '/home/vinayak/ws_moveit2/install/ur3e/share/ur3e/package.sh'
[5.641s] INFO:colcon.colcon_core.shell:Creating package script '/home/vinayak/ws_moveit2/install/ur3e/share/ur3e/package.bash'
[5.642s] INFO:colcon.colcon_core.shell:Creating package script '/home/vinayak/ws_moveit2/install/ur3e/share/ur3e/package.zsh'
[5.647s] Level 1:colcon.colcon_core.environment:create_file_with_runtime_dependencies(/home/vinayak/ws_moveit2/install/ur3e/share/colcon-core/packages/ur3e)
[5.930s] DEBUG:colcon.colcon_core.event_handler.log_command:Invoked command in '/home/vinayak/ws_moveit2/build/srdfdom' returned '0': CMAKE_PREFIX_PATH=${CMAKE_PREFIX_PATH}:/home/vinayak/ws_moveit2/install/ur3e_rl:/home/vinayak/ws_moveit2/install/ur3e_motion_package:/home/vinayak/ws_moveit2/install/moveit_configs_utils:/home/vinayak/ws_moveit2/install/launch_param_builder:/opt/ros/humble /usr/bin/cmake /home/vinayak/ws_moveit2/src/srdfdom -DCMAKE_INSTALL_PREFIX=/home/vinayak/ws_moveit2/install/srdfdom
[5.934s] DEBUG:colcon.colcon_core.event_handler.log_command:Invoking command in '/home/vinayak/ws_moveit2/build/srdfdom': CMAKE_PREFIX_PATH=${CMAKE_PREFIX_PATH}:/home/vinayak/ws_moveit2/install/ur3e_rl:/home/vinayak/ws_moveit2/install/ur3e_motion_package:/home/vinayak/ws_moveit2/install/moveit_configs_utils:/home/vinayak/ws_moveit2/install/launch_param_builder:/opt/ros/humble /usr/bin/cmake --build /home/vinayak/ws_moveit2/build/srdfdom -- -j8 -l8
[6.457s] DEBUG:colcon.colcon_core.event_handler.log_command:Invoking command in '/home/vinayak/ws_moveit2/src/ur3e_motion_package': PYTHONPATH=/home/vinayak/ws_moveit2/build/ur3e_motion_package/prefix_override:/usr/lib/python3/dist-packages/colcon_core/task/python/colcon_distutils_commands:/home/vinayak/ws_moveit2/install/ur3e_motion_package/lib/python3.10/site-packages:${PYTHONPATH} /usr/bin/python3 -W ignore:setup.py install is deprecated -W ignore:easy_install command is deprecated setup.py egg_info --egg-base ../../build/ur3e_motion_package build --build-base /home/vinayak/ws_moveit2/build/ur3e_motion_package/build install --record /home/vinayak/ws_moveit2/build/ur3e_motion_package/install.log --single-version-externally-managed install_data
[6.798s] DEBUG:colcon.colcon_core.event_handler.log_command:Invoked command in '/home/vinayak/ws_moveit2/build/moveit_task_constructor_msgs' returned '0': CMAKE_PREFIX_PATH=${CMAKE_PREFIX_PATH}:/home/vinayak/ws_moveit2/install/ur3e_rl:/home/vinayak/ws_moveit2/install/ur3e_motion_package:/home/vinayak/ws_moveit2/install/moveit_configs_utils:/home/vinayak/ws_moveit2/install/launch_param_builder:/opt/ros/humble /usr/bin/cmake /home/vinayak/ws_moveit2/src/moveit_task_constructor/msgs -DCMAKE_INSTALL_PREFIX=/home/vinayak/ws_moveit2/install/moveit_task_constructor_msgs
[6.799s] DEBUG:colcon.colcon_core.event_handler.log_command:Invoking command in '/home/vinayak/ws_moveit2/build/moveit_task_constructor_msgs': CMAKE_PREFIX_PATH=${CMAKE_PREFIX_PATH}:/home/vinayak/ws_moveit2/install/ur3e_rl:/home/vinayak/ws_moveit2/install/ur3e_motion_package:/home/vinayak/ws_moveit2/install/moveit_configs_utils:/home/vinayak/ws_moveit2/install/launch_param_builder:/opt/ros/humble /usr/bin/cmake --build /home/vinayak/ws_moveit2/build/moveit_task_constructor_msgs -- -j8 -l8
[7.679s] DEBUG:colcon.colcon_core.event_handler.log_command:Invoked command in '/home/vinayak/ws_moveit2/build/moveit_resources' returned '0': CMAKE_PREFIX_PATH=/home/vinayak/ws_moveit2/install/moveit_resources_panda_moveit_config:/home/vinayak/ws_moveit2/install/moveit_resources_fanuc_moveit_config:/home/vinayak/ws_moveit2/install/moveit_resources_pr2_description:/home/vinayak/ws_moveit2/install/moveit_resources_panda_description:/home/vinayak/ws_moveit2/install/moveit_resources_fanuc_description:/home/vinayak/ws_moveit2/install/ur:/home/vinayak/ws_moveit2/install/ur_calibration:/home/vinayak/ws_moveit2/install/ur_robot_driver:/home/vinayak/ws_moveit2/install/ur_moveit_config:/home/vinayak/ws_moveit2/install/ur_bringup:/home/vinayak/ws_moveit2/install/ur_controllers:/home/vinayak/ws_moveit2/install/ur_dashboard_msgs:/home/vinayak/ws_moveit2/install/new_configuration:/home/vinayak/ws_moveit2/install/ur3e:/home/vinayak/ws_moveit2/install/pilz_industrial_motion_planner_testutils:/home/vinayak/ws_moveit2/install/moveit_runtime:/home/vinayak/ws_moveit2/install/moveit2_tutorials:/home/vinayak/ws_moveit2/install/moveit:/home/vinayak/ws_moveit2/install/moveit_planners:/home/vinayak/ws_moveit2/install/pilz_industrial_motion_planner:/home/vinayak/ws_moveit2/install/moveit_visual_tools:/home/vinayak/ws_moveit2/install/moveit_task_constructor_visualization:/home/vinayak/ws_moveit2/install/moveit_task_constructor_demo:/home/vinayak/ws_moveit2/install/moveit_task_constructor_capabilities:/home/vinayak/ws_moveit2/install/moveit_task_constructor_core:/home/vinayak/ws_moveit2/install/moveit_ros_control_interface:/home/vinayak/ws_moveit2/install/moveit_plugins:/home/vinayak/ws_moveit2/install/moveit_simple_controller_manager:/home/vinayak/ws_moveit2/install/moveit_setup_assistant:/home/vinayak/ws_moveit2/install/moveit_setup_srdf_plugins:/home/vinayak/ws_moveit2/install/moveit_setup_core_plugins:/home/vinayak/ws_moveit2/install/moveit_setup_controllers:/home/vinayak/ws_moveit2/install/moveit_setup_app_plugins:/home/vinayak/ws_moveit2/install/moveit_setup_framework:/home/vinayak/ws_moveit2/install/moveit_servo:/home/vinayak/ws_moveit2/install/moveit_ros:/home/vinayak/ws_moveit2/install/moveit_ros_visualization:/home/vinayak/ws_moveit2/install/moveit_hybrid_planning:/home/vinayak/ws_moveit2/install/moveit_ros_planning_interface:/home/vinayak/ws_moveit2/install/moveit_ros_benchmarks:/home/vinayak/ws_moveit2/install/moveit_ros_warehouse:/home/vinayak/ws_moveit2/install/moveit_ros_robot_interaction:/home/vinayak/ws_moveit2/install/moveit_ros_perception:/home/vinayak/ws_moveit2/install/moveit_resources_prbt_pg70_support:/home/vinayak/ws_moveit2/install/moveit_resources_prbt_moveit_config:/home/vinayak/ws_moveit2/install/moveit_ros_move_group:/home/vinayak/ws_moveit2/install/moveit_planners_ompl:/home/vinayak/ws_moveit2/install/moveit_ros_planning:/home/vinayak/ws_moveit2/install/moveit_ros_occupancy_map_monitor:/home/vinayak/ws_moveit2/install/moveit_resources_prbt_ikfast_manipulator_plugin:/home/vinayak/ws_moveit2/install/moveit_planners_chomp:/home/vinayak/ws_moveit2/install/moveit_kinematics:/home/vinayak/ws_moveit2/install/moveit_chomp_optimizer_adapter:/home/vinayak/ws_moveit2/install/chomp_motion_planner:/home/vinayak/ws_moveit2/install/moveit_core:/home/vinayak/ws_moveit2/install/srdfdom:/home/vinayak/ws_moveit2/install/rviz_marker_tools:/home/vinayak/ws_moveit2/install/rosparam_shortcuts:/home/vinayak/ws_moveit2/install/moveit_task_constructor_msgs:/home/vinayak/ws_moveit2/install/moveit_resources_prbt_support:/home/vinayak/ws_moveit2/install/moveit_resources:/home/vinayak/ws_moveit2/install/moveit_common:/home/vinayak/ws_moveit2/install/ur3e_rl:/home/vinayak/ws_moveit2/install/ur3e_motion_package:/home/vinayak/ws_moveit2/install/moveit_configs_utils:/home/vinayak/ws_moveit2/install/launch_param_builder:/opt/ros/humble /usr/bin/cmake /home/vinayak/ws_moveit2/src/moveit_resources/moveit_resources -DCMAKE_INSTALL_PREFIX=/home/vinayak/ws_moveit2/install/moveit_resources
[7.683s] DEBUG:colcon.colcon_core.event_handler.log_command:Invoking command in '/home/vinayak/ws_moveit2/build/moveit_resources': CMAKE_PREFIX_PATH=/home/vinayak/ws_moveit2/install/moveit_resources_panda_moveit_config:/home/vinayak/ws_moveit2/install/moveit_resources_fanuc_moveit_config:/home/vinayak/ws_moveit2/install/moveit_resources_pr2_description:/home/vinayak/ws_moveit2/install/moveit_resources_panda_description:/home/vinayak/ws_moveit2/install/moveit_resources_fanuc_description:/home/vinayak/ws_moveit2/install/ur:/home/vinayak/ws_moveit2/install/ur_calibration:/home/vinayak/ws_moveit2/install/ur_robot_driver:/home/vinayak/ws_moveit2/install/ur_moveit_config:/home/vinayak/ws_moveit2/install/ur_bringup:/home/vinayak/ws_moveit2/install/ur_controllers:/home/vinayak/ws_moveit2/install/ur_dashboard_msgs:/home/vinayak/ws_moveit2/install/new_configuration:/home/vinayak/ws_moveit2/install/ur3e:/home/vinayak/ws_moveit2/install/pilz_industrial_motion_planner_testutils:/home/vinayak/ws_moveit2/install/moveit_runtime:/home/vinayak/ws_moveit2/install/moveit2_tutorials:/home/vinayak/ws_moveit2/install/moveit:/home/vinayak/ws_moveit2/install/moveit_planners:/home/vinayak/ws_moveit2/install/pilz_industrial_motion_planner:/home/vinayak/ws_moveit2/install/moveit_visual_tools:/home/vinayak/ws_moveit2/install/moveit_task_constructor_visualization:/home/vinayak/ws_moveit2/install/moveit_task_constructor_demo:/home/vinayak/ws_moveit2/install/moveit_task_constructor_capabilities:/home/vinayak/ws_moveit2/install/moveit_task_constructor_core:/home/vinayak/ws_moveit2/install/moveit_ros_control_interface:/home/vinayak/ws_moveit2/install/moveit_plugins:/home/vinayak/ws_moveit2/install/moveit_simple_controller_manager:/home/vinayak/ws_moveit2/install/moveit_setup_assistant:/home/vinayak/ws_moveit2/install/moveit_setup_srdf_plugins:/home/vinayak/ws_moveit2/install/moveit_setup_core_plugins:/home/vinayak/ws_moveit2/install/moveit_setup_controllers:/home/vinayak/ws_moveit2/install/moveit_setup_app_plugins:/home/vinayak/ws_moveit2/install/moveit_setup_framework:/home/vinayak/ws_moveit2/install/moveit_servo:/home/vinayak/ws_moveit2/install/moveit_ros:/home/vinayak/ws_moveit2/install/moveit_ros_visualization:/home/vinayak/ws_moveit2/install/moveit_hybrid_planning:/home/vinayak/ws_moveit2/install/moveit_ros_planning_interface:/home/vinayak/ws_moveit2/install/moveit_ros_benchmarks:/home/vinayak/ws_moveit2/install/moveit_ros_warehouse:/home/vinayak/ws_moveit2/install/moveit_ros_robot_interaction:/home/vinayak/ws_moveit2/install/moveit_ros_perception:/home/vinayak/ws_moveit2/install/moveit_resources_prbt_pg70_support:/home/vinayak/ws_moveit2/install/moveit_resources_prbt_moveit_config:/home/vinayak/ws_moveit2/install/moveit_ros_move_group:/home/vinayak/ws_moveit2/install/moveit_planners_ompl:/home/vinayak/ws_moveit2/install/moveit_ros_planning:/home/vinayak/ws_moveit2/install/moveit_ros_occupancy_map_monitor:/home/vinayak/ws_moveit2/install/moveit_resources_prbt_ikfast_manipulator_plugin:/home/vinayak/ws_moveit2/install/moveit_planners_chomp:/home/vinayak/ws_moveit2/install/moveit_kinematics:/home/vinayak/ws_moveit2/install/moveit_chomp_optimizer_adapter:/home/vinayak/ws_moveit2/install/chomp_motion_planner:/home/vinayak/ws_moveit2/install/moveit_core:/home/vinayak/ws_moveit2/install/srdfdom:/home/vinayak/ws_moveit2/install/rviz_marker_tools:/home/vinayak/ws_moveit2/install/rosparam_shortcuts:/home/vinayak/ws_moveit2/install/moveit_task_constructor_msgs:/home/vinayak/ws_moveit2/install/moveit_resources_prbt_support:/home/vinayak/ws_moveit2/install/moveit_resources:/home/vinayak/ws_moveit2/install/moveit_common:/home/vinayak/ws_moveit2/install/ur3e_rl:/home/vinayak/ws_moveit2/install/ur3e_motion_package:/home/vinayak/ws_moveit2/install/moveit_configs_utils:/home/vinayak/ws_moveit2/install/launch_param_builder:/opt/ros/humble /usr/bin/cmake --build /home/vinayak/ws_moveit2/build/moveit_resources -- -j8 -l8
[8.119s] Level 1:colcon.colcon_core.environment:checking '/home/vinayak/ws_moveit2/install/ur3e_motion_package' for CMake module files
[8.124s] Level 1:colcon.colcon_core.environment:checking '/home/vinayak/ws_moveit2/install/ur3e_motion_package' for CMake config files
[8.124s] Level 1:colcon.colcon_core.environment:checking '/home/vinayak/ws_moveit2/install/ur3e_motion_package/lib'
[8.125s] Level 1:colcon.colcon_core.environment:checking '/home/vinayak/ws_moveit2/install/ur3e_motion_package/bin'
[8.125s] Level 1:colcon.colcon_core.environment:checking '/home/vinayak/ws_moveit2/install/ur3e_motion_package/lib/pkgconfig/ur3e_motion_package.pc'
[8.125s] Level 1:colcon.colcon_core.environment:checking '/home/vinayak/ws_moveit2/install/ur3e_motion_package/lib/python3.10/site-packages'
[8.125s] Level 1:colcon.colcon_core.shell:create_environment_hook('ur3e_motion_package', 'pythonpath')
[8.125s] INFO:colcon.colcon_core.shell:Creating environment hook '/home/vinayak/ws_moveit2/install/ur3e_motion_package/share/ur3e_motion_package/hook/pythonpath.ps1'
[8.126s] INFO:colcon.colcon_core.shell:Creating environment descriptor '/home/vinayak/ws_moveit2/install/ur3e_motion_package/share/ur3e_motion_package/hook/pythonpath.dsv'
[8.127s] INFO:colcon.colcon_core.shell:Creating environment hook '/home/vinayak/ws_moveit2/install/ur3e_motion_package/share/ur3e_motion_package/hook/pythonpath.sh'
[8.127s] Level 1:colcon.colcon_core.environment:checking '/home/vinayak/ws_moveit2/install/ur3e_motion_package/bin'
[8.128s] Level 1:colcon.colcon_core.environment:create_environment_scripts_only(ur3e_motion_package)
[8.131s] INFO:colcon.colcon_core.shell:Creating package script '/home/vinayak/ws_moveit2/install/ur3e_motion_package/share/ur3e_motion_package/package.ps1'
[8.132s] DEBUG:colcon.colcon_core.event_handler.log_command:Invoked command in '/home/vinayak/ws_moveit2/src/ur3e_motion_package' returned '0': PYTHONPATH=/home/vinayak/ws_moveit2/build/ur3e_motion_package/prefix_override:/usr/lib/python3/dist-packages/colcon_core/task/python/colcon_distutils_commands:/home/vinayak/ws_moveit2/install/ur3e_motion_package/lib/python3.10/site-packages:${PYTHONPATH} /usr/bin/python3 -W ignore:setup.py install is deprecated -W ignore:easy_install command is deprecated setup.py egg_info --egg-base ../../build/ur3e_motion_package build --build-base /home/vinayak/ws_moveit2/build/ur3e_motion_package/build install --record /home/vinayak/ws_moveit2/build/ur3e_motion_package/install.log --single-version-externally-managed install_data
[8.133s] INFO:colcon.colcon_core.shell:Creating package descriptor '/home/vinayak/ws_moveit2/install/ur3e_motion_package/share/ur3e_motion_package/package.dsv'
[8.134s] INFO:colcon.colcon_core.shell:Creating package script '/home/vinayak/ws_moveit2/install/ur3e_motion_package/share/ur3e_motion_package/package.sh'
[8.135s] INFO:colcon.colcon_core.shell:Creating package script '/home/vinayak/ws_moveit2/install/ur3e_motion_package/share/ur3e_motion_package/package.bash'
[8.135s] INFO:colcon.colcon_core.shell:Creating package script '/home/vinayak/ws_moveit2/install/ur3e_motion_package/share/ur3e_motion_package/package.zsh'
[8.136s] Level 1:colcon.colcon_core.environment:create_file_with_runtime_dependencies(/home/vinayak/ws_moveit2/install/ur3e_motion_package/share/colcon-core/packages/ur3e_motion_package)
[8.149s] DEBUG:colcon.colcon_core.event_handler.log_command:Invoked command in '/home/vinayak/ws_moveit2/build/moveit_resources' returned '0': CMAKE_PREFIX_PATH=/home/vinayak/ws_moveit2/install/moveit_resources_panda_moveit_config:/home/vinayak/ws_moveit2/install/moveit_resources_fanuc_moveit_config:/home/vinayak/ws_moveit2/install/moveit_resources_pr2_description:/home/vinayak/ws_moveit2/install/moveit_resources_panda_description:/home/vinayak/ws_moveit2/install/moveit_resources_fanuc_description:/home/vinayak/ws_moveit2/install/ur:/home/vinayak/ws_moveit2/install/ur_calibration:/home/vinayak/ws_moveit2/install/ur_robot_driver:/home/vinayak/ws_moveit2/install/ur_moveit_config:/home/vinayak/ws_moveit2/install/ur_bringup:/home/vinayak/ws_moveit2/install/ur_controllers:/home/vinayak/ws_moveit2/install/ur_dashboard_msgs:/home/vinayak/ws_moveit2/install/new_configuration:/home/vinayak/ws_moveit2/install/ur3e:/home/vinayak/ws_moveit2/install/pilz_industrial_motion_planner_testutils:/home/vinayak/ws_moveit2/install/moveit_runtime:/home/vinayak/ws_moveit2/install/moveit2_tutorials:/home/vinayak/ws_moveit2/install/moveit:/home/vinayak/ws_moveit2/install/moveit_planners:/home/vinayak/ws_moveit2/install/pilz_industrial_motion_planner:/home/vinayak/ws_moveit2/install/moveit_visual_tools:/home/vinayak/ws_moveit2/install/moveit_task_constructor_visualization:/home/vinayak/ws_moveit2/install/moveit_task_constructor_demo:/home/vinayak/ws_moveit2/install/moveit_task_constructor_capabilities:/home/vinayak/ws_moveit2/install/moveit_task_constructor_core:/home/vinayak/ws_moveit2/install/moveit_ros_control_interface:/home/vinayak/ws_moveit2/install/moveit_plugins:/home/vinayak/ws_moveit2/install/moveit_simple_controller_manager:/home/vinayak/ws_moveit2/install/moveit_setup_assistant:/home/vinayak/ws_moveit2/install/moveit_setup_srdf_plugins:/home/vinayak/ws_moveit2/install/moveit_setup_core_plugins:/home/vinayak/ws_moveit2/install/moveit_setup_controllers:/home/vinayak/ws_moveit2/install/moveit_setup_app_plugins:/home/vinayak/ws_moveit2/install/moveit_setup_framework:/home/vinayak/ws_moveit2/install/moveit_servo:/home/vinayak/ws_moveit2/install/moveit_ros:/home/vinayak/ws_moveit2/install/moveit_ros_visualization:/home/vinayak/ws_moveit2/install/moveit_hybrid_planning:/home/vinayak/ws_moveit2/install/moveit_ros_planning_interface:/home/vinayak/ws_moveit2/install/moveit_ros_benchmarks:/home/vinayak/ws_moveit2/install/moveit_ros_warehouse:/home/vinayak/ws_moveit2/install/moveit_ros_robot_interaction:/home/vinayak/ws_moveit2/install/moveit_ros_perception:/home/vinayak/ws_moveit2/install/moveit_resources_prbt_pg70_support:/home/vinayak/ws_moveit2/install/moveit_resources_prbt_moveit_config:/home/vinayak/ws_moveit2/install/moveit_ros_move_group:/home/vinayak/ws_moveit2/install/moveit_planners_ompl:/home/vinayak/ws_moveit2/install/moveit_ros_planning:/home/vinayak/ws_moveit2/install/moveit_ros_occupancy_map_monitor:/home/vinayak/ws_moveit2/install/moveit_resources_prbt_ikfast_manipulator_plugin:/home/vinayak/ws_moveit2/install/moveit_planners_chomp:/home/vinayak/ws_moveit2/install/moveit_kinematics:/home/vinayak/ws_moveit2/install/moveit_chomp_optimizer_adapter:/home/vinayak/ws_moveit2/install/chomp_motion_planner:/home/vinayak/ws_moveit2/install/moveit_core:/home/vinayak/ws_moveit2/install/srdfdom:/home/vinayak/ws_moveit2/install/rviz_marker_tools:/home/vinayak/ws_moveit2/install/rosparam_shortcuts:/home/vinayak/ws_moveit2/install/moveit_task_constructor_msgs:/home/vinayak/ws_moveit2/install/moveit_resources_prbt_support:/home/vinayak/ws_moveit2/install/moveit_resources:/home/vinayak/ws_moveit2/install/moveit_common:/home/vinayak/ws_moveit2/install/ur3e_rl:/home/vinayak/ws_moveit2/install/ur3e_motion_package:/home/vinayak/ws_moveit2/install/moveit_configs_utils:/home/vinayak/ws_moveit2/install/launch_param_builder:/opt/ros/humble /usr/bin/cmake --build /home/vinayak/ws_moveit2/build/moveit_resources -- -j8 -l8
[8.150s] DEBUG:colcon.colcon_core.event_handler.log_command:Invoking command in '/home/vinayak/ws_moveit2/build/moveit_resources': CMAKE_PREFIX_PATH=/home/vinayak/ws_moveit2/install/moveit_resources_panda_moveit_config:/home/vinayak/ws_moveit2/install/moveit_resources_fanuc_moveit_config:/home/vinayak/ws_moveit2/install/moveit_resources_pr2_description:/home/vinayak/ws_moveit2/install/moveit_resources_panda_description:/home/vinayak/ws_moveit2/install/moveit_resources_fanuc_description:/home/vinayak/ws_moveit2/install/ur:/home/vinayak/ws_moveit2/install/ur_calibration:/home/vinayak/ws_moveit2/install/ur_robot_driver:/home/vinayak/ws_moveit2/install/ur_moveit_config:/home/vinayak/ws_moveit2/install/ur_bringup:/home/vinayak/ws_moveit2/install/ur_controllers:/home/vinayak/ws_moveit2/install/ur_dashboard_msgs:/home/vinayak/ws_moveit2/install/new_configuration:/home/vinayak/ws_moveit2/install/ur3e:/home/vinayak/ws_moveit2/install/pilz_industrial_motion_planner_testutils:/home/vinayak/ws_moveit2/install/moveit_runtime:/home/vinayak/ws_moveit2/install/moveit2_tutorials:/home/vinayak/ws_moveit2/install/moveit:/home/vinayak/ws_moveit2/install/moveit_planners:/home/vinayak/ws_moveit2/install/pilz_industrial_motion_planner:/home/vinayak/ws_moveit2/install/moveit_visual_tools:/home/vinayak/ws_moveit2/install/moveit_task_constructor_visualization:/home/vinayak/ws_moveit2/install/moveit_task_constructor_demo:/home/vinayak/ws_moveit2/install/moveit_task_constructor_capabilities:/home/vinayak/ws_moveit2/install/moveit_task_constructor_core:/home/vinayak/ws_moveit2/install/moveit_ros_control_interface:/home/vinayak/ws_moveit2/install/moveit_plugins:/home/vinayak/ws_moveit2/install/moveit_simple_controller_manager:/home/vinayak/ws_moveit2/install/moveit_setup_assistant:/home/vinayak/ws_moveit2/install/moveit_setup_srdf_plugins:/home/vinayak/ws_moveit2/install/moveit_setup_core_plugins:/home/vinayak/ws_moveit2/install/moveit_setup_controllers:/home/vinayak/ws_moveit2/install/moveit_setup_app_plugins:/home/vinayak/ws_moveit2/install/moveit_setup_framework:/home/vinayak/ws_moveit2/install/moveit_servo:/home/vinayak/ws_moveit2/install/moveit_ros:/home/vinayak/ws_moveit2/install/moveit_ros_visualization:/home/vinayak/ws_moveit2/install/moveit_hybrid_planning:/home/vinayak/ws_moveit2/install/moveit_ros_planning_interface:/home/vinayak/ws_moveit2/install/moveit_ros_benchmarks:/home/vinayak/ws_moveit2/install/moveit_ros_warehouse:/home/vinayak/ws_moveit2/install/moveit_ros_robot_interaction:/home/vinayak/ws_moveit2/install/moveit_ros_perception:/home/vinayak/ws_moveit2/install/moveit_resources_prbt_pg70_support:/home/vinayak/ws_moveit2/install/moveit_resources_prbt_moveit_config:/home/vinayak/ws_moveit2/install/moveit_ros_move_group:/home/vinayak/ws_moveit2/install/moveit_planners_ompl:/home/vinayak/ws_moveit2/install/moveit_ros_planning:/home/vinayak/ws_moveit2/install/moveit_ros_occupancy_map_monitor:/home/vinayak/ws_moveit2/install/moveit_resources_prbt_ikfast_manipulator_plugin:/home/vinayak/ws_moveit2/install/moveit_planners_chomp:/home/vinayak/ws_moveit2/install/moveit_kinematics:/home/vinayak/ws_moveit2/install/moveit_chomp_optimizer_adapter:/home/vinayak/ws_moveit2/install/chomp_motion_planner:/home/vinayak/ws_moveit2/install/moveit_core:/home/vinayak/ws_moveit2/install/srdfdom:/home/vinayak/ws_moveit2/install/rviz_marker_tools:/home/vinayak/ws_moveit2/install/rosparam_shortcuts:/home/vinayak/ws_moveit2/install/moveit_task_constructor_msgs:/home/vinayak/ws_moveit2/install/moveit_resources_prbt_support:/home/vinayak/ws_moveit2/install/moveit_resources:/home/vinayak/ws_moveit2/install/moveit_common:/home/vinayak/ws_moveit2/install/ur3e_rl:/home/vinayak/ws_moveit2/install/ur3e_motion_package:/home/vinayak/ws_moveit2/install/moveit_configs_utils:/home/vinayak/ws_moveit2/install/launch_param_builder:/opt/ros/humble /usr/bin/cmake --install /home/vinayak/ws_moveit2/build/moveit_resources
[8.191s] Level 1:colcon.colcon_core.environment:create_environment_scripts_only(moveit_resources)
[8.192s] Level 1:colcon.colcon_core.environment:checking '/home/vinayak/ws_moveit2/install/moveit_resources' for CMake module files
[8.192s] Level 1:colcon.colcon_core.environment:checking '/home/vinayak/ws_moveit2/install/moveit_resources' for CMake config files
[8.193s] Level 1:colcon.colcon_core.shell:create_environment_hook('moveit_resources', 'cmake_prefix_path')
[8.193s] INFO:colcon.colcon_core.shell:Creating environment hook '/home/vinayak/ws_moveit2/install/moveit_resources/share/moveit_resources/hook/cmake_prefix_path.ps1'
[8.194s] INFO:colcon.colcon_core.shell:Creating environment descriptor '/home/vinayak/ws_moveit2/install/moveit_resources/share/moveit_resources/hook/cmake_prefix_path.dsv'
[8.198s] DEBUG:colcon.colcon_core.event_handler.log_command:Invoked command in '/home/vinayak/ws_moveit2/build/moveit_resources' returned '0': CMAKE_PREFIX_PATH=/home/vinayak/ws_moveit2/install/moveit_resources_panda_moveit_config:/home/vinayak/ws_moveit2/install/moveit_resources_fanuc_moveit_config:/home/vinayak/ws_moveit2/install/moveit_resources_pr2_description:/home/vinayak/ws_moveit2/install/moveit_resources_panda_description:/home/vinayak/ws_moveit2/install/moveit_resources_fanuc_description:/home/vinayak/ws_moveit2/install/ur:/home/vinayak/ws_moveit2/install/ur_calibration:/home/vinayak/ws_moveit2/install/ur_robot_driver:/home/vinayak/ws_moveit2/install/ur_moveit_config:/home/vinayak/ws_moveit2/install/ur_bringup:/home/vinayak/ws_moveit2/install/ur_controllers:/home/vinayak/ws_moveit2/install/ur_dashboard_msgs:/home/vinayak/ws_moveit2/install/new_configuration:/home/vinayak/ws_moveit2/install/ur3e:/home/vinayak/ws_moveit2/install/pilz_industrial_motion_planner_testutils:/home/vinayak/ws_moveit2/install/moveit_runtime:/home/vinayak/ws_moveit2/install/moveit2_tutorials:/home/vinayak/ws_moveit2/install/moveit:/home/vinayak/ws_moveit2/install/moveit_planners:/home/vinayak/ws_moveit2/install/pilz_industrial_motion_planner:/home/vinayak/ws_moveit2/install/moveit_visual_tools:/home/vinayak/ws_moveit2/install/moveit_task_constructor_visualization:/home/vinayak/ws_moveit2/install/moveit_task_constructor_demo:/home/vinayak/ws_moveit2/install/moveit_task_constructor_capabilities:/home/vinayak/ws_moveit2/install/moveit_task_constructor_core:/home/vinayak/ws_moveit2/install/moveit_ros_control_interface:/home/vinayak/ws_moveit2/install/moveit_plugins:/home/vinayak/ws_moveit2/install/moveit_simple_controller_manager:/home/vinayak/ws_moveit2/install/moveit_setup_assistant:/home/vinayak/ws_moveit2/install/moveit_setup_srdf_plugins:/home/vinayak/ws_moveit2/install/moveit_setup_core_plugins:/home/vinayak/ws_moveit2/install/moveit_setup_controllers:/home/vinayak/ws_moveit2/install/moveit_setup_app_plugins:/home/vinayak/ws_moveit2/install/moveit_setup_framework:/home/vinayak/ws_moveit2/install/moveit_servo:/home/vinayak/ws_moveit2/install/moveit_ros:/home/vinayak/ws_moveit2/install/moveit_ros_visualization:/home/vinayak/ws_moveit2/install/moveit_hybrid_planning:/home/vinayak/ws_moveit2/install/moveit_ros_planning_interface:/home/vinayak/ws_moveit2/install/moveit_ros_benchmarks:/home/vinayak/ws_moveit2/install/moveit_ros_warehouse:/home/vinayak/ws_moveit2/install/moveit_ros_robot_interaction:/home/vinayak/ws_moveit2/install/moveit_ros_perception:/home/vinayak/ws_moveit2/install/moveit_resources_prbt_pg70_support:/home/vinayak/ws_moveit2/install/moveit_resources_prbt_moveit_config:/home/vinayak/ws_moveit2/install/moveit_ros_move_group:/home/vinayak/ws_moveit2/install/moveit_planners_ompl:/home/vinayak/ws_moveit2/install/moveit_ros_planning:/home/vinayak/ws_moveit2/install/moveit_ros_occupancy_map_monitor:/home/vinayak/ws_moveit2/install/moveit_resources_prbt_ikfast_manipulator_plugin:/home/vinayak/ws_moveit2/install/moveit_planners_chomp:/home/vinayak/ws_moveit2/install/moveit_kinematics:/home/vinayak/ws_moveit2/install/moveit_chomp_optimizer_adapter:/home/vinayak/ws_moveit2/install/chomp_motion_planner:/home/vinayak/ws_moveit2/install/moveit_core:/home/vinayak/ws_moveit2/install/srdfdom:/home/vinayak/ws_moveit2/install/rviz_marker_tools:/home/vinayak/ws_moveit2/install/rosparam_shortcuts:/home/vinayak/ws_moveit2/install/moveit_task_constructor_msgs:/home/vinayak/ws_moveit2/install/moveit_resources_prbt_support:/home/vinayak/ws_moveit2/install/moveit_resources:/home/vinayak/ws_moveit2/install/moveit_common:/home/vinayak/ws_moveit2/install/ur3e_rl:/home/vinayak/ws_moveit2/install/ur3e_motion_package:/home/vinayak/ws_moveit2/install/moveit_configs_utils:/home/vinayak/ws_moveit2/install/launch_param_builder:/opt/ros/humble /usr/bin/cmake --install /home/vinayak/ws_moveit2/build/moveit_resources
[8.198s] INFO:colcon.colcon_core.shell:Creating environment hook '/home/vinayak/ws_moveit2/install/moveit_resources/share/moveit_resources/hook/cmake_prefix_path.sh'
[8.199s] Level 1:colcon.colcon_core.environment:checking '/home/vinayak/ws_moveit2/install/moveit_resources/bin'
[8.199s] Level 1:colcon.colcon_core.environment:checking '/home/vinayak/ws_moveit2/install/moveit_resources/lib/pkgconfig/moveit_resources.pc'
[8.200s] Level 1:colcon.colcon_core.environment:checking '/home/vinayak/ws_moveit2/install/moveit_resources/lib/python3.10/site-packages'
[8.200s] Level 1:colcon.colcon_core.environment:checking '/home/vinayak/ws_moveit2/install/moveit_resources/bin'
[8.200s] INFO:colcon.colcon_core.shell:Creating package script '/home/vinayak/ws_moveit2/install/moveit_resources/share/moveit_resources/package.ps1'
[8.202s] INFO:colcon.colcon_core.shell:Creating package descriptor '/home/vinayak/ws_moveit2/install/moveit_resources/share/moveit_resources/package.dsv'
[8.208s] INFO:colcon.colcon_core.shell:Creating package script '/home/vinayak/ws_moveit2/install/moveit_resources/share/moveit_resources/package.sh'
[8.208s] INFO:colcon.colcon_core.shell:Creating package script '/home/vinayak/ws_moveit2/install/moveit_resources/share/moveit_resources/package.bash'
[8.209s] INFO:colcon.colcon_core.shell:Creating package script '/home/vinayak/ws_moveit2/install/moveit_resources/share/moveit_resources/package.zsh'
[8.209s] Level 1:colcon.colcon_core.environment:create_file_with_runtime_dependencies(/home/vinayak/ws_moveit2/install/moveit_resources/share/colcon-core/packages/moveit_resources)
[8.210s] Level 1:colcon.colcon_core.environment:create_environment_scripts_only(moveit_resources)
[8.210s] Level 1:colcon.colcon_core.environment:checking '/home/vinayak/ws_moveit2/install/moveit_resources' for CMake module files
[8.211s] Level 1:colcon.colcon_core.environment:checking '/home/vinayak/ws_moveit2/install/moveit_resources' for CMake config files
[8.212s] Level 1:colcon.colcon_core.shell:create_environment_hook('moveit_resources', 'cmake_prefix_path')
[8.212s] INFO:colcon.colcon_core.shell:Creating environment hook '/home/vinayak/ws_moveit2/install/moveit_resources/share/moveit_resources/hook/cmake_prefix_path.ps1'
[8.217s] INFO:colcon.colcon_core.shell:Creating environment descriptor '/home/vinayak/ws_moveit2/install/moveit_resources/share/moveit_resources/hook/cmake_prefix_path.dsv'
[8.217s] INFO:colcon.colcon_core.shell:Creating environment hook '/home/vinayak/ws_moveit2/install/moveit_resources/share/moveit_resources/hook/cmake_prefix_path.sh'
[8.218s] Level 1:colcon.colcon_core.environment:checking '/home/vinayak/ws_moveit2/install/moveit_resources/bin'
[8.218s] Level 1:colcon.colcon_core.environment:checking '/home/vinayak/ws_moveit2/install/moveit_resources/lib/pkgconfig/moveit_resources.pc'
[8.218s] Level 1:colcon.colcon_core.environment:checking '/home/vinayak/ws_moveit2/install/moveit_resources/lib/python3.10/site-packages'
[8.219s] Level 1:colcon.colcon_core.environment:checking '/home/vinayak/ws_moveit2/install/moveit_resources/bin'
[8.223s] INFO:colcon.colcon_core.shell:Creating package script '/home/vinayak/ws_moveit2/install/moveit_resources/share/moveit_resources/package.ps1'
[8.224s] INFO:colcon.colcon_core.shell:Creating package descriptor '/home/vinayak/ws_moveit2/install/moveit_resources/share/moveit_resources/package.dsv'
[8.224s] INFO:colcon.colcon_core.shell:Creating package script '/home/vinayak/ws_moveit2/install/moveit_resources/share/moveit_resources/package.sh'
[8.225s] INFO:colcon.colcon_core.shell:Creating package script '/home/vinayak/ws_moveit2/install/moveit_resources/share/moveit_resources/package.bash'
[8.226s] INFO:colcon.colcon_core.shell:Creating package script '/home/vinayak/ws_moveit2/install/moveit_resources/share/moveit_resources/package.zsh'
[8.226s] Level 1:colcon.colcon_core.environment:create_file_with_runtime_dependencies(/home/vinayak/ws_moveit2/install/moveit_resources/share/colcon-core/packages/moveit_resources)
[28.091s] DEBUG:colcon.colcon_core.event_handler.log_command:Invoked command in '/home/vinayak/ws_moveit2/build/rviz_marker_tools' returned '0': CMAKE_PREFIX_PATH=/home/vinayak/ws_moveit2/install/moveit_common:/home/vinayak/ws_moveit2/install/ur:/home/vinayak/ws_moveit2/install/ur_calibration:/home/vinayak/ws_moveit2/install/ur_robot_driver:/home/vinayak/ws_moveit2/install/ur_moveit_config:/home/vinayak/ws_moveit2/install/ur_bringup:/home/vinayak/ws_moveit2/install/ur_controllers:/home/vinayak/ws_moveit2/install/ur_dashboard_msgs:/home/vinayak/ws_moveit2/install/new_configuration:/home/vinayak/ws_moveit2/install/ur3e:/home/vinayak/ws_moveit2/install/pilz_industrial_motion_planner_testutils:/home/vinayak/ws_moveit2/install/moveit_runtime:/home/vinayak/ws_moveit2/install/moveit2_tutorials:/home/vinayak/ws_moveit2/install/moveit:/home/vinayak/ws_moveit2/install/moveit_planners:/home/vinayak/ws_moveit2/install/pilz_industrial_motion_planner:/home/vinayak/ws_moveit2/install/moveit_visual_tools:/home/vinayak/ws_moveit2/install/moveit_task_constructor_visualization:/home/vinayak/ws_moveit2/install/moveit_task_constructor_demo:/home/vinayak/ws_moveit2/install/moveit_task_constructor_capabilities:/home/vinayak/ws_moveit2/install/moveit_task_constructor_core:/home/vinayak/ws_moveit2/install/moveit_ros_control_interface:/home/vinayak/ws_moveit2/install/moveit_plugins:/home/vinayak/ws_moveit2/install/moveit_simple_controller_manager:/home/vinayak/ws_moveit2/install/moveit_setup_assistant:/home/vinayak/ws_moveit2/install/moveit_setup_srdf_plugins:/home/vinayak/ws_moveit2/install/moveit_setup_core_plugins:/home/vinayak/ws_moveit2/install/moveit_setup_controllers:/home/vinayak/ws_moveit2/install/moveit_setup_app_plugins:/home/vinayak/ws_moveit2/install/moveit_setup_framework:/home/vinayak/ws_moveit2/install/moveit_servo:/home/vinayak/ws_moveit2/install/moveit_ros:/home/vinayak/ws_moveit2/install/moveit_ros_visualization:/home/vinayak/ws_moveit2/install/moveit_hybrid_planning:/home/vinayak/ws_moveit2/install/moveit_ros_planning_interface:/home/vinayak/ws_moveit2/install/moveit_ros_benchmarks:/home/vinayak/ws_moveit2/install/moveit_ros_warehouse:/home/vinayak/ws_moveit2/install/moveit_ros_robot_interaction:/home/vinayak/ws_moveit2/install/moveit_ros_perception:/home/vinayak/ws_moveit2/install/moveit_resources_prbt_pg70_support:/home/vinayak/ws_moveit2/install/moveit_resources_prbt_moveit_config:/home/vinayak/ws_moveit2/install/moveit_ros_move_group:/home/vinayak/ws_moveit2/install/moveit_planners_ompl:/home/vinayak/ws_moveit2/install/moveit_ros_planning:/home/vinayak/ws_moveit2/install/moveit_ros_occupancy_map_monitor:/home/vinayak/ws_moveit2/install/moveit_resources_prbt_ikfast_manipulator_plugin:/home/vinayak/ws_moveit2/install/moveit_planners_chomp:/home/vinayak/ws_moveit2/install/moveit_kinematics:/home/vinayak/ws_moveit2/install/moveit_chomp_optimizer_adapter:/home/vinayak/ws_moveit2/install/chomp_motion_planner:/home/vinayak/ws_moveit2/install/moveit_core:/home/vinayak/ws_moveit2/install/srdfdom:/home/vinayak/ws_moveit2/install/rviz_marker_tools:/home/vinayak/ws_moveit2/install/rosparam_shortcuts:/home/vinayak/ws_moveit2/install/moveit_task_constructor_msgs:/home/vinayak/ws_moveit2/install/moveit_resources_prbt_support:/home/vinayak/ws_moveit2/install/moveit_resources:/home/vinayak/ws_moveit2/install/moveit_resources_pr2_description:/home/vinayak/ws_moveit2/install/moveit_resources_panda_moveit_config:/home/vinayak/ws_moveit2/install/moveit_resources_panda_description:/home/vinayak/ws_moveit2/install/moveit_resources_fanuc_moveit_config:/home/vinayak/ws_moveit2/install/moveit_resources_fanuc_description:/home/vinayak/ws_moveit2/install/ur3e_rl:/home/vinayak/ws_moveit2/install/ur3e_motion_package:/home/vinayak/ws_moveit2/install/moveit_configs_utils:/home/vinayak/ws_moveit2/install/launch_param_builder:/opt/ros/humble /usr/bin/cmake --build /home/vinayak/ws_moveit2/build/rviz_marker_tools -- -j8 -l8
[28.093s] DEBUG:colcon.colcon_core.event_handler.log_command:Invoking command in '/home/vinayak/ws_moveit2/build/rviz_marker_tools': CMAKE_PREFIX_PATH=/home/vinayak/ws_moveit2/install/moveit_common:/home/vinayak/ws_moveit2/install/ur:/home/vinayak/ws_moveit2/install/ur_calibration:/home/vinayak/ws_moveit2/install/ur_robot_driver:/home/vinayak/ws_moveit2/install/ur_moveit_config:/home/vinayak/ws_moveit2/install/ur_bringup:/home/vinayak/ws_moveit2/install/ur_controllers:/home/vinayak/ws_moveit2/install/ur_dashboard_msgs:/home/vinayak/ws_moveit2/install/new_configuration:/home/vinayak/ws_moveit2/install/ur3e:/home/vinayak/ws_moveit2/install/pilz_industrial_motion_planner_testutils:/home/vinayak/ws_moveit2/install/moveit_runtime:/home/vinayak/ws_moveit2/install/moveit2_tutorials:/home/vinayak/ws_moveit2/install/moveit:/home/vinayak/ws_moveit2/install/moveit_planners:/home/vinayak/ws_moveit2/install/pilz_industrial_motion_planner:/home/vinayak/ws_moveit2/install/moveit_visual_tools:/home/vinayak/ws_moveit2/install/moveit_task_constructor_visualization:/home/vinayak/ws_moveit2/install/moveit_task_constructor_demo:/home/vinayak/ws_moveit2/install/moveit_task_constructor_capabilities:/home/vinayak/ws_moveit2/install/moveit_task_constructor_core:/home/vinayak/ws_moveit2/install/moveit_ros_control_interface:/home/vinayak/ws_moveit2/install/moveit_plugins:/home/vinayak/ws_moveit2/install/moveit_simple_controller_manager:/home/vinayak/ws_moveit2/install/moveit_setup_assistant:/home/vinayak/ws_moveit2/install/moveit_setup_srdf_plugins:/home/vinayak/ws_moveit2/install/moveit_setup_core_plugins:/home/vinayak/ws_moveit2/install/moveit_setup_controllers:/home/vinayak/ws_moveit2/install/moveit_setup_app_plugins:/home/vinayak/ws_moveit2/install/moveit_setup_framework:/home/vinayak/ws_moveit2/install/moveit_servo:/home/vinayak/ws_moveit2/install/moveit_ros:/home/vinayak/ws_moveit2/install/moveit_ros_visualization:/home/vinayak/ws_moveit2/install/moveit_hybrid_planning:/home/vinayak/ws_moveit2/install/moveit_ros_planning_interface:/home/vinayak/ws_moveit2/install/moveit_ros_benchmarks:/home/vinayak/ws_moveit2/install/moveit_ros_warehouse:/home/vinayak/ws_moveit2/install/moveit_ros_robot_interaction:/home/vinayak/ws_moveit2/install/moveit_ros_perception:/home/vinayak/ws_moveit2/install/moveit_resources_prbt_pg70_support:/home/vinayak/ws_moveit2/install/moveit_resources_prbt_moveit_config:/home/vinayak/ws_moveit2/install/moveit_ros_move_group:/home/vinayak/ws_moveit2/install/moveit_planners_ompl:/home/vinayak/ws_moveit2/install/moveit_ros_planning:/home/vinayak/ws_moveit2/install/moveit_ros_occupancy_map_monitor:/home/vinayak/ws_moveit2/install/moveit_resources_prbt_ikfast_manipulator_plugin:/home/vinayak/ws_moveit2/install/moveit_planners_chomp:/home/vinayak/ws_moveit2/install/moveit_kinematics:/home/vinayak/ws_moveit2/install/moveit_chomp_optimizer_adapter:/home/vinayak/ws_moveit2/install/chomp_motion_planner:/home/vinayak/ws_moveit2/install/moveit_core:/home/vinayak/ws_moveit2/install/srdfdom:/home/vinayak/ws_moveit2/install/rviz_marker_tools:/home/vinayak/ws_moveit2/install/rosparam_shortcuts:/home/vinayak/ws_moveit2/install/moveit_task_constructor_msgs:/home/vinayak/ws_moveit2/install/moveit_resources_prbt_support:/home/vinayak/ws_moveit2/install/moveit_resources:/home/vinayak/ws_moveit2/install/moveit_resources_pr2_description:/home/vinayak/ws_moveit2/install/moveit_resources_panda_moveit_config:/home/vinayak/ws_moveit2/install/moveit_resources_panda_description:/home/vinayak/ws_moveit2/install/moveit_resources_fanuc_moveit_config:/home/vinayak/ws_moveit2/install/moveit_resources_fanuc_description:/home/vinayak/ws_moveit2/install/ur3e_rl:/home/vinayak/ws_moveit2/install/ur3e_motion_package:/home/vinayak/ws_moveit2/install/moveit_configs_utils:/home/vinayak/ws_moveit2/install/launch_param_builder:/opt/ros/humble /usr/bin/cmake --install /home/vinayak/ws_moveit2/build/rviz_marker_tools
[28.138s] Level 1:colcon.colcon_core.environment:create_environment_scripts_only(rviz_marker_tools)
[28.139s] Level 1:colcon.colcon_core.environment:checking '/home/vinayak/ws_moveit2/install/rviz_marker_tools' for CMake module files
[28.140s] Level 1:colcon.colcon_core.environment:checking '/home/vinayak/ws_moveit2/install/rviz_marker_tools' for CMake config files
[28.140s] Level 1:colcon.colcon_core.shell:create_environment_hook('rviz_marker_tools', 'cmake_prefix_path')
[28.141s] INFO:colcon.colcon_core.shell:Creating environment hook '/home/vinayak/ws_moveit2/install/rviz_marker_tools/share/rviz_marker_tools/hook/cmake_prefix_path.ps1'
[28.155s] INFO:colcon.colcon_core.shell:Creating environment descriptor '/home/vinayak/ws_moveit2/install/rviz_marker_tools/share/rviz_marker_tools/hook/cmake_prefix_path.dsv'
[28.155s] INFO:colcon.colcon_core.shell:Creating environment hook '/home/vinayak/ws_moveit2/install/rviz_marker_tools/share/rviz_marker_tools/hook/cmake_prefix_path.sh'
[28.161s] Level 1:colcon.colcon_core.environment:checking '/home/vinayak/ws_moveit2/install/rviz_marker_tools/lib'
[28.162s] Level 1:colcon.colcon_core.shell:create_environment_hook('rviz_marker_tools', 'ld_library_path_lib')
[28.163s] INFO:colcon.colcon_core.shell:Creating environment hook '/home/vinayak/ws_moveit2/install/rviz_marker_tools/share/rviz_marker_tools/hook/ld_library_path_lib.ps1'
[28.164s] INFO:colcon.colcon_core.shell:Creating environment descriptor '/home/vinayak/ws_moveit2/install/rviz_marker_tools/share/rviz_marker_tools/hook/ld_library_path_lib.dsv'
[28.165s] INFO:colcon.colcon_core.shell:Creating environment hook '/home/vinayak/ws_moveit2/install/rviz_marker_tools/share/rviz_marker_tools/hook/ld_library_path_lib.sh'
[28.165s] DEBUG:colcon.colcon_core.event_handler.log_command:Invoked command in '/home/vinayak/ws_moveit2/build/rviz_marker_tools' returned '0': CMAKE_PREFIX_PATH=/home/vinayak/ws_moveit2/install/moveit_common:/home/vinayak/ws_moveit2/install/ur:/home/vinayak/ws_moveit2/install/ur_calibration:/home/vinayak/ws_moveit2/install/ur_robot_driver:/home/vinayak/ws_moveit2/install/ur_moveit_config:/home/vinayak/ws_moveit2/install/ur_bringup:/home/vinayak/ws_moveit2/install/ur_controllers:/home/vinayak/ws_moveit2/install/ur_dashboard_msgs:/home/vinayak/ws_moveit2/install/new_configuration:/home/vinayak/ws_moveit2/install/ur3e:/home/vinayak/ws_moveit2/install/pilz_industrial_motion_planner_testutils:/home/vinayak/ws_moveit2/install/moveit_runtime:/home/vinayak/ws_moveit2/install/moveit2_tutorials:/home/vinayak/ws_moveit2/install/moveit:/home/vinayak/ws_moveit2/install/moveit_planners:/home/vinayak/ws_moveit2/install/pilz_industrial_motion_planner:/home/vinayak/ws_moveit2/install/moveit_visual_tools:/home/vinayak/ws_moveit2/install/moveit_task_constructor_visualization:/home/vinayak/ws_moveit2/install/moveit_task_constructor_demo:/home/vinayak/ws_moveit2/install/moveit_task_constructor_capabilities:/home/vinayak/ws_moveit2/install/moveit_task_constructor_core:/home/vinayak/ws_moveit2/install/moveit_ros_control_interface:/home/vinayak/ws_moveit2/install/moveit_plugins:/home/vinayak/ws_moveit2/install/moveit_simple_controller_manager:/home/vinayak/ws_moveit2/install/moveit_setup_assistant:/home/vinayak/ws_moveit2/install/moveit_setup_srdf_plugins:/home/vinayak/ws_moveit2/install/moveit_setup_core_plugins:/home/vinayak/ws_moveit2/install/moveit_setup_controllers:/home/vinayak/ws_moveit2/install/moveit_setup_app_plugins:/home/vinayak/ws_moveit2/install/moveit_setup_framework:/home/vinayak/ws_moveit2/install/moveit_servo:/home/vinayak/ws_moveit2/install/moveit_ros:/home/vinayak/ws_moveit2/install/moveit_ros_visualization:/home/vinayak/ws_moveit2/install/moveit_hybrid_planning:/home/vinayak/ws_moveit2/install/moveit_ros_planning_interface:/home/vinayak/ws_moveit2/install/moveit_ros_benchmarks:/home/vinayak/ws_moveit2/install/moveit_ros_warehouse:/home/vinayak/ws_moveit2/install/moveit_ros_robot_interaction:/home/vinayak/ws_moveit2/install/moveit_ros_perception:/home/vinayak/ws_moveit2/install/moveit_resources_prbt_pg70_support:/home/vinayak/ws_moveit2/install/moveit_resources_prbt_moveit_config:/home/vinayak/ws_moveit2/install/moveit_ros_move_group:/home/vinayak/ws_moveit2/install/moveit_planners_ompl:/home/vinayak/ws_moveit2/install/moveit_ros_planning:/home/vinayak/ws_moveit2/install/moveit_ros_occupancy_map_monitor:/home/vinayak/ws_moveit2/install/moveit_resources_prbt_ikfast_manipulator_plugin:/home/vinayak/ws_moveit2/install/moveit_planners_chomp:/home/vinayak/ws_moveit2/install/moveit_kinematics:/home/vinayak/ws_moveit2/install/moveit_chomp_optimizer_adapter:/home/vinayak/ws_moveit2/install/chomp_motion_planner:/home/vinayak/ws_moveit2/install/moveit_core:/home/vinayak/ws_moveit2/install/srdfdom:/home/vinayak/ws_moveit2/install/rviz_marker_tools:/home/vinayak/ws_moveit2/install/rosparam_shortcuts:/home/vinayak/ws_moveit2/install/moveit_task_constructor_msgs:/home/vinayak/ws_moveit2/install/moveit_resources_prbt_support:/home/vinayak/ws_moveit2/install/moveit_resources:/home/vinayak/ws_moveit2/install/moveit_resources_pr2_description:/home/vinayak/ws_moveit2/install/moveit_resources_panda_moveit_config:/home/vinayak/ws_moveit2/install/moveit_resources_panda_description:/home/vinayak/ws_moveit2/install/moveit_resources_fanuc_moveit_config:/home/vinayak/ws_moveit2/install/moveit_resources_fanuc_description:/home/vinayak/ws_moveit2/install/ur3e_rl:/home/vinayak/ws_moveit2/install/ur3e_motion_package:/home/vinayak/ws_moveit2/install/moveit_configs_utils:/home/vinayak/ws_moveit2/install/launch_param_builder:/opt/ros/humble /usr/bin/cmake --install /home/vinayak/ws_moveit2/build/rviz_marker_tools
[28.169s] Level 1:colcon.colcon_core.environment:checking '/home/vinayak/ws_moveit2/install/rviz_marker_tools/bin'
[28.170s] Level 1:colcon.colcon_core.environment:checking '/home/vinayak/ws_moveit2/install/rviz_marker_tools/lib/pkgconfig/rviz_marker_tools.pc'
[28.170s] Level 1:colcon.colcon_core.environment:checking '/home/vinayak/ws_moveit2/install/rviz_marker_tools/lib/python3.10/site-packages'
[28.170s] Level 1:colcon.colcon_core.environment:checking '/home/vinayak/ws_moveit2/install/rviz_marker_tools/bin'
[28.171s] INFO:colcon.colcon_core.shell:Creating package script '/home/vinayak/ws_moveit2/install/rviz_marker_tools/share/rviz_marker_tools/package.ps1'
[28.172s] INFO:colcon.colcon_core.shell:Creating package descriptor '/home/vinayak/ws_moveit2/install/rviz_marker_tools/share/rviz_marker_tools/package.dsv'
[28.176s] INFO:colcon.colcon_core.shell:Creating package script '/home/vinayak/ws_moveit2/install/rviz_marker_tools/share/rviz_marker_tools/package.sh'
[28.177s] INFO:colcon.colcon_core.shell:Creating package script '/home/vinayak/ws_moveit2/install/rviz_marker_tools/share/rviz_marker_tools/package.bash'
[28.177s] INFO:colcon.colcon_core.shell:Creating package script '/home/vinayak/ws_moveit2/install/rviz_marker_tools/share/rviz_marker_tools/package.zsh'
[28.179s] Level 1:colcon.colcon_core.environment:create_file_with_runtime_dependencies(/home/vinayak/ws_moveit2/install/rviz_marker_tools/share/colcon-core/packages/rviz_marker_tools)
[28.187s] Level 1:colcon.colcon_core.environment:create_environment_scripts_only(rviz_marker_tools)
[28.188s] Level 1:colcon.colcon_core.environment:checking '/home/vinayak/ws_moveit2/install/rviz_marker_tools' for CMake module files
[28.188s] Level 1:colcon.colcon_core.environment:checking '/home/vinayak/ws_moveit2/install/rviz_marker_tools' for CMake config files
[28.188s] Level 1:colcon.colcon_core.shell:create_environment_hook('rviz_marker_tools', 'cmake_prefix_path')
[28.189s] INFO:colcon.colcon_core.shell:Creating environment hook '/home/vinayak/ws_moveit2/install/rviz_marker_tools/share/rviz_marker_tools/hook/cmake_prefix_path.ps1'
[28.191s] INFO:colcon.colcon_core.shell:Creating environment descriptor '/home/vinayak/ws_moveit2/install/rviz_marker_tools/share/rviz_marker_tools/hook/cmake_prefix_path.dsv'
[28.192s] INFO:colcon.colcon_core.shell:Creating environment hook '/home/vinayak/ws_moveit2/install/rviz_marker_tools/share/rviz_marker_tools/hook/cmake_prefix_path.sh'
[28.195s] Level 1:colcon.colcon_core.environment:checking '/home/vinayak/ws_moveit2/install/rviz_marker_tools/lib'
[28.196s] Level 1:colcon.colcon_core.shell:create_environment_hook('rviz_marker_tools', 'ld_library_path_lib')
[28.196s] INFO:colcon.colcon_core.shell:Creating environment hook '/home/vinayak/ws_moveit2/install/rviz_marker_tools/share/rviz_marker_tools/hook/ld_library_path_lib.ps1'
[28.197s] INFO:colcon.colcon_core.shell:Creating environment descriptor '/home/vinayak/ws_moveit2/install/rviz_marker_tools/share/rviz_marker_tools/hook/ld_library_path_lib.dsv'
[28.203s] INFO:colcon.colcon_core.shell:Creating environment hook '/home/vinayak/ws_moveit2/install/rviz_marker_tools/share/rviz_marker_tools/hook/ld_library_path_lib.sh'
[28.204s] Level 1:colcon.colcon_core.environment:checking '/home/vinayak/ws_moveit2/install/rviz_marker_tools/bin'
[28.204s] Level 1:colcon.colcon_core.environment:checking '/home/vinayak/ws_moveit2/install/rviz_marker_tools/lib/pkgconfig/rviz_marker_tools.pc'
[28.204s] Level 1:colcon.colcon_core.environment:checking '/home/vinayak/ws_moveit2/install/rviz_marker_tools/lib/python3.10/site-packages'
[28.204s] Level 1:colcon.colcon_core.environment:checking '/home/vinayak/ws_moveit2/install/rviz_marker_tools/bin'
[28.205s] INFO:colcon.colcon_core.shell:Creating package script '/home/vinayak/ws_moveit2/install/rviz_marker_tools/share/rviz_marker_tools/package.ps1'
[28.206s] INFO:colcon.colcon_core.shell:Creating package descriptor '/home/vinayak/ws_moveit2/install/rviz_marker_tools/share/rviz_marker_tools/package.dsv'
[28.306s] INFO:colcon.colcon_core.shell:Creating package script '/home/vinayak/ws_moveit2/install/rviz_marker_tools/share/rviz_marker_tools/package.sh'
[28.307s] INFO:colcon.colcon_core.shell:Creating package script '/home/vinayak/ws_moveit2/install/rviz_marker_tools/share/rviz_marker_tools/package.bash'
[28.311s] INFO:colcon.colcon_core.shell:Creating package script '/home/vinayak/ws_moveit2/install/rviz_marker_tools/share/rviz_marker_tools/package.zsh'
[28.312s] Level 1:colcon.colcon_core.environment:create_file_with_runtime_dependencies(/home/vinayak/ws_moveit2/install/rviz_marker_tools/share/colcon-core/packages/rviz_marker_tools)
[28.947s] DEBUG:colcon.colcon_core.event_handler.log_command:Invoked command in '/home/vinayak/ws_moveit2/build/srdfdom' returned '0': CMAKE_PREFIX_PATH=${CMAKE_PREFIX_PATH}:/home/vinayak/ws_moveit2/install/ur3e_rl:/home/vinayak/ws_moveit2/install/ur3e_motion_package:/home/vinayak/ws_moveit2/install/moveit_configs_utils:/home/vinayak/ws_moveit2/install/launch_param_builder:/opt/ros/humble /usr/bin/cmake --build /home/vinayak/ws_moveit2/build/srdfdom -- -j8 -l8
[28.954s] DEBUG:colcon.colcon_core.event_handler.log_command:Invoking command in '/home/vinayak/ws_moveit2/build/srdfdom': CMAKE_PREFIX_PATH=${CMAKE_PREFIX_PATH}:/home/vinayak/ws_moveit2/install/ur3e_rl:/home/vinayak/ws_moveit2/install/ur3e_motion_package:/home/vinayak/ws_moveit2/install/moveit_configs_utils:/home/vinayak/ws_moveit2/install/launch_param_builder:/opt/ros/humble /usr/bin/cmake --install /home/vinayak/ws_moveit2/build/srdfdom
[29.156s] Level 1:colcon.colcon_core.environment:create_environment_scripts_only(srdfdom)
[29.156s] Level 1:colcon.colcon_core.environment:checking '/home/vinayak/ws_moveit2/install/srdfdom' for CMake module files
[29.157s] Level 1:colcon.colcon_core.environment:checking '/home/vinayak/ws_moveit2/install/srdfdom' for CMake config files
[29.157s] Level 1:colcon.colcon_core.shell:create_environment_hook('srdfdom', 'cmake_prefix_path')
[29.161s] INFO:colcon.colcon_core.shell:Creating environment hook '/home/vinayak/ws_moveit2/install/srdfdom/share/srdfdom/hook/cmake_prefix_path.ps1'
[29.162s] INFO:colcon.colcon_core.shell:Creating environment descriptor '/home/vinayak/ws_moveit2/install/srdfdom/share/srdfdom/hook/cmake_prefix_path.dsv'
[29.163s] DEBUG:colcon.colcon_core.event_handler.log_command:Invoked command in '/home/vinayak/ws_moveit2/build/srdfdom' returned '0': CMAKE_PREFIX_PATH=${CMAKE_PREFIX_PATH}:/home/vinayak/ws_moveit2/install/ur3e_rl:/home/vinayak/ws_moveit2/install/ur3e_motion_package:/home/vinayak/ws_moveit2/install/moveit_configs_utils:/home/vinayak/ws_moveit2/install/launch_param_builder:/opt/ros/humble /usr/bin/cmake --install /home/vinayak/ws_moveit2/build/srdfdom
[29.164s] INFO:colcon.colcon_core.shell:Creating environment hook '/home/vinayak/ws_moveit2/install/srdfdom/share/srdfdom/hook/cmake_prefix_path.sh'
[29.164s] Level 1:colcon.colcon_core.environment:checking '/home/vinayak/ws_moveit2/install/srdfdom/lib'
[29.165s] Level 1:colcon.colcon_core.shell:create_environment_hook('srdfdom', 'ld_library_path_lib')
[29.165s] INFO:colcon.colcon_core.shell:Creating environment hook '/home/vinayak/ws_moveit2/install/srdfdom/share/srdfdom/hook/ld_library_path_lib.ps1'
[29.166s] INFO:colcon.colcon_core.shell:Creating environment descriptor '/home/vinayak/ws_moveit2/install/srdfdom/share/srdfdom/hook/ld_library_path_lib.dsv'
[29.166s] INFO:colcon.colcon_core.shell:Creating environment hook '/home/vinayak/ws_moveit2/install/srdfdom/share/srdfdom/hook/ld_library_path_lib.sh'
[29.167s] Level 1:colcon.colcon_core.environment:checking '/home/vinayak/ws_moveit2/install/srdfdom/bin'
[29.167s] Level 1:colcon.colcon_core.environment:checking '/home/vinayak/ws_moveit2/install/srdfdom/lib/pkgconfig/srdfdom.pc'
[29.167s] Level 1:colcon.colcon_core.environment:checking '/home/vinayak/ws_moveit2/install/srdfdom/lib/python3.10/site-packages'
[29.175s] Level 1:colcon.colcon_core.environment:checking '/home/vinayak/ws_moveit2/install/srdfdom/bin'
[29.175s] INFO:colcon.colcon_core.shell:Creating package script '/home/vinayak/ws_moveit2/install/srdfdom/share/srdfdom/package.ps1'
[29.176s] INFO:colcon.colcon_core.shell:Creating package descriptor '/home/vinayak/ws_moveit2/install/srdfdom/share/srdfdom/package.dsv'
[29.177s] INFO:colcon.colcon_core.shell:Creating package script '/home/vinayak/ws_moveit2/install/srdfdom/share/srdfdom/package.sh'
[29.177s] INFO:colcon.colcon_core.shell:Creating package script '/home/vinayak/ws_moveit2/install/srdfdom/share/srdfdom/package.bash'
[29.178s] INFO:colcon.colcon_core.shell:Creating package script '/home/vinayak/ws_moveit2/install/srdfdom/share/srdfdom/package.zsh'
[29.179s] Level 1:colcon.colcon_core.environment:create_file_with_runtime_dependencies(/home/vinayak/ws_moveit2/install/srdfdom/share/colcon-core/packages/srdfdom)
[29.180s] Level 1:colcon.colcon_core.environment:create_environment_scripts_only(srdfdom)
[29.180s] Level 1:colcon.colcon_core.environment:checking '/home/vinayak/ws_moveit2/install/srdfdom' for CMake module files
[29.181s] Level 1:colcon.colcon_core.environment:checking '/home/vinayak/ws_moveit2/install/srdfdom' for CMake config files
[29.186s] Level 1:colcon.colcon_core.shell:create_environment_hook('srdfdom', 'cmake_prefix_path')
[29.187s] INFO:colcon.colcon_core.shell:Creating environment hook '/home/vinayak/ws_moveit2/install/srdfdom/share/srdfdom/hook/cmake_prefix_path.ps1'
[29.187s] INFO:colcon.colcon_core.shell:Creating environment descriptor '/home/vinayak/ws_moveit2/install/srdfdom/share/srdfdom/hook/cmake_prefix_path.dsv'
[29.188s] INFO:colcon.colcon_core.shell:Creating environment hook '/home/vinayak/ws_moveit2/install/srdfdom/share/srdfdom/hook/cmake_prefix_path.sh'
[29.189s] Level 1:colcon.colcon_core.environment:checking '/home/vinayak/ws_moveit2/install/srdfdom/lib'
[29.189s] Level 1:colcon.colcon_core.shell:create_environment_hook('srdfdom', 'ld_library_path_lib')
[29.189s] INFO:colcon.colcon_core.shell:Creating environment hook '/home/vinayak/ws_moveit2/install/srdfdom/share/srdfdom/hook/ld_library_path_lib.ps1'
[29.190s] INFO:colcon.colcon_core.shell:Creating environment descriptor '/home/vinayak/ws_moveit2/install/srdfdom/share/srdfdom/hook/ld_library_path_lib.dsv'
[29.191s] INFO:colcon.colcon_core.shell:Creating environment hook '/home/vinayak/ws_moveit2/install/srdfdom/share/srdfdom/hook/ld_library_path_lib.sh'
[29.191s] Level 1:colcon.colcon_core.environment:checking '/home/vinayak/ws_moveit2/install/srdfdom/bin'
[29.192s] Level 1:colcon.colcon_core.environment:checking '/home/vinayak/ws_moveit2/install/srdfdom/lib/pkgconfig/srdfdom.pc'
[29.192s] Level 1:colcon.colcon_core.environment:checking '/home/vinayak/ws_moveit2/install/srdfdom/lib/python3.10/site-packages'
[29.192s] Level 1:colcon.colcon_core.environment:checking '/home/vinayak/ws_moveit2/install/srdfdom/bin'
[29.193s] INFO:colcon.colcon_core.shell:Creating package script '/home/vinayak/ws_moveit2/install/srdfdom/share/srdfdom/package.ps1'
[29.194s] INFO:colcon.colcon_core.shell:Creating package descriptor '/home/vinayak/ws_moveit2/install/srdfdom/share/srdfdom/package.dsv'
[29.195s] INFO:colcon.colcon_core.shell:Creating package script '/home/vinayak/ws_moveit2/install/srdfdom/share/srdfdom/package.sh'
[29.196s] INFO:colcon.colcon_core.shell:Creating package script '/home/vinayak/ws_moveit2/install/srdfdom/share/srdfdom/package.bash'
[29.197s] INFO:colcon.colcon_core.shell:Creating package script '/home/vinayak/ws_moveit2/install/srdfdom/share/srdfdom/package.zsh'
[29.198s] Level 1:colcon.colcon_core.environment:create_file_with_runtime_dependencies(/home/vinayak/ws_moveit2/install/srdfdom/share/colcon-core/packages/srdfdom)
[29.199s] INFO:colcon.colcon_ros.task.ament_cmake.build:Building ROS package in '/home/vinayak/ws_moveit2/src/moveit2/moveit_core' with build type 'ament_cmake'
[29.199s] INFO:colcon.colcon_cmake.task.cmake.build:Building CMake package in '/home/vinayak/ws_moveit2/src/moveit2/moveit_core'
[29.200s] INFO:colcon.colcon_core.shell:Skip shell extension 'powershell' for command environment: Not usable outside of PowerShell
[29.200s] DEBUG:colcon.colcon_core.shell:Skip shell extension 'dsv' for command environment
[29.213s] INFO:colcon.colcon_ros.task.ament_python.build:Building ROS package in '/home/vinayak/ws_moveit2/src/moveit2/moveit_configs_utils' with build type 'ament_python'
[29.214s] Level 1:colcon.colcon_core.shell:create_environment_hook('moveit_configs_utils', 'ament_prefix_path')
[29.214s] INFO:colcon.colcon_core.shell:Creating environment hook '/home/vinayak/ws_moveit2/install/moveit_configs_utils/share/moveit_configs_utils/hook/ament_prefix_path.ps1'
[29.215s] INFO:colcon.colcon_core.shell:Creating environment descriptor '/home/vinayak/ws_moveit2/install/moveit_configs_utils/share/moveit_configs_utils/hook/ament_prefix_path.dsv'
[29.216s] INFO:colcon.colcon_core.shell:Creating environment hook '/home/vinayak/ws_moveit2/install/moveit_configs_utils/share/moveit_configs_utils/hook/ament_prefix_path.sh'
[29.217s] INFO:colcon.colcon_core.shell:Skip shell extension 'powershell' for command environment: Not usable outside of PowerShell
[29.217s] DEBUG:colcon.colcon_core.shell:Skip shell extension 'dsv' for command environment
[29.244s] DEBUG:colcon.colcon_core.event_handler.log_command:Invoking command in '/home/vinayak/ws_moveit2/build/moveit_core': CMAKE_PREFIX_PATH=/home/vinayak/ws_moveit2/install/moveit_resources_panda_moveit_config:/home/vinayak/ws_moveit2/install/srdfdom:/home/vinayak/ws_moveit2/install/moveit_resources_pr2_description:/home/vinayak/ws_moveit2/install/moveit_resources_panda_description:/home/vinayak/ws_moveit2/install/moveit_common:/home/vinayak/ws_moveit2/install/ur:/home/vinayak/ws_moveit2/install/ur_calibration:/home/vinayak/ws_moveit2/install/ur_robot_driver:/home/vinayak/ws_moveit2/install/ur_moveit_config:/home/vinayak/ws_moveit2/install/ur_bringup:/home/vinayak/ws_moveit2/install/ur_controllers:/home/vinayak/ws_moveit2/install/ur_dashboard_msgs:/home/vinayak/ws_moveit2/install/new_configuration:/home/vinayak/ws_moveit2/install/ur3e:/home/vinayak/ws_moveit2/install/pilz_industrial_motion_planner_testutils:/home/vinayak/ws_moveit2/install/moveit_runtime:/home/vinayak/ws_moveit2/install/moveit2_tutorials:/home/vinayak/ws_moveit2/install/moveit:/home/vinayak/ws_moveit2/install/moveit_planners:/home/vinayak/ws_moveit2/install/pilz_industrial_motion_planner:/home/vinayak/ws_moveit2/install/moveit_visual_tools:/home/vinayak/ws_moveit2/install/moveit_task_constructor_visualization:/home/vinayak/ws_moveit2/install/moveit_task_constructor_demo:/home/vinayak/ws_moveit2/install/moveit_task_constructor_capabilities:/home/vinayak/ws_moveit2/install/moveit_task_constructor_core:/home/vinayak/ws_moveit2/install/moveit_ros_control_interface:/home/vinayak/ws_moveit2/install/moveit_plugins:/home/vinayak/ws_moveit2/install/moveit_simple_controller_manager:/home/vinayak/ws_moveit2/install/moveit_setup_assistant:/home/vinayak/ws_moveit2/install/moveit_setup_srdf_plugins:/home/vinayak/ws_moveit2/install/moveit_setup_core_plugins:/home/vinayak/ws_moveit2/install/moveit_setup_controllers:/home/vinayak/ws_moveit2/install/moveit_setup_app_plugins:/home/vinayak/ws_moveit2/install/moveit_setup_framework:/home/vinayak/ws_moveit2/install/moveit_servo:/home/vinayak/ws_moveit2/install/moveit_ros:/home/vinayak/ws_moveit2/install/moveit_ros_visualization:/home/vinayak/ws_moveit2/install/moveit_hybrid_planning:/home/vinayak/ws_moveit2/install/moveit_ros_planning_interface:/home/vinayak/ws_moveit2/install/moveit_ros_benchmarks:/home/vinayak/ws_moveit2/install/moveit_ros_warehouse:/home/vinayak/ws_moveit2/install/moveit_ros_robot_interaction:/home/vinayak/ws_moveit2/install/moveit_ros_perception:/home/vinayak/ws_moveit2/install/moveit_resources_prbt_pg70_support:/home/vinayak/ws_moveit2/install/moveit_resources_prbt_moveit_config:/home/vinayak/ws_moveit2/install/moveit_ros_move_group:/home/vinayak/ws_moveit2/install/moveit_planners_ompl:/home/vinayak/ws_moveit2/install/moveit_ros_planning:/home/vinayak/ws_moveit2/install/moveit_ros_occupancy_map_monitor:/home/vinayak/ws_moveit2/install/moveit_resources_prbt_ikfast_manipulator_plugin:/home/vinayak/ws_moveit2/install/moveit_planners_chomp:/home/vinayak/ws_moveit2/install/moveit_kinematics:/home/vinayak/ws_moveit2/install/moveit_chomp_optimizer_adapter:/home/vinayak/ws_moveit2/install/chomp_motion_planner:/home/vinayak/ws_moveit2/install/moveit_core:/home/vinayak/ws_moveit2/install/rviz_marker_tools:/home/vinayak/ws_moveit2/install/rosparam_shortcuts:/home/vinayak/ws_moveit2/install/moveit_task_constructor_msgs:/home/vinayak/ws_moveit2/install/moveit_resources_prbt_support:/home/vinayak/ws_moveit2/install/moveit_resources:/home/vinayak/ws_moveit2/install/moveit_resources_fanuc_moveit_config:/home/vinayak/ws_moveit2/install/moveit_resources_fanuc_description:/home/vinayak/ws_moveit2/install/ur3e_rl:/home/vinayak/ws_moveit2/install/ur3e_motion_package:/home/vinayak/ws_moveit2/install/moveit_configs_utils:/home/vinayak/ws_moveit2/install/launch_param_builder:/opt/ros/humble LD_LIBRARY_PATH=/home/vinayak/ws_moveit2/install/srdfdom/lib:/home/vinayak/ws_moveit2/install/ur_robot_driver/lib:/home/vinayak/ws_moveit2/install/ur_controllers/lib:/home/vinayak/ws_moveit2/install/ur_dashboard_msgs/lib:/home/vinayak/ws_moveit2/install/pilz_industrial_motion_planner_testutils/lib:/home/vinayak/ws_moveit2/install/pilz_industrial_motion_planner/lib:/home/vinayak/ws_moveit2/install/moveit_visual_tools/lib:/home/vinayak/ws_moveit2/install/moveit_task_constructor_visualization/lib:/home/vinayak/ws_moveit2/install/moveit_task_constructor_demo/lib:/home/vinayak/ws_moveit2/install/moveit_task_constructor_capabilities/lib:/home/vinayak/ws_moveit2/install/moveit_task_constructor_core/lib:/home/vinayak/ws_moveit2/install/moveit_ros_control_interface/lib:/home/vinayak/ws_moveit2/install/moveit_simple_controller_manager/lib:/home/vinayak/ws_moveit2/install/moveit_setup_assistant/lib:/home/vinayak/ws_moveit2/install/moveit_setup_srdf_plugins/lib:/home/vinayak/ws_moveit2/install/moveit_setup_core_plugins/lib:/home/vinayak/ws_moveit2/install/moveit_setup_controllers/lib:/home/vinayak/ws_moveit2/install/moveit_setup_app_plugins/lib:/home/vinayak/ws_moveit2/install/moveit_setup_framework/lib:/home/vinayak/ws_moveit2/install/moveit_servo/lib:/home/vinayak/ws_moveit2/install/moveit_ros_visualization/lib:/home/vinayak/ws_moveit2/install/moveit_hybrid_planning/lib:/home/vinayak/ws_moveit2/install/moveit_ros_planning_interface/lib:/home/vinayak/ws_moveit2/install/moveit_ros_benchmarks/lib:/home/vinayak/ws_moveit2/install/moveit_ros_warehouse/lib:/home/vinayak/ws_moveit2/install/moveit_ros_robot_interaction/lib:/home/vinayak/ws_moveit2/install/moveit_ros_perception/lib:/home/vinayak/ws_moveit2/install/moveit_ros_move_group/lib:/home/vinayak/ws_moveit2/install/moveit_planners_ompl/lib:/home/vinayak/ws_moveit2/install/moveit_ros_planning/lib:/home/vinayak/ws_moveit2/install/moveit_ros_occupancy_map_monitor/lib:/home/vinayak/ws_moveit2/install/moveit_resources_prbt_ikfast_manipulator_plugin/lib:/home/vinayak/ws_moveit2/install/moveit_planners_chomp/lib:/home/vinayak/ws_moveit2/install/moveit_kinematics/lib:/home/vinayak/ws_moveit2/install/moveit_chomp_optimizer_adapter/lib:/home/vinayak/ws_moveit2/install/chomp_motion_planner/lib:/home/vinayak/ws_moveit2/install/moveit_core/lib:/home/vinayak/ws_moveit2/install/rviz_marker_tools/lib:/home/vinayak/ws_moveit2/install/rosparam_shortcuts/lib:/home/vinayak/ws_moveit2/install/moveit_task_constructor_msgs/lib:/usr/lib/x86_64-linux-gnu/gazebo-11/plugins:/opt/ros/humble/opt/rviz_ogre_vendor/lib:/opt/ros/humble/lib/x86_64-linux-gnu:/opt/ros/humble/lib:/usr/local/cuda-12.4/lib64 /usr/bin/cmake /home/vinayak/ws_moveit2/src/moveit2/moveit_core -DCMAKE_INSTALL_PREFIX=/home/vinayak/ws_moveit2/install/moveit_core
[29.981s] INFO:colcon.colcon_core.task.python.build:Building Python package in '/home/vinayak/ws_moveit2/src/moveit2/moveit_configs_utils'
[29.982s] INFO:colcon.colcon_core.shell:Skip shell extension 'powershell' for command environment: Not usable outside of PowerShell
[29.982s] DEBUG:colcon.colcon_core.shell:Skip shell extension 'dsv' for command environment
[30.758s] DEBUG:colcon.colcon_core.event_handler.log_command:Invoking command in '/home/vinayak/ws_moveit2/src/moveit2/moveit_configs_utils': AMENT_PREFIX_PATH=/home/vinayak/ws_moveit2/install/launch_param_builder:/home/vinayak/ws_moveit2/install/ur:/home/vinayak/ws_moveit2/install/ur_calibration:/home/vinayak/ws_moveit2/install/ur_robot_driver:/home/vinayak/ws_moveit2/install/ur_moveit_config:/home/vinayak/ws_moveit2/install/ur_bringup:/home/vinayak/ws_moveit2/install/ur_controllers:/home/vinayak/ws_moveit2/install/ur_dashboard_msgs:/home/vinayak/ws_moveit2/install/ur3e_rl:/home/vinayak/ws_moveit2/install/ur3e_motion_package:/home/vinayak/ws_moveit2/install/new_configuration:/home/vinayak/ws_moveit2/install/ur3e:/home/vinayak/ws_moveit2/install/pilz_industrial_motion_planner_testutils:/home/vinayak/ws_moveit2/install/moveit_runtime:/home/vinayak/ws_moveit2/install/moveit2_tutorials:/home/vinayak/ws_moveit2/install/moveit:/home/vinayak/ws_moveit2/install/moveit_planners:/home/vinayak/ws_moveit2/install/pilz_industrial_motion_planner:/home/vinayak/ws_moveit2/install/moveit_visual_tools:/home/vinayak/ws_moveit2/install/moveit_task_constructor_visualization:/home/vinayak/ws_moveit2/install/moveit_task_constructor_demo:/home/vinayak/ws_moveit2/install/moveit_task_constructor_capabilities:/home/vinayak/ws_moveit2/install/moveit_task_constructor_core:/home/vinayak/ws_moveit2/install/moveit_ros_control_interface:/home/vinayak/ws_moveit2/install/moveit_plugins:/home/vinayak/ws_moveit2/install/moveit_simple_controller_manager:/home/vinayak/ws_moveit2/install/moveit_setup_assistant:/home/vinayak/ws_moveit2/install/moveit_setup_srdf_plugins:/home/vinayak/ws_moveit2/install/moveit_setup_core_plugins:/home/vinayak/ws_moveit2/install/moveit_setup_controllers:/home/vinayak/ws_moveit2/install/moveit_setup_app_plugins:/home/vinayak/ws_moveit2/install/moveit_setup_framework:/home/vinayak/ws_moveit2/install/moveit_servo:/home/vinayak/ws_moveit2/install/moveit_ros:/home/vinayak/ws_moveit2/install/moveit_ros_visualization:/home/vinayak/ws_moveit2/install/moveit_hybrid_planning:/home/vinayak/ws_moveit2/install/moveit_ros_planning_interface:/home/vinayak/ws_moveit2/install/moveit_ros_benchmarks:/home/vinayak/ws_moveit2/install/moveit_ros_warehouse:/home/vinayak/ws_moveit2/install/moveit_ros_robot_interaction:/home/vinayak/ws_moveit2/install/moveit_ros_perception:/home/vinayak/ws_moveit2/install/moveit_resources_prbt_pg70_support:/home/vinayak/ws_moveit2/install/moveit_resources_prbt_moveit_config:/home/vinayak/ws_moveit2/install/moveit_ros_move_group:/home/vinayak/ws_moveit2/install/moveit_planners_ompl:/home/vinayak/ws_moveit2/install/moveit_ros_planning:/home/vinayak/ws_moveit2/install/moveit_ros_occupancy_map_monitor:/home/vinayak/ws_moveit2/install/moveit_resources_prbt_ikfast_manipulator_plugin:/home/vinayak/ws_moveit2/install/moveit_planners_chomp:/home/vinayak/ws_moveit2/install/moveit_kinematics:/home/vinayak/ws_moveit2/install/moveit_chomp_optimizer_adapter:/home/vinayak/ws_moveit2/install/chomp_motion_planner:/home/vinayak/ws_moveit2/install/moveit_core:/home/vinayak/ws_moveit2/install/moveit_configs_utils:/home/vinayak/ws_moveit2/install/srdfdom:/home/vinayak/ws_moveit2/install/rviz_marker_tools:/home/vinayak/ws_moveit2/install/rosparam_shortcuts:/home/vinayak/ws_moveit2/install/moveit_task_constructor_msgs:/home/vinayak/ws_moveit2/install/moveit_resources_prbt_support:/home/vinayak/ws_moveit2/install/moveit_resources:/home/vinayak/ws_moveit2/install/moveit_resources_pr2_description:/home/vinayak/ws_moveit2/install/moveit_resources_panda_moveit_config:/home/vinayak/ws_moveit2/install/moveit_resources_panda_description:/home/vinayak/ws_moveit2/install/moveit_resources_fanuc_moveit_config:/home/vinayak/ws_moveit2/install/moveit_resources_fanuc_description:/home/vinayak/ws_moveit2/install/moveit_common:/opt/ros/humble CMAKE_PREFIX_PATH=/home/vinayak/ws_moveit2/install/srdfdom:/home/vinayak/ws_moveit2/install/ur:/home/vinayak/ws_moveit2/install/ur_calibration:/home/vinayak/ws_moveit2/install/ur_robot_driver:/home/vinayak/ws_moveit2/install/ur_moveit_config:/home/vinayak/ws_moveit2/install/ur_bringup:/home/vinayak/ws_moveit2/install/ur_controllers:/home/vinayak/ws_moveit2/install/ur_dashboard_msgs:/home/vinayak/ws_moveit2/install/new_configuration:/home/vinayak/ws_moveit2/install/ur3e:/home/vinayak/ws_moveit2/install/pilz_industrial_motion_planner_testutils:/home/vinayak/ws_moveit2/install/moveit_runtime:/home/vinayak/ws_moveit2/install/moveit2_tutorials:/home/vinayak/ws_moveit2/install/moveit:/home/vinayak/ws_moveit2/install/moveit_planners:/home/vinayak/ws_moveit2/install/pilz_industrial_motion_planner:/home/vinayak/ws_moveit2/install/moveit_visual_tools:/home/vinayak/ws_moveit2/install/moveit_task_constructor_visualization:/home/vinayak/ws_moveit2/install/moveit_task_constructor_demo:/home/vinayak/ws_moveit2/install/moveit_task_constructor_capabilities:/home/vinayak/ws_moveit2/install/moveit_task_constructor_core:/home/vinayak/ws_moveit2/install/moveit_ros_control_interface:/home/vinayak/ws_moveit2/install/moveit_plugins:/home/vinayak/ws_moveit2/install/moveit_simple_controller_manager:/home/vinayak/ws_moveit2/install/moveit_setup_assistant:/home/vinayak/ws_moveit2/install/moveit_setup_srdf_plugins:/home/vinayak/ws_moveit2/install/moveit_setup_core_plugins:/home/vinayak/ws_moveit2/install/moveit_setup_controllers:/home/vinayak/ws_moveit2/install/moveit_setup_app_plugins:/home/vinayak/ws_moveit2/install/moveit_setup_framework:/home/vinayak/ws_moveit2/install/moveit_servo:/home/vinayak/ws_moveit2/install/moveit_ros:/home/vinayak/ws_moveit2/install/moveit_ros_visualization:/home/vinayak/ws_moveit2/install/moveit_hybrid_planning:/home/vinayak/ws_moveit2/install/moveit_ros_planning_interface:/home/vinayak/ws_moveit2/install/moveit_ros_benchmarks:/home/vinayak/ws_moveit2/install/moveit_ros_warehouse:/home/vinayak/ws_moveit2/install/moveit_ros_robot_interaction:/home/vinayak/ws_moveit2/install/moveit_ros_perception:/home/vinayak/ws_moveit2/install/moveit_resources_prbt_pg70_support:/home/vinayak/ws_moveit2/install/moveit_resources_prbt_moveit_config:/home/vinayak/ws_moveit2/install/moveit_ros_move_group:/home/vinayak/ws_moveit2/install/moveit_planners_ompl:/home/vinayak/ws_moveit2/install/moveit_ros_planning:/home/vinayak/ws_moveit2/install/moveit_ros_occupancy_map_monitor:/home/vinayak/ws_moveit2/install/moveit_resources_prbt_ikfast_manipulator_plugin:/home/vinayak/ws_moveit2/install/moveit_planners_chomp:/home/vinayak/ws_moveit2/install/moveit_kinematics:/home/vinayak/ws_moveit2/install/moveit_chomp_optimizer_adapter:/home/vinayak/ws_moveit2/install/chomp_motion_planner:/home/vinayak/ws_moveit2/install/moveit_core:/home/vinayak/ws_moveit2/install/rviz_marker_tools:/home/vinayak/ws_moveit2/install/rosparam_shortcuts:/home/vinayak/ws_moveit2/install/moveit_task_constructor_msgs:/home/vinayak/ws_moveit2/install/moveit_resources_prbt_support:/home/vinayak/ws_moveit2/install/moveit_resources:/home/vinayak/ws_moveit2/install/moveit_resources_pr2_description:/home/vinayak/ws_moveit2/install/moveit_resources_panda_moveit_config:/home/vinayak/ws_moveit2/install/moveit_resources_panda_description:/home/vinayak/ws_moveit2/install/moveit_resources_fanuc_moveit_config:/home/vinayak/ws_moveit2/install/moveit_resources_fanuc_description:/home/vinayak/ws_moveit2/install/moveit_common LD_LIBRARY_PATH=/home/vinayak/ws_moveit2/install/srdfdom/lib:/home/vinayak/ws_moveit2/install/ur_robot_driver/lib:/home/vinayak/ws_moveit2/install/ur_controllers/lib:/home/vinayak/ws_moveit2/install/ur_dashboard_msgs/lib:/home/vinayak/ws_moveit2/install/pilz_industrial_motion_planner_testutils/lib:/home/vinayak/ws_moveit2/install/pilz_industrial_motion_planner/lib:/home/vinayak/ws_moveit2/install/moveit_visual_tools/lib:/home/vinayak/ws_moveit2/install/moveit_task_constructor_visualization/lib:/home/vinayak/ws_moveit2/install/moveit_task_constructor_demo/lib:/home/vinayak/ws_moveit2/install/moveit_task_constructor_capabilities/lib:/home/vinayak/ws_moveit2/install/moveit_task_constructor_core/lib:/home/vinayak/ws_moveit2/install/moveit_ros_control_interface/lib:/home/vinayak/ws_moveit2/install/moveit_simple_controller_manager/lib:/home/vinayak/ws_moveit2/install/moveit_setup_assistant/lib:/home/vinayak/ws_moveit2/install/moveit_setup_srdf_plugins/lib:/home/vinayak/ws_moveit2/install/moveit_setup_core_plugins/lib:/home/vinayak/ws_moveit2/install/moveit_setup_controllers/lib:/home/vinayak/ws_moveit2/install/moveit_setup_app_plugins/lib:/home/vinayak/ws_moveit2/install/moveit_setup_framework/lib:/home/vinayak/ws_moveit2/install/moveit_servo/lib:/home/vinayak/ws_moveit2/install/moveit_ros_visualization/lib:/home/vinayak/ws_moveit2/install/moveit_hybrid_planning/lib:/home/vinayak/ws_moveit2/install/moveit_ros_planning_interface/lib:/home/vinayak/ws_moveit2/install/moveit_ros_benchmarks/lib:/home/vinayak/ws_moveit2/install/moveit_ros_warehouse/lib:/home/vinayak/ws_moveit2/install/moveit_ros_robot_interaction/lib:/home/vinayak/ws_moveit2/install/moveit_ros_perception/lib:/home/vinayak/ws_moveit2/install/moveit_ros_move_group/lib:/home/vinayak/ws_moveit2/install/moveit_planners_ompl/lib:/home/vinayak/ws_moveit2/install/moveit_ros_planning/lib:/home/vinayak/ws_moveit2/install/moveit_ros_occupancy_map_monitor/lib:/home/vinayak/ws_moveit2/install/moveit_resources_prbt_ikfast_manipulator_plugin/lib:/home/vinayak/ws_moveit2/install/moveit_planners_chomp/lib:/home/vinayak/ws_moveit2/install/moveit_kinematics/lib:/home/vinayak/ws_moveit2/install/moveit_chomp_optimizer_adapter/lib:/home/vinayak/ws_moveit2/install/chomp_motion_planner/lib:/home/vinayak/ws_moveit2/install/moveit_core/lib:/home/vinayak/ws_moveit2/install/rviz_marker_tools/lib:/home/vinayak/ws_moveit2/install/rosparam_shortcuts/lib:/home/vinayak/ws_moveit2/install/moveit_task_constructor_msgs/lib:/usr/lib/x86_64-linux-gnu/gazebo-11/plugins:/opt/ros/humble/opt/rviz_ogre_vendor/lib:/opt/ros/humble/lib/x86_64-linux-gnu:/opt/ros/humble/lib:/usr/local/cuda-12.4/lib64 PYTHONPATH=/home/vinayak/ws_moveit2/build/moveit_configs_utils/prefix_override:/usr/lib/python3/dist-packages/colcon_core/task/python/colcon_distutils_commands:/home/vinayak/ws_moveit2/install/moveit_configs_utils/lib/python3.10/site-packages:/home/vinayak/ws_moveit2/install/launch_param_builder/lib/python3.10/site-packages:/home/vinayak/ws_moveit2/install/ur_robot_driver/local/lib/python3.10/dist-packages:/home/vinayak/ws_moveit2/install/ur_moveit_config/local/lib/python3.10/dist-packages:/home/vinayak/ws_moveit2/install/ur_dashboard_msgs/local/lib/python3.10/dist-packages:/home/vinayak/ws_moveit2/install/ur3e_rl/lib/python3.10/site-packages:/home/vinayak/ws_moveit2/install/ur3e_motion_package/lib/python3.10/site-packages:/home/vinayak/ws_moveit2/install/moveit_task_constructor_core/local/lib/python3.10/dist-packages:/home/vinayak/ws_moveit2/install/moveit_configs_utils/lib/python3.10/site-packages:/home/vinayak/ws_moveit2/install/srdfdom/local/lib/python3.10/dist-packages:/home/vinayak/ws_moveit2/install/moveit_task_constructor_msgs/local/lib/python3.10/dist-packages:/opt/ros/humble/lib/python3.10/site-packages:/opt/ros/humble/local/lib/python3.10/dist-packages /usr/bin/python3 -W ignore:setup.py install is deprecated -W ignore:easy_install command is deprecated setup.py egg_info --egg-base ../../../build/moveit_configs_utils build --build-base /home/vinayak/ws_moveit2/build/moveit_configs_utils/build install --record /home/vinayak/ws_moveit2/build/moveit_configs_utils/install.log --single-version-externally-managed install_data
[31.402s] Level 1:colcon.colcon_core.environment:checking '/home/vinayak/ws_moveit2/install/moveit_configs_utils' for CMake module files
[31.403s] DEBUG:colcon.colcon_core.event_handler.log_command:Invoked command in '/home/vinayak/ws_moveit2/src/moveit2/moveit_configs_utils' returned '0': AMENT_PREFIX_PATH=/home/vinayak/ws_moveit2/install/launch_param_builder:/home/vinayak/ws_moveit2/install/ur:/home/vinayak/ws_moveit2/install/ur_calibration:/home/vinayak/ws_moveit2/install/ur_robot_driver:/home/vinayak/ws_moveit2/install/ur_moveit_config:/home/vinayak/ws_moveit2/install/ur_bringup:/home/vinayak/ws_moveit2/install/ur_controllers:/home/vinayak/ws_moveit2/install/ur_dashboard_msgs:/home/vinayak/ws_moveit2/install/ur3e_rl:/home/vinayak/ws_moveit2/install/ur3e_motion_package:/home/vinayak/ws_moveit2/install/new_configuration:/home/vinayak/ws_moveit2/install/ur3e:/home/vinayak/ws_moveit2/install/pilz_industrial_motion_planner_testutils:/home/vinayak/ws_moveit2/install/moveit_runtime:/home/vinayak/ws_moveit2/install/moveit2_tutorials:/home/vinayak/ws_moveit2/install/moveit:/home/vinayak/ws_moveit2/install/moveit_planners:/home/vinayak/ws_moveit2/install/pilz_industrial_motion_planner:/home/vinayak/ws_moveit2/install/moveit_visual_tools:/home/vinayak/ws_moveit2/install/moveit_task_constructor_visualization:/home/vinayak/ws_moveit2/install/moveit_task_constructor_demo:/home/vinayak/ws_moveit2/install/moveit_task_constructor_capabilities:/home/vinayak/ws_moveit2/install/moveit_task_constructor_core:/home/vinayak/ws_moveit2/install/moveit_ros_control_interface:/home/vinayak/ws_moveit2/install/moveit_plugins:/home/vinayak/ws_moveit2/install/moveit_simple_controller_manager:/home/vinayak/ws_moveit2/install/moveit_setup_assistant:/home/vinayak/ws_moveit2/install/moveit_setup_srdf_plugins:/home/vinayak/ws_moveit2/install/moveit_setup_core_plugins:/home/vinayak/ws_moveit2/install/moveit_setup_controllers:/home/vinayak/ws_moveit2/install/moveit_setup_app_plugins:/home/vinayak/ws_moveit2/install/moveit_setup_framework:/home/vinayak/ws_moveit2/install/moveit_servo:/home/vinayak/ws_moveit2/install/moveit_ros:/home/vinayak/ws_moveit2/install/moveit_ros_visualization:/home/vinayak/ws_moveit2/install/moveit_hybrid_planning:/home/vinayak/ws_moveit2/install/moveit_ros_planning_interface:/home/vinayak/ws_moveit2/install/moveit_ros_benchmarks:/home/vinayak/ws_moveit2/install/moveit_ros_warehouse:/home/vinayak/ws_moveit2/install/moveit_ros_robot_interaction:/home/vinayak/ws_moveit2/install/moveit_ros_perception:/home/vinayak/ws_moveit2/install/moveit_resources_prbt_pg70_support:/home/vinayak/ws_moveit2/install/moveit_resources_prbt_moveit_config:/home/vinayak/ws_moveit2/install/moveit_ros_move_group:/home/vinayak/ws_moveit2/install/moveit_planners_ompl:/home/vinayak/ws_moveit2/install/moveit_ros_planning:/home/vinayak/ws_moveit2/install/moveit_ros_occupancy_map_monitor:/home/vinayak/ws_moveit2/install/moveit_resources_prbt_ikfast_manipulator_plugin:/home/vinayak/ws_moveit2/install/moveit_planners_chomp:/home/vinayak/ws_moveit2/install/moveit_kinematics:/home/vinayak/ws_moveit2/install/moveit_chomp_optimizer_adapter:/home/vinayak/ws_moveit2/install/chomp_motion_planner:/home/vinayak/ws_moveit2/install/moveit_core:/home/vinayak/ws_moveit2/install/moveit_configs_utils:/home/vinayak/ws_moveit2/install/srdfdom:/home/vinayak/ws_moveit2/install/rviz_marker_tools:/home/vinayak/ws_moveit2/install/rosparam_shortcuts:/home/vinayak/ws_moveit2/install/moveit_task_constructor_msgs:/home/vinayak/ws_moveit2/install/moveit_resources_prbt_support:/home/vinayak/ws_moveit2/install/moveit_resources:/home/vinayak/ws_moveit2/install/moveit_resources_pr2_description:/home/vinayak/ws_moveit2/install/moveit_resources_panda_moveit_config:/home/vinayak/ws_moveit2/install/moveit_resources_panda_description:/home/vinayak/ws_moveit2/install/moveit_resources_fanuc_moveit_config:/home/vinayak/ws_moveit2/install/moveit_resources_fanuc_description:/home/vinayak/ws_moveit2/install/moveit_common:/opt/ros/humble CMAKE_PREFIX_PATH=/home/vinayak/ws_moveit2/install/srdfdom:/home/vinayak/ws_moveit2/install/ur:/home/vinayak/ws_moveit2/install/ur_calibration:/home/vinayak/ws_moveit2/install/ur_robot_driver:/home/vinayak/ws_moveit2/install/ur_moveit_config:/home/vinayak/ws_moveit2/install/ur_bringup:/home/vinayak/ws_moveit2/install/ur_controllers:/home/vinayak/ws_moveit2/install/ur_dashboard_msgs:/home/vinayak/ws_moveit2/install/new_configuration:/home/vinayak/ws_moveit2/install/ur3e:/home/vinayak/ws_moveit2/install/pilz_industrial_motion_planner_testutils:/home/vinayak/ws_moveit2/install/moveit_runtime:/home/vinayak/ws_moveit2/install/moveit2_tutorials:/home/vinayak/ws_moveit2/install/moveit:/home/vinayak/ws_moveit2/install/moveit_planners:/home/vinayak/ws_moveit2/install/pilz_industrial_motion_planner:/home/vinayak/ws_moveit2/install/moveit_visual_tools:/home/vinayak/ws_moveit2/install/moveit_task_constructor_visualization:/home/vinayak/ws_moveit2/install/moveit_task_constructor_demo:/home/vinayak/ws_moveit2/install/moveit_task_constructor_capabilities:/home/vinayak/ws_moveit2/install/moveit_task_constructor_core:/home/vinayak/ws_moveit2/install/moveit_ros_control_interface:/home/vinayak/ws_moveit2/install/moveit_plugins:/home/vinayak/ws_moveit2/install/moveit_simple_controller_manager:/home/vinayak/ws_moveit2/install/moveit_setup_assistant:/home/vinayak/ws_moveit2/install/moveit_setup_srdf_plugins:/home/vinayak/ws_moveit2/install/moveit_setup_core_plugins:/home/vinayak/ws_moveit2/install/moveit_setup_controllers:/home/vinayak/ws_moveit2/install/moveit_setup_app_plugins:/home/vinayak/ws_moveit2/install/moveit_setup_framework:/home/vinayak/ws_moveit2/install/moveit_servo:/home/vinayak/ws_moveit2/install/moveit_ros:/home/vinayak/ws_moveit2/install/moveit_ros_visualization:/home/vinayak/ws_moveit2/install/moveit_hybrid_planning:/home/vinayak/ws_moveit2/install/moveit_ros_planning_interface:/home/vinayak/ws_moveit2/install/moveit_ros_benchmarks:/home/vinayak/ws_moveit2/install/moveit_ros_warehouse:/home/vinayak/ws_moveit2/install/moveit_ros_robot_interaction:/home/vinayak/ws_moveit2/install/moveit_ros_perception:/home/vinayak/ws_moveit2/install/moveit_resources_prbt_pg70_support:/home/vinayak/ws_moveit2/install/moveit_resources_prbt_moveit_config:/home/vinayak/ws_moveit2/install/moveit_ros_move_group:/home/vinayak/ws_moveit2/install/moveit_planners_ompl:/home/vinayak/ws_moveit2/install/moveit_ros_planning:/home/vinayak/ws_moveit2/install/moveit_ros_occupancy_map_monitor:/home/vinayak/ws_moveit2/install/moveit_resources_prbt_ikfast_manipulator_plugin:/home/vinayak/ws_moveit2/install/moveit_planners_chomp:/home/vinayak/ws_moveit2/install/moveit_kinematics:/home/vinayak/ws_moveit2/install/moveit_chomp_optimizer_adapter:/home/vinayak/ws_moveit2/install/chomp_motion_planner:/home/vinayak/ws_moveit2/install/moveit_core:/home/vinayak/ws_moveit2/install/rviz_marker_tools:/home/vinayak/ws_moveit2/install/rosparam_shortcuts:/home/vinayak/ws_moveit2/install/moveit_task_constructor_msgs:/home/vinayak/ws_moveit2/install/moveit_resources_prbt_support:/home/vinayak/ws_moveit2/install/moveit_resources:/home/vinayak/ws_moveit2/install/moveit_resources_pr2_description:/home/vinayak/ws_moveit2/install/moveit_resources_panda_moveit_config:/home/vinayak/ws_moveit2/install/moveit_resources_panda_description:/home/vinayak/ws_moveit2/install/moveit_resources_fanuc_moveit_config:/home/vinayak/ws_moveit2/install/moveit_resources_fanuc_description:/home/vinayak/ws_moveit2/install/moveit_common LD_LIBRARY_PATH=/home/vinayak/ws_moveit2/install/srdfdom/lib:/home/vinayak/ws_moveit2/install/ur_robot_driver/lib:/home/vinayak/ws_moveit2/install/ur_controllers/lib:/home/vinayak/ws_moveit2/install/ur_dashboard_msgs/lib:/home/vinayak/ws_moveit2/install/pilz_industrial_motion_planner_testutils/lib:/home/vinayak/ws_moveit2/install/pilz_industrial_motion_planner/lib:/home/vinayak/ws_moveit2/install/moveit_visual_tools/lib:/home/vinayak/ws_moveit2/install/moveit_task_constructor_visualization/lib:/home/vinayak/ws_moveit2/install/moveit_task_constructor_demo/lib:/home/vinayak/ws_moveit2/install/moveit_task_constructor_capabilities/lib:/home/vinayak/ws_moveit2/install/moveit_task_constructor_core/lib:/home/vinayak/ws_moveit2/install/moveit_ros_control_interface/lib:/home/vinayak/ws_moveit2/install/moveit_simple_controller_manager/lib:/home/vinayak/ws_moveit2/install/moveit_setup_assistant/lib:/home/vinayak/ws_moveit2/install/moveit_setup_srdf_plugins/lib:/home/vinayak/ws_moveit2/install/moveit_setup_core_plugins/lib:/home/vinayak/ws_moveit2/install/moveit_setup_controllers/lib:/home/vinayak/ws_moveit2/install/moveit_setup_app_plugins/lib:/home/vinayak/ws_moveit2/install/moveit_setup_framework/lib:/home/vinayak/ws_moveit2/install/moveit_servo/lib:/home/vinayak/ws_moveit2/install/moveit_ros_visualization/lib:/home/vinayak/ws_moveit2/install/moveit_hybrid_planning/lib:/home/vinayak/ws_moveit2/install/moveit_ros_planning_interface/lib:/home/vinayak/ws_moveit2/install/moveit_ros_benchmarks/lib:/home/vinayak/ws_moveit2/install/moveit_ros_warehouse/lib:/home/vinayak/ws_moveit2/install/moveit_ros_robot_interaction/lib:/home/vinayak/ws_moveit2/install/moveit_ros_perception/lib:/home/vinayak/ws_moveit2/install/moveit_ros_move_group/lib:/home/vinayak/ws_moveit2/install/moveit_planners_ompl/lib:/home/vinayak/ws_moveit2/install/moveit_ros_planning/lib:/home/vinayak/ws_moveit2/install/moveit_ros_occupancy_map_monitor/lib:/home/vinayak/ws_moveit2/install/moveit_resources_prbt_ikfast_manipulator_plugin/lib:/home/vinayak/ws_moveit2/install/moveit_planners_chomp/lib:/home/vinayak/ws_moveit2/install/moveit_kinematics/lib:/home/vinayak/ws_moveit2/install/moveit_chomp_optimizer_adapter/lib:/home/vinayak/ws_moveit2/install/chomp_motion_planner/lib:/home/vinayak/ws_moveit2/install/moveit_core/lib:/home/vinayak/ws_moveit2/install/rviz_marker_tools/lib:/home/vinayak/ws_moveit2/install/rosparam_shortcuts/lib:/home/vinayak/ws_moveit2/install/moveit_task_constructor_msgs/lib:/usr/lib/x86_64-linux-gnu/gazebo-11/plugins:/opt/ros/humble/opt/rviz_ogre_vendor/lib:/opt/ros/humble/lib/x86_64-linux-gnu:/opt/ros/humble/lib:/usr/local/cuda-12.4/lib64 PYTHONPATH=/home/vinayak/ws_moveit2/build/moveit_configs_utils/prefix_override:/usr/lib/python3/dist-packages/colcon_core/task/python/colcon_distutils_commands:/home/vinayak/ws_moveit2/install/moveit_configs_utils/lib/python3.10/site-packages:/home/vinayak/ws_moveit2/install/launch_param_builder/lib/python3.10/site-packages:/home/vinayak/ws_moveit2/install/ur_robot_driver/local/lib/python3.10/dist-packages:/home/vinayak/ws_moveit2/install/ur_moveit_config/local/lib/python3.10/dist-packages:/home/vinayak/ws_moveit2/install/ur_dashboard_msgs/local/lib/python3.10/dist-packages:/home/vinayak/ws_moveit2/install/ur3e_rl/lib/python3.10/site-packages:/home/vinayak/ws_moveit2/install/ur3e_motion_package/lib/python3.10/site-packages:/home/vinayak/ws_moveit2/install/moveit_task_constructor_core/local/lib/python3.10/dist-packages:/home/vinayak/ws_moveit2/install/moveit_configs_utils/lib/python3.10/site-packages:/home/vinayak/ws_moveit2/install/srdfdom/local/lib/python3.10/dist-packages:/home/vinayak/ws_moveit2/install/moveit_task_constructor_msgs/local/lib/python3.10/dist-packages:/opt/ros/humble/lib/python3.10/site-packages:/opt/ros/humble/local/lib/python3.10/dist-packages /usr/bin/python3 -W ignore:setup.py install is deprecated -W ignore:easy_install command is deprecated setup.py egg_info --egg-base ../../../build/moveit_configs_utils build --build-base /home/vinayak/ws_moveit2/build/moveit_configs_utils/build install --record /home/vinayak/ws_moveit2/build/moveit_configs_utils/install.log --single-version-externally-managed install_data
[31.403s] Level 1:colcon.colcon_core.environment:checking '/home/vinayak/ws_moveit2/install/moveit_configs_utils' for CMake config files
[31.404s] Level 1:colcon.colcon_core.environment:checking '/home/vinayak/ws_moveit2/install/moveit_configs_utils/lib'
[31.404s] Level 1:colcon.colcon_core.environment:checking '/home/vinayak/ws_moveit2/install/moveit_configs_utils/bin'
[31.404s] Level 1:colcon.colcon_core.environment:checking '/home/vinayak/ws_moveit2/install/moveit_configs_utils/lib/pkgconfig/moveit_configs_utils.pc'
[31.404s] Level 1:colcon.colcon_core.environment:checking '/home/vinayak/ws_moveit2/install/moveit_configs_utils/lib/python3.10/site-packages'
[31.404s] Level 1:colcon.colcon_core.shell:create_environment_hook('moveit_configs_utils', 'pythonpath')
[31.405s] INFO:colcon.colcon_core.shell:Creating environment hook '/home/vinayak/ws_moveit2/install/moveit_configs_utils/share/moveit_configs_utils/hook/pythonpath.ps1'
[31.405s] INFO:colcon.colcon_core.shell:Creating environment descriptor '/home/vinayak/ws_moveit2/install/moveit_configs_utils/share/moveit_configs_utils/hook/pythonpath.dsv'
[31.406s] INFO:colcon.colcon_core.shell:Creating environment hook '/home/vinayak/ws_moveit2/install/moveit_configs_utils/share/moveit_configs_utils/hook/pythonpath.sh'
[31.407s] Level 1:colcon.colcon_core.environment:checking '/home/vinayak/ws_moveit2/install/moveit_configs_utils/bin'
[31.407s] Level 1:colcon.colcon_core.environment:create_environment_scripts_only(moveit_configs_utils)
[31.407s] INFO:colcon.colcon_core.shell:Creating package script '/home/vinayak/ws_moveit2/install/moveit_configs_utils/share/moveit_configs_utils/package.ps1'
[31.408s] INFO:colcon.colcon_core.shell:Creating package descriptor '/home/vinayak/ws_moveit2/install/moveit_configs_utils/share/moveit_configs_utils/package.dsv'
[31.409s] INFO:colcon.colcon_core.shell:Creating package script '/home/vinayak/ws_moveit2/install/moveit_configs_utils/share/moveit_configs_utils/package.sh'
[31.409s] INFO:colcon.colcon_core.shell:Creating package script '/home/vinayak/ws_moveit2/install/moveit_configs_utils/share/moveit_configs_utils/package.bash'
[31.410s] INFO:colcon.colcon_core.shell:Creating package script '/home/vinayak/ws_moveit2/install/moveit_configs_utils/share/moveit_configs_utils/package.zsh'
[31.410s] Level 1:colcon.colcon_core.environment:create_file_with_runtime_dependencies(/home/vinayak/ws_moveit2/install/moveit_configs_utils/share/colcon-core/packages/moveit_configs_utils)
[35.760s] DEBUG:colcon.colcon_core.event_handler.log_command:Invoked command in '/home/vinayak/ws_moveit2/build/moveit_core' returned '0': CMAKE_PREFIX_PATH=/home/vinayak/ws_moveit2/install/moveit_resources_panda_moveit_config:/home/vinayak/ws_moveit2/install/srdfdom:/home/vinayak/ws_moveit2/install/moveit_resources_pr2_description:/home/vinayak/ws_moveit2/install/moveit_resources_panda_description:/home/vinayak/ws_moveit2/install/moveit_common:/home/vinayak/ws_moveit2/install/ur:/home/vinayak/ws_moveit2/install/ur_calibration:/home/vinayak/ws_moveit2/install/ur_robot_driver:/home/vinayak/ws_moveit2/install/ur_moveit_config:/home/vinayak/ws_moveit2/install/ur_bringup:/home/vinayak/ws_moveit2/install/ur_controllers:/home/vinayak/ws_moveit2/install/ur_dashboard_msgs:/home/vinayak/ws_moveit2/install/new_configuration:/home/vinayak/ws_moveit2/install/ur3e:/home/vinayak/ws_moveit2/install/pilz_industrial_motion_planner_testutils:/home/vinayak/ws_moveit2/install/moveit_runtime:/home/vinayak/ws_moveit2/install/moveit2_tutorials:/home/vinayak/ws_moveit2/install/moveit:/home/vinayak/ws_moveit2/install/moveit_planners:/home/vinayak/ws_moveit2/install/pilz_industrial_motion_planner:/home/vinayak/ws_moveit2/install/moveit_visual_tools:/home/vinayak/ws_moveit2/install/moveit_task_constructor_visualization:/home/vinayak/ws_moveit2/install/moveit_task_constructor_demo:/home/vinayak/ws_moveit2/install/moveit_task_constructor_capabilities:/home/vinayak/ws_moveit2/install/moveit_task_constructor_core:/home/vinayak/ws_moveit2/install/moveit_ros_control_interface:/home/vinayak/ws_moveit2/install/moveit_plugins:/home/vinayak/ws_moveit2/install/moveit_simple_controller_manager:/home/vinayak/ws_moveit2/install/moveit_setup_assistant:/home/vinayak/ws_moveit2/install/moveit_setup_srdf_plugins:/home/vinayak/ws_moveit2/install/moveit_setup_core_plugins:/home/vinayak/ws_moveit2/install/moveit_setup_controllers:/home/vinayak/ws_moveit2/install/moveit_setup_app_plugins:/home/vinayak/ws_moveit2/install/moveit_setup_framework:/home/vinayak/ws_moveit2/install/moveit_servo:/home/vinayak/ws_moveit2/install/moveit_ros:/home/vinayak/ws_moveit2/install/moveit_ros_visualization:/home/vinayak/ws_moveit2/install/moveit_hybrid_planning:/home/vinayak/ws_moveit2/install/moveit_ros_planning_interface:/home/vinayak/ws_moveit2/install/moveit_ros_benchmarks:/home/vinayak/ws_moveit2/install/moveit_ros_warehouse:/home/vinayak/ws_moveit2/install/moveit_ros_robot_interaction:/home/vinayak/ws_moveit2/install/moveit_ros_perception:/home/vinayak/ws_moveit2/install/moveit_resources_prbt_pg70_support:/home/vinayak/ws_moveit2/install/moveit_resources_prbt_moveit_config:/home/vinayak/ws_moveit2/install/moveit_ros_move_group:/home/vinayak/ws_moveit2/install/moveit_planners_ompl:/home/vinayak/ws_moveit2/install/moveit_ros_planning:/home/vinayak/ws_moveit2/install/moveit_ros_occupancy_map_monitor:/home/vinayak/ws_moveit2/install/moveit_resources_prbt_ikfast_manipulator_plugin:/home/vinayak/ws_moveit2/install/moveit_planners_chomp:/home/vinayak/ws_moveit2/install/moveit_kinematics:/home/vinayak/ws_moveit2/install/moveit_chomp_optimizer_adapter:/home/vinayak/ws_moveit2/install/chomp_motion_planner:/home/vinayak/ws_moveit2/install/moveit_core:/home/vinayak/ws_moveit2/install/rviz_marker_tools:/home/vinayak/ws_moveit2/install/rosparam_shortcuts:/home/vinayak/ws_moveit2/install/moveit_task_constructor_msgs:/home/vinayak/ws_moveit2/install/moveit_resources_prbt_support:/home/vinayak/ws_moveit2/install/moveit_resources:/home/vinayak/ws_moveit2/install/moveit_resources_fanuc_moveit_config:/home/vinayak/ws_moveit2/install/moveit_resources_fanuc_description:/home/vinayak/ws_moveit2/install/ur3e_rl:/home/vinayak/ws_moveit2/install/ur3e_motion_package:/home/vinayak/ws_moveit2/install/moveit_configs_utils:/home/vinayak/ws_moveit2/install/launch_param_builder:/opt/ros/humble LD_LIBRARY_PATH=/home/vinayak/ws_moveit2/install/srdfdom/lib:/home/vinayak/ws_moveit2/install/ur_robot_driver/lib:/home/vinayak/ws_moveit2/install/ur_controllers/lib:/home/vinayak/ws_moveit2/install/ur_dashboard_msgs/lib:/home/vinayak/ws_moveit2/install/pilz_industrial_motion_planner_testutils/lib:/home/vinayak/ws_moveit2/install/pilz_industrial_motion_planner/lib:/home/vinayak/ws_moveit2/install/moveit_visual_tools/lib:/home/vinayak/ws_moveit2/install/moveit_task_constructor_visualization/lib:/home/vinayak/ws_moveit2/install/moveit_task_constructor_demo/lib:/home/vinayak/ws_moveit2/install/moveit_task_constructor_capabilities/lib:/home/vinayak/ws_moveit2/install/moveit_task_constructor_core/lib:/home/vinayak/ws_moveit2/install/moveit_ros_control_interface/lib:/home/vinayak/ws_moveit2/install/moveit_simple_controller_manager/lib:/home/vinayak/ws_moveit2/install/moveit_setup_assistant/lib:/home/vinayak/ws_moveit2/install/moveit_setup_srdf_plugins/lib:/home/vinayak/ws_moveit2/install/moveit_setup_core_plugins/lib:/home/vinayak/ws_moveit2/install/moveit_setup_controllers/lib:/home/vinayak/ws_moveit2/install/moveit_setup_app_plugins/lib:/home/vinayak/ws_moveit2/install/moveit_setup_framework/lib:/home/vinayak/ws_moveit2/install/moveit_servo/lib:/home/vinayak/ws_moveit2/install/moveit_ros_visualization/lib:/home/vinayak/ws_moveit2/install/moveit_hybrid_planning/lib:/home/vinayak/ws_moveit2/install/moveit_ros_planning_interface/lib:/home/vinayak/ws_moveit2/install/moveit_ros_benchmarks/lib:/home/vinayak/ws_moveit2/install/moveit_ros_warehouse/lib:/home/vinayak/ws_moveit2/install/moveit_ros_robot_interaction/lib:/home/vinayak/ws_moveit2/install/moveit_ros_perception/lib:/home/vinayak/ws_moveit2/install/moveit_ros_move_group/lib:/home/vinayak/ws_moveit2/install/moveit_planners_ompl/lib:/home/vinayak/ws_moveit2/install/moveit_ros_planning/lib:/home/vinayak/ws_moveit2/install/moveit_ros_occupancy_map_monitor/lib:/home/vinayak/ws_moveit2/install/moveit_resources_prbt_ikfast_manipulator_plugin/lib:/home/vinayak/ws_moveit2/install/moveit_planners_chomp/lib:/home/vinayak/ws_moveit2/install/moveit_kinematics/lib:/home/vinayak/ws_moveit2/install/moveit_chomp_optimizer_adapter/lib:/home/vinayak/ws_moveit2/install/chomp_motion_planner/lib:/home/vinayak/ws_moveit2/install/moveit_core/lib:/home/vinayak/ws_moveit2/install/rviz_marker_tools/lib:/home/vinayak/ws_moveit2/install/rosparam_shortcuts/lib:/home/vinayak/ws_moveit2/install/moveit_task_constructor_msgs/lib:/usr/lib/x86_64-linux-gnu/gazebo-11/plugins:/opt/ros/humble/opt/rviz_ogre_vendor/lib:/opt/ros/humble/lib/x86_64-linux-gnu:/opt/ros/humble/lib:/usr/local/cuda-12.4/lib64 /usr/bin/cmake /home/vinayak/ws_moveit2/src/moveit2/moveit_core -DCMAKE_INSTALL_PREFIX=/home/vinayak/ws_moveit2/install/moveit_core
[35.762s] DEBUG:colcon.colcon_core.event_handler.log_command:Invoking command in '/home/vinayak/ws_moveit2/build/moveit_core': CMAKE_PREFIX_PATH=/home/vinayak/ws_moveit2/install/moveit_resources_panda_moveit_config:/home/vinayak/ws_moveit2/install/srdfdom:/home/vinayak/ws_moveit2/install/moveit_resources_pr2_description:/home/vinayak/ws_moveit2/install/moveit_resources_panda_description:/home/vinayak/ws_moveit2/install/moveit_common:/home/vinayak/ws_moveit2/install/ur:/home/vinayak/ws_moveit2/install/ur_calibration:/home/vinayak/ws_moveit2/install/ur_robot_driver:/home/vinayak/ws_moveit2/install/ur_moveit_config:/home/vinayak/ws_moveit2/install/ur_bringup:/home/vinayak/ws_moveit2/install/ur_controllers:/home/vinayak/ws_moveit2/install/ur_dashboard_msgs:/home/vinayak/ws_moveit2/install/new_configuration:/home/vinayak/ws_moveit2/install/ur3e:/home/vinayak/ws_moveit2/install/pilz_industrial_motion_planner_testutils:/home/vinayak/ws_moveit2/install/moveit_runtime:/home/vinayak/ws_moveit2/install/moveit2_tutorials:/home/vinayak/ws_moveit2/install/moveit:/home/vinayak/ws_moveit2/install/moveit_planners:/home/vinayak/ws_moveit2/install/pilz_industrial_motion_planner:/home/vinayak/ws_moveit2/install/moveit_visual_tools:/home/vinayak/ws_moveit2/install/moveit_task_constructor_visualization:/home/vinayak/ws_moveit2/install/moveit_task_constructor_demo:/home/vinayak/ws_moveit2/install/moveit_task_constructor_capabilities:/home/vinayak/ws_moveit2/install/moveit_task_constructor_core:/home/vinayak/ws_moveit2/install/moveit_ros_control_interface:/home/vinayak/ws_moveit2/install/moveit_plugins:/home/vinayak/ws_moveit2/install/moveit_simple_controller_manager:/home/vinayak/ws_moveit2/install/moveit_setup_assistant:/home/vinayak/ws_moveit2/install/moveit_setup_srdf_plugins:/home/vinayak/ws_moveit2/install/moveit_setup_core_plugins:/home/vinayak/ws_moveit2/install/moveit_setup_controllers:/home/vinayak/ws_moveit2/install/moveit_setup_app_plugins:/home/vinayak/ws_moveit2/install/moveit_setup_framework:/home/vinayak/ws_moveit2/install/moveit_servo:/home/vinayak/ws_moveit2/install/moveit_ros:/home/vinayak/ws_moveit2/install/moveit_ros_visualization:/home/vinayak/ws_moveit2/install/moveit_hybrid_planning:/home/vinayak/ws_moveit2/install/moveit_ros_planning_interface:/home/vinayak/ws_moveit2/install/moveit_ros_benchmarks:/home/vinayak/ws_moveit2/install/moveit_ros_warehouse:/home/vinayak/ws_moveit2/install/moveit_ros_robot_interaction:/home/vinayak/ws_moveit2/install/moveit_ros_perception:/home/vinayak/ws_moveit2/install/moveit_resources_prbt_pg70_support:/home/vinayak/ws_moveit2/install/moveit_resources_prbt_moveit_config:/home/vinayak/ws_moveit2/install/moveit_ros_move_group:/home/vinayak/ws_moveit2/install/moveit_planners_ompl:/home/vinayak/ws_moveit2/install/moveit_ros_planning:/home/vinayak/ws_moveit2/install/moveit_ros_occupancy_map_monitor:/home/vinayak/ws_moveit2/install/moveit_resources_prbt_ikfast_manipulator_plugin:/home/vinayak/ws_moveit2/install/moveit_planners_chomp:/home/vinayak/ws_moveit2/install/moveit_kinematics:/home/vinayak/ws_moveit2/install/moveit_chomp_optimizer_adapter:/home/vinayak/ws_moveit2/install/chomp_motion_planner:/home/vinayak/ws_moveit2/install/moveit_core:/home/vinayak/ws_moveit2/install/rviz_marker_tools:/home/vinayak/ws_moveit2/install/rosparam_shortcuts:/home/vinayak/ws_moveit2/install/moveit_task_constructor_msgs:/home/vinayak/ws_moveit2/install/moveit_resources_prbt_support:/home/vinayak/ws_moveit2/install/moveit_resources:/home/vinayak/ws_moveit2/install/moveit_resources_fanuc_moveit_config:/home/vinayak/ws_moveit2/install/moveit_resources_fanuc_description:/home/vinayak/ws_moveit2/install/ur3e_rl:/home/vinayak/ws_moveit2/install/ur3e_motion_package:/home/vinayak/ws_moveit2/install/moveit_configs_utils:/home/vinayak/ws_moveit2/install/launch_param_builder:/opt/ros/humble LD_LIBRARY_PATH=/home/vinayak/ws_moveit2/install/srdfdom/lib:/home/vinayak/ws_moveit2/install/ur_robot_driver/lib:/home/vinayak/ws_moveit2/install/ur_controllers/lib:/home/vinayak/ws_moveit2/install/ur_dashboard_msgs/lib:/home/vinayak/ws_moveit2/install/pilz_industrial_motion_planner_testutils/lib:/home/vinayak/ws_moveit2/install/pilz_industrial_motion_planner/lib:/home/vinayak/ws_moveit2/install/moveit_visual_tools/lib:/home/vinayak/ws_moveit2/install/moveit_task_constructor_visualization/lib:/home/vinayak/ws_moveit2/install/moveit_task_constructor_demo/lib:/home/vinayak/ws_moveit2/install/moveit_task_constructor_capabilities/lib:/home/vinayak/ws_moveit2/install/moveit_task_constructor_core/lib:/home/vinayak/ws_moveit2/install/moveit_ros_control_interface/lib:/home/vinayak/ws_moveit2/install/moveit_simple_controller_manager/lib:/home/vinayak/ws_moveit2/install/moveit_setup_assistant/lib:/home/vinayak/ws_moveit2/install/moveit_setup_srdf_plugins/lib:/home/vinayak/ws_moveit2/install/moveit_setup_core_plugins/lib:/home/vinayak/ws_moveit2/install/moveit_setup_controllers/lib:/home/vinayak/ws_moveit2/install/moveit_setup_app_plugins/lib:/home/vinayak/ws_moveit2/install/moveit_setup_framework/lib:/home/vinayak/ws_moveit2/install/moveit_servo/lib:/home/vinayak/ws_moveit2/install/moveit_ros_visualization/lib:/home/vinayak/ws_moveit2/install/moveit_hybrid_planning/lib:/home/vinayak/ws_moveit2/install/moveit_ros_planning_interface/lib:/home/vinayak/ws_moveit2/install/moveit_ros_benchmarks/lib:/home/vinayak/ws_moveit2/install/moveit_ros_warehouse/lib:/home/vinayak/ws_moveit2/install/moveit_ros_robot_interaction/lib:/home/vinayak/ws_moveit2/install/moveit_ros_perception/lib:/home/vinayak/ws_moveit2/install/moveit_ros_move_group/lib:/home/vinayak/ws_moveit2/install/moveit_planners_ompl/lib:/home/vinayak/ws_moveit2/install/moveit_ros_planning/lib:/home/vinayak/ws_moveit2/install/moveit_ros_occupancy_map_monitor/lib:/home/vinayak/ws_moveit2/install/moveit_resources_prbt_ikfast_manipulator_plugin/lib:/home/vinayak/ws_moveit2/install/moveit_planners_chomp/lib:/home/vinayak/ws_moveit2/install/moveit_kinematics/lib:/home/vinayak/ws_moveit2/install/moveit_chomp_optimizer_adapter/lib:/home/vinayak/ws_moveit2/install/chomp_motion_planner/lib:/home/vinayak/ws_moveit2/install/moveit_core/lib:/home/vinayak/ws_moveit2/install/rviz_marker_tools/lib:/home/vinayak/ws_moveit2/install/rosparam_shortcuts/lib:/home/vinayak/ws_moveit2/install/moveit_task_constructor_msgs/lib:/usr/lib/x86_64-linux-gnu/gazebo-11/plugins:/opt/ros/humble/opt/rviz_ogre_vendor/lib:/opt/ros/humble/lib/x86_64-linux-gnu:/opt/ros/humble/lib:/usr/local/cuda-12.4/lib64 /usr/bin/cmake --build /home/vinayak/ws_moveit2/build/moveit_core -- -j8 -l8
[36.231s] DEBUG:colcon.colcon_core.event_handler.log_command:Invoked command in '/home/vinayak/ws_moveit2/build/moveit_task_constructor_msgs' returned '0': CMAKE_PREFIX_PATH=${CMAKE_PREFIX_PATH}:/home/vinayak/ws_moveit2/install/ur3e_rl:/home/vinayak/ws_moveit2/install/ur3e_motion_package:/home/vinayak/ws_moveit2/install/moveit_configs_utils:/home/vinayak/ws_moveit2/install/launch_param_builder:/opt/ros/humble /usr/bin/cmake --build /home/vinayak/ws_moveit2/build/moveit_task_constructor_msgs -- -j8 -l8
[36.234s] DEBUG:colcon.colcon_core.event_handler.log_command:Invoking command in '/home/vinayak/ws_moveit2/build/moveit_task_constructor_msgs': CMAKE_PREFIX_PATH=${CMAKE_PREFIX_PATH}:/home/vinayak/ws_moveit2/install/ur3e_rl:/home/vinayak/ws_moveit2/install/ur3e_motion_package:/home/vinayak/ws_moveit2/install/moveit_configs_utils:/home/vinayak/ws_moveit2/install/launch_param_builder:/opt/ros/humble /usr/bin/cmake --install /home/vinayak/ws_moveit2/build/moveit_task_constructor_msgs
[36.360s] Level 1:colcon.colcon_core.environment:create_environment_scripts_only(moveit_task_constructor_msgs)
[36.360s] Level 1:colcon.colcon_core.environment:checking '/home/vinayak/ws_moveit2/install/moveit_task_constructor_msgs' for CMake module files
[36.361s] DEBUG:colcon.colcon_core.event_handler.log_command:Invoked command in '/home/vinayak/ws_moveit2/build/moveit_task_constructor_msgs' returned '0': CMAKE_PREFIX_PATH=${CMAKE_PREFIX_PATH}:/home/vinayak/ws_moveit2/install/ur3e_rl:/home/vinayak/ws_moveit2/install/ur3e_motion_package:/home/vinayak/ws_moveit2/install/moveit_configs_utils:/home/vinayak/ws_moveit2/install/launch_param_builder:/opt/ros/humble /usr/bin/cmake --install /home/vinayak/ws_moveit2/build/moveit_task_constructor_msgs
[36.362s] Level 1:colcon.colcon_core.environment:checking '/home/vinayak/ws_moveit2/install/moveit_task_constructor_msgs' for CMake config files
[36.363s] Level 1:colcon.colcon_core.shell:create_environment_hook('moveit_task_constructor_msgs', 'cmake_prefix_path')
[36.364s] INFO:colcon.colcon_core.shell:Creating environment hook '/home/vinayak/ws_moveit2/install/moveit_task_constructor_msgs/share/moveit_task_constructor_msgs/hook/cmake_prefix_path.ps1'
[36.364s] INFO:colcon.colcon_core.shell:Creating environment descriptor '/home/vinayak/ws_moveit2/install/moveit_task_constructor_msgs/share/moveit_task_constructor_msgs/hook/cmake_prefix_path.dsv'
[36.365s] INFO:colcon.colcon_core.shell:Creating environment hook '/home/vinayak/ws_moveit2/install/moveit_task_constructor_msgs/share/moveit_task_constructor_msgs/hook/cmake_prefix_path.sh'
[36.365s] Level 1:colcon.colcon_core.environment:checking '/home/vinayak/ws_moveit2/install/moveit_task_constructor_msgs/lib'
[36.365s] Level 1:colcon.colcon_core.shell:create_environment_hook('moveit_task_constructor_msgs', 'ld_library_path_lib')
[36.366s] INFO:colcon.colcon_core.shell:Creating environment hook '/home/vinayak/ws_moveit2/install/moveit_task_constructor_msgs/share/moveit_task_constructor_msgs/hook/ld_library_path_lib.ps1'
[36.366s] INFO:colcon.colcon_core.shell:Creating environment descriptor '/home/vinayak/ws_moveit2/install/moveit_task_constructor_msgs/share/moveit_task_constructor_msgs/hook/ld_library_path_lib.dsv'
[36.367s] INFO:colcon.colcon_core.shell:Creating environment hook '/home/vinayak/ws_moveit2/install/moveit_task_constructor_msgs/share/moveit_task_constructor_msgs/hook/ld_library_path_lib.sh'
[36.367s] Level 1:colcon.colcon_core.environment:checking '/home/vinayak/ws_moveit2/install/moveit_task_constructor_msgs/bin'
[36.367s] Level 1:colcon.colcon_core.environment:checking '/home/vinayak/ws_moveit2/install/moveit_task_constructor_msgs/lib/pkgconfig/moveit_task_constructor_msgs.pc'
[36.368s] Level 1:colcon.colcon_core.environment:checking '/home/vinayak/ws_moveit2/install/moveit_task_constructor_msgs/lib/python3.10/site-packages'
[36.368s] Level 1:colcon.colcon_core.environment:checking '/home/vinayak/ws_moveit2/install/moveit_task_constructor_msgs/bin'
[36.368s] INFO:colcon.colcon_core.shell:Creating package script '/home/vinayak/ws_moveit2/install/moveit_task_constructor_msgs/share/moveit_task_constructor_msgs/package.ps1'
[36.369s] INFO:colcon.colcon_core.shell:Creating package descriptor '/home/vinayak/ws_moveit2/install/moveit_task_constructor_msgs/share/moveit_task_constructor_msgs/package.dsv'
[36.370s] INFO:colcon.colcon_core.shell:Creating package script '/home/vinayak/ws_moveit2/install/moveit_task_constructor_msgs/share/moveit_task_constructor_msgs/package.sh'
[36.370s] INFO:colcon.colcon_core.shell:Creating package script '/home/vinayak/ws_moveit2/install/moveit_task_constructor_msgs/share/moveit_task_constructor_msgs/package.bash'
[36.371s] INFO:colcon.colcon_core.shell:Creating package script '/home/vinayak/ws_moveit2/install/moveit_task_constructor_msgs/share/moveit_task_constructor_msgs/package.zsh'
[36.371s] Level 1:colcon.colcon_core.environment:create_file_with_runtime_dependencies(/home/vinayak/ws_moveit2/install/moveit_task_constructor_msgs/share/colcon-core/packages/moveit_task_constructor_msgs)
[36.372s] Level 1:colcon.colcon_core.environment:create_environment_scripts_only(moveit_task_constructor_msgs)
[36.372s] Level 1:colcon.colcon_core.environment:checking '/home/vinayak/ws_moveit2/install/moveit_task_constructor_msgs' for CMake module files
[36.374s] Level 1:colcon.colcon_core.environment:checking '/home/vinayak/ws_moveit2/install/moveit_task_constructor_msgs' for CMake config files
[36.374s] Level 1:colcon.colcon_core.shell:create_environment_hook('moveit_task_constructor_msgs', 'cmake_prefix_path')
[36.375s] INFO:colcon.colcon_core.shell:Creating environment hook '/home/vinayak/ws_moveit2/install/moveit_task_constructor_msgs/share/moveit_task_constructor_msgs/hook/cmake_prefix_path.ps1'
[36.375s] INFO:colcon.colcon_core.shell:Creating environment descriptor '/home/vinayak/ws_moveit2/install/moveit_task_constructor_msgs/share/moveit_task_constructor_msgs/hook/cmake_prefix_path.dsv'
[36.375s] INFO:colcon.colcon_core.shell:Creating environment hook '/home/vinayak/ws_moveit2/install/moveit_task_constructor_msgs/share/moveit_task_constructor_msgs/hook/cmake_prefix_path.sh'
[36.376s] Level 1:colcon.colcon_core.environment:checking '/home/vinayak/ws_moveit2/install/moveit_task_constructor_msgs/lib'
[36.376s] Level 1:colcon.colcon_core.shell:create_environment_hook('moveit_task_constructor_msgs', 'ld_library_path_lib')
[36.376s] INFO:colcon.colcon_core.shell:Creating environment hook '/home/vinayak/ws_moveit2/install/moveit_task_constructor_msgs/share/moveit_task_constructor_msgs/hook/ld_library_path_lib.ps1'
[36.377s] INFO:colcon.colcon_core.shell:Creating environment descriptor '/home/vinayak/ws_moveit2/install/moveit_task_constructor_msgs/share/moveit_task_constructor_msgs/hook/ld_library_path_lib.dsv'
[36.377s] INFO:colcon.colcon_core.shell:Creating environment hook '/home/vinayak/ws_moveit2/install/moveit_task_constructor_msgs/share/moveit_task_constructor_msgs/hook/ld_library_path_lib.sh'
[36.377s] Level 1:colcon.colcon_core.environment:checking '/home/vinayak/ws_moveit2/install/moveit_task_constructor_msgs/bin'
[36.377s] Level 1:colcon.colcon_core.environment:checking '/home/vinayak/ws_moveit2/install/moveit_task_constructor_msgs/lib/pkgconfig/moveit_task_constructor_msgs.pc'
[36.377s] Level 1:colcon.colcon_core.environment:checking '/home/vinayak/ws_moveit2/install/moveit_task_constructor_msgs/lib/python3.10/site-packages'
[36.378s] Level 1:colcon.colcon_core.environment:checking '/home/vinayak/ws_moveit2/install/moveit_task_constructor_msgs/bin'
[36.378s] INFO:colcon.colcon_core.shell:Creating package script '/home/vinayak/ws_moveit2/install/moveit_task_constructor_msgs/share/moveit_task_constructor_msgs/package.ps1'
[36.378s] INFO:colcon.colcon_core.shell:Creating package descriptor '/home/vinayak/ws_moveit2/install/moveit_task_constructor_msgs/share/moveit_task_constructor_msgs/package.dsv'
[36.379s] INFO:colcon.colcon_core.shell:Creating package script '/home/vinayak/ws_moveit2/install/moveit_task_constructor_msgs/share/moveit_task_constructor_msgs/package.sh'
[36.379s] INFO:colcon.colcon_core.shell:Creating package script '/home/vinayak/ws_moveit2/install/moveit_task_constructor_msgs/share/moveit_task_constructor_msgs/package.bash'
[36.380s] INFO:colcon.colcon_core.shell:Creating package script '/home/vinayak/ws_moveit2/install/moveit_task_constructor_msgs/share/moveit_task_constructor_msgs/package.zsh'
[36.380s] Level 1:colcon.colcon_core.environment:create_file_with_runtime_dependencies(/home/vinayak/ws_moveit2/install/moveit_task_constructor_msgs/share/colcon-core/packages/moveit_task_constructor_msgs)
[36.696s] DEBUG:colcon.colcon_core.event_handler.log_command:Invoked command in '/home/vinayak/ws_moveit2/build/ur_dashboard_msgs' returned '0': CMAKE_PREFIX_PATH=${CMAKE_PREFIX_PATH}:/home/vinayak/ws_moveit2/install/ur3e_rl:/home/vinayak/ws_moveit2/install/ur3e_motion_package:/home/vinayak/ws_moveit2/install/moveit_configs_utils:/home/vinayak/ws_moveit2/install/launch_param_builder:/opt/ros/humble /usr/bin/cmake --build /home/vinayak/ws_moveit2/build/ur_dashboard_msgs -- -j8 -l8
[36.698s] DEBUG:colcon.colcon_core.event_handler.log_command:Invoking command in '/home/vinayak/ws_moveit2/build/ur_dashboard_msgs': CMAKE_PREFIX_PATH=${CMAKE_PREFIX_PATH}:/home/vinayak/ws_moveit2/install/ur3e_rl:/home/vinayak/ws_moveit2/install/ur3e_motion_package:/home/vinayak/ws_moveit2/install/moveit_configs_utils:/home/vinayak/ws_moveit2/install/launch_param_builder:/opt/ros/humble /usr/bin/cmake --install /home/vinayak/ws_moveit2/build/ur_dashboard_msgs
[36.848s] Level 1:colcon.colcon_core.environment:create_environment_scripts_only(ur_dashboard_msgs)
[36.849s] Level 1:colcon.colcon_core.environment:checking '/home/vinayak/ws_moveit2/install/ur_dashboard_msgs' for CMake module files
[36.850s] DEBUG:colcon.colcon_core.event_handler.log_command:Invoked command in '/home/vinayak/ws_moveit2/build/ur_dashboard_msgs' returned '0': CMAKE_PREFIX_PATH=${CMAKE_PREFIX_PATH}:/home/vinayak/ws_moveit2/install/ur3e_rl:/home/vinayak/ws_moveit2/install/ur3e_motion_package:/home/vinayak/ws_moveit2/install/moveit_configs_utils:/home/vinayak/ws_moveit2/install/launch_param_builder:/opt/ros/humble /usr/bin/cmake --install /home/vinayak/ws_moveit2/build/ur_dashboard_msgs
[36.851s] Level 1:colcon.colcon_core.environment:checking '/home/vinayak/ws_moveit2/install/ur_dashboard_msgs' for CMake config files
[36.852s] Level 1:colcon.colcon_core.shell:create_environment_hook('ur_dashboard_msgs', 'cmake_prefix_path')
[36.852s] INFO:colcon.colcon_core.shell:Creating environment hook '/home/vinayak/ws_moveit2/install/ur_dashboard_msgs/share/ur_dashboard_msgs/hook/cmake_prefix_path.ps1'
[36.852s] INFO:colcon.colcon_core.shell:Creating environment descriptor '/home/vinayak/ws_moveit2/install/ur_dashboard_msgs/share/ur_dashboard_msgs/hook/cmake_prefix_path.dsv'
[36.853s] INFO:colcon.colcon_core.shell:Creating environment hook '/home/vinayak/ws_moveit2/install/ur_dashboard_msgs/share/ur_dashboard_msgs/hook/cmake_prefix_path.sh'
[36.853s] Level 1:colcon.colcon_core.environment:checking '/home/vinayak/ws_moveit2/install/ur_dashboard_msgs/lib'
[36.854s] Level 1:colcon.colcon_core.shell:create_environment_hook('ur_dashboard_msgs', 'ld_library_path_lib')
[36.854s] INFO:colcon.colcon_core.shell:Creating environment hook '/home/vinayak/ws_moveit2/install/ur_dashboard_msgs/share/ur_dashboard_msgs/hook/ld_library_path_lib.ps1'
[36.855s] INFO:colcon.colcon_core.shell:Creating environment descriptor '/home/vinayak/ws_moveit2/install/ur_dashboard_msgs/share/ur_dashboard_msgs/hook/ld_library_path_lib.dsv'
[36.855s] INFO:colcon.colcon_core.shell:Creating environment hook '/home/vinayak/ws_moveit2/install/ur_dashboard_msgs/share/ur_dashboard_msgs/hook/ld_library_path_lib.sh'
[36.856s] Level 1:colcon.colcon_core.environment:checking '/home/vinayak/ws_moveit2/install/ur_dashboard_msgs/bin'
[36.856s] Level 1:colcon.colcon_core.environment:checking '/home/vinayak/ws_moveit2/install/ur_dashboard_msgs/lib/pkgconfig/ur_dashboard_msgs.pc'
[36.857s] Level 1:colcon.colcon_core.environment:checking '/home/vinayak/ws_moveit2/install/ur_dashboard_msgs/lib/python3.10/site-packages'
[36.857s] Level 1:colcon.colcon_core.environment:checking '/home/vinayak/ws_moveit2/install/ur_dashboard_msgs/bin'
[36.858s] INFO:colcon.colcon_core.shell:Creating package script '/home/vinayak/ws_moveit2/install/ur_dashboard_msgs/share/ur_dashboard_msgs/package.ps1'
[36.859s] INFO:colcon.colcon_core.shell:Creating package descriptor '/home/vinayak/ws_moveit2/install/ur_dashboard_msgs/share/ur_dashboard_msgs/package.dsv'
[36.859s] INFO:colcon.colcon_core.shell:Creating package script '/home/vinayak/ws_moveit2/install/ur_dashboard_msgs/share/ur_dashboard_msgs/package.sh'
[36.860s] INFO:colcon.colcon_core.shell:Creating package script '/home/vinayak/ws_moveit2/install/ur_dashboard_msgs/share/ur_dashboard_msgs/package.bash'
[36.860s] INFO:colcon.colcon_core.shell:Creating package script '/home/vinayak/ws_moveit2/install/ur_dashboard_msgs/share/ur_dashboard_msgs/package.zsh'
[36.861s] Level 1:colcon.colcon_core.environment:create_file_with_runtime_dependencies(/home/vinayak/ws_moveit2/install/ur_dashboard_msgs/share/colcon-core/packages/ur_dashboard_msgs)
[36.862s] Level 1:colcon.colcon_core.environment:create_environment_scripts_only(ur_dashboard_msgs)
[36.863s] Level 1:colcon.colcon_core.environment:checking '/home/vinayak/ws_moveit2/install/ur_dashboard_msgs' for CMake module files
[36.864s] Level 1:colcon.colcon_core.environment:checking '/home/vinayak/ws_moveit2/install/ur_dashboard_msgs' for CMake config files
[36.866s] Level 1:colcon.colcon_core.shell:create_environment_hook('ur_dashboard_msgs', 'cmake_prefix_path')
[36.866s] INFO:colcon.colcon_core.shell:Creating environment hook '/home/vinayak/ws_moveit2/install/ur_dashboard_msgs/share/ur_dashboard_msgs/hook/cmake_prefix_path.ps1'
[36.867s] INFO:colcon.colcon_core.shell:Creating environment descriptor '/home/vinayak/ws_moveit2/install/ur_dashboard_msgs/share/ur_dashboard_msgs/hook/cmake_prefix_path.dsv'
[36.868s] INFO:colcon.colcon_core.shell:Creating environment hook '/home/vinayak/ws_moveit2/install/ur_dashboard_msgs/share/ur_dashboard_msgs/hook/cmake_prefix_path.sh'
[36.869s] Level 1:colcon.colcon_core.environment:checking '/home/vinayak/ws_moveit2/install/ur_dashboard_msgs/lib'
[36.869s] Level 1:colcon.colcon_core.shell:create_environment_hook('ur_dashboard_msgs', 'ld_library_path_lib')
[36.870s] INFO:colcon.colcon_core.shell:Creating environment hook '/home/vinayak/ws_moveit2/install/ur_dashboard_msgs/share/ur_dashboard_msgs/hook/ld_library_path_lib.ps1'
[36.871s] INFO:colcon.colcon_core.shell:Creating environment descriptor '/home/vinayak/ws_moveit2/install/ur_dashboard_msgs/share/ur_dashboard_msgs/hook/ld_library_path_lib.dsv'
[36.871s] INFO:colcon.colcon_core.shell:Creating environment hook '/home/vinayak/ws_moveit2/install/ur_dashboard_msgs/share/ur_dashboard_msgs/hook/ld_library_path_lib.sh'
[36.872s] Level 1:colcon.colcon_core.environment:checking '/home/vinayak/ws_moveit2/install/ur_dashboard_msgs/bin'
[36.872s] Level 1:colcon.colcon_core.environment:checking '/home/vinayak/ws_moveit2/install/ur_dashboard_msgs/lib/pkgconfig/ur_dashboard_msgs.pc'
[36.872s] Level 1:colcon.colcon_core.environment:checking '/home/vinayak/ws_moveit2/install/ur_dashboard_msgs/lib/python3.10/site-packages'
[36.873s] Level 1:colcon.colcon_core.environment:checking '/home/vinayak/ws_moveit2/install/ur_dashboard_msgs/bin'
[36.873s] INFO:colcon.colcon_core.shell:Creating package script '/home/vinayak/ws_moveit2/install/ur_dashboard_msgs/share/ur_dashboard_msgs/package.ps1'
[36.874s] INFO:colcon.colcon_core.shell:Creating package descriptor '/home/vinayak/ws_moveit2/install/ur_dashboard_msgs/share/ur_dashboard_msgs/package.dsv'
[36.874s] INFO:colcon.colcon_core.shell:Creating package script '/home/vinayak/ws_moveit2/install/ur_dashboard_msgs/share/ur_dashboard_msgs/package.sh'
[36.875s] INFO:colcon.colcon_core.shell:Creating package script '/home/vinayak/ws_moveit2/install/ur_dashboard_msgs/share/ur_dashboard_msgs/package.bash'
[36.876s] INFO:colcon.colcon_core.shell:Creating package script '/home/vinayak/ws_moveit2/install/ur_dashboard_msgs/share/ur_dashboard_msgs/package.zsh'
[36.876s] Level 1:colcon.colcon_core.environment:create_file_with_runtime_dependencies(/home/vinayak/ws_moveit2/install/ur_dashboard_msgs/share/colcon-core/packages/ur_dashboard_msgs)
[36.877s] INFO:colcon.colcon_ros.task.ament_cmake.build:Building ROS package in '/home/vinayak/ws_moveit2/src/Universal_Robots_ROS2_Driver/ur_controllers' with build type 'ament_cmake'
[36.878s] INFO:colcon.colcon_cmake.task.cmake.build:Building CMake package in '/home/vinayak/ws_moveit2/src/Universal_Robots_ROS2_Driver/ur_controllers'
[36.878s] INFO:colcon.colcon_core.shell:Skip shell extension 'powershell' for command environment: Not usable outside of PowerShell
[36.878s] DEBUG:colcon.colcon_core.shell:Skip shell extension 'dsv' for command environment
[36.899s] DEBUG:colcon.colcon_core.event_handler.log_command:Invoking command in '/home/vinayak/ws_moveit2/build/ur_controllers': CMAKE_PREFIX_PATH=/home/vinayak/ws_moveit2/install/ur_dashboard_msgs:/home/vinayak/ws_moveit2/install/ur:/home/vinayak/ws_moveit2/install/ur_calibration:/home/vinayak/ws_moveit2/install/ur_robot_driver:/home/vinayak/ws_moveit2/install/ur_moveit_config:/home/vinayak/ws_moveit2/install/ur_bringup:/home/vinayak/ws_moveit2/install/ur_controllers:/home/vinayak/ws_moveit2/install/new_configuration:/home/vinayak/ws_moveit2/install/ur3e:/home/vinayak/ws_moveit2/install/pilz_industrial_motion_planner_testutils:/home/vinayak/ws_moveit2/install/moveit_runtime:/home/vinayak/ws_moveit2/install/moveit2_tutorials:/home/vinayak/ws_moveit2/install/moveit:/home/vinayak/ws_moveit2/install/moveit_planners:/home/vinayak/ws_moveit2/install/pilz_industrial_motion_planner:/home/vinayak/ws_moveit2/install/moveit_visual_tools:/home/vinayak/ws_moveit2/install/moveit_task_constructor_visualization:/home/vinayak/ws_moveit2/install/moveit_task_constructor_demo:/home/vinayak/ws_moveit2/install/moveit_task_constructor_capabilities:/home/vinayak/ws_moveit2/install/moveit_task_constructor_core:/home/vinayak/ws_moveit2/install/moveit_ros_control_interface:/home/vinayak/ws_moveit2/install/moveit_plugins:/home/vinayak/ws_moveit2/install/moveit_simple_controller_manager:/home/vinayak/ws_moveit2/install/moveit_setup_assistant:/home/vinayak/ws_moveit2/install/moveit_setup_srdf_plugins:/home/vinayak/ws_moveit2/install/moveit_setup_core_plugins:/home/vinayak/ws_moveit2/install/moveit_setup_controllers:/home/vinayak/ws_moveit2/install/moveit_setup_app_plugins:/home/vinayak/ws_moveit2/install/moveit_setup_framework:/home/vinayak/ws_moveit2/install/moveit_servo:/home/vinayak/ws_moveit2/install/moveit_ros:/home/vinayak/ws_moveit2/install/moveit_ros_visualization:/home/vinayak/ws_moveit2/install/moveit_hybrid_planning:/home/vinayak/ws_moveit2/install/moveit_ros_planning_interface:/home/vinayak/ws_moveit2/install/moveit_ros_benchmarks:/home/vinayak/ws_moveit2/install/moveit_ros_warehouse:/home/vinayak/ws_moveit2/install/moveit_ros_robot_interaction:/home/vinayak/ws_moveit2/install/moveit_ros_perception:/home/vinayak/ws_moveit2/install/moveit_resources_prbt_pg70_support:/home/vinayak/ws_moveit2/install/moveit_resources_prbt_moveit_config:/home/vinayak/ws_moveit2/install/moveit_ros_move_group:/home/vinayak/ws_moveit2/install/moveit_planners_ompl:/home/vinayak/ws_moveit2/install/moveit_ros_planning:/home/vinayak/ws_moveit2/install/moveit_ros_occupancy_map_monitor:/home/vinayak/ws_moveit2/install/moveit_resources_prbt_ikfast_manipulator_plugin:/home/vinayak/ws_moveit2/install/moveit_planners_chomp:/home/vinayak/ws_moveit2/install/moveit_kinematics:/home/vinayak/ws_moveit2/install/moveit_chomp_optimizer_adapter:/home/vinayak/ws_moveit2/install/chomp_motion_planner:/home/vinayak/ws_moveit2/install/moveit_core:/home/vinayak/ws_moveit2/install/srdfdom:/home/vinayak/ws_moveit2/install/rviz_marker_tools:/home/vinayak/ws_moveit2/install/rosparam_shortcuts:/home/vinayak/ws_moveit2/install/moveit_task_constructor_msgs:/home/vinayak/ws_moveit2/install/moveit_resources_prbt_support:/home/vinayak/ws_moveit2/install/moveit_resources:/home/vinayak/ws_moveit2/install/moveit_resources_pr2_description:/home/vinayak/ws_moveit2/install/moveit_resources_panda_moveit_config:/home/vinayak/ws_moveit2/install/moveit_resources_panda_description:/home/vinayak/ws_moveit2/install/moveit_resources_fanuc_moveit_config:/home/vinayak/ws_moveit2/install/moveit_resources_fanuc_description:/home/vinayak/ws_moveit2/install/moveit_common:/home/vinayak/ws_moveit2/install/ur3e_rl:/home/vinayak/ws_moveit2/install/ur3e_motion_package:/home/vinayak/ws_moveit2/install/moveit_configs_utils:/home/vinayak/ws_moveit2/install/launch_param_builder:/opt/ros/humble LD_LIBRARY_PATH=/home/vinayak/ws_moveit2/install/ur_dashboard_msgs/lib:/home/vinayak/ws_moveit2/install/ur_robot_driver/lib:/home/vinayak/ws_moveit2/install/ur_controllers/lib:/home/vinayak/ws_moveit2/install/pilz_industrial_motion_planner_testutils/lib:/home/vinayak/ws_moveit2/install/pilz_industrial_motion_planner/lib:/home/vinayak/ws_moveit2/install/moveit_visual_tools/lib:/home/vinayak/ws_moveit2/install/moveit_task_constructor_visualization/lib:/home/vinayak/ws_moveit2/install/moveit_task_constructor_demo/lib:/home/vinayak/ws_moveit2/install/moveit_task_constructor_capabilities/lib:/home/vinayak/ws_moveit2/install/moveit_task_constructor_core/lib:/home/vinayak/ws_moveit2/install/moveit_ros_control_interface/lib:/home/vinayak/ws_moveit2/install/moveit_simple_controller_manager/lib:/home/vinayak/ws_moveit2/install/moveit_setup_assistant/lib:/home/vinayak/ws_moveit2/install/moveit_setup_srdf_plugins/lib:/home/vinayak/ws_moveit2/install/moveit_setup_core_plugins/lib:/home/vinayak/ws_moveit2/install/moveit_setup_controllers/lib:/home/vinayak/ws_moveit2/install/moveit_setup_app_plugins/lib:/home/vinayak/ws_moveit2/install/moveit_setup_framework/lib:/home/vinayak/ws_moveit2/install/moveit_servo/lib:/home/vinayak/ws_moveit2/install/moveit_ros_visualization/lib:/home/vinayak/ws_moveit2/install/moveit_hybrid_planning/lib:/home/vinayak/ws_moveit2/install/moveit_ros_planning_interface/lib:/home/vinayak/ws_moveit2/install/moveit_ros_benchmarks/lib:/home/vinayak/ws_moveit2/install/moveit_ros_warehouse/lib:/home/vinayak/ws_moveit2/install/moveit_ros_robot_interaction/lib:/home/vinayak/ws_moveit2/install/moveit_ros_perception/lib:/home/vinayak/ws_moveit2/install/moveit_ros_move_group/lib:/home/vinayak/ws_moveit2/install/moveit_planners_ompl/lib:/home/vinayak/ws_moveit2/install/moveit_ros_planning/lib:/home/vinayak/ws_moveit2/install/moveit_ros_occupancy_map_monitor/lib:/home/vinayak/ws_moveit2/install/moveit_resources_prbt_ikfast_manipulator_plugin/lib:/home/vinayak/ws_moveit2/install/moveit_planners_chomp/lib:/home/vinayak/ws_moveit2/install/moveit_kinematics/lib:/home/vinayak/ws_moveit2/install/moveit_chomp_optimizer_adapter/lib:/home/vinayak/ws_moveit2/install/chomp_motion_planner/lib:/home/vinayak/ws_moveit2/install/moveit_core/lib:/home/vinayak/ws_moveit2/install/srdfdom/lib:/home/vinayak/ws_moveit2/install/rviz_marker_tools/lib:/home/vinayak/ws_moveit2/install/rosparam_shortcuts/lib:/home/vinayak/ws_moveit2/install/moveit_task_constructor_msgs/lib:/usr/lib/x86_64-linux-gnu/gazebo-11/plugins:/opt/ros/humble/opt/rviz_ogre_vendor/lib:/opt/ros/humble/lib/x86_64-linux-gnu:/opt/ros/humble/lib:/usr/local/cuda-12.4/lib64 /usr/bin/cmake /home/vinayak/ws_moveit2/src/Universal_Robots_ROS2_Driver/ur_controllers -DCMAKE_INSTALL_PREFIX=/home/vinayak/ws_moveit2/install/ur_controllers
[40.161s] DEBUG:colcon.colcon_core.event_handler.log_command:Invoked command in '/home/vinayak/ws_moveit2/build/ur_controllers' returned '0': CMAKE_PREFIX_PATH=/home/vinayak/ws_moveit2/install/ur_dashboard_msgs:/home/vinayak/ws_moveit2/install/ur:/home/vinayak/ws_moveit2/install/ur_calibration:/home/vinayak/ws_moveit2/install/ur_robot_driver:/home/vinayak/ws_moveit2/install/ur_moveit_config:/home/vinayak/ws_moveit2/install/ur_bringup:/home/vinayak/ws_moveit2/install/ur_controllers:/home/vinayak/ws_moveit2/install/new_configuration:/home/vinayak/ws_moveit2/install/ur3e:/home/vinayak/ws_moveit2/install/pilz_industrial_motion_planner_testutils:/home/vinayak/ws_moveit2/install/moveit_runtime:/home/vinayak/ws_moveit2/install/moveit2_tutorials:/home/vinayak/ws_moveit2/install/moveit:/home/vinayak/ws_moveit2/install/moveit_planners:/home/vinayak/ws_moveit2/install/pilz_industrial_motion_planner:/home/vinayak/ws_moveit2/install/moveit_visual_tools:/home/vinayak/ws_moveit2/install/moveit_task_constructor_visualization:/home/vinayak/ws_moveit2/install/moveit_task_constructor_demo:/home/vinayak/ws_moveit2/install/moveit_task_constructor_capabilities:/home/vinayak/ws_moveit2/install/moveit_task_constructor_core:/home/vinayak/ws_moveit2/install/moveit_ros_control_interface:/home/vinayak/ws_moveit2/install/moveit_plugins:/home/vinayak/ws_moveit2/install/moveit_simple_controller_manager:/home/vinayak/ws_moveit2/install/moveit_setup_assistant:/home/vinayak/ws_moveit2/install/moveit_setup_srdf_plugins:/home/vinayak/ws_moveit2/install/moveit_setup_core_plugins:/home/vinayak/ws_moveit2/install/moveit_setup_controllers:/home/vinayak/ws_moveit2/install/moveit_setup_app_plugins:/home/vinayak/ws_moveit2/install/moveit_setup_framework:/home/vinayak/ws_moveit2/install/moveit_servo:/home/vinayak/ws_moveit2/install/moveit_ros:/home/vinayak/ws_moveit2/install/moveit_ros_visualization:/home/vinayak/ws_moveit2/install/moveit_hybrid_planning:/home/vinayak/ws_moveit2/install/moveit_ros_planning_interface:/home/vinayak/ws_moveit2/install/moveit_ros_benchmarks:/home/vinayak/ws_moveit2/install/moveit_ros_warehouse:/home/vinayak/ws_moveit2/install/moveit_ros_robot_interaction:/home/vinayak/ws_moveit2/install/moveit_ros_perception:/home/vinayak/ws_moveit2/install/moveit_resources_prbt_pg70_support:/home/vinayak/ws_moveit2/install/moveit_resources_prbt_moveit_config:/home/vinayak/ws_moveit2/install/moveit_ros_move_group:/home/vinayak/ws_moveit2/install/moveit_planners_ompl:/home/vinayak/ws_moveit2/install/moveit_ros_planning:/home/vinayak/ws_moveit2/install/moveit_ros_occupancy_map_monitor:/home/vinayak/ws_moveit2/install/moveit_resources_prbt_ikfast_manipulator_plugin:/home/vinayak/ws_moveit2/install/moveit_planners_chomp:/home/vinayak/ws_moveit2/install/moveit_kinematics:/home/vinayak/ws_moveit2/install/moveit_chomp_optimizer_adapter:/home/vinayak/ws_moveit2/install/chomp_motion_planner:/home/vinayak/ws_moveit2/install/moveit_core:/home/vinayak/ws_moveit2/install/srdfdom:/home/vinayak/ws_moveit2/install/rviz_marker_tools:/home/vinayak/ws_moveit2/install/rosparam_shortcuts:/home/vinayak/ws_moveit2/install/moveit_task_constructor_msgs:/home/vinayak/ws_moveit2/install/moveit_resources_prbt_support:/home/vinayak/ws_moveit2/install/moveit_resources:/home/vinayak/ws_moveit2/install/moveit_resources_pr2_description:/home/vinayak/ws_moveit2/install/moveit_resources_panda_moveit_config:/home/vinayak/ws_moveit2/install/moveit_resources_panda_description:/home/vinayak/ws_moveit2/install/moveit_resources_fanuc_moveit_config:/home/vinayak/ws_moveit2/install/moveit_resources_fanuc_description:/home/vinayak/ws_moveit2/install/moveit_common:/home/vinayak/ws_moveit2/install/ur3e_rl:/home/vinayak/ws_moveit2/install/ur3e_motion_package:/home/vinayak/ws_moveit2/install/moveit_configs_utils:/home/vinayak/ws_moveit2/install/launch_param_builder:/opt/ros/humble LD_LIBRARY_PATH=/home/vinayak/ws_moveit2/install/ur_dashboard_msgs/lib:/home/vinayak/ws_moveit2/install/ur_robot_driver/lib:/home/vinayak/ws_moveit2/install/ur_controllers/lib:/home/vinayak/ws_moveit2/install/pilz_industrial_motion_planner_testutils/lib:/home/vinayak/ws_moveit2/install/pilz_industrial_motion_planner/lib:/home/vinayak/ws_moveit2/install/moveit_visual_tools/lib:/home/vinayak/ws_moveit2/install/moveit_task_constructor_visualization/lib:/home/vinayak/ws_moveit2/install/moveit_task_constructor_demo/lib:/home/vinayak/ws_moveit2/install/moveit_task_constructor_capabilities/lib:/home/vinayak/ws_moveit2/install/moveit_task_constructor_core/lib:/home/vinayak/ws_moveit2/install/moveit_ros_control_interface/lib:/home/vinayak/ws_moveit2/install/moveit_simple_controller_manager/lib:/home/vinayak/ws_moveit2/install/moveit_setup_assistant/lib:/home/vinayak/ws_moveit2/install/moveit_setup_srdf_plugins/lib:/home/vinayak/ws_moveit2/install/moveit_setup_core_plugins/lib:/home/vinayak/ws_moveit2/install/moveit_setup_controllers/lib:/home/vinayak/ws_moveit2/install/moveit_setup_app_plugins/lib:/home/vinayak/ws_moveit2/install/moveit_setup_framework/lib:/home/vinayak/ws_moveit2/install/moveit_servo/lib:/home/vinayak/ws_moveit2/install/moveit_ros_visualization/lib:/home/vinayak/ws_moveit2/install/moveit_hybrid_planning/lib:/home/vinayak/ws_moveit2/install/moveit_ros_planning_interface/lib:/home/vinayak/ws_moveit2/install/moveit_ros_benchmarks/lib:/home/vinayak/ws_moveit2/install/moveit_ros_warehouse/lib:/home/vinayak/ws_moveit2/install/moveit_ros_robot_interaction/lib:/home/vinayak/ws_moveit2/install/moveit_ros_perception/lib:/home/vinayak/ws_moveit2/install/moveit_ros_move_group/lib:/home/vinayak/ws_moveit2/install/moveit_planners_ompl/lib:/home/vinayak/ws_moveit2/install/moveit_ros_planning/lib:/home/vinayak/ws_moveit2/install/moveit_ros_occupancy_map_monitor/lib:/home/vinayak/ws_moveit2/install/moveit_resources_prbt_ikfast_manipulator_plugin/lib:/home/vinayak/ws_moveit2/install/moveit_planners_chomp/lib:/home/vinayak/ws_moveit2/install/moveit_kinematics/lib:/home/vinayak/ws_moveit2/install/moveit_chomp_optimizer_adapter/lib:/home/vinayak/ws_moveit2/install/chomp_motion_planner/lib:/home/vinayak/ws_moveit2/install/moveit_core/lib:/home/vinayak/ws_moveit2/install/srdfdom/lib:/home/vinayak/ws_moveit2/install/rviz_marker_tools/lib:/home/vinayak/ws_moveit2/install/rosparam_shortcuts/lib:/home/vinayak/ws_moveit2/install/moveit_task_constructor_msgs/lib:/usr/lib/x86_64-linux-gnu/gazebo-11/plugins:/opt/ros/humble/opt/rviz_ogre_vendor/lib:/opt/ros/humble/lib/x86_64-linux-gnu:/opt/ros/humble/lib:/usr/local/cuda-12.4/lib64 /usr/bin/cmake /home/vinayak/ws_moveit2/src/Universal_Robots_ROS2_Driver/ur_controllers -DCMAKE_INSTALL_PREFIX=/home/vinayak/ws_moveit2/install/ur_controllers
[40.161s] DEBUG:colcon.colcon_core.event_handler.log_command:Invoking command in '/home/vinayak/ws_moveit2/build/ur_controllers': CMAKE_PREFIX_PATH=/home/vinayak/ws_moveit2/install/ur_dashboard_msgs:/home/vinayak/ws_moveit2/install/ur:/home/vinayak/ws_moveit2/install/ur_calibration:/home/vinayak/ws_moveit2/install/ur_robot_driver:/home/vinayak/ws_moveit2/install/ur_moveit_config:/home/vinayak/ws_moveit2/install/ur_bringup:/home/vinayak/ws_moveit2/install/ur_controllers:/home/vinayak/ws_moveit2/install/new_configuration:/home/vinayak/ws_moveit2/install/ur3e:/home/vinayak/ws_moveit2/install/pilz_industrial_motion_planner_testutils:/home/vinayak/ws_moveit2/install/moveit_runtime:/home/vinayak/ws_moveit2/install/moveit2_tutorials:/home/vinayak/ws_moveit2/install/moveit:/home/vinayak/ws_moveit2/install/moveit_planners:/home/vinayak/ws_moveit2/install/pilz_industrial_motion_planner:/home/vinayak/ws_moveit2/install/moveit_visual_tools:/home/vinayak/ws_moveit2/install/moveit_task_constructor_visualization:/home/vinayak/ws_moveit2/install/moveit_task_constructor_demo:/home/vinayak/ws_moveit2/install/moveit_task_constructor_capabilities:/home/vinayak/ws_moveit2/install/moveit_task_constructor_core:/home/vinayak/ws_moveit2/install/moveit_ros_control_interface:/home/vinayak/ws_moveit2/install/moveit_plugins:/home/vinayak/ws_moveit2/install/moveit_simple_controller_manager:/home/vinayak/ws_moveit2/install/moveit_setup_assistant:/home/vinayak/ws_moveit2/install/moveit_setup_srdf_plugins:/home/vinayak/ws_moveit2/install/moveit_setup_core_plugins:/home/vinayak/ws_moveit2/install/moveit_setup_controllers:/home/vinayak/ws_moveit2/install/moveit_setup_app_plugins:/home/vinayak/ws_moveit2/install/moveit_setup_framework:/home/vinayak/ws_moveit2/install/moveit_servo:/home/vinayak/ws_moveit2/install/moveit_ros:/home/vinayak/ws_moveit2/install/moveit_ros_visualization:/home/vinayak/ws_moveit2/install/moveit_hybrid_planning:/home/vinayak/ws_moveit2/install/moveit_ros_planning_interface:/home/vinayak/ws_moveit2/install/moveit_ros_benchmarks:/home/vinayak/ws_moveit2/install/moveit_ros_warehouse:/home/vinayak/ws_moveit2/install/moveit_ros_robot_interaction:/home/vinayak/ws_moveit2/install/moveit_ros_perception:/home/vinayak/ws_moveit2/install/moveit_resources_prbt_pg70_support:/home/vinayak/ws_moveit2/install/moveit_resources_prbt_moveit_config:/home/vinayak/ws_moveit2/install/moveit_ros_move_group:/home/vinayak/ws_moveit2/install/moveit_planners_ompl:/home/vinayak/ws_moveit2/install/moveit_ros_planning:/home/vinayak/ws_moveit2/install/moveit_ros_occupancy_map_monitor:/home/vinayak/ws_moveit2/install/moveit_resources_prbt_ikfast_manipulator_plugin:/home/vinayak/ws_moveit2/install/moveit_planners_chomp:/home/vinayak/ws_moveit2/install/moveit_kinematics:/home/vinayak/ws_moveit2/install/moveit_chomp_optimizer_adapter:/home/vinayak/ws_moveit2/install/chomp_motion_planner:/home/vinayak/ws_moveit2/install/moveit_core:/home/vinayak/ws_moveit2/install/srdfdom:/home/vinayak/ws_moveit2/install/rviz_marker_tools:/home/vinayak/ws_moveit2/install/rosparam_shortcuts:/home/vinayak/ws_moveit2/install/moveit_task_constructor_msgs:/home/vinayak/ws_moveit2/install/moveit_resources_prbt_support:/home/vinayak/ws_moveit2/install/moveit_resources:/home/vinayak/ws_moveit2/install/moveit_resources_pr2_description:/home/vinayak/ws_moveit2/install/moveit_resources_panda_moveit_config:/home/vinayak/ws_moveit2/install/moveit_resources_panda_description:/home/vinayak/ws_moveit2/install/moveit_resources_fanuc_moveit_config:/home/vinayak/ws_moveit2/install/moveit_resources_fanuc_description:/home/vinayak/ws_moveit2/install/moveit_common:/home/vinayak/ws_moveit2/install/ur3e_rl:/home/vinayak/ws_moveit2/install/ur3e_motion_package:/home/vinayak/ws_moveit2/install/moveit_configs_utils:/home/vinayak/ws_moveit2/install/launch_param_builder:/opt/ros/humble LD_LIBRARY_PATH=/home/vinayak/ws_moveit2/install/ur_dashboard_msgs/lib:/home/vinayak/ws_moveit2/install/ur_robot_driver/lib:/home/vinayak/ws_moveit2/install/ur_controllers/lib:/home/vinayak/ws_moveit2/install/pilz_industrial_motion_planner_testutils/lib:/home/vinayak/ws_moveit2/install/pilz_industrial_motion_planner/lib:/home/vinayak/ws_moveit2/install/moveit_visual_tools/lib:/home/vinayak/ws_moveit2/install/moveit_task_constructor_visualization/lib:/home/vinayak/ws_moveit2/install/moveit_task_constructor_demo/lib:/home/vinayak/ws_moveit2/install/moveit_task_constructor_capabilities/lib:/home/vinayak/ws_moveit2/install/moveit_task_constructor_core/lib:/home/vinayak/ws_moveit2/install/moveit_ros_control_interface/lib:/home/vinayak/ws_moveit2/install/moveit_simple_controller_manager/lib:/home/vinayak/ws_moveit2/install/moveit_setup_assistant/lib:/home/vinayak/ws_moveit2/install/moveit_setup_srdf_plugins/lib:/home/vinayak/ws_moveit2/install/moveit_setup_core_plugins/lib:/home/vinayak/ws_moveit2/install/moveit_setup_controllers/lib:/home/vinayak/ws_moveit2/install/moveit_setup_app_plugins/lib:/home/vinayak/ws_moveit2/install/moveit_setup_framework/lib:/home/vinayak/ws_moveit2/install/moveit_servo/lib:/home/vinayak/ws_moveit2/install/moveit_ros_visualization/lib:/home/vinayak/ws_moveit2/install/moveit_hybrid_planning/lib:/home/vinayak/ws_moveit2/install/moveit_ros_planning_interface/lib:/home/vinayak/ws_moveit2/install/moveit_ros_benchmarks/lib:/home/vinayak/ws_moveit2/install/moveit_ros_warehouse/lib:/home/vinayak/ws_moveit2/install/moveit_ros_robot_interaction/lib:/home/vinayak/ws_moveit2/install/moveit_ros_perception/lib:/home/vinayak/ws_moveit2/install/moveit_ros_move_group/lib:/home/vinayak/ws_moveit2/install/moveit_planners_ompl/lib:/home/vinayak/ws_moveit2/install/moveit_ros_planning/lib:/home/vinayak/ws_moveit2/install/moveit_ros_occupancy_map_monitor/lib:/home/vinayak/ws_moveit2/install/moveit_resources_prbt_ikfast_manipulator_plugin/lib:/home/vinayak/ws_moveit2/install/moveit_planners_chomp/lib:/home/vinayak/ws_moveit2/install/moveit_kinematics/lib:/home/vinayak/ws_moveit2/install/moveit_chomp_optimizer_adapter/lib:/home/vinayak/ws_moveit2/install/chomp_motion_planner/lib:/home/vinayak/ws_moveit2/install/moveit_core/lib:/home/vinayak/ws_moveit2/install/srdfdom/lib:/home/vinayak/ws_moveit2/install/rviz_marker_tools/lib:/home/vinayak/ws_moveit2/install/rosparam_shortcuts/lib:/home/vinayak/ws_moveit2/install/moveit_task_constructor_msgs/lib:/usr/lib/x86_64-linux-gnu/gazebo-11/plugins:/opt/ros/humble/opt/rviz_ogre_vendor/lib:/opt/ros/humble/lib/x86_64-linux-gnu:/opt/ros/humble/lib:/usr/local/cuda-12.4/lib64 /usr/bin/cmake --build /home/vinayak/ws_moveit2/build/ur_controllers -- -j8 -l8
[41.039s] DEBUG:colcon.colcon_core.event_handler.log_command:Invoked command in '/home/vinayak/ws_moveit2/build/rosparam_shortcuts' returned '0': CMAKE_PREFIX_PATH=${CMAKE_PREFIX_PATH}:/home/vinayak/ws_moveit2/install/ur3e_rl:/home/vinayak/ws_moveit2/install/ur3e_motion_package:/home/vinayak/ws_moveit2/install/moveit_configs_utils:/home/vinayak/ws_moveit2/install/launch_param_builder:/opt/ros/humble /usr/bin/cmake --build /home/vinayak/ws_moveit2/build/rosparam_shortcuts -- -j8 -l8
[41.040s] DEBUG:colcon.colcon_core.event_handler.log_command:Invoking command in '/home/vinayak/ws_moveit2/build/rosparam_shortcuts': CMAKE_PREFIX_PATH=${CMAKE_PREFIX_PATH}:/home/vinayak/ws_moveit2/install/ur3e_rl:/home/vinayak/ws_moveit2/install/ur3e_motion_package:/home/vinayak/ws_moveit2/install/moveit_configs_utils:/home/vinayak/ws_moveit2/install/launch_param_builder:/opt/ros/humble /usr/bin/cmake --install /home/vinayak/ws_moveit2/build/rosparam_shortcuts
[41.089s] Level 1:colcon.colcon_core.environment:create_environment_scripts_only(rosparam_shortcuts)
[41.090s] Level 1:colcon.colcon_core.environment:checking '/home/vinayak/ws_moveit2/install/rosparam_shortcuts' for CMake module files
[41.091s] DEBUG:colcon.colcon_core.event_handler.log_command:Invoked command in '/home/vinayak/ws_moveit2/build/rosparam_shortcuts' returned '0': CMAKE_PREFIX_PATH=${CMAKE_PREFIX_PATH}:/home/vinayak/ws_moveit2/install/ur3e_rl:/home/vinayak/ws_moveit2/install/ur3e_motion_package:/home/vinayak/ws_moveit2/install/moveit_configs_utils:/home/vinayak/ws_moveit2/install/launch_param_builder:/opt/ros/humble /usr/bin/cmake --install /home/vinayak/ws_moveit2/build/rosparam_shortcuts
[41.092s] Level 1:colcon.colcon_core.environment:checking '/home/vinayak/ws_moveit2/install/rosparam_shortcuts' for CMake config files
[41.092s] Level 1:colcon.colcon_core.shell:create_environment_hook('rosparam_shortcuts', 'cmake_prefix_path')
[41.093s] INFO:colcon.colcon_core.shell:Creating environment hook '/home/vinayak/ws_moveit2/install/rosparam_shortcuts/share/rosparam_shortcuts/hook/cmake_prefix_path.ps1'
[41.094s] INFO:colcon.colcon_core.shell:Creating environment descriptor '/home/vinayak/ws_moveit2/install/rosparam_shortcuts/share/rosparam_shortcuts/hook/cmake_prefix_path.dsv'
[41.094s] INFO:colcon.colcon_core.shell:Creating environment hook '/home/vinayak/ws_moveit2/install/rosparam_shortcuts/share/rosparam_shortcuts/hook/cmake_prefix_path.sh'
[41.099s] Level 1:colcon.colcon_core.environment:checking '/home/vinayak/ws_moveit2/install/rosparam_shortcuts/lib'
[41.100s] Level 1:colcon.colcon_core.shell:create_environment_hook('rosparam_shortcuts', 'ld_library_path_lib')
[41.100s] INFO:colcon.colcon_core.shell:Creating environment hook '/home/vinayak/ws_moveit2/install/rosparam_shortcuts/share/rosparam_shortcuts/hook/ld_library_path_lib.ps1'
[41.101s] INFO:colcon.colcon_core.shell:Creating environment descriptor '/home/vinayak/ws_moveit2/install/rosparam_shortcuts/share/rosparam_shortcuts/hook/ld_library_path_lib.dsv'
[41.101s] INFO:colcon.colcon_core.shell:Creating environment hook '/home/vinayak/ws_moveit2/install/rosparam_shortcuts/share/rosparam_shortcuts/hook/ld_library_path_lib.sh'
[41.102s] Level 1:colcon.colcon_core.environment:checking '/home/vinayak/ws_moveit2/install/rosparam_shortcuts/bin'
[41.102s] Level 1:colcon.colcon_core.environment:checking '/home/vinayak/ws_moveit2/install/rosparam_shortcuts/lib/pkgconfig/rosparam_shortcuts.pc'
[41.103s] Level 1:colcon.colcon_core.environment:checking '/home/vinayak/ws_moveit2/install/rosparam_shortcuts/lib/python3.10/site-packages'
[41.103s] Level 1:colcon.colcon_core.environment:checking '/home/vinayak/ws_moveit2/install/rosparam_shortcuts/bin'
[41.109s] INFO:colcon.colcon_core.shell:Creating package script '/home/vinayak/ws_moveit2/install/rosparam_shortcuts/share/rosparam_shortcuts/package.ps1'
[41.110s] INFO:colcon.colcon_core.shell:Creating package descriptor '/home/vinayak/ws_moveit2/install/rosparam_shortcuts/share/rosparam_shortcuts/package.dsv'
[41.114s] INFO:colcon.colcon_core.shell:Creating package script '/home/vinayak/ws_moveit2/install/rosparam_shortcuts/share/rosparam_shortcuts/package.sh'
[41.115s] INFO:colcon.colcon_core.shell:Creating package script '/home/vinayak/ws_moveit2/install/rosparam_shortcuts/share/rosparam_shortcuts/package.bash'
[41.116s] INFO:colcon.colcon_core.shell:Creating package script '/home/vinayak/ws_moveit2/install/rosparam_shortcuts/share/rosparam_shortcuts/package.zsh'
[41.117s] Level 1:colcon.colcon_core.environment:create_file_with_runtime_dependencies(/home/vinayak/ws_moveit2/install/rosparam_shortcuts/share/colcon-core/packages/rosparam_shortcuts)
[41.118s] Level 1:colcon.colcon_core.environment:create_environment_scripts_only(rosparam_shortcuts)
[41.118s] Level 1:colcon.colcon_core.environment:checking '/home/vinayak/ws_moveit2/install/rosparam_shortcuts' for CMake module files
[41.119s] Level 1:colcon.colcon_core.environment:checking '/home/vinayak/ws_moveit2/install/rosparam_shortcuts' for CMake config files
[41.123s] Level 1:colcon.colcon_core.shell:create_environment_hook('rosparam_shortcuts', 'cmake_prefix_path')
[41.123s] INFO:colcon.colcon_core.shell:Creating environment hook '/home/vinayak/ws_moveit2/install/rosparam_shortcuts/share/rosparam_shortcuts/hook/cmake_prefix_path.ps1'
[41.127s] INFO:colcon.colcon_core.shell:Creating environment descriptor '/home/vinayak/ws_moveit2/install/rosparam_shortcuts/share/rosparam_shortcuts/hook/cmake_prefix_path.dsv'
[41.128s] INFO:colcon.colcon_core.shell:Creating environment hook '/home/vinayak/ws_moveit2/install/rosparam_shortcuts/share/rosparam_shortcuts/hook/cmake_prefix_path.sh'
[41.129s] Level 1:colcon.colcon_core.environment:checking '/home/vinayak/ws_moveit2/install/rosparam_shortcuts/lib'
[41.129s] Level 1:colcon.colcon_core.shell:create_environment_hook('rosparam_shortcuts', 'ld_library_path_lib')
[41.130s] INFO:colcon.colcon_core.shell:Creating environment hook '/home/vinayak/ws_moveit2/install/rosparam_shortcuts/share/rosparam_shortcuts/hook/ld_library_path_lib.ps1'
[41.134s] INFO:colcon.colcon_core.shell:Creating environment descriptor '/home/vinayak/ws_moveit2/install/rosparam_shortcuts/share/rosparam_shortcuts/hook/ld_library_path_lib.dsv'
[41.135s] INFO:colcon.colcon_core.shell:Creating environment hook '/home/vinayak/ws_moveit2/install/rosparam_shortcuts/share/rosparam_shortcuts/hook/ld_library_path_lib.sh'
[41.136s] Level 1:colcon.colcon_core.environment:checking '/home/vinayak/ws_moveit2/install/rosparam_shortcuts/bin'
[41.136s] Level 1:colcon.colcon_core.environment:checking '/home/vinayak/ws_moveit2/install/rosparam_shortcuts/lib/pkgconfig/rosparam_shortcuts.pc'
[41.136s] Level 1:colcon.colcon_core.environment:checking '/home/vinayak/ws_moveit2/install/rosparam_shortcuts/lib/python3.10/site-packages'
[41.136s] Level 1:colcon.colcon_core.environment:checking '/home/vinayak/ws_moveit2/install/rosparam_shortcuts/bin'
[41.137s] INFO:colcon.colcon_core.shell:Creating package script '/home/vinayak/ws_moveit2/install/rosparam_shortcuts/share/rosparam_shortcuts/package.ps1'
[41.141s] INFO:colcon.colcon_core.shell:Creating package descriptor '/home/vinayak/ws_moveit2/install/rosparam_shortcuts/share/rosparam_shortcuts/package.dsv'
[41.143s] INFO:colcon.colcon_core.shell:Creating package script '/home/vinayak/ws_moveit2/install/rosparam_shortcuts/share/rosparam_shortcuts/package.sh'
[41.145s] INFO:colcon.colcon_core.shell:Creating package script '/home/vinayak/ws_moveit2/install/rosparam_shortcuts/share/rosparam_shortcuts/package.bash'
[41.146s] INFO:colcon.colcon_core.shell:Creating package script '/home/vinayak/ws_moveit2/install/rosparam_shortcuts/share/rosparam_shortcuts/package.zsh'
[41.146s] Level 1:colcon.colcon_core.environment:create_file_with_runtime_dependencies(/home/vinayak/ws_moveit2/install/rosparam_shortcuts/share/colcon-core/packages/rosparam_shortcuts)
[45.730s] DEBUG:colcon.colcon_parallel_executor.executor.parallel:run_until_complete was interrupted
[45.730s] DEBUG:colcon.colcon_parallel_executor.executor.parallel:run_until_complete again
[47.487s] DEBUG:colcon.colcon_core.event_handler.log_command:Invoked command in '/home/vinayak/ws_moveit2/build/ur_controllers' returned '-2': CMAKE_PREFIX_PATH=/home/vinayak/ws_moveit2/install/ur_dashboard_msgs:/home/vinayak/ws_moveit2/install/ur:/home/vinayak/ws_moveit2/install/ur_calibration:/home/vinayak/ws_moveit2/install/ur_robot_driver:/home/vinayak/ws_moveit2/install/ur_moveit_config:/home/vinayak/ws_moveit2/install/ur_bringup:/home/vinayak/ws_moveit2/install/ur_controllers:/home/vinayak/ws_moveit2/install/new_configuration:/home/vinayak/ws_moveit2/install/ur3e:/home/vinayak/ws_moveit2/install/pilz_industrial_motion_planner_testutils:/home/vinayak/ws_moveit2/install/moveit_runtime:/home/vinayak/ws_moveit2/install/moveit2_tutorials:/home/vinayak/ws_moveit2/install/moveit:/home/vinayak/ws_moveit2/install/moveit_planners:/home/vinayak/ws_moveit2/install/pilz_industrial_motion_planner:/home/vinayak/ws_moveit2/install/moveit_visual_tools:/home/vinayak/ws_moveit2/install/moveit_task_constructor_visualization:/home/vinayak/ws_moveit2/install/moveit_task_constructor_demo:/home/vinayak/ws_moveit2/install/moveit_task_constructor_capabilities:/home/vinayak/ws_moveit2/install/moveit_task_constructor_core:/home/vinayak/ws_moveit2/install/moveit_ros_control_interface:/home/vinayak/ws_moveit2/install/moveit_plugins:/home/vinayak/ws_moveit2/install/moveit_simple_controller_manager:/home/vinayak/ws_moveit2/install/moveit_setup_assistant:/home/vinayak/ws_moveit2/install/moveit_setup_srdf_plugins:/home/vinayak/ws_moveit2/install/moveit_setup_core_plugins:/home/vinayak/ws_moveit2/install/moveit_setup_controllers:/home/vinayak/ws_moveit2/install/moveit_setup_app_plugins:/home/vinayak/ws_moveit2/install/moveit_setup_framework:/home/vinayak/ws_moveit2/install/moveit_servo:/home/vinayak/ws_moveit2/install/moveit_ros:/home/vinayak/ws_moveit2/install/moveit_ros_visualization:/home/vinayak/ws_moveit2/install/moveit_hybrid_planning:/home/vinayak/ws_moveit2/install/moveit_ros_planning_interface:/home/vinayak/ws_moveit2/install/moveit_ros_benchmarks:/home/vinayak/ws_moveit2/install/moveit_ros_warehouse:/home/vinayak/ws_moveit2/install/moveit_ros_robot_interaction:/home/vinayak/ws_moveit2/install/moveit_ros_perception:/home/vinayak/ws_moveit2/install/moveit_resources_prbt_pg70_support:/home/vinayak/ws_moveit2/install/moveit_resources_prbt_moveit_config:/home/vinayak/ws_moveit2/install/moveit_ros_move_group:/home/vinayak/ws_moveit2/install/moveit_planners_ompl:/home/vinayak/ws_moveit2/install/moveit_ros_planning:/home/vinayak/ws_moveit2/install/moveit_ros_occupancy_map_monitor:/home/vinayak/ws_moveit2/install/moveit_resources_prbt_ikfast_manipulator_plugin:/home/vinayak/ws_moveit2/install/moveit_planners_chomp:/home/vinayak/ws_moveit2/install/moveit_kinematics:/home/vinayak/ws_moveit2/install/moveit_chomp_optimizer_adapter:/home/vinayak/ws_moveit2/install/chomp_motion_planner:/home/vinayak/ws_moveit2/install/moveit_core:/home/vinayak/ws_moveit2/install/srdfdom:/home/vinayak/ws_moveit2/install/rviz_marker_tools:/home/vinayak/ws_moveit2/install/rosparam_shortcuts:/home/vinayak/ws_moveit2/install/moveit_task_constructor_msgs:/home/vinayak/ws_moveit2/install/moveit_resources_prbt_support:/home/vinayak/ws_moveit2/install/moveit_resources:/home/vinayak/ws_moveit2/install/moveit_resources_pr2_description:/home/vinayak/ws_moveit2/install/moveit_resources_panda_moveit_config:/home/vinayak/ws_moveit2/install/moveit_resources_panda_description:/home/vinayak/ws_moveit2/install/moveit_resources_fanuc_moveit_config:/home/vinayak/ws_moveit2/install/moveit_resources_fanuc_description:/home/vinayak/ws_moveit2/install/moveit_common:/home/vinayak/ws_moveit2/install/ur3e_rl:/home/vinayak/ws_moveit2/install/ur3e_motion_package:/home/vinayak/ws_moveit2/install/moveit_configs_utils:/home/vinayak/ws_moveit2/install/launch_param_builder:/opt/ros/humble LD_LIBRARY_PATH=/home/vinayak/ws_moveit2/install/ur_dashboard_msgs/lib:/home/vinayak/ws_moveit2/install/ur_robot_driver/lib:/home/vinayak/ws_moveit2/install/ur_controllers/lib:/home/vinayak/ws_moveit2/install/pilz_industrial_motion_planner_testutils/lib:/home/vinayak/ws_moveit2/install/pilz_industrial_motion_planner/lib:/home/vinayak/ws_moveit2/install/moveit_visual_tools/lib:/home/vinayak/ws_moveit2/install/moveit_task_constructor_visualization/lib:/home/vinayak/ws_moveit2/install/moveit_task_constructor_demo/lib:/home/vinayak/ws_moveit2/install/moveit_task_constructor_capabilities/lib:/home/vinayak/ws_moveit2/install/moveit_task_constructor_core/lib:/home/vinayak/ws_moveit2/install/moveit_ros_control_interface/lib:/home/vinayak/ws_moveit2/install/moveit_simple_controller_manager/lib:/home/vinayak/ws_moveit2/install/moveit_setup_assistant/lib:/home/vinayak/ws_moveit2/install/moveit_setup_srdf_plugins/lib:/home/vinayak/ws_moveit2/install/moveit_setup_core_plugins/lib:/home/vinayak/ws_moveit2/install/moveit_setup_controllers/lib:/home/vinayak/ws_moveit2/install/moveit_setup_app_plugins/lib:/home/vinayak/ws_moveit2/install/moveit_setup_framework/lib:/home/vinayak/ws_moveit2/install/moveit_servo/lib:/home/vinayak/ws_moveit2/install/moveit_ros_visualization/lib:/home/vinayak/ws_moveit2/install/moveit_hybrid_planning/lib:/home/vinayak/ws_moveit2/install/moveit_ros_planning_interface/lib:/home/vinayak/ws_moveit2/install/moveit_ros_benchmarks/lib:/home/vinayak/ws_moveit2/install/moveit_ros_warehouse/lib:/home/vinayak/ws_moveit2/install/moveit_ros_robot_interaction/lib:/home/vinayak/ws_moveit2/install/moveit_ros_perception/lib:/home/vinayak/ws_moveit2/install/moveit_ros_move_group/lib:/home/vinayak/ws_moveit2/install/moveit_planners_ompl/lib:/home/vinayak/ws_moveit2/install/moveit_ros_planning/lib:/home/vinayak/ws_moveit2/install/moveit_ros_occupancy_map_monitor/lib:/home/vinayak/ws_moveit2/install/moveit_resources_prbt_ikfast_manipulator_plugin/lib:/home/vinayak/ws_moveit2/install/moveit_planners_chomp/lib:/home/vinayak/ws_moveit2/install/moveit_kinematics/lib:/home/vinayak/ws_moveit2/install/moveit_chomp_optimizer_adapter/lib:/home/vinayak/ws_moveit2/install/chomp_motion_planner/lib:/home/vinayak/ws_moveit2/install/moveit_core/lib:/home/vinayak/ws_moveit2/install/srdfdom/lib:/home/vinayak/ws_moveit2/install/rviz_marker_tools/lib:/home/vinayak/ws_moveit2/install/rosparam_shortcuts/lib:/home/vinayak/ws_moveit2/install/moveit_task_constructor_msgs/lib:/usr/lib/x86_64-linux-gnu/gazebo-11/plugins:/opt/ros/humble/opt/rviz_ogre_vendor/lib:/opt/ros/humble/lib/x86_64-linux-gnu:/opt/ros/humble/lib:/usr/local/cuda-12.4/lib64 /usr/bin/cmake --build /home/vinayak/ws_moveit2/build/ur_controllers -- -j8 -l8
[47.488s] Level 1:colcon.colcon_core.environment:create_environment_scripts_only(ur_controllers)
[47.489s] Level 1:colcon.colcon_core.environment:checking '/home/vinayak/ws_moveit2/install/ur_controllers' for CMake module files
[47.490s] Level 1:colcon.colcon_core.environment:checking '/home/vinayak/ws_moveit2/install/ur_controllers' for CMake config files
[47.490s] Level 1:colcon.colcon_core.environment:checking '/home/vinayak/ws_moveit2/install/ur_controllers/bin'
[47.490s] Level 1:colcon.colcon_core.environment:checking '/home/vinayak/ws_moveit2/install/ur_controllers/lib/pkgconfig/ur_controllers.pc'
[47.490s] Level 1:colcon.colcon_core.environment:checking '/home/vinayak/ws_moveit2/install/ur_controllers/lib/python3.10/site-packages'
[47.491s] Level 1:colcon.colcon_core.environment:checking '/home/vinayak/ws_moveit2/install/ur_controllers/bin'
[47.491s] INFO:colcon.colcon_core.shell:Creating package script '/home/vinayak/ws_moveit2/install/ur_controllers/share/ur_controllers/package.ps1'
[47.492s] INFO:colcon.colcon_core.shell:Creating package descriptor '/home/vinayak/ws_moveit2/install/ur_controllers/share/ur_controllers/package.dsv'
[47.493s] INFO:colcon.colcon_core.shell:Creating package script '/home/vinayak/ws_moveit2/install/ur_controllers/share/ur_controllers/package.sh'
[47.493s] INFO:colcon.colcon_core.shell:Creating package script '/home/vinayak/ws_moveit2/install/ur_controllers/share/ur_controllers/package.bash'
[47.494s] INFO:colcon.colcon_core.shell:Creating package script '/home/vinayak/ws_moveit2/install/ur_controllers/share/ur_controllers/package.zsh'
[47.494s] Level 1:colcon.colcon_core.environment:create_file_with_runtime_dependencies(/home/vinayak/ws_moveit2/install/ur_controllers/share/colcon-core/packages/ur_controllers)
[47.527s] DEBUG:colcon.colcon_parallel_executor.executor.parallel:run_until_complete finished
[47.527s] DEBUG:colcon.colcon_parallel_executor.executor.parallel:closing loop
[47.527s] DEBUG:colcon.colcon_parallel_executor.executor.parallel:loop closed
[47.527s] DEBUG:colcon.colcon_core.event_reactor:joining thread
[47.988s] INFO:colcon.colcon_core.plugin_system:Skipping extension 'colcon_notification.desktop_notification.terminal_notifier': Not used on non-Darwin systems
[47.988s] INFO:colcon.colcon_core.plugin_system:Skipping extension 'colcon_notification.desktop_notification.win32': Not used on non-Windows systems
[47.988s] INFO:colcon.colcon_notification.desktop_notification:Sending desktop notification using 'notify2'
[48.009s] DEBUG:colcon.colcon_core.event_reactor:joined thread
[48.010s] INFO:colcon.colcon_core.shell:Creating prefix script '/home/vinayak/ws_moveit2/install/local_setup.ps1'
[48.011s] INFO:colcon.colcon_core.shell:Creating prefix util module '/home/vinayak/ws_moveit2/install/_local_setup_util_ps1.py'
[48.015s] INFO:colcon.colcon_core.shell:Creating prefix chain script '/home/vinayak/ws_moveit2/install/setup.ps1'
[48.021s] INFO:colcon.colcon_core.shell:Creating prefix script '/home/vinayak/ws_moveit2/install/local_setup.sh'
[48.023s] INFO:colcon.colcon_core.shell:Creating prefix util module '/home/vinayak/ws_moveit2/install/_local_setup_util_sh.py'
[48.024s] INFO:colcon.colcon_core.shell:Creating prefix chain script '/home/vinayak/ws_moveit2/install/setup.sh'
[48.027s] INFO:colcon.colcon_core.shell:Creating prefix script '/home/vinayak/ws_moveit2/install/local_setup.bash'
[48.029s] INFO:colcon.colcon_core.shell:Creating prefix chain script '/home/vinayak/ws_moveit2/install/setup.bash'
[48.033s] INFO:colcon.colcon_core.shell:Creating prefix script '/home/vinayak/ws_moveit2/install/local_setup.zsh'
[48.033s] INFO:colcon.colcon_core.shell:Creating prefix chain script '/home/vinayak/ws_moveit2/install/setup.zsh'
