[0.116s] DEBUG:colcon:Command line arguments: ['/usr/bin/colcon', 'build', '--executor', 'sequential']
[0.116s] DEBUG:colcon:Parsed command line arguments: Namespace(log_base=None, log_level=None, verb_name='build', build_base='build', install_base='install', merge_install=False, symlink_install=False, test_result_base=None, continue_on_error=False, executor='sequential', parallel_workers=8, event_handlers=None, ignore_user_meta=False, metas=['./colcon.meta'], base_paths=['.'], packages_ignore=None, packages_ignore_regex=None, paths=None, packages_up_to=None, packages_up_to_regex=None, packages_above=None, packages_above_and_dependencies=None, packages_above_depth=None, packages_select_by_dep=None, packages_skip_by_dep=None, packages_skip_up_to=None, packages_select_build_failed=False, packages_skip_build_finished=False, packages_select_test_failures=False, packages_skip_test_passed=False, packages_select=None, packages_skip=None, packages_select_regex=None, packages_skip_regex=None, packages_start=None, packages_end=None, allow_overriding=[], cmake_args=None, cmake_target=None, cmake_target_skip_unavailable=False, cmake_clean_cache=False, cmake_clean_first=False, cmake_force_configure=False, ament_cmake_args=None, catkin_cmake_args=None, catkin_skip_building_tests=False, mixin_files=None, mixin=None, verb_parser=<colcon_mixin.mixin.mixin_argument.MixinArgumentDecorator object at 0x72dda9992da0>, verb_extension=<colcon_core.verb.build.BuildVerb object at 0x72dda99927d0>, main=<bound method BuildVerb.main of <colcon_core.verb.build.BuildVerb object at 0x72dda99927d0>>, mixin_verb=('build',))
[0.307s] Level 1:colcon.colcon_core.package_discovery:discover_packages(colcon_meta) check parameters
[0.307s] Level 1:colcon.colcon_core.package_discovery:discover_packages(recursive) check parameters
[0.307s] Level 1:colcon.colcon_core.package_discovery:discover_packages(ignore) check parameters
[0.307s] Level 1:colcon.colcon_core.package_discovery:discover_packages(path) check parameters
[0.307s] Level 1:colcon.colcon_core.package_discovery:discover_packages(colcon_meta) discover
[0.307s] Level 1:colcon.colcon_core.package_discovery:discover_packages(recursive) discover
[0.307s] INFO:colcon.colcon_core.package_discovery:Crawling recursively for packages in '/home/vinayak/ws_moveit2'
[0.307s] Level 1:colcon.colcon_core.package_identification:_identify(.) by extensions ['ignore', 'ignore_ament_install']
[0.307s] Level 1:colcon.colcon_core.package_identification:_identify(.) by extension 'ignore'
[0.307s] Level 1:colcon.colcon_core.package_identification:_identify(.) by extension 'ignore_ament_install'
[0.307s] Level 1:colcon.colcon_core.package_identification:_identify(.) by extensions ['colcon_pkg']
[0.308s] Level 1:colcon.colcon_core.package_identification:_identify(.) by extension 'colcon_pkg'
[0.308s] Level 1:colcon.colcon_core.package_identification:_identify(.) by extensions ['colcon_meta']
[0.308s] Level 1:colcon.colcon_core.package_identification:_identify(.) by extension 'colcon_meta'
[0.308s] Level 1:colcon.colcon_core.package_identification:_identify(.) by extensions ['ros']
[0.308s] Level 1:colcon.colcon_core.package_identification:_identify(.) by extension 'ros'
[0.324s] Level 1:colcon.colcon_core.package_identification:_identify(.) by extensions ['cmake', 'python']
[0.324s] Level 1:colcon.colcon_core.package_identification:_identify(.) by extension 'cmake'
[0.324s] Level 1:colcon.colcon_core.package_identification:_identify(.) by extension 'python'
[0.324s] Level 1:colcon.colcon_core.package_identification:_identify(.) by extensions ['python_setup_py']
[0.324s] Level 1:colcon.colcon_core.package_identification:_identify(.) by extension 'python_setup_py'
[0.324s] Level 1:colcon.colcon_core.package_identification:_identify(build) by extensions ['ignore', 'ignore_ament_install']
[0.324s] Level 1:colcon.colcon_core.package_identification:_identify(build) by extension 'ignore'
[0.324s] Level 1:colcon.colcon_core.package_identification:_identify(build) ignored
[0.324s] Level 1:colcon.colcon_core.package_identification:_identify(install) by extensions ['ignore', 'ignore_ament_install']
[0.324s] Level 1:colcon.colcon_core.package_identification:_identify(install) by extension 'ignore'
[0.324s] Level 1:colcon.colcon_core.package_identification:_identify(install) ignored
[0.324s] Level 1:colcon.colcon_core.package_identification:_identify(log) by extensions ['ignore', 'ignore_ament_install']
[0.325s] Level 1:colcon.colcon_core.package_identification:_identify(log) by extension 'ignore'
[0.325s] Level 1:colcon.colcon_core.package_identification:_identify(log) ignored
[0.325s] Level 1:colcon.colcon_core.package_identification:_identify(src) by extensions ['ignore', 'ignore_ament_install']
[0.325s] Level 1:colcon.colcon_core.package_identification:_identify(src) by extension 'ignore'
[0.325s] Level 1:colcon.colcon_core.package_identification:_identify(src) by extension 'ignore_ament_install'
[0.325s] Level 1:colcon.colcon_core.package_identification:_identify(src) by extensions ['colcon_pkg']
[0.325s] Level 1:colcon.colcon_core.package_identification:_identify(src) by extension 'colcon_pkg'
[0.325s] Level 1:colcon.colcon_core.package_identification:_identify(src) by extensions ['colcon_meta']
[0.325s] Level 1:colcon.colcon_core.package_identification:_identify(src) by extension 'colcon_meta'
[0.325s] Level 1:colcon.colcon_core.package_identification:_identify(src) by extensions ['ros']
[0.325s] Level 1:colcon.colcon_core.package_identification:_identify(src) by extension 'ros'
[0.325s] Level 1:colcon.colcon_core.package_identification:_identify(src) by extensions ['cmake', 'python']
[0.325s] Level 1:colcon.colcon_core.package_identification:_identify(src) by extension 'cmake'
[0.325s] Level 1:colcon.colcon_core.package_identification:_identify(src) by extension 'python'
[0.325s] Level 1:colcon.colcon_core.package_identification:_identify(src) by extensions ['python_setup_py']
[0.325s] Level 1:colcon.colcon_core.package_identification:_identify(src) by extension 'python_setup_py'
[0.325s] Level 1:colcon.colcon_core.package_identification:_identify(src/Universal_Robots_ROS2_Driver) by extensions ['ignore', 'ignore_ament_install']
[0.325s] Level 1:colcon.colcon_core.package_identification:_identify(src/Universal_Robots_ROS2_Driver) by extension 'ignore'
[0.325s] Level 1:colcon.colcon_core.package_identification:_identify(src/Universal_Robots_ROS2_Driver) by extension 'ignore_ament_install'
[0.325s] Level 1:colcon.colcon_core.package_identification:_identify(src/Universal_Robots_ROS2_Driver) by extensions ['colcon_pkg']
[0.325s] Level 1:colcon.colcon_core.package_identification:_identify(src/Universal_Robots_ROS2_Driver) by extension 'colcon_pkg'
[0.325s] Level 1:colcon.colcon_core.package_identification:_identify(src/Universal_Robots_ROS2_Driver) by extensions ['colcon_meta']
[0.326s] Level 1:colcon.colcon_core.package_identification:_identify(src/Universal_Robots_ROS2_Driver) by extension 'colcon_meta'
[0.326s] Level 1:colcon.colcon_core.package_identification:_identify(src/Universal_Robots_ROS2_Driver) by extensions ['ros']
[0.326s] Level 1:colcon.colcon_core.package_identification:_identify(src/Universal_Robots_ROS2_Driver) by extension 'ros'
[0.326s] Level 1:colcon.colcon_core.package_identification:_identify(src/Universal_Robots_ROS2_Driver) by extensions ['cmake', 'python']
[0.326s] Level 1:colcon.colcon_core.package_identification:_identify(src/Universal_Robots_ROS2_Driver) by extension 'cmake'
[0.326s] Level 1:colcon.colcon_core.package_identification:_identify(src/Universal_Robots_ROS2_Driver) by extension 'python'
[0.326s] Level 1:colcon.colcon_core.package_identification:_identify(src/Universal_Robots_ROS2_Driver) by extensions ['python_setup_py']
[0.326s] Level 1:colcon.colcon_core.package_identification:_identify(src/Universal_Robots_ROS2_Driver) by extension 'python_setup_py'
[0.326s] Level 1:colcon.colcon_core.package_identification:_identify(src/Universal_Robots_ROS2_Driver/ur) by extensions ['ignore', 'ignore_ament_install']
[0.326s] Level 1:colcon.colcon_core.package_identification:_identify(src/Universal_Robots_ROS2_Driver/ur) by extension 'ignore'
[0.326s] Level 1:colcon.colcon_core.package_identification:_identify(src/Universal_Robots_ROS2_Driver/ur) by extension 'ignore_ament_install'
[0.326s] Level 1:colcon.colcon_core.package_identification:_identify(src/Universal_Robots_ROS2_Driver/ur) by extensions ['colcon_pkg']
[0.326s] Level 1:colcon.colcon_core.package_identification:_identify(src/Universal_Robots_ROS2_Driver/ur) by extension 'colcon_pkg'
[0.326s] Level 1:colcon.colcon_core.package_identification:_identify(src/Universal_Robots_ROS2_Driver/ur) by extensions ['colcon_meta']
[0.326s] Level 1:colcon.colcon_core.package_identification:_identify(src/Universal_Robots_ROS2_Driver/ur) by extension 'colcon_meta'
[0.326s] Level 1:colcon.colcon_core.package_identification:_identify(src/Universal_Robots_ROS2_Driver/ur) by extensions ['ros']
[0.326s] Level 1:colcon.colcon_core.package_identification:_identify(src/Universal_Robots_ROS2_Driver/ur) by extension 'ros'
[0.329s] DEBUG:colcon.colcon_core.package_identification:Package 'src/Universal_Robots_ROS2_Driver/ur' with type 'ros.ament_cmake' and name 'ur'
[0.329s] Level 1:colcon.colcon_core.package_identification:_identify(src/Universal_Robots_ROS2_Driver/ur_bringup) by extensions ['ignore', 'ignore_ament_install']
[0.329s] Level 1:colcon.colcon_core.package_identification:_identify(src/Universal_Robots_ROS2_Driver/ur_bringup) by extension 'ignore'
[0.329s] Level 1:colcon.colcon_core.package_identification:_identify(src/Universal_Robots_ROS2_Driver/ur_bringup) by extension 'ignore_ament_install'
[0.329s] Level 1:colcon.colcon_core.package_identification:_identify(src/Universal_Robots_ROS2_Driver/ur_bringup) by extensions ['colcon_pkg']
[0.329s] Level 1:colcon.colcon_core.package_identification:_identify(src/Universal_Robots_ROS2_Driver/ur_bringup) by extension 'colcon_pkg'
[0.329s] Level 1:colcon.colcon_core.package_identification:_identify(src/Universal_Robots_ROS2_Driver/ur_bringup) by extensions ['colcon_meta']
[0.329s] Level 1:colcon.colcon_core.package_identification:_identify(src/Universal_Robots_ROS2_Driver/ur_bringup) by extension 'colcon_meta'
[0.329s] Level 1:colcon.colcon_core.package_identification:_identify(src/Universal_Robots_ROS2_Driver/ur_bringup) by extensions ['ros']
[0.329s] Level 1:colcon.colcon_core.package_identification:_identify(src/Universal_Robots_ROS2_Driver/ur_bringup) by extension 'ros'
[0.330s] DEBUG:colcon.colcon_core.package_identification:Package 'src/Universal_Robots_ROS2_Driver/ur_bringup' with type 'ros.ament_cmake' and name 'ur_bringup'
[0.330s] Level 1:colcon.colcon_core.package_identification:_identify(src/Universal_Robots_ROS2_Driver/ur_calibration) by extensions ['ignore', 'ignore_ament_install']
[0.330s] Level 1:colcon.colcon_core.package_identification:_identify(src/Universal_Robots_ROS2_Driver/ur_calibration) by extension 'ignore'
[0.330s] Level 1:colcon.colcon_core.package_identification:_identify(src/Universal_Robots_ROS2_Driver/ur_calibration) by extension 'ignore_ament_install'
[0.330s] Level 1:colcon.colcon_core.package_identification:_identify(src/Universal_Robots_ROS2_Driver/ur_calibration) by extensions ['colcon_pkg']
[0.330s] Level 1:colcon.colcon_core.package_identification:_identify(src/Universal_Robots_ROS2_Driver/ur_calibration) by extension 'colcon_pkg'
[0.330s] Level 1:colcon.colcon_core.package_identification:_identify(src/Universal_Robots_ROS2_Driver/ur_calibration) by extensions ['colcon_meta']
[0.330s] Level 1:colcon.colcon_core.package_identification:_identify(src/Universal_Robots_ROS2_Driver/ur_calibration) by extension 'colcon_meta'
[0.330s] Level 1:colcon.colcon_core.package_identification:_identify(src/Universal_Robots_ROS2_Driver/ur_calibration) by extensions ['ros']
[0.330s] Level 1:colcon.colcon_core.package_identification:_identify(src/Universal_Robots_ROS2_Driver/ur_calibration) by extension 'ros'
[0.331s] DEBUG:colcon.colcon_core.package_identification:Package 'src/Universal_Robots_ROS2_Driver/ur_calibration' with type 'ros.ament_cmake' and name 'ur_calibration'
[0.331s] Level 1:colcon.colcon_core.package_identification:_identify(src/Universal_Robots_ROS2_Driver/ur_controllers) by extensions ['ignore', 'ignore_ament_install']
[0.331s] Level 1:colcon.colcon_core.package_identification:_identify(src/Universal_Robots_ROS2_Driver/ur_controllers) by extension 'ignore'
[0.331s] Level 1:colcon.colcon_core.package_identification:_identify(src/Universal_Robots_ROS2_Driver/ur_controllers) by extension 'ignore_ament_install'
[0.331s] Level 1:colcon.colcon_core.package_identification:_identify(src/Universal_Robots_ROS2_Driver/ur_controllers) by extensions ['colcon_pkg']
[0.331s] Level 1:colcon.colcon_core.package_identification:_identify(src/Universal_Robots_ROS2_Driver/ur_controllers) by extension 'colcon_pkg'
[0.331s] Level 1:colcon.colcon_core.package_identification:_identify(src/Universal_Robots_ROS2_Driver/ur_controllers) by extensions ['colcon_meta']
[0.331s] Level 1:colcon.colcon_core.package_identification:_identify(src/Universal_Robots_ROS2_Driver/ur_controllers) by extension 'colcon_meta'
[0.332s] Level 1:colcon.colcon_core.package_identification:_identify(src/Universal_Robots_ROS2_Driver/ur_controllers) by extensions ['ros']
[0.332s] Level 1:colcon.colcon_core.package_identification:_identify(src/Universal_Robots_ROS2_Driver/ur_controllers) by extension 'ros'
[0.333s] DEBUG:colcon.colcon_core.package_identification:Package 'src/Universal_Robots_ROS2_Driver/ur_controllers' with type 'ros.ament_cmake' and name 'ur_controllers'
[0.333s] Level 1:colcon.colcon_core.package_identification:_identify(src/Universal_Robots_ROS2_Driver/ur_dashboard_msgs) by extensions ['ignore', 'ignore_ament_install']
[0.333s] Level 1:colcon.colcon_core.package_identification:_identify(src/Universal_Robots_ROS2_Driver/ur_dashboard_msgs) by extension 'ignore'
[0.333s] Level 1:colcon.colcon_core.package_identification:_identify(src/Universal_Robots_ROS2_Driver/ur_dashboard_msgs) by extension 'ignore_ament_install'
[0.333s] Level 1:colcon.colcon_core.package_identification:_identify(src/Universal_Robots_ROS2_Driver/ur_dashboard_msgs) by extensions ['colcon_pkg']
[0.333s] Level 1:colcon.colcon_core.package_identification:_identify(src/Universal_Robots_ROS2_Driver/ur_dashboard_msgs) by extension 'colcon_pkg'
[0.333s] Level 1:colcon.colcon_core.package_identification:_identify(src/Universal_Robots_ROS2_Driver/ur_dashboard_msgs) by extensions ['colcon_meta']
[0.333s] Level 1:colcon.colcon_core.package_identification:_identify(src/Universal_Robots_ROS2_Driver/ur_dashboard_msgs) by extension 'colcon_meta'
[0.334s] Level 1:colcon.colcon_core.package_identification:_identify(src/Universal_Robots_ROS2_Driver/ur_dashboard_msgs) by extensions ['ros']
[0.334s] Level 1:colcon.colcon_core.package_identification:_identify(src/Universal_Robots_ROS2_Driver/ur_dashboard_msgs) by extension 'ros'
[0.334s] DEBUG:colcon.colcon_core.package_identification:Package 'src/Universal_Robots_ROS2_Driver/ur_dashboard_msgs' with type 'ros.ament_cmake' and name 'ur_dashboard_msgs'
[0.334s] Level 1:colcon.colcon_core.package_identification:_identify(src/Universal_Robots_ROS2_Driver/ur_moveit_config) by extensions ['ignore', 'ignore_ament_install']
[0.334s] Level 1:colcon.colcon_core.package_identification:_identify(src/Universal_Robots_ROS2_Driver/ur_moveit_config) by extension 'ignore'
[0.334s] Level 1:colcon.colcon_core.package_identification:_identify(src/Universal_Robots_ROS2_Driver/ur_moveit_config) by extension 'ignore_ament_install'
[0.334s] Level 1:colcon.colcon_core.package_identification:_identify(src/Universal_Robots_ROS2_Driver/ur_moveit_config) by extensions ['colcon_pkg']
[0.334s] Level 1:colcon.colcon_core.package_identification:_identify(src/Universal_Robots_ROS2_Driver/ur_moveit_config) by extension 'colcon_pkg'
[0.335s] Level 1:colcon.colcon_core.package_identification:_identify(src/Universal_Robots_ROS2_Driver/ur_moveit_config) by extensions ['colcon_meta']
[0.335s] Level 1:colcon.colcon_core.package_identification:_identify(src/Universal_Robots_ROS2_Driver/ur_moveit_config) by extension 'colcon_meta'
[0.335s] Level 1:colcon.colcon_core.package_identification:_identify(src/Universal_Robots_ROS2_Driver/ur_moveit_config) by extensions ['ros']
[0.335s] Level 1:colcon.colcon_core.package_identification:_identify(src/Universal_Robots_ROS2_Driver/ur_moveit_config) by extension 'ros'
[0.335s] DEBUG:colcon.colcon_core.package_identification:Package 'src/Universal_Robots_ROS2_Driver/ur_moveit_config' with type 'ros.ament_cmake' and name 'ur_moveit_config'
[0.335s] Level 1:colcon.colcon_core.package_identification:_identify(src/Universal_Robots_ROS2_Driver/ur_robot_driver) by extensions ['ignore', 'ignore_ament_install']
[0.335s] Level 1:colcon.colcon_core.package_identification:_identify(src/Universal_Robots_ROS2_Driver/ur_robot_driver) by extension 'ignore'
[0.335s] Level 1:colcon.colcon_core.package_identification:_identify(src/Universal_Robots_ROS2_Driver/ur_robot_driver) by extension 'ignore_ament_install'
[0.336s] Level 1:colcon.colcon_core.package_identification:_identify(src/Universal_Robots_ROS2_Driver/ur_robot_driver) by extensions ['colcon_pkg']
[0.336s] Level 1:colcon.colcon_core.package_identification:_identify(src/Universal_Robots_ROS2_Driver/ur_robot_driver) by extension 'colcon_pkg'
[0.336s] Level 1:colcon.colcon_core.package_identification:_identify(src/Universal_Robots_ROS2_Driver/ur_robot_driver) by extensions ['colcon_meta']
[0.336s] Level 1:colcon.colcon_core.package_identification:_identify(src/Universal_Robots_ROS2_Driver/ur_robot_driver) by extension 'colcon_meta'
[0.336s] Level 1:colcon.colcon_core.package_identification:_identify(src/Universal_Robots_ROS2_Driver/ur_robot_driver) by extensions ['ros']
[0.336s] Level 1:colcon.colcon_core.package_identification:_identify(src/Universal_Robots_ROS2_Driver/ur_robot_driver) by extension 'ros'
[0.338s] DEBUG:colcon.colcon_core.package_identification:Package 'src/Universal_Robots_ROS2_Driver/ur_robot_driver' with type 'ros.ament_cmake' and name 'ur_robot_driver'
[0.338s] Level 1:colcon.colcon_core.package_identification:_identify(src/launch_param_builder) by extensions ['ignore', 'ignore_ament_install']
[0.338s] Level 1:colcon.colcon_core.package_identification:_identify(src/launch_param_builder) by extension 'ignore'
[0.338s] Level 1:colcon.colcon_core.package_identification:_identify(src/launch_param_builder) by extension 'ignore_ament_install'
[0.338s] Level 1:colcon.colcon_core.package_identification:_identify(src/launch_param_builder) by extensions ['colcon_pkg']
[0.338s] Level 1:colcon.colcon_core.package_identification:_identify(src/launch_param_builder) by extension 'colcon_pkg'
[0.338s] Level 1:colcon.colcon_core.package_identification:_identify(src/launch_param_builder) by extensions ['colcon_meta']
[0.338s] Level 1:colcon.colcon_core.package_identification:_identify(src/launch_param_builder) by extension 'colcon_meta'
[0.338s] Level 1:colcon.colcon_core.package_identification:_identify(src/launch_param_builder) by extensions ['ros']
[0.338s] Level 1:colcon.colcon_core.package_identification:_identify(src/launch_param_builder) by extension 'ros'
[0.339s] DEBUG:colcon.colcon_core.package_identification:Package 'src/launch_param_builder' with type 'ros.ament_python' and name 'launch_param_builder'
[0.339s] Level 1:colcon.colcon_core.package_identification:_identify(src/moveit2) by extensions ['ignore', 'ignore_ament_install']
[0.339s] Level 1:colcon.colcon_core.package_identification:_identify(src/moveit2) by extension 'ignore'
[0.339s] Level 1:colcon.colcon_core.package_identification:_identify(src/moveit2) by extension 'ignore_ament_install'
[0.339s] Level 1:colcon.colcon_core.package_identification:_identify(src/moveit2) by extensions ['colcon_pkg']
[0.339s] Level 1:colcon.colcon_core.package_identification:_identify(src/moveit2) by extension 'colcon_pkg'
[0.339s] Level 1:colcon.colcon_core.package_identification:_identify(src/moveit2) by extensions ['colcon_meta']
[0.339s] Level 1:colcon.colcon_core.package_identification:_identify(src/moveit2) by extension 'colcon_meta'
[0.339s] Level 1:colcon.colcon_core.package_identification:_identify(src/moveit2) by extensions ['ros']
[0.339s] Level 1:colcon.colcon_core.package_identification:_identify(src/moveit2) by extension 'ros'
[0.339s] Level 1:colcon.colcon_core.package_identification:_identify(src/moveit2) by extensions ['cmake', 'python']
[0.339s] Level 1:colcon.colcon_core.package_identification:_identify(src/moveit2) by extension 'cmake'
[0.339s] Level 1:colcon.colcon_core.package_identification:_identify(src/moveit2) by extension 'python'
[0.339s] Level 1:colcon.colcon_core.package_identification:_identify(src/moveit2) by extensions ['python_setup_py']
[0.339s] Level 1:colcon.colcon_core.package_identification:_identify(src/moveit2) by extension 'python_setup_py'
[0.339s] Level 1:colcon.colcon_core.package_identification:_identify(src/moveit2/doc) by extensions ['ignore', 'ignore_ament_install']
[0.340s] Level 1:colcon.colcon_core.package_identification:_identify(src/moveit2/doc) by extension 'ignore'
[0.340s] Level 1:colcon.colcon_core.package_identification:_identify(src/moveit2/doc) by extension 'ignore_ament_install'
[0.340s] Level 1:colcon.colcon_core.package_identification:_identify(src/moveit2/doc) by extensions ['colcon_pkg']
[0.340s] Level 1:colcon.colcon_core.package_identification:_identify(src/moveit2/doc) by extension 'colcon_pkg'
[0.340s] Level 1:colcon.colcon_core.package_identification:_identify(src/moveit2/doc) by extensions ['colcon_meta']
[0.340s] Level 1:colcon.colcon_core.package_identification:_identify(src/moveit2/doc) by extension 'colcon_meta'
[0.340s] Level 1:colcon.colcon_core.package_identification:_identify(src/moveit2/doc) by extensions ['ros']
[0.340s] Level 1:colcon.colcon_core.package_identification:_identify(src/moveit2/doc) by extension 'ros'
[0.340s] Level 1:colcon.colcon_core.package_identification:_identify(src/moveit2/doc) by extensions ['cmake', 'python']
[0.340s] Level 1:colcon.colcon_core.package_identification:_identify(src/moveit2/doc) by extension 'cmake'
[0.340s] Level 1:colcon.colcon_core.package_identification:_identify(src/moveit2/doc) by extension 'python'
[0.340s] Level 1:colcon.colcon_core.package_identification:_identify(src/moveit2/doc) by extensions ['python_setup_py']
[0.340s] Level 1:colcon.colcon_core.package_identification:_identify(src/moveit2/doc) by extension 'python_setup_py'
[0.340s] Level 1:colcon.colcon_core.package_identification:_identify(src/moveit2/moveit) by extensions ['ignore', 'ignore_ament_install']
[0.340s] Level 1:colcon.colcon_core.package_identification:_identify(src/moveit2/moveit) by extension 'ignore'
[0.340s] Level 1:colcon.colcon_core.package_identification:_identify(src/moveit2/moveit) by extension 'ignore_ament_install'
[0.340s] Level 1:colcon.colcon_core.package_identification:_identify(src/moveit2/moveit) by extensions ['colcon_pkg']
[0.340s] Level 1:colcon.colcon_core.package_identification:_identify(src/moveit2/moveit) by extension 'colcon_pkg'
[0.340s] Level 1:colcon.colcon_core.package_identification:_identify(src/moveit2/moveit) by extensions ['colcon_meta']
[0.340s] Level 1:colcon.colcon_core.package_identification:_identify(src/moveit2/moveit) by extension 'colcon_meta'
[0.340s] Level 1:colcon.colcon_core.package_identification:_identify(src/moveit2/moveit) by extensions ['ros']
[0.340s] Level 1:colcon.colcon_core.package_identification:_identify(src/moveit2/moveit) by extension 'ros'
[0.341s] DEBUG:colcon.colcon_core.package_identification:Package 'src/moveit2/moveit' with type 'ros.ament_cmake' and name 'moveit'
[0.341s] Level 1:colcon.colcon_core.package_identification:_identify(src/moveit2/moveit_commander) by extensions ['ignore', 'ignore_ament_install']
[0.341s] Level 1:colcon.colcon_core.package_identification:_identify(src/moveit2/moveit_commander) by extension 'ignore'
[0.341s] Level 1:colcon.colcon_core.package_identification:_identify(src/moveit2/moveit_commander) ignored
[0.341s] Level 1:colcon.colcon_core.package_identification:_identify(src/moveit2/moveit_common) by extensions ['ignore', 'ignore_ament_install']
[0.341s] Level 1:colcon.colcon_core.package_identification:_identify(src/moveit2/moveit_common) by extension 'ignore'
[0.341s] Level 1:colcon.colcon_core.package_identification:_identify(src/moveit2/moveit_common) by extension 'ignore_ament_install'
[0.341s] Level 1:colcon.colcon_core.package_identification:_identify(src/moveit2/moveit_common) by extensions ['colcon_pkg']
[0.341s] Level 1:colcon.colcon_core.package_identification:_identify(src/moveit2/moveit_common) by extension 'colcon_pkg'
[0.342s] Level 1:colcon.colcon_core.package_identification:_identify(src/moveit2/moveit_common) by extensions ['colcon_meta']
[0.342s] Level 1:colcon.colcon_core.package_identification:_identify(src/moveit2/moveit_common) by extension 'colcon_meta'
[0.342s] Level 1:colcon.colcon_core.package_identification:_identify(src/moveit2/moveit_common) by extensions ['ros']
[0.342s] Level 1:colcon.colcon_core.package_identification:_identify(src/moveit2/moveit_common) by extension 'ros'
[0.342s] DEBUG:colcon.colcon_core.package_identification:Package 'src/moveit2/moveit_common' with type 'ros.ament_cmake' and name 'moveit_common'
[0.342s] Level 1:colcon.colcon_core.package_identification:_identify(src/moveit2/moveit_configs_utils) by extensions ['ignore', 'ignore_ament_install']
[0.342s] Level 1:colcon.colcon_core.package_identification:_identify(src/moveit2/moveit_configs_utils) by extension 'ignore'
[0.342s] Level 1:colcon.colcon_core.package_identification:_identify(src/moveit2/moveit_configs_utils) by extension 'ignore_ament_install'
[0.343s] Level 1:colcon.colcon_core.package_identification:_identify(src/moveit2/moveit_configs_utils) by extensions ['colcon_pkg']
[0.343s] Level 1:colcon.colcon_core.package_identification:_identify(src/moveit2/moveit_configs_utils) by extension 'colcon_pkg'
[0.343s] Level 1:colcon.colcon_core.package_identification:_identify(src/moveit2/moveit_configs_utils) by extensions ['colcon_meta']
[0.343s] Level 1:colcon.colcon_core.package_identification:_identify(src/moveit2/moveit_configs_utils) by extension 'colcon_meta'
[0.343s] Level 1:colcon.colcon_core.package_identification:_identify(src/moveit2/moveit_configs_utils) by extensions ['ros']
[0.343s] Level 1:colcon.colcon_core.package_identification:_identify(src/moveit2/moveit_configs_utils) by extension 'ros'
[0.343s] DEBUG:colcon.colcon_core.package_identification:Package 'src/moveit2/moveit_configs_utils' with type 'ros.ament_python' and name 'moveit_configs_utils'
[0.343s] Level 1:colcon.colcon_core.package_identification:_identify(src/moveit2/moveit_core) by extensions ['ignore', 'ignore_ament_install']
[0.343s] Level 1:colcon.colcon_core.package_identification:_identify(src/moveit2/moveit_core) by extension 'ignore'
[0.343s] Level 1:colcon.colcon_core.package_identification:_identify(src/moveit2/moveit_core) by extension 'ignore_ament_install'
[0.343s] Level 1:colcon.colcon_core.package_identification:_identify(src/moveit2/moveit_core) by extensions ['colcon_pkg']
[0.343s] Level 1:colcon.colcon_core.package_identification:_identify(src/moveit2/moveit_core) by extension 'colcon_pkg'
[0.344s] Level 1:colcon.colcon_core.package_identification:_identify(src/moveit2/moveit_core) by extensions ['colcon_meta']
[0.344s] Level 1:colcon.colcon_core.package_identification:_identify(src/moveit2/moveit_core) by extension 'colcon_meta'
[0.344s] Level 1:colcon.colcon_core.package_identification:_identify(src/moveit2/moveit_core) by extensions ['ros']
[0.344s] Level 1:colcon.colcon_core.package_identification:_identify(src/moveit2/moveit_core) by extension 'ros'
[0.347s] DEBUG:colcon.colcon_core.package_identification:Package 'src/moveit2/moveit_core' with type 'ros.ament_cmake' and name 'moveit_core'
[0.347s] Level 1:colcon.colcon_core.package_identification:_identify(src/moveit2/moveit_experimental) by extensions ['ignore', 'ignore_ament_install']
[0.347s] Level 1:colcon.colcon_core.package_identification:_identify(src/moveit2/moveit_experimental) by extension 'ignore'
[0.347s] Level 1:colcon.colcon_core.package_identification:_identify(src/moveit2/moveit_experimental) ignored
[0.347s] Level 1:colcon.colcon_core.package_identification:_identify(src/moveit2/moveit_kinematics) by extensions ['ignore', 'ignore_ament_install']
[0.347s] Level 1:colcon.colcon_core.package_identification:_identify(src/moveit2/moveit_kinematics) by extension 'ignore'
[0.347s] Level 1:colcon.colcon_core.package_identification:_identify(src/moveit2/moveit_kinematics) by extension 'ignore_ament_install'
[0.347s] Level 1:colcon.colcon_core.package_identification:_identify(src/moveit2/moveit_kinematics) by extensions ['colcon_pkg']
[0.348s] Level 1:colcon.colcon_core.package_identification:_identify(src/moveit2/moveit_kinematics) by extension 'colcon_pkg'
[0.348s] Level 1:colcon.colcon_core.package_identification:_identify(src/moveit2/moveit_kinematics) by extensions ['colcon_meta']
[0.348s] Level 1:colcon.colcon_core.package_identification:_identify(src/moveit2/moveit_kinematics) by extension 'colcon_meta'
[0.348s] Level 1:colcon.colcon_core.package_identification:_identify(src/moveit2/moveit_kinematics) by extensions ['ros']
[0.348s] Level 1:colcon.colcon_core.package_identification:_identify(src/moveit2/moveit_kinematics) by extension 'ros'
[0.349s] DEBUG:colcon.colcon_core.package_identification:Package 'src/moveit2/moveit_kinematics' with type 'ros.ament_cmake' and name 'moveit_kinematics'
[0.349s] Level 1:colcon.colcon_core.package_identification:_identify(src/moveit2/moveit_planners) by extensions ['ignore', 'ignore_ament_install']
[0.349s] Level 1:colcon.colcon_core.package_identification:_identify(src/moveit2/moveit_planners) by extension 'ignore'
[0.349s] Level 1:colcon.colcon_core.package_identification:_identify(src/moveit2/moveit_planners) by extension 'ignore_ament_install'
[0.349s] Level 1:colcon.colcon_core.package_identification:_identify(src/moveit2/moveit_planners) by extensions ['colcon_pkg']
[0.349s] Level 1:colcon.colcon_core.package_identification:_identify(src/moveit2/moveit_planners) by extension 'colcon_pkg'
[0.349s] Level 1:colcon.colcon_core.package_identification:_identify(src/moveit2/moveit_planners) by extensions ['colcon_meta']
[0.349s] Level 1:colcon.colcon_core.package_identification:_identify(src/moveit2/moveit_planners) by extension 'colcon_meta'
[0.349s] Level 1:colcon.colcon_core.package_identification:_identify(src/moveit2/moveit_planners) by extensions ['ros']
[0.349s] Level 1:colcon.colcon_core.package_identification:_identify(src/moveit2/moveit_planners) by extension 'ros'
[0.349s] Level 1:colcon.colcon_core.package_identification:_identify(src/moveit2/moveit_planners) by extensions ['cmake', 'python']
[0.350s] Level 1:colcon.colcon_core.package_identification:_identify(src/moveit2/moveit_planners) by extension 'cmake'
[0.350s] Level 1:colcon.colcon_core.package_identification:_identify(src/moveit2/moveit_planners) by extension 'python'
[0.350s] Level 1:colcon.colcon_core.package_identification:_identify(src/moveit2/moveit_planners) by extensions ['python_setup_py']
[0.350s] Level 1:colcon.colcon_core.package_identification:_identify(src/moveit2/moveit_planners) by extension 'python_setup_py'
[0.350s] Level 1:colcon.colcon_core.package_identification:_identify(src/moveit2/moveit_planners/chomp) by extensions ['ignore', 'ignore_ament_install']
[0.350s] Level 1:colcon.colcon_core.package_identification:_identify(src/moveit2/moveit_planners/chomp) by extension 'ignore'
[0.350s] Level 1:colcon.colcon_core.package_identification:_identify(src/moveit2/moveit_planners/chomp) by extension 'ignore_ament_install'
[0.350s] Level 1:colcon.colcon_core.package_identification:_identify(src/moveit2/moveit_planners/chomp) by extensions ['colcon_pkg']
[0.350s] Level 1:colcon.colcon_core.package_identification:_identify(src/moveit2/moveit_planners/chomp) by extension 'colcon_pkg'
[0.350s] Level 1:colcon.colcon_core.package_identification:_identify(src/moveit2/moveit_planners/chomp) by extensions ['colcon_meta']
[0.350s] Level 1:colcon.colcon_core.package_identification:_identify(src/moveit2/moveit_planners/chomp) by extension 'colcon_meta'
[0.350s] Level 1:colcon.colcon_core.package_identification:_identify(src/moveit2/moveit_planners/chomp) by extensions ['ros']
[0.350s] Level 1:colcon.colcon_core.package_identification:_identify(src/moveit2/moveit_planners/chomp) by extension 'ros'
[0.350s] Level 1:colcon.colcon_core.package_identification:_identify(src/moveit2/moveit_planners/chomp) by extensions ['cmake', 'python']
[0.350s] Level 1:colcon.colcon_core.package_identification:_identify(src/moveit2/moveit_planners/chomp) by extension 'cmake'
[0.350s] Level 1:colcon.colcon_core.package_identification:_identify(src/moveit2/moveit_planners/chomp) by extension 'python'
[0.350s] Level 1:colcon.colcon_core.package_identification:_identify(src/moveit2/moveit_planners/chomp) by extensions ['python_setup_py']
[0.350s] Level 1:colcon.colcon_core.package_identification:_identify(src/moveit2/moveit_planners/chomp) by extension 'python_setup_py'
[0.350s] Level 1:colcon.colcon_core.package_identification:_identify(src/moveit2/moveit_planners/chomp/chomp_interface) by extensions ['ignore', 'ignore_ament_install']
[0.350s] Level 1:colcon.colcon_core.package_identification:_identify(src/moveit2/moveit_planners/chomp/chomp_interface) by extension 'ignore'
[0.351s] Level 1:colcon.colcon_core.package_identification:_identify(src/moveit2/moveit_planners/chomp/chomp_interface) by extension 'ignore_ament_install'
[0.351s] Level 1:colcon.colcon_core.package_identification:_identify(src/moveit2/moveit_planners/chomp/chomp_interface) by extensions ['colcon_pkg']
[0.351s] Level 1:colcon.colcon_core.package_identification:_identify(src/moveit2/moveit_planners/chomp/chomp_interface) by extension 'colcon_pkg'
[0.351s] Level 1:colcon.colcon_core.package_identification:_identify(src/moveit2/moveit_planners/chomp/chomp_interface) by extensions ['colcon_meta']
[0.351s] Level 1:colcon.colcon_core.package_identification:_identify(src/moveit2/moveit_planners/chomp/chomp_interface) by extension 'colcon_meta'
[0.351s] Level 1:colcon.colcon_core.package_identification:_identify(src/moveit2/moveit_planners/chomp/chomp_interface) by extensions ['ros']
[0.351s] Level 1:colcon.colcon_core.package_identification:_identify(src/moveit2/moveit_planners/chomp/chomp_interface) by extension 'ros'
[0.351s] DEBUG:colcon.colcon_core.package_identification:Package 'src/moveit2/moveit_planners/chomp/chomp_interface' with type 'ros.ament_cmake' and name 'moveit_planners_chomp'
[0.352s] Level 1:colcon.colcon_core.package_identification:_identify(src/moveit2/moveit_planners/chomp/chomp_motion_planner) by extensions ['ignore', 'ignore_ament_install']
[0.352s] Level 1:colcon.colcon_core.package_identification:_identify(src/moveit2/moveit_planners/chomp/chomp_motion_planner) by extension 'ignore'
[0.352s] Level 1:colcon.colcon_core.package_identification:_identify(src/moveit2/moveit_planners/chomp/chomp_motion_planner) by extension 'ignore_ament_install'
[0.352s] Level 1:colcon.colcon_core.package_identification:_identify(src/moveit2/moveit_planners/chomp/chomp_motion_planner) by extensions ['colcon_pkg']
[0.352s] Level 1:colcon.colcon_core.package_identification:_identify(src/moveit2/moveit_planners/chomp/chomp_motion_planner) by extension 'colcon_pkg'
[0.352s] Level 1:colcon.colcon_core.package_identification:_identify(src/moveit2/moveit_planners/chomp/chomp_motion_planner) by extensions ['colcon_meta']
[0.352s] Level 1:colcon.colcon_core.package_identification:_identify(src/moveit2/moveit_planners/chomp/chomp_motion_planner) by extension 'colcon_meta'
[0.352s] Level 1:colcon.colcon_core.package_identification:_identify(src/moveit2/moveit_planners/chomp/chomp_motion_planner) by extensions ['ros']
[0.352s] Level 1:colcon.colcon_core.package_identification:_identify(src/moveit2/moveit_planners/chomp/chomp_motion_planner) by extension 'ros'
[0.353s] DEBUG:colcon.colcon_core.package_identification:Package 'src/moveit2/moveit_planners/chomp/chomp_motion_planner' with type 'ros.ament_cmake' and name 'chomp_motion_planner'
[0.353s] Level 1:colcon.colcon_core.package_identification:_identify(src/moveit2/moveit_planners/chomp/chomp_optimizer_adapter) by extensions ['ignore', 'ignore_ament_install']
[0.353s] Level 1:colcon.colcon_core.package_identification:_identify(src/moveit2/moveit_planners/chomp/chomp_optimizer_adapter) by extension 'ignore'
[0.354s] Level 1:colcon.colcon_core.package_identification:_identify(src/moveit2/moveit_planners/chomp/chomp_optimizer_adapter) by extension 'ignore_ament_install'
[0.354s] Level 1:colcon.colcon_core.package_identification:_identify(src/moveit2/moveit_planners/chomp/chomp_optimizer_adapter) by extensions ['colcon_pkg']
[0.354s] Level 1:colcon.colcon_core.package_identification:_identify(src/moveit2/moveit_planners/chomp/chomp_optimizer_adapter) by extension 'colcon_pkg'
[0.354s] Level 1:colcon.colcon_core.package_identification:_identify(src/moveit2/moveit_planners/chomp/chomp_optimizer_adapter) by extensions ['colcon_meta']
[0.354s] Level 1:colcon.colcon_core.package_identification:_identify(src/moveit2/moveit_planners/chomp/chomp_optimizer_adapter) by extension 'colcon_meta'
[0.354s] Level 1:colcon.colcon_core.package_identification:_identify(src/moveit2/moveit_planners/chomp/chomp_optimizer_adapter) by extensions ['ros']
[0.354s] Level 1:colcon.colcon_core.package_identification:_identify(src/moveit2/moveit_planners/chomp/chomp_optimizer_adapter) by extension 'ros'
[0.354s] DEBUG:colcon.colcon_core.package_identification:Package 'src/moveit2/moveit_planners/chomp/chomp_optimizer_adapter' with type 'ros.ament_cmake' and name 'moveit_chomp_optimizer_adapter'
[0.355s] Level 1:colcon.colcon_core.package_identification:_identify(src/moveit2/moveit_planners/moveit_planners) by extensions ['ignore', 'ignore_ament_install']
[0.355s] Level 1:colcon.colcon_core.package_identification:_identify(src/moveit2/moveit_planners/moveit_planners) by extension 'ignore'
[0.355s] Level 1:colcon.colcon_core.package_identification:_identify(src/moveit2/moveit_planners/moveit_planners) by extension 'ignore_ament_install'
[0.355s] Level 1:colcon.colcon_core.package_identification:_identify(src/moveit2/moveit_planners/moveit_planners) by extensions ['colcon_pkg']
[0.355s] Level 1:colcon.colcon_core.package_identification:_identify(src/moveit2/moveit_planners/moveit_planners) by extension 'colcon_pkg'
[0.355s] Level 1:colcon.colcon_core.package_identification:_identify(src/moveit2/moveit_planners/moveit_planners) by extensions ['colcon_meta']
[0.355s] Level 1:colcon.colcon_core.package_identification:_identify(src/moveit2/moveit_planners/moveit_planners) by extension 'colcon_meta'
[0.355s] Level 1:colcon.colcon_core.package_identification:_identify(src/moveit2/moveit_planners/moveit_planners) by extensions ['ros']
[0.355s] Level 1:colcon.colcon_core.package_identification:_identify(src/moveit2/moveit_planners/moveit_planners) by extension 'ros'
[0.355s] DEBUG:colcon.colcon_core.package_identification:Package 'src/moveit2/moveit_planners/moveit_planners' with type 'ros.ament_cmake' and name 'moveit_planners'
[0.356s] Level 1:colcon.colcon_core.package_identification:_identify(src/moveit2/moveit_planners/ompl) by extensions ['ignore', 'ignore_ament_install']
[0.356s] Level 1:colcon.colcon_core.package_identification:_identify(src/moveit2/moveit_planners/ompl) by extension 'ignore'
[0.356s] Level 1:colcon.colcon_core.package_identification:_identify(src/moveit2/moveit_planners/ompl) by extension 'ignore_ament_install'
[0.356s] Level 1:colcon.colcon_core.package_identification:_identify(src/moveit2/moveit_planners/ompl) by extensions ['colcon_pkg']
[0.356s] Level 1:colcon.colcon_core.package_identification:_identify(src/moveit2/moveit_planners/ompl) by extension 'colcon_pkg'
[0.356s] Level 1:colcon.colcon_core.package_identification:_identify(src/moveit2/moveit_planners/ompl) by extensions ['colcon_meta']
[0.356s] Level 1:colcon.colcon_core.package_identification:_identify(src/moveit2/moveit_planners/ompl) by extension 'colcon_meta'
[0.356s] Level 1:colcon.colcon_core.package_identification:_identify(src/moveit2/moveit_planners/ompl) by extensions ['ros']
[0.356s] Level 1:colcon.colcon_core.package_identification:_identify(src/moveit2/moveit_planners/ompl) by extension 'ros'
[0.357s] DEBUG:colcon.colcon_core.package_identification:Package 'src/moveit2/moveit_planners/ompl' with type 'ros.ament_cmake' and name 'moveit_planners_ompl'
[0.357s] Level 1:colcon.colcon_core.package_identification:_identify(src/moveit2/moveit_planners/pilz_industrial_motion_planner) by extensions ['ignore', 'ignore_ament_install']
[0.357s] Level 1:colcon.colcon_core.package_identification:_identify(src/moveit2/moveit_planners/pilz_industrial_motion_planner) by extension 'ignore'
[0.357s] Level 1:colcon.colcon_core.package_identification:_identify(src/moveit2/moveit_planners/pilz_industrial_motion_planner) by extension 'ignore_ament_install'
[0.357s] Level 1:colcon.colcon_core.package_identification:_identify(src/moveit2/moveit_planners/pilz_industrial_motion_planner) by extensions ['colcon_pkg']
[0.357s] Level 1:colcon.colcon_core.package_identification:_identify(src/moveit2/moveit_planners/pilz_industrial_motion_planner) by extension 'colcon_pkg'
[0.357s] Level 1:colcon.colcon_core.package_identification:_identify(src/moveit2/moveit_planners/pilz_industrial_motion_planner) by extensions ['colcon_meta']
[0.357s] Level 1:colcon.colcon_core.package_identification:_identify(src/moveit2/moveit_planners/pilz_industrial_motion_planner) by extension 'colcon_meta'
[0.357s] Level 1:colcon.colcon_core.package_identification:_identify(src/moveit2/moveit_planners/pilz_industrial_motion_planner) by extensions ['ros']
[0.358s] Level 1:colcon.colcon_core.package_identification:_identify(src/moveit2/moveit_planners/pilz_industrial_motion_planner) by extension 'ros'
[0.359s] DEBUG:colcon.colcon_core.package_identification:Package 'src/moveit2/moveit_planners/pilz_industrial_motion_planner' with type 'ros.ament_cmake' and name 'pilz_industrial_motion_planner'
[0.359s] Level 1:colcon.colcon_core.package_identification:_identify(src/moveit2/moveit_planners/pilz_industrial_motion_planner_testutils) by extensions ['ignore', 'ignore_ament_install']
[0.359s] Level 1:colcon.colcon_core.package_identification:_identify(src/moveit2/moveit_planners/pilz_industrial_motion_planner_testutils) by extension 'ignore'
[0.359s] Level 1:colcon.colcon_core.package_identification:_identify(src/moveit2/moveit_planners/pilz_industrial_motion_planner_testutils) by extension 'ignore_ament_install'
[0.359s] Level 1:colcon.colcon_core.package_identification:_identify(src/moveit2/moveit_planners/pilz_industrial_motion_planner_testutils) by extensions ['colcon_pkg']
[0.360s] Level 1:colcon.colcon_core.package_identification:_identify(src/moveit2/moveit_planners/pilz_industrial_motion_planner_testutils) by extension 'colcon_pkg'
[0.360s] Level 1:colcon.colcon_core.package_identification:_identify(src/moveit2/moveit_planners/pilz_industrial_motion_planner_testutils) by extensions ['colcon_meta']
[0.360s] Level 1:colcon.colcon_core.package_identification:_identify(src/moveit2/moveit_planners/pilz_industrial_motion_planner_testutils) by extension 'colcon_meta'
[0.360s] Level 1:colcon.colcon_core.package_identification:_identify(src/moveit2/moveit_planners/pilz_industrial_motion_planner_testutils) by extensions ['ros']
[0.360s] Level 1:colcon.colcon_core.package_identification:_identify(src/moveit2/moveit_planners/pilz_industrial_motion_planner_testutils) by extension 'ros'
[0.360s] DEBUG:colcon.colcon_core.package_identification:Package 'src/moveit2/moveit_planners/pilz_industrial_motion_planner_testutils' with type 'ros.ament_cmake' and name 'pilz_industrial_motion_planner_testutils'
[0.360s] Level 1:colcon.colcon_core.package_identification:_identify(src/moveit2/moveit_planners/test_configs) by extensions ['ignore', 'ignore_ament_install']
[0.361s] Level 1:colcon.colcon_core.package_identification:_identify(src/moveit2/moveit_planners/test_configs) by extension 'ignore'
[0.361s] Level 1:colcon.colcon_core.package_identification:_identify(src/moveit2/moveit_planners/test_configs) by extension 'ignore_ament_install'
[0.361s] Level 1:colcon.colcon_core.package_identification:_identify(src/moveit2/moveit_planners/test_configs) by extensions ['colcon_pkg']
[0.361s] Level 1:colcon.colcon_core.package_identification:_identify(src/moveit2/moveit_planners/test_configs) by extension 'colcon_pkg'
[0.361s] Level 1:colcon.colcon_core.package_identification:_identify(src/moveit2/moveit_planners/test_configs) by extensions ['colcon_meta']
[0.361s] Level 1:colcon.colcon_core.package_identification:_identify(src/moveit2/moveit_planners/test_configs) by extension 'colcon_meta'
[0.361s] Level 1:colcon.colcon_core.package_identification:_identify(src/moveit2/moveit_planners/test_configs) by extensions ['ros']
[0.361s] Level 1:colcon.colcon_core.package_identification:_identify(src/moveit2/moveit_planners/test_configs) by extension 'ros'
[0.361s] Level 1:colcon.colcon_core.package_identification:_identify(src/moveit2/moveit_planners/test_configs) by extensions ['cmake', 'python']
[0.361s] Level 1:colcon.colcon_core.package_identification:_identify(src/moveit2/moveit_planners/test_configs) by extension 'cmake'
[0.361s] Level 1:colcon.colcon_core.package_identification:_identify(src/moveit2/moveit_planners/test_configs) by extension 'python'
[0.361s] Level 1:colcon.colcon_core.package_identification:_identify(src/moveit2/moveit_planners/test_configs) by extensions ['python_setup_py']
[0.361s] Level 1:colcon.colcon_core.package_identification:_identify(src/moveit2/moveit_planners/test_configs) by extension 'python_setup_py'
[0.361s] Level 1:colcon.colcon_core.package_identification:_identify(src/moveit2/moveit_planners/test_configs/prbt_ikfast_manipulator_plugin) by extensions ['ignore', 'ignore_ament_install']
[0.361s] Level 1:colcon.colcon_core.package_identification:_identify(src/moveit2/moveit_planners/test_configs/prbt_ikfast_manipulator_plugin) by extension 'ignore'
[0.361s] Level 1:colcon.colcon_core.package_identification:_identify(src/moveit2/moveit_planners/test_configs/prbt_ikfast_manipulator_plugin) by extension 'ignore_ament_install'
[0.361s] Level 1:colcon.colcon_core.package_identification:_identify(src/moveit2/moveit_planners/test_configs/prbt_ikfast_manipulator_plugin) by extensions ['colcon_pkg']
[0.361s] Level 1:colcon.colcon_core.package_identification:_identify(src/moveit2/moveit_planners/test_configs/prbt_ikfast_manipulator_plugin) by extension 'colcon_pkg'
[0.361s] Level 1:colcon.colcon_core.package_identification:_identify(src/moveit2/moveit_planners/test_configs/prbt_ikfast_manipulator_plugin) by extensions ['colcon_meta']
[0.361s] Level 1:colcon.colcon_core.package_identification:_identify(src/moveit2/moveit_planners/test_configs/prbt_ikfast_manipulator_plugin) by extension 'colcon_meta'
[0.361s] Level 1:colcon.colcon_core.package_identification:_identify(src/moveit2/moveit_planners/test_configs/prbt_ikfast_manipulator_plugin) by extensions ['ros']
[0.362s] Level 1:colcon.colcon_core.package_identification:_identify(src/moveit2/moveit_planners/test_configs/prbt_ikfast_manipulator_plugin) by extension 'ros'
[0.362s] DEBUG:colcon.colcon_core.package_identification:Package 'src/moveit2/moveit_planners/test_configs/prbt_ikfast_manipulator_plugin' with type 'ros.ament_cmake' and name 'moveit_resources_prbt_ikfast_manipulator_plugin'
[0.362s] Level 1:colcon.colcon_core.package_identification:_identify(src/moveit2/moveit_planners/test_configs/prbt_moveit_config) by extensions ['ignore', 'ignore_ament_install']
[0.362s] Level 1:colcon.colcon_core.package_identification:_identify(src/moveit2/moveit_planners/test_configs/prbt_moveit_config) by extension 'ignore'
[0.362s] Level 1:colcon.colcon_core.package_identification:_identify(src/moveit2/moveit_planners/test_configs/prbt_moveit_config) by extension 'ignore_ament_install'
[0.362s] Level 1:colcon.colcon_core.package_identification:_identify(src/moveit2/moveit_planners/test_configs/prbt_moveit_config) by extensions ['colcon_pkg']
[0.362s] Level 1:colcon.colcon_core.package_identification:_identify(src/moveit2/moveit_planners/test_configs/prbt_moveit_config) by extension 'colcon_pkg'
[0.363s] Level 1:colcon.colcon_core.package_identification:_identify(src/moveit2/moveit_planners/test_configs/prbt_moveit_config) by extensions ['colcon_meta']
[0.363s] Level 1:colcon.colcon_core.package_identification:_identify(src/moveit2/moveit_planners/test_configs/prbt_moveit_config) by extension 'colcon_meta'
[0.363s] Level 1:colcon.colcon_core.package_identification:_identify(src/moveit2/moveit_planners/test_configs/prbt_moveit_config) by extensions ['ros']
[0.363s] Level 1:colcon.colcon_core.package_identification:_identify(src/moveit2/moveit_planners/test_configs/prbt_moveit_config) by extension 'ros'
[0.363s] DEBUG:colcon.colcon_core.package_identification:Package 'src/moveit2/moveit_planners/test_configs/prbt_moveit_config' with type 'ros.ament_cmake' and name 'moveit_resources_prbt_moveit_config'
[0.363s] Level 1:colcon.colcon_core.package_identification:_identify(src/moveit2/moveit_planners/test_configs/prbt_pg70_support) by extensions ['ignore', 'ignore_ament_install']
[0.363s] Level 1:colcon.colcon_core.package_identification:_identify(src/moveit2/moveit_planners/test_configs/prbt_pg70_support) by extension 'ignore'
[0.364s] Level 1:colcon.colcon_core.package_identification:_identify(src/moveit2/moveit_planners/test_configs/prbt_pg70_support) by extension 'ignore_ament_install'
[0.364s] Level 1:colcon.colcon_core.package_identification:_identify(src/moveit2/moveit_planners/test_configs/prbt_pg70_support) by extensions ['colcon_pkg']
[0.364s] Level 1:colcon.colcon_core.package_identification:_identify(src/moveit2/moveit_planners/test_configs/prbt_pg70_support) by extension 'colcon_pkg'
[0.364s] Level 1:colcon.colcon_core.package_identification:_identify(src/moveit2/moveit_planners/test_configs/prbt_pg70_support) by extensions ['colcon_meta']
[0.364s] Level 1:colcon.colcon_core.package_identification:_identify(src/moveit2/moveit_planners/test_configs/prbt_pg70_support) by extension 'colcon_meta'
[0.364s] Level 1:colcon.colcon_core.package_identification:_identify(src/moveit2/moveit_planners/test_configs/prbt_pg70_support) by extensions ['ros']
[0.364s] Level 1:colcon.colcon_core.package_identification:_identify(src/moveit2/moveit_planners/test_configs/prbt_pg70_support) by extension 'ros'
[0.364s] DEBUG:colcon.colcon_core.package_identification:Package 'src/moveit2/moveit_planners/test_configs/prbt_pg70_support' with type 'ros.ament_cmake' and name 'moveit_resources_prbt_pg70_support'
[0.364s] Level 1:colcon.colcon_core.package_identification:_identify(src/moveit2/moveit_planners/test_configs/prbt_support) by extensions ['ignore', 'ignore_ament_install']
[0.364s] Level 1:colcon.colcon_core.package_identification:_identify(src/moveit2/moveit_planners/test_configs/prbt_support) by extension 'ignore'
[0.364s] Level 1:colcon.colcon_core.package_identification:_identify(src/moveit2/moveit_planners/test_configs/prbt_support) by extension 'ignore_ament_install'
[0.365s] Level 1:colcon.colcon_core.package_identification:_identify(src/moveit2/moveit_planners/test_configs/prbt_support) by extensions ['colcon_pkg']
[0.365s] Level 1:colcon.colcon_core.package_identification:_identify(src/moveit2/moveit_planners/test_configs/prbt_support) by extension 'colcon_pkg'
[0.365s] Level 1:colcon.colcon_core.package_identification:_identify(src/moveit2/moveit_planners/test_configs/prbt_support) by extensions ['colcon_meta']
[0.365s] Level 1:colcon.colcon_core.package_identification:_identify(src/moveit2/moveit_planners/test_configs/prbt_support) by extension 'colcon_meta'
[0.365s] Level 1:colcon.colcon_core.package_identification:_identify(src/moveit2/moveit_planners/test_configs/prbt_support) by extensions ['ros']
[0.365s] Level 1:colcon.colcon_core.package_identification:_identify(src/moveit2/moveit_planners/test_configs/prbt_support) by extension 'ros'
[0.365s] DEBUG:colcon.colcon_core.package_identification:Package 'src/moveit2/moveit_planners/test_configs/prbt_support' with type 'ros.ament_cmake' and name 'moveit_resources_prbt_support'
[0.365s] Level 1:colcon.colcon_core.package_identification:_identify(src/moveit2/moveit_planners/trajopt) by extensions ['ignore', 'ignore_ament_install']
[0.365s] Level 1:colcon.colcon_core.package_identification:_identify(src/moveit2/moveit_planners/trajopt) by extension 'ignore'
[0.365s] Level 1:colcon.colcon_core.package_identification:_identify(src/moveit2/moveit_planners/trajopt) ignored
[0.366s] Level 1:colcon.colcon_core.package_identification:_identify(src/moveit2/moveit_plugins) by extensions ['ignore', 'ignore_ament_install']
[0.366s] Level 1:colcon.colcon_core.package_identification:_identify(src/moveit2/moveit_plugins) by extension 'ignore'
[0.366s] Level 1:colcon.colcon_core.package_identification:_identify(src/moveit2/moveit_plugins) by extension 'ignore_ament_install'
[0.366s] Level 1:colcon.colcon_core.package_identification:_identify(src/moveit2/moveit_plugins) by extensions ['colcon_pkg']
[0.366s] Level 1:colcon.colcon_core.package_identification:_identify(src/moveit2/moveit_plugins) by extension 'colcon_pkg'
[0.366s] Level 1:colcon.colcon_core.package_identification:_identify(src/moveit2/moveit_plugins) by extensions ['colcon_meta']
[0.366s] Level 1:colcon.colcon_core.package_identification:_identify(src/moveit2/moveit_plugins) by extension 'colcon_meta'
[0.366s] Level 1:colcon.colcon_core.package_identification:_identify(src/moveit2/moveit_plugins) by extensions ['ros']
[0.366s] Level 1:colcon.colcon_core.package_identification:_identify(src/moveit2/moveit_plugins) by extension 'ros'
[0.366s] Level 1:colcon.colcon_core.package_identification:_identify(src/moveit2/moveit_plugins) by extensions ['cmake', 'python']
[0.366s] Level 1:colcon.colcon_core.package_identification:_identify(src/moveit2/moveit_plugins) by extension 'cmake'
[0.366s] Level 1:colcon.colcon_core.package_identification:_identify(src/moveit2/moveit_plugins) by extension 'python'
[0.366s] Level 1:colcon.colcon_core.package_identification:_identify(src/moveit2/moveit_plugins) by extensions ['python_setup_py']
[0.366s] Level 1:colcon.colcon_core.package_identification:_identify(src/moveit2/moveit_plugins) by extension 'python_setup_py'
[0.366s] Level 1:colcon.colcon_core.package_identification:_identify(src/moveit2/moveit_plugins/moveit_plugins) by extensions ['ignore', 'ignore_ament_install']
[0.366s] Level 1:colcon.colcon_core.package_identification:_identify(src/moveit2/moveit_plugins/moveit_plugins) by extension 'ignore'
[0.366s] Level 1:colcon.colcon_core.package_identification:_identify(src/moveit2/moveit_plugins/moveit_plugins) by extension 'ignore_ament_install'
[0.366s] Level 1:colcon.colcon_core.package_identification:_identify(src/moveit2/moveit_plugins/moveit_plugins) by extensions ['colcon_pkg']
[0.366s] Level 1:colcon.colcon_core.package_identification:_identify(src/moveit2/moveit_plugins/moveit_plugins) by extension 'colcon_pkg'
[0.366s] Level 1:colcon.colcon_core.package_identification:_identify(src/moveit2/moveit_plugins/moveit_plugins) by extensions ['colcon_meta']
[0.366s] Level 1:colcon.colcon_core.package_identification:_identify(src/moveit2/moveit_plugins/moveit_plugins) by extension 'colcon_meta'
[0.366s] Level 1:colcon.colcon_core.package_identification:_identify(src/moveit2/moveit_plugins/moveit_plugins) by extensions ['ros']
[0.367s] Level 1:colcon.colcon_core.package_identification:_identify(src/moveit2/moveit_plugins/moveit_plugins) by extension 'ros'
[0.367s] DEBUG:colcon.colcon_core.package_identification:Package 'src/moveit2/moveit_plugins/moveit_plugins' with type 'ros.ament_cmake' and name 'moveit_plugins'
[0.367s] Level 1:colcon.colcon_core.package_identification:_identify(src/moveit2/moveit_plugins/moveit_ros_control_interface) by extensions ['ignore', 'ignore_ament_install']
[0.367s] Level 1:colcon.colcon_core.package_identification:_identify(src/moveit2/moveit_plugins/moveit_ros_control_interface) by extension 'ignore'
[0.367s] Level 1:colcon.colcon_core.package_identification:_identify(src/moveit2/moveit_plugins/moveit_ros_control_interface) by extension 'ignore_ament_install'
[0.367s] Level 1:colcon.colcon_core.package_identification:_identify(src/moveit2/moveit_plugins/moveit_ros_control_interface) by extensions ['colcon_pkg']
[0.367s] Level 1:colcon.colcon_core.package_identification:_identify(src/moveit2/moveit_plugins/moveit_ros_control_interface) by extension 'colcon_pkg'
[0.367s] Level 1:colcon.colcon_core.package_identification:_identify(src/moveit2/moveit_plugins/moveit_ros_control_interface) by extensions ['colcon_meta']
[0.367s] Level 1:colcon.colcon_core.package_identification:_identify(src/moveit2/moveit_plugins/moveit_ros_control_interface) by extension 'colcon_meta'
[0.367s] Level 1:colcon.colcon_core.package_identification:_identify(src/moveit2/moveit_plugins/moveit_ros_control_interface) by extensions ['ros']
[0.368s] Level 1:colcon.colcon_core.package_identification:_identify(src/moveit2/moveit_plugins/moveit_ros_control_interface) by extension 'ros'
[0.368s] DEBUG:colcon.colcon_core.package_identification:Package 'src/moveit2/moveit_plugins/moveit_ros_control_interface' with type 'ros.ament_cmake' and name 'moveit_ros_control_interface'
[0.369s] Level 1:colcon.colcon_core.package_identification:_identify(src/moveit2/moveit_plugins/moveit_simple_controller_manager) by extensions ['ignore', 'ignore_ament_install']
[0.369s] Level 1:colcon.colcon_core.package_identification:_identify(src/moveit2/moveit_plugins/moveit_simple_controller_manager) by extension 'ignore'
[0.369s] Level 1:colcon.colcon_core.package_identification:_identify(src/moveit2/moveit_plugins/moveit_simple_controller_manager) by extension 'ignore_ament_install'
[0.369s] Level 1:colcon.colcon_core.package_identification:_identify(src/moveit2/moveit_plugins/moveit_simple_controller_manager) by extensions ['colcon_pkg']
[0.369s] Level 1:colcon.colcon_core.package_identification:_identify(src/moveit2/moveit_plugins/moveit_simple_controller_manager) by extension 'colcon_pkg'
[0.369s] Level 1:colcon.colcon_core.package_identification:_identify(src/moveit2/moveit_plugins/moveit_simple_controller_manager) by extensions ['colcon_meta']
[0.369s] Level 1:colcon.colcon_core.package_identification:_identify(src/moveit2/moveit_plugins/moveit_simple_controller_manager) by extension 'colcon_meta'
[0.369s] Level 1:colcon.colcon_core.package_identification:_identify(src/moveit2/moveit_plugins/moveit_simple_controller_manager) by extensions ['ros']
[0.369s] Level 1:colcon.colcon_core.package_identification:_identify(src/moveit2/moveit_plugins/moveit_simple_controller_manager) by extension 'ros'
[0.370s] DEBUG:colcon.colcon_core.package_identification:Package 'src/moveit2/moveit_plugins/moveit_simple_controller_manager' with type 'ros.ament_cmake' and name 'moveit_simple_controller_manager'
[0.370s] Level 1:colcon.colcon_core.package_identification:_identify(src/moveit2/moveit_ros) by extensions ['ignore', 'ignore_ament_install']
[0.370s] Level 1:colcon.colcon_core.package_identification:_identify(src/moveit2/moveit_ros) by extension 'ignore'
[0.370s] Level 1:colcon.colcon_core.package_identification:_identify(src/moveit2/moveit_ros) by extension 'ignore_ament_install'
[0.370s] Level 1:colcon.colcon_core.package_identification:_identify(src/moveit2/moveit_ros) by extensions ['colcon_pkg']
[0.370s] Level 1:colcon.colcon_core.package_identification:_identify(src/moveit2/moveit_ros) by extension 'colcon_pkg'
[0.370s] Level 1:colcon.colcon_core.package_identification:_identify(src/moveit2/moveit_ros) by extensions ['colcon_meta']
[0.370s] Level 1:colcon.colcon_core.package_identification:_identify(src/moveit2/moveit_ros) by extension 'colcon_meta'
[0.370s] Level 1:colcon.colcon_core.package_identification:_identify(src/moveit2/moveit_ros) by extensions ['ros']
[0.370s] Level 1:colcon.colcon_core.package_identification:_identify(src/moveit2/moveit_ros) by extension 'ros'
[0.370s] Level 1:colcon.colcon_core.package_identification:_identify(src/moveit2/moveit_ros) by extensions ['cmake', 'python']
[0.370s] Level 1:colcon.colcon_core.package_identification:_identify(src/moveit2/moveit_ros) by extension 'cmake'
[0.370s] Level 1:colcon.colcon_core.package_identification:_identify(src/moveit2/moveit_ros) by extension 'python'
[0.370s] Level 1:colcon.colcon_core.package_identification:_identify(src/moveit2/moveit_ros) by extensions ['python_setup_py']
[0.370s] Level 1:colcon.colcon_core.package_identification:_identify(src/moveit2/moveit_ros) by extension 'python_setup_py'
[0.371s] Level 1:colcon.colcon_core.package_identification:_identify(src/moveit2/moveit_ros/benchmarks) by extensions ['ignore', 'ignore_ament_install']
[0.371s] Level 1:colcon.colcon_core.package_identification:_identify(src/moveit2/moveit_ros/benchmarks) by extension 'ignore'
[0.371s] Level 1:colcon.colcon_core.package_identification:_identify(src/moveit2/moveit_ros/benchmarks) by extension 'ignore_ament_install'
[0.371s] Level 1:colcon.colcon_core.package_identification:_identify(src/moveit2/moveit_ros/benchmarks) by extensions ['colcon_pkg']
[0.371s] Level 1:colcon.colcon_core.package_identification:_identify(src/moveit2/moveit_ros/benchmarks) by extension 'colcon_pkg'
[0.371s] Level 1:colcon.colcon_core.package_identification:_identify(src/moveit2/moveit_ros/benchmarks) by extensions ['colcon_meta']
[0.371s] Level 1:colcon.colcon_core.package_identification:_identify(src/moveit2/moveit_ros/benchmarks) by extension 'colcon_meta'
[0.371s] Level 1:colcon.colcon_core.package_identification:_identify(src/moveit2/moveit_ros/benchmarks) by extensions ['ros']
[0.371s] Level 1:colcon.colcon_core.package_identification:_identify(src/moveit2/moveit_ros/benchmarks) by extension 'ros'
[0.372s] DEBUG:colcon.colcon_core.package_identification:Package 'src/moveit2/moveit_ros/benchmarks' with type 'ros.ament_cmake' and name 'moveit_ros_benchmarks'
[0.372s] Level 1:colcon.colcon_core.package_identification:_identify(src/moveit2/moveit_ros/hybrid_planning) by extensions ['ignore', 'ignore_ament_install']
[0.372s] Level 1:colcon.colcon_core.package_identification:_identify(src/moveit2/moveit_ros/hybrid_planning) by extension 'ignore'
[0.372s] Level 1:colcon.colcon_core.package_identification:_identify(src/moveit2/moveit_ros/hybrid_planning) by extension 'ignore_ament_install'
[0.372s] Level 1:colcon.colcon_core.package_identification:_identify(src/moveit2/moveit_ros/hybrid_planning) by extensions ['colcon_pkg']
[0.372s] Level 1:colcon.colcon_core.package_identification:_identify(src/moveit2/moveit_ros/hybrid_planning) by extension 'colcon_pkg'
[0.372s] Level 1:colcon.colcon_core.package_identification:_identify(src/moveit2/moveit_ros/hybrid_planning) by extensions ['colcon_meta']
[0.372s] Level 1:colcon.colcon_core.package_identification:_identify(src/moveit2/moveit_ros/hybrid_planning) by extension 'colcon_meta'
[0.372s] Level 1:colcon.colcon_core.package_identification:_identify(src/moveit2/moveit_ros/hybrid_planning) by extensions ['ros']
[0.372s] Level 1:colcon.colcon_core.package_identification:_identify(src/moveit2/moveit_ros/hybrid_planning) by extension 'ros'
[0.374s] DEBUG:colcon.colcon_core.package_identification:Package 'src/moveit2/moveit_ros/hybrid_planning' with type 'ros.ament_cmake' and name 'moveit_hybrid_planning'
[0.374s] Level 1:colcon.colcon_core.package_identification:_identify(src/moveit2/moveit_ros/move_group) by extensions ['ignore', 'ignore_ament_install']
[0.374s] Level 1:colcon.colcon_core.package_identification:_identify(src/moveit2/moveit_ros/move_group) by extension 'ignore'
[0.374s] Level 1:colcon.colcon_core.package_identification:_identify(src/moveit2/moveit_ros/move_group) by extension 'ignore_ament_install'
[0.374s] Level 1:colcon.colcon_core.package_identification:_identify(src/moveit2/moveit_ros/move_group) by extensions ['colcon_pkg']
[0.374s] Level 1:colcon.colcon_core.package_identification:_identify(src/moveit2/moveit_ros/move_group) by extension 'colcon_pkg'
[0.374s] Level 1:colcon.colcon_core.package_identification:_identify(src/moveit2/moveit_ros/move_group) by extensions ['colcon_meta']
[0.374s] Level 1:colcon.colcon_core.package_identification:_identify(src/moveit2/moveit_ros/move_group) by extension 'colcon_meta'
[0.374s] Level 1:colcon.colcon_core.package_identification:_identify(src/moveit2/moveit_ros/move_group) by extensions ['ros']
[0.374s] Level 1:colcon.colcon_core.package_identification:_identify(src/moveit2/moveit_ros/move_group) by extension 'ros'
[0.376s] DEBUG:colcon.colcon_core.package_identification:Package 'src/moveit2/moveit_ros/move_group' with type 'ros.ament_cmake' and name 'moveit_ros_move_group'
[0.376s] Level 1:colcon.colcon_core.package_identification:_identify(src/moveit2/moveit_ros/moveit_ros) by extensions ['ignore', 'ignore_ament_install']
[0.376s] Level 1:colcon.colcon_core.package_identification:_identify(src/moveit2/moveit_ros/moveit_ros) by extension 'ignore'
[0.376s] Level 1:colcon.colcon_core.package_identification:_identify(src/moveit2/moveit_ros/moveit_ros) by extension 'ignore_ament_install'
[0.376s] Level 1:colcon.colcon_core.package_identification:_identify(src/moveit2/moveit_ros/moveit_ros) by extensions ['colcon_pkg']
[0.376s] Level 1:colcon.colcon_core.package_identification:_identify(src/moveit2/moveit_ros/moveit_ros) by extension 'colcon_pkg'
[0.376s] Level 1:colcon.colcon_core.package_identification:_identify(src/moveit2/moveit_ros/moveit_ros) by extensions ['colcon_meta']
[0.376s] Level 1:colcon.colcon_core.package_identification:_identify(src/moveit2/moveit_ros/moveit_ros) by extension 'colcon_meta'
[0.376s] Level 1:colcon.colcon_core.package_identification:_identify(src/moveit2/moveit_ros/moveit_ros) by extensions ['ros']
[0.376s] Level 1:colcon.colcon_core.package_identification:_identify(src/moveit2/moveit_ros/moveit_ros) by extension 'ros'
[0.377s] DEBUG:colcon.colcon_core.package_identification:Package 'src/moveit2/moveit_ros/moveit_ros' with type 'ros.ament_cmake' and name 'moveit_ros'
[0.377s] Level 1:colcon.colcon_core.package_identification:_identify(src/moveit2/moveit_ros/moveit_servo) by extensions ['ignore', 'ignore_ament_install']
[0.377s] Level 1:colcon.colcon_core.package_identification:_identify(src/moveit2/moveit_ros/moveit_servo) by extension 'ignore'
[0.377s] Level 1:colcon.colcon_core.package_identification:_identify(src/moveit2/moveit_ros/moveit_servo) by extension 'ignore_ament_install'
[0.377s] Level 1:colcon.colcon_core.package_identification:_identify(src/moveit2/moveit_ros/moveit_servo) by extensions ['colcon_pkg']
[0.377s] Level 1:colcon.colcon_core.package_identification:_identify(src/moveit2/moveit_ros/moveit_servo) by extension 'colcon_pkg'
[0.377s] Level 1:colcon.colcon_core.package_identification:_identify(src/moveit2/moveit_ros/moveit_servo) by extensions ['colcon_meta']
[0.377s] Level 1:colcon.colcon_core.package_identification:_identify(src/moveit2/moveit_ros/moveit_servo) by extension 'colcon_meta'
[0.377s] Level 1:colcon.colcon_core.package_identification:_identify(src/moveit2/moveit_ros/moveit_servo) by extensions ['ros']
[0.377s] Level 1:colcon.colcon_core.package_identification:_identify(src/moveit2/moveit_ros/moveit_servo) by extension 'ros'
[0.379s] DEBUG:colcon.colcon_core.package_identification:Package 'src/moveit2/moveit_ros/moveit_servo' with type 'ros.ament_cmake' and name 'moveit_servo'
[0.379s] Level 1:colcon.colcon_core.package_identification:_identify(src/moveit2/moveit_ros/occupancy_map_monitor) by extensions ['ignore', 'ignore_ament_install']
[0.379s] Level 1:colcon.colcon_core.package_identification:_identify(src/moveit2/moveit_ros/occupancy_map_monitor) by extension 'ignore'
[0.379s] Level 1:colcon.colcon_core.package_identification:_identify(src/moveit2/moveit_ros/occupancy_map_monitor) by extension 'ignore_ament_install'
[0.379s] Level 1:colcon.colcon_core.package_identification:_identify(src/moveit2/moveit_ros/occupancy_map_monitor) by extensions ['colcon_pkg']
[0.379s] Level 1:colcon.colcon_core.package_identification:_identify(src/moveit2/moveit_ros/occupancy_map_monitor) by extension 'colcon_pkg'
[0.379s] Level 1:colcon.colcon_core.package_identification:_identify(src/moveit2/moveit_ros/occupancy_map_monitor) by extensions ['colcon_meta']
[0.379s] Level 1:colcon.colcon_core.package_identification:_identify(src/moveit2/moveit_ros/occupancy_map_monitor) by extension 'colcon_meta'
[0.379s] Level 1:colcon.colcon_core.package_identification:_identify(src/moveit2/moveit_ros/occupancy_map_monitor) by extensions ['ros']
[0.379s] Level 1:colcon.colcon_core.package_identification:_identify(src/moveit2/moveit_ros/occupancy_map_monitor) by extension 'ros'
[0.380s] DEBUG:colcon.colcon_core.package_identification:Package 'src/moveit2/moveit_ros/occupancy_map_monitor' with type 'ros.ament_cmake' and name 'moveit_ros_occupancy_map_monitor'
[0.381s] Level 1:colcon.colcon_core.package_identification:_identify(src/moveit2/moveit_ros/perception) by extensions ['ignore', 'ignore_ament_install']
[0.381s] Level 1:colcon.colcon_core.package_identification:_identify(src/moveit2/moveit_ros/perception) by extension 'ignore'
[0.381s] Level 1:colcon.colcon_core.package_identification:_identify(src/moveit2/moveit_ros/perception) by extension 'ignore_ament_install'
[0.381s] Level 1:colcon.colcon_core.package_identification:_identify(src/moveit2/moveit_ros/perception) by extensions ['colcon_pkg']
[0.381s] Level 1:colcon.colcon_core.package_identification:_identify(src/moveit2/moveit_ros/perception) by extension 'colcon_pkg'
[0.381s] Level 1:colcon.colcon_core.package_identification:_identify(src/moveit2/moveit_ros/perception) by extensions ['colcon_meta']
[0.381s] Level 1:colcon.colcon_core.package_identification:_identify(src/moveit2/moveit_ros/perception) by extension 'colcon_meta'
[0.381s] Level 1:colcon.colcon_core.package_identification:_identify(src/moveit2/moveit_ros/perception) by extensions ['ros']
[0.381s] Level 1:colcon.colcon_core.package_identification:_identify(src/moveit2/moveit_ros/perception) by extension 'ros'
[0.383s] DEBUG:colcon.colcon_core.package_identification:Package 'src/moveit2/moveit_ros/perception' with type 'ros.ament_cmake' and name 'moveit_ros_perception'
[0.383s] Level 1:colcon.colcon_core.package_identification:_identify(src/moveit2/moveit_ros/planning) by extensions ['ignore', 'ignore_ament_install']
[0.383s] Level 1:colcon.colcon_core.package_identification:_identify(src/moveit2/moveit_ros/planning) by extension 'ignore'
[0.383s] Level 1:colcon.colcon_core.package_identification:_identify(src/moveit2/moveit_ros/planning) by extension 'ignore_ament_install'
[0.383s] Level 1:colcon.colcon_core.package_identification:_identify(src/moveit2/moveit_ros/planning) by extensions ['colcon_pkg']
[0.383s] Level 1:colcon.colcon_core.package_identification:_identify(src/moveit2/moveit_ros/planning) by extension 'colcon_pkg'
[0.383s] Level 1:colcon.colcon_core.package_identification:_identify(src/moveit2/moveit_ros/planning) by extensions ['colcon_meta']
[0.383s] Level 1:colcon.colcon_core.package_identification:_identify(src/moveit2/moveit_ros/planning) by extension 'colcon_meta'
[0.383s] Level 1:colcon.colcon_core.package_identification:_identify(src/moveit2/moveit_ros/planning) by extensions ['ros']
[0.383s] Level 1:colcon.colcon_core.package_identification:_identify(src/moveit2/moveit_ros/planning) by extension 'ros'
[0.385s] DEBUG:colcon.colcon_core.package_identification:Package 'src/moveit2/moveit_ros/planning' with type 'ros.ament_cmake' and name 'moveit_ros_planning'
[0.385s] Level 1:colcon.colcon_core.package_identification:_identify(src/moveit2/moveit_ros/planning_interface) by extensions ['ignore', 'ignore_ament_install']
[0.385s] Level 1:colcon.colcon_core.package_identification:_identify(src/moveit2/moveit_ros/planning_interface) by extension 'ignore'
[0.385s] Level 1:colcon.colcon_core.package_identification:_identify(src/moveit2/moveit_ros/planning_interface) by extension 'ignore_ament_install'
[0.385s] Level 1:colcon.colcon_core.package_identification:_identify(src/moveit2/moveit_ros/planning_interface) by extensions ['colcon_pkg']
[0.385s] Level 1:colcon.colcon_core.package_identification:_identify(src/moveit2/moveit_ros/planning_interface) by extension 'colcon_pkg'
[0.386s] Level 1:colcon.colcon_core.package_identification:_identify(src/moveit2/moveit_ros/planning_interface) by extensions ['colcon_meta']
[0.386s] Level 1:colcon.colcon_core.package_identification:_identify(src/moveit2/moveit_ros/planning_interface) by extension 'colcon_meta'
[0.386s] Level 1:colcon.colcon_core.package_identification:_identify(src/moveit2/moveit_ros/planning_interface) by extensions ['ros']
[0.386s] Level 1:colcon.colcon_core.package_identification:_identify(src/moveit2/moveit_ros/planning_interface) by extension 'ros'
[0.387s] DEBUG:colcon.colcon_core.package_identification:Package 'src/moveit2/moveit_ros/planning_interface' with type 'ros.ament_cmake' and name 'moveit_ros_planning_interface'
[0.387s] Level 1:colcon.colcon_core.package_identification:_identify(src/moveit2/moveit_ros/robot_interaction) by extensions ['ignore', 'ignore_ament_install']
[0.387s] Level 1:colcon.colcon_core.package_identification:_identify(src/moveit2/moveit_ros/robot_interaction) by extension 'ignore'
[0.387s] Level 1:colcon.colcon_core.package_identification:_identify(src/moveit2/moveit_ros/robot_interaction) by extension 'ignore_ament_install'
[0.388s] Level 1:colcon.colcon_core.package_identification:_identify(src/moveit2/moveit_ros/robot_interaction) by extensions ['colcon_pkg']
[0.388s] Level 1:colcon.colcon_core.package_identification:_identify(src/moveit2/moveit_ros/robot_interaction) by extension 'colcon_pkg'
[0.388s] Level 1:colcon.colcon_core.package_identification:_identify(src/moveit2/moveit_ros/robot_interaction) by extensions ['colcon_meta']
[0.388s] Level 1:colcon.colcon_core.package_identification:_identify(src/moveit2/moveit_ros/robot_interaction) by extension 'colcon_meta'
[0.388s] Level 1:colcon.colcon_core.package_identification:_identify(src/moveit2/moveit_ros/robot_interaction) by extensions ['ros']
[0.388s] Level 1:colcon.colcon_core.package_identification:_identify(src/moveit2/moveit_ros/robot_interaction) by extension 'ros'
[0.389s] DEBUG:colcon.colcon_core.package_identification:Package 'src/moveit2/moveit_ros/robot_interaction' with type 'ros.ament_cmake' and name 'moveit_ros_robot_interaction'
[0.389s] Level 1:colcon.colcon_core.package_identification:_identify(src/moveit2/moveit_ros/visualization) by extensions ['ignore', 'ignore_ament_install']
[0.389s] Level 1:colcon.colcon_core.package_identification:_identify(src/moveit2/moveit_ros/visualization) by extension 'ignore'
[0.389s] Level 1:colcon.colcon_core.package_identification:_identify(src/moveit2/moveit_ros/visualization) by extension 'ignore_ament_install'
[0.389s] Level 1:colcon.colcon_core.package_identification:_identify(src/moveit2/moveit_ros/visualization) by extensions ['colcon_pkg']
[0.389s] Level 1:colcon.colcon_core.package_identification:_identify(src/moveit2/moveit_ros/visualization) by extension 'colcon_pkg'
[0.389s] Level 1:colcon.colcon_core.package_identification:_identify(src/moveit2/moveit_ros/visualization) by extensions ['colcon_meta']
[0.389s] Level 1:colcon.colcon_core.package_identification:_identify(src/moveit2/moveit_ros/visualization) by extension 'colcon_meta'
[0.389s] Level 1:colcon.colcon_core.package_identification:_identify(src/moveit2/moveit_ros/visualization) by extensions ['ros']
[0.389s] Level 1:colcon.colcon_core.package_identification:_identify(src/moveit2/moveit_ros/visualization) by extension 'ros'
[0.391s] DEBUG:colcon.colcon_core.package_identification:Package 'src/moveit2/moveit_ros/visualization' with type 'ros.ament_cmake' and name 'moveit_ros_visualization'
[0.391s] Level 1:colcon.colcon_core.package_identification:_identify(src/moveit2/moveit_ros/warehouse) by extensions ['ignore', 'ignore_ament_install']
[0.391s] Level 1:colcon.colcon_core.package_identification:_identify(src/moveit2/moveit_ros/warehouse) by extension 'ignore'
[0.391s] Level 1:colcon.colcon_core.package_identification:_identify(src/moveit2/moveit_ros/warehouse) by extension 'ignore_ament_install'
[0.391s] Level 1:colcon.colcon_core.package_identification:_identify(src/moveit2/moveit_ros/warehouse) by extensions ['colcon_pkg']
[0.391s] Level 1:colcon.colcon_core.package_identification:_identify(src/moveit2/moveit_ros/warehouse) by extension 'colcon_pkg'
[0.391s] Level 1:colcon.colcon_core.package_identification:_identify(src/moveit2/moveit_ros/warehouse) by extensions ['colcon_meta']
[0.391s] Level 1:colcon.colcon_core.package_identification:_identify(src/moveit2/moveit_ros/warehouse) by extension 'colcon_meta'
[0.391s] Level 1:colcon.colcon_core.package_identification:_identify(src/moveit2/moveit_ros/warehouse) by extensions ['ros']
[0.391s] Level 1:colcon.colcon_core.package_identification:_identify(src/moveit2/moveit_ros/warehouse) by extension 'ros'
[0.392s] DEBUG:colcon.colcon_core.package_identification:Package 'src/moveit2/moveit_ros/warehouse' with type 'ros.ament_cmake' and name 'moveit_ros_warehouse'
[0.392s] Level 1:colcon.colcon_core.package_identification:_identify(src/moveit2/moveit_runtime) by extensions ['ignore', 'ignore_ament_install']
[0.392s] Level 1:colcon.colcon_core.package_identification:_identify(src/moveit2/moveit_runtime) by extension 'ignore'
[0.392s] Level 1:colcon.colcon_core.package_identification:_identify(src/moveit2/moveit_runtime) by extension 'ignore_ament_install'
[0.392s] Level 1:colcon.colcon_core.package_identification:_identify(src/moveit2/moveit_runtime) by extensions ['colcon_pkg']
[0.392s] Level 1:colcon.colcon_core.package_identification:_identify(src/moveit2/moveit_runtime) by extension 'colcon_pkg'
[0.392s] Level 1:colcon.colcon_core.package_identification:_identify(src/moveit2/moveit_runtime) by extensions ['colcon_meta']
[0.393s] Level 1:colcon.colcon_core.package_identification:_identify(src/moveit2/moveit_runtime) by extension 'colcon_meta'
[0.393s] Level 1:colcon.colcon_core.package_identification:_identify(src/moveit2/moveit_runtime) by extensions ['ros']
[0.393s] Level 1:colcon.colcon_core.package_identification:_identify(src/moveit2/moveit_runtime) by extension 'ros'
[0.393s] DEBUG:colcon.colcon_core.package_identification:Package 'src/moveit2/moveit_runtime' with type 'ros.ament_cmake' and name 'moveit_runtime'
[0.393s] Level 1:colcon.colcon_core.package_identification:_identify(src/moveit2/moveit_setup_assistant) by extensions ['ignore', 'ignore_ament_install']
[0.393s] Level 1:colcon.colcon_core.package_identification:_identify(src/moveit2/moveit_setup_assistant) by extension 'ignore'
[0.393s] Level 1:colcon.colcon_core.package_identification:_identify(src/moveit2/moveit_setup_assistant) by extension 'ignore_ament_install'
[0.393s] Level 1:colcon.colcon_core.package_identification:_identify(src/moveit2/moveit_setup_assistant) by extensions ['colcon_pkg']
[0.393s] Level 1:colcon.colcon_core.package_identification:_identify(src/moveit2/moveit_setup_assistant) by extension 'colcon_pkg'
[0.393s] Level 1:colcon.colcon_core.package_identification:_identify(src/moveit2/moveit_setup_assistant) by extensions ['colcon_meta']
[0.394s] Level 1:colcon.colcon_core.package_identification:_identify(src/moveit2/moveit_setup_assistant) by extension 'colcon_meta'
[0.394s] Level 1:colcon.colcon_core.package_identification:_identify(src/moveit2/moveit_setup_assistant) by extensions ['ros']
[0.394s] Level 1:colcon.colcon_core.package_identification:_identify(src/moveit2/moveit_setup_assistant) by extension 'ros'
[0.394s] Level 1:colcon.colcon_core.package_identification:_identify(src/moveit2/moveit_setup_assistant) by extensions ['cmake', 'python']
[0.394s] Level 1:colcon.colcon_core.package_identification:_identify(src/moveit2/moveit_setup_assistant) by extension 'cmake'
[0.394s] Level 1:colcon.colcon_core.package_identification:_identify(src/moveit2/moveit_setup_assistant) by extension 'python'
[0.394s] Level 1:colcon.colcon_core.package_identification:_identify(src/moveit2/moveit_setup_assistant) by extensions ['python_setup_py']
[0.394s] Level 1:colcon.colcon_core.package_identification:_identify(src/moveit2/moveit_setup_assistant) by extension 'python_setup_py'
[0.394s] Level 1:colcon.colcon_core.package_identification:_identify(src/moveit2/moveit_setup_assistant/graphics) by extensions ['ignore', 'ignore_ament_install']
[0.394s] Level 1:colcon.colcon_core.package_identification:_identify(src/moveit2/moveit_setup_assistant/graphics) by extension 'ignore'
[0.394s] Level 1:colcon.colcon_core.package_identification:_identify(src/moveit2/moveit_setup_assistant/graphics) by extension 'ignore_ament_install'
[0.394s] Level 1:colcon.colcon_core.package_identification:_identify(src/moveit2/moveit_setup_assistant/graphics) by extensions ['colcon_pkg']
[0.394s] Level 1:colcon.colcon_core.package_identification:_identify(src/moveit2/moveit_setup_assistant/graphics) by extension 'colcon_pkg'
[0.394s] Level 1:colcon.colcon_core.package_identification:_identify(src/moveit2/moveit_setup_assistant/graphics) by extensions ['colcon_meta']
[0.394s] Level 1:colcon.colcon_core.package_identification:_identify(src/moveit2/moveit_setup_assistant/graphics) by extension 'colcon_meta'
[0.394s] Level 1:colcon.colcon_core.package_identification:_identify(src/moveit2/moveit_setup_assistant/graphics) by extensions ['ros']
[0.394s] Level 1:colcon.colcon_core.package_identification:_identify(src/moveit2/moveit_setup_assistant/graphics) by extension 'ros'
[0.394s] Level 1:colcon.colcon_core.package_identification:_identify(src/moveit2/moveit_setup_assistant/graphics) by extensions ['cmake', 'python']
[0.394s] Level 1:colcon.colcon_core.package_identification:_identify(src/moveit2/moveit_setup_assistant/graphics) by extension 'cmake'
[0.394s] Level 1:colcon.colcon_core.package_identification:_identify(src/moveit2/moveit_setup_assistant/graphics) by extension 'python'
[0.394s] Level 1:colcon.colcon_core.package_identification:_identify(src/moveit2/moveit_setup_assistant/graphics) by extensions ['python_setup_py']
[0.394s] Level 1:colcon.colcon_core.package_identification:_identify(src/moveit2/moveit_setup_assistant/graphics) by extension 'python_setup_py'
[0.395s] Level 1:colcon.colcon_core.package_identification:_identify(src/moveit2/moveit_setup_assistant/graphics/source) by extensions ['ignore', 'ignore_ament_install']
[0.395s] Level 1:colcon.colcon_core.package_identification:_identify(src/moveit2/moveit_setup_assistant/graphics/source) by extension 'ignore'
[0.395s] Level 1:colcon.colcon_core.package_identification:_identify(src/moveit2/moveit_setup_assistant/graphics/source) by extension 'ignore_ament_install'
[0.395s] Level 1:colcon.colcon_core.package_identification:_identify(src/moveit2/moveit_setup_assistant/graphics/source) by extensions ['colcon_pkg']
[0.395s] Level 1:colcon.colcon_core.package_identification:_identify(src/moveit2/moveit_setup_assistant/graphics/source) by extension 'colcon_pkg'
[0.395s] Level 1:colcon.colcon_core.package_identification:_identify(src/moveit2/moveit_setup_assistant/graphics/source) by extensions ['colcon_meta']
[0.395s] Level 1:colcon.colcon_core.package_identification:_identify(src/moveit2/moveit_setup_assistant/graphics/source) by extension 'colcon_meta'
[0.395s] Level 1:colcon.colcon_core.package_identification:_identify(src/moveit2/moveit_setup_assistant/graphics/source) by extensions ['ros']
[0.395s] Level 1:colcon.colcon_core.package_identification:_identify(src/moveit2/moveit_setup_assistant/graphics/source) by extension 'ros'
[0.395s] Level 1:colcon.colcon_core.package_identification:_identify(src/moveit2/moveit_setup_assistant/graphics/source) by extensions ['cmake', 'python']
[0.395s] Level 1:colcon.colcon_core.package_identification:_identify(src/moveit2/moveit_setup_assistant/graphics/source) by extension 'cmake'
[0.395s] Level 1:colcon.colcon_core.package_identification:_identify(src/moveit2/moveit_setup_assistant/graphics/source) by extension 'python'
[0.395s] Level 1:colcon.colcon_core.package_identification:_identify(src/moveit2/moveit_setup_assistant/graphics/source) by extensions ['python_setup_py']
[0.395s] Level 1:colcon.colcon_core.package_identification:_identify(src/moveit2/moveit_setup_assistant/graphics/source) by extension 'python_setup_py'
[0.395s] Level 1:colcon.colcon_core.package_identification:_identify(src/moveit2/moveit_setup_assistant/moveit_setup_app_plugins) by extensions ['ignore', 'ignore_ament_install']
[0.395s] Level 1:colcon.colcon_core.package_identification:_identify(src/moveit2/moveit_setup_assistant/moveit_setup_app_plugins) by extension 'ignore'
[0.395s] Level 1:colcon.colcon_core.package_identification:_identify(src/moveit2/moveit_setup_assistant/moveit_setup_app_plugins) by extension 'ignore_ament_install'
[0.395s] Level 1:colcon.colcon_core.package_identification:_identify(src/moveit2/moveit_setup_assistant/moveit_setup_app_plugins) by extensions ['colcon_pkg']
[0.395s] Level 1:colcon.colcon_core.package_identification:_identify(src/moveit2/moveit_setup_assistant/moveit_setup_app_plugins) by extension 'colcon_pkg'
[0.395s] Level 1:colcon.colcon_core.package_identification:_identify(src/moveit2/moveit_setup_assistant/moveit_setup_app_plugins) by extensions ['colcon_meta']
[0.395s] Level 1:colcon.colcon_core.package_identification:_identify(src/moveit2/moveit_setup_assistant/moveit_setup_app_plugins) by extension 'colcon_meta'
[0.395s] Level 1:colcon.colcon_core.package_identification:_identify(src/moveit2/moveit_setup_assistant/moveit_setup_app_plugins) by extensions ['ros']
[0.395s] Level 1:colcon.colcon_core.package_identification:_identify(src/moveit2/moveit_setup_assistant/moveit_setup_app_plugins) by extension 'ros'
[0.396s] DEBUG:colcon.colcon_core.package_identification:Package 'src/moveit2/moveit_setup_assistant/moveit_setup_app_plugins' with type 'ros.ament_cmake' and name 'moveit_setup_app_plugins'
[0.396s] Level 1:colcon.colcon_core.package_identification:_identify(src/moveit2/moveit_setup_assistant/moveit_setup_assistant) by extensions ['ignore', 'ignore_ament_install']
[0.397s] Level 1:colcon.colcon_core.package_identification:_identify(src/moveit2/moveit_setup_assistant/moveit_setup_assistant) by extension 'ignore'
[0.397s] Level 1:colcon.colcon_core.package_identification:_identify(src/moveit2/moveit_setup_assistant/moveit_setup_assistant) by extension 'ignore_ament_install'
[0.397s] Level 1:colcon.colcon_core.package_identification:_identify(src/moveit2/moveit_setup_assistant/moveit_setup_assistant) by extensions ['colcon_pkg']
[0.397s] Level 1:colcon.colcon_core.package_identification:_identify(src/moveit2/moveit_setup_assistant/moveit_setup_assistant) by extension 'colcon_pkg'
[0.397s] Level 1:colcon.colcon_core.package_identification:_identify(src/moveit2/moveit_setup_assistant/moveit_setup_assistant) by extensions ['colcon_meta']
[0.397s] Level 1:colcon.colcon_core.package_identification:_identify(src/moveit2/moveit_setup_assistant/moveit_setup_assistant) by extension 'colcon_meta'
[0.397s] Level 1:colcon.colcon_core.package_identification:_identify(src/moveit2/moveit_setup_assistant/moveit_setup_assistant) by extensions ['ros']
[0.397s] Level 1:colcon.colcon_core.package_identification:_identify(src/moveit2/moveit_setup_assistant/moveit_setup_assistant) by extension 'ros'
[0.398s] DEBUG:colcon.colcon_core.package_identification:Package 'src/moveit2/moveit_setup_assistant/moveit_setup_assistant' with type 'ros.ament_cmake' and name 'moveit_setup_assistant'
[0.398s] Level 1:colcon.colcon_core.package_identification:_identify(src/moveit2/moveit_setup_assistant/moveit_setup_controllers) by extensions ['ignore', 'ignore_ament_install']
[0.398s] Level 1:colcon.colcon_core.package_identification:_identify(src/moveit2/moveit_setup_assistant/moveit_setup_controllers) by extension 'ignore'
[0.398s] Level 1:colcon.colcon_core.package_identification:_identify(src/moveit2/moveit_setup_assistant/moveit_setup_controllers) by extension 'ignore_ament_install'
[0.398s] Level 1:colcon.colcon_core.package_identification:_identify(src/moveit2/moveit_setup_assistant/moveit_setup_controllers) by extensions ['colcon_pkg']
[0.398s] Level 1:colcon.colcon_core.package_identification:_identify(src/moveit2/moveit_setup_assistant/moveit_setup_controllers) by extension 'colcon_pkg'
[0.398s] Level 1:colcon.colcon_core.package_identification:_identify(src/moveit2/moveit_setup_assistant/moveit_setup_controllers) by extensions ['colcon_meta']
[0.398s] Level 1:colcon.colcon_core.package_identification:_identify(src/moveit2/moveit_setup_assistant/moveit_setup_controllers) by extension 'colcon_meta'
[0.398s] Level 1:colcon.colcon_core.package_identification:_identify(src/moveit2/moveit_setup_assistant/moveit_setup_controllers) by extensions ['ros']
[0.398s] Level 1:colcon.colcon_core.package_identification:_identify(src/moveit2/moveit_setup_assistant/moveit_setup_controllers) by extension 'ros'
[0.399s] DEBUG:colcon.colcon_core.package_identification:Package 'src/moveit2/moveit_setup_assistant/moveit_setup_controllers' with type 'ros.ament_cmake' and name 'moveit_setup_controllers'
[0.399s] Level 1:colcon.colcon_core.package_identification:_identify(src/moveit2/moveit_setup_assistant/moveit_setup_core_plugins) by extensions ['ignore', 'ignore_ament_install']
[0.399s] Level 1:colcon.colcon_core.package_identification:_identify(src/moveit2/moveit_setup_assistant/moveit_setup_core_plugins) by extension 'ignore'
[0.399s] Level 1:colcon.colcon_core.package_identification:_identify(src/moveit2/moveit_setup_assistant/moveit_setup_core_plugins) by extension 'ignore_ament_install'
[0.399s] Level 1:colcon.colcon_core.package_identification:_identify(src/moveit2/moveit_setup_assistant/moveit_setup_core_plugins) by extensions ['colcon_pkg']
[0.399s] Level 1:colcon.colcon_core.package_identification:_identify(src/moveit2/moveit_setup_assistant/moveit_setup_core_plugins) by extension 'colcon_pkg'
[0.399s] Level 1:colcon.colcon_core.package_identification:_identify(src/moveit2/moveit_setup_assistant/moveit_setup_core_plugins) by extensions ['colcon_meta']
[0.399s] Level 1:colcon.colcon_core.package_identification:_identify(src/moveit2/moveit_setup_assistant/moveit_setup_core_plugins) by extension 'colcon_meta'
[0.399s] Level 1:colcon.colcon_core.package_identification:_identify(src/moveit2/moveit_setup_assistant/moveit_setup_core_plugins) by extensions ['ros']
[0.399s] Level 1:colcon.colcon_core.package_identification:_identify(src/moveit2/moveit_setup_assistant/moveit_setup_core_plugins) by extension 'ros'
[0.400s] DEBUG:colcon.colcon_core.package_identification:Package 'src/moveit2/moveit_setup_assistant/moveit_setup_core_plugins' with type 'ros.ament_cmake' and name 'moveit_setup_core_plugins'
[0.400s] Level 1:colcon.colcon_core.package_identification:_identify(src/moveit2/moveit_setup_assistant/moveit_setup_framework) by extensions ['ignore', 'ignore_ament_install']
[0.401s] Level 1:colcon.colcon_core.package_identification:_identify(src/moveit2/moveit_setup_assistant/moveit_setup_framework) by extension 'ignore'
[0.401s] Level 1:colcon.colcon_core.package_identification:_identify(src/moveit2/moveit_setup_assistant/moveit_setup_framework) by extension 'ignore_ament_install'
[0.401s] Level 1:colcon.colcon_core.package_identification:_identify(src/moveit2/moveit_setup_assistant/moveit_setup_framework) by extensions ['colcon_pkg']
[0.401s] Level 1:colcon.colcon_core.package_identification:_identify(src/moveit2/moveit_setup_assistant/moveit_setup_framework) by extension 'colcon_pkg'
[0.401s] Level 1:colcon.colcon_core.package_identification:_identify(src/moveit2/moveit_setup_assistant/moveit_setup_framework) by extensions ['colcon_meta']
[0.401s] Level 1:colcon.colcon_core.package_identification:_identify(src/moveit2/moveit_setup_assistant/moveit_setup_framework) by extension 'colcon_meta'
[0.401s] Level 1:colcon.colcon_core.package_identification:_identify(src/moveit2/moveit_setup_assistant/moveit_setup_framework) by extensions ['ros']
[0.401s] Level 1:colcon.colcon_core.package_identification:_identify(src/moveit2/moveit_setup_assistant/moveit_setup_framework) by extension 'ros'
[0.402s] DEBUG:colcon.colcon_core.package_identification:Package 'src/moveit2/moveit_setup_assistant/moveit_setup_framework' with type 'ros.ament_cmake' and name 'moveit_setup_framework'
[0.402s] Level 1:colcon.colcon_core.package_identification:_identify(src/moveit2/moveit_setup_assistant/moveit_setup_simulation) by extensions ['ignore', 'ignore_ament_install']
[0.402s] Level 1:colcon.colcon_core.package_identification:_identify(src/moveit2/moveit_setup_assistant/moveit_setup_simulation) by extension 'ignore'
[0.402s] Level 1:colcon.colcon_core.package_identification:_identify(src/moveit2/moveit_setup_assistant/moveit_setup_simulation) ignored
[0.402s] Level 1:colcon.colcon_core.package_identification:_identify(src/moveit2/moveit_setup_assistant/moveit_setup_srdf_plugins) by extensions ['ignore', 'ignore_ament_install']
[0.402s] Level 1:colcon.colcon_core.package_identification:_identify(src/moveit2/moveit_setup_assistant/moveit_setup_srdf_plugins) by extension 'ignore'
[0.402s] Level 1:colcon.colcon_core.package_identification:_identify(src/moveit2/moveit_setup_assistant/moveit_setup_srdf_plugins) by extension 'ignore_ament_install'
[0.402s] Level 1:colcon.colcon_core.package_identification:_identify(src/moveit2/moveit_setup_assistant/moveit_setup_srdf_plugins) by extensions ['colcon_pkg']
[0.402s] Level 1:colcon.colcon_core.package_identification:_identify(src/moveit2/moveit_setup_assistant/moveit_setup_srdf_plugins) by extension 'colcon_pkg'
[0.403s] Level 1:colcon.colcon_core.package_identification:_identify(src/moveit2/moveit_setup_assistant/moveit_setup_srdf_plugins) by extensions ['colcon_meta']
[0.403s] Level 1:colcon.colcon_core.package_identification:_identify(src/moveit2/moveit_setup_assistant/moveit_setup_srdf_plugins) by extension 'colcon_meta'
[0.403s] Level 1:colcon.colcon_core.package_identification:_identify(src/moveit2/moveit_setup_assistant/moveit_setup_srdf_plugins) by extensions ['ros']
[0.403s] Level 1:colcon.colcon_core.package_identification:_identify(src/moveit2/moveit_setup_assistant/moveit_setup_srdf_plugins) by extension 'ros'
[0.403s] DEBUG:colcon.colcon_core.package_identification:Package 'src/moveit2/moveit_setup_assistant/moveit_setup_srdf_plugins' with type 'ros.ament_cmake' and name 'moveit_setup_srdf_plugins'
[0.403s] Level 1:colcon.colcon_core.package_identification:_identify(src/moveit2/moveit_setup_assistant/unported_templates) by extensions ['ignore', 'ignore_ament_install']
[0.403s] Level 1:colcon.colcon_core.package_identification:_identify(src/moveit2/moveit_setup_assistant/unported_templates) by extension 'ignore'
[0.403s] Level 1:colcon.colcon_core.package_identification:_identify(src/moveit2/moveit_setup_assistant/unported_templates) by extension 'ignore_ament_install'
[0.404s] Level 1:colcon.colcon_core.package_identification:_identify(src/moveit2/moveit_setup_assistant/unported_templates) by extensions ['colcon_pkg']
[0.404s] Level 1:colcon.colcon_core.package_identification:_identify(src/moveit2/moveit_setup_assistant/unported_templates) by extension 'colcon_pkg'
[0.404s] Level 1:colcon.colcon_core.package_identification:_identify(src/moveit2/moveit_setup_assistant/unported_templates) by extensions ['colcon_meta']
[0.404s] Level 1:colcon.colcon_core.package_identification:_identify(src/moveit2/moveit_setup_assistant/unported_templates) by extension 'colcon_meta'
[0.404s] Level 1:colcon.colcon_core.package_identification:_identify(src/moveit2/moveit_setup_assistant/unported_templates) by extensions ['ros']
[0.404s] Level 1:colcon.colcon_core.package_identification:_identify(src/moveit2/moveit_setup_assistant/unported_templates) by extension 'ros'
[0.404s] Level 1:colcon.colcon_core.package_identification:_identify(src/moveit2/moveit_setup_assistant/unported_templates) by extensions ['cmake', 'python']
[0.404s] Level 1:colcon.colcon_core.package_identification:_identify(src/moveit2/moveit_setup_assistant/unported_templates) by extension 'cmake'
[0.404s] Level 1:colcon.colcon_core.package_identification:_identify(src/moveit2/moveit_setup_assistant/unported_templates) by extension 'python'
[0.404s] Level 1:colcon.colcon_core.package_identification:_identify(src/moveit2/moveit_setup_assistant/unported_templates) by extensions ['python_setup_py']
[0.404s] Level 1:colcon.colcon_core.package_identification:_identify(src/moveit2/moveit_setup_assistant/unported_templates) by extension 'python_setup_py'
[0.404s] Level 1:colcon.colcon_core.package_identification:_identify(src/moveit2_tutorials) by extensions ['ignore', 'ignore_ament_install']
[0.404s] Level 1:colcon.colcon_core.package_identification:_identify(src/moveit2_tutorials) by extension 'ignore'
[0.404s] Level 1:colcon.colcon_core.package_identification:_identify(src/moveit2_tutorials) by extension 'ignore_ament_install'
[0.404s] Level 1:colcon.colcon_core.package_identification:_identify(src/moveit2_tutorials) by extensions ['colcon_pkg']
[0.404s] Level 1:colcon.colcon_core.package_identification:_identify(src/moveit2_tutorials) by extension 'colcon_pkg'
[0.404s] Level 1:colcon.colcon_core.package_identification:_identify(src/moveit2_tutorials) by extensions ['colcon_meta']
[0.404s] Level 1:colcon.colcon_core.package_identification:_identify(src/moveit2_tutorials) by extension 'colcon_meta'
[0.404s] Level 1:colcon.colcon_core.package_identification:_identify(src/moveit2_tutorials) by extensions ['ros']
[0.404s] Level 1:colcon.colcon_core.package_identification:_identify(src/moveit2_tutorials) by extension 'ros'
[0.406s] DEBUG:colcon.colcon_core.package_identification:Package 'src/moveit2_tutorials' with type 'ros.ament_cmake' and name 'moveit2_tutorials'
[0.406s] Level 1:colcon.colcon_core.package_identification:_identify(src/moveit_resources) by extensions ['ignore', 'ignore_ament_install']
[0.406s] Level 1:colcon.colcon_core.package_identification:_identify(src/moveit_resources) by extension 'ignore'
[0.406s] Level 1:colcon.colcon_core.package_identification:_identify(src/moveit_resources) by extension 'ignore_ament_install'
[0.407s] Level 1:colcon.colcon_core.package_identification:_identify(src/moveit_resources) by extensions ['colcon_pkg']
[0.407s] Level 1:colcon.colcon_core.package_identification:_identify(src/moveit_resources) by extension 'colcon_pkg'
[0.407s] Level 1:colcon.colcon_core.package_identification:_identify(src/moveit_resources) by extensions ['colcon_meta']
[0.407s] Level 1:colcon.colcon_core.package_identification:_identify(src/moveit_resources) by extension 'colcon_meta'
[0.407s] Level 1:colcon.colcon_core.package_identification:_identify(src/moveit_resources) by extensions ['ros']
[0.407s] Level 1:colcon.colcon_core.package_identification:_identify(src/moveit_resources) by extension 'ros'
[0.407s] Level 1:colcon.colcon_core.package_identification:_identify(src/moveit_resources) by extensions ['cmake', 'python']
[0.407s] Level 1:colcon.colcon_core.package_identification:_identify(src/moveit_resources) by extension 'cmake'
[0.407s] Level 1:colcon.colcon_core.package_identification:_identify(src/moveit_resources) by extension 'python'
[0.407s] Level 1:colcon.colcon_core.package_identification:_identify(src/moveit_resources) by extensions ['python_setup_py']
[0.407s] Level 1:colcon.colcon_core.package_identification:_identify(src/moveit_resources) by extension 'python_setup_py'
[0.407s] Level 1:colcon.colcon_core.package_identification:_identify(src/moveit_resources/fanuc_description) by extensions ['ignore', 'ignore_ament_install']
[0.407s] Level 1:colcon.colcon_core.package_identification:_identify(src/moveit_resources/fanuc_description) by extension 'ignore'
[0.407s] Level 1:colcon.colcon_core.package_identification:_identify(src/moveit_resources/fanuc_description) by extension 'ignore_ament_install'
[0.407s] Level 1:colcon.colcon_core.package_identification:_identify(src/moveit_resources/fanuc_description) by extensions ['colcon_pkg']
[0.407s] Level 1:colcon.colcon_core.package_identification:_identify(src/moveit_resources/fanuc_description) by extension 'colcon_pkg'
[0.407s] Level 1:colcon.colcon_core.package_identification:_identify(src/moveit_resources/fanuc_description) by extensions ['colcon_meta']
[0.407s] Level 1:colcon.colcon_core.package_identification:_identify(src/moveit_resources/fanuc_description) by extension 'colcon_meta'
[0.407s] Level 1:colcon.colcon_core.package_identification:_identify(src/moveit_resources/fanuc_description) by extensions ['ros']
[0.407s] Level 1:colcon.colcon_core.package_identification:_identify(src/moveit_resources/fanuc_description) by extension 'ros'
[0.408s] DEBUG:colcon.colcon_core.package_identification:Package 'src/moveit_resources/fanuc_description' with type 'ros.ament_cmake' and name 'moveit_resources_fanuc_description'
[0.408s] Level 1:colcon.colcon_core.package_identification:_identify(src/moveit_resources/fanuc_moveit_config) by extensions ['ignore', 'ignore_ament_install']
[0.408s] Level 1:colcon.colcon_core.package_identification:_identify(src/moveit_resources/fanuc_moveit_config) by extension 'ignore'
[0.408s] Level 1:colcon.colcon_core.package_identification:_identify(src/moveit_resources/fanuc_moveit_config) by extension 'ignore_ament_install'
[0.408s] Level 1:colcon.colcon_core.package_identification:_identify(src/moveit_resources/fanuc_moveit_config) by extensions ['colcon_pkg']
[0.408s] Level 1:colcon.colcon_core.package_identification:_identify(src/moveit_resources/fanuc_moveit_config) by extension 'colcon_pkg'
[0.408s] Level 1:colcon.colcon_core.package_identification:_identify(src/moveit_resources/fanuc_moveit_config) by extensions ['colcon_meta']
[0.408s] Level 1:colcon.colcon_core.package_identification:_identify(src/moveit_resources/fanuc_moveit_config) by extension 'colcon_meta'
[0.408s] Level 1:colcon.colcon_core.package_identification:_identify(src/moveit_resources/fanuc_moveit_config) by extensions ['ros']
[0.408s] Level 1:colcon.colcon_core.package_identification:_identify(src/moveit_resources/fanuc_moveit_config) by extension 'ros'
[0.409s] DEBUG:colcon.colcon_core.package_identification:Package 'src/moveit_resources/fanuc_moveit_config' with type 'ros.ament_cmake' and name 'moveit_resources_fanuc_moveit_config'
[0.409s] Level 1:colcon.colcon_core.package_identification:_identify(src/moveit_resources/moveit_resources) by extensions ['ignore', 'ignore_ament_install']
[0.409s] Level 1:colcon.colcon_core.package_identification:_identify(src/moveit_resources/moveit_resources) by extension 'ignore'
[0.409s] Level 1:colcon.colcon_core.package_identification:_identify(src/moveit_resources/moveit_resources) by extension 'ignore_ament_install'
[0.409s] Level 1:colcon.colcon_core.package_identification:_identify(src/moveit_resources/moveit_resources) by extensions ['colcon_pkg']
[0.409s] Level 1:colcon.colcon_core.package_identification:_identify(src/moveit_resources/moveit_resources) by extension 'colcon_pkg'
[0.409s] Level 1:colcon.colcon_core.package_identification:_identify(src/moveit_resources/moveit_resources) by extensions ['colcon_meta']
[0.409s] Level 1:colcon.colcon_core.package_identification:_identify(src/moveit_resources/moveit_resources) by extension 'colcon_meta'
[0.409s] Level 1:colcon.colcon_core.package_identification:_identify(src/moveit_resources/moveit_resources) by extensions ['ros']
[0.409s] Level 1:colcon.colcon_core.package_identification:_identify(src/moveit_resources/moveit_resources) by extension 'ros'
[0.410s] DEBUG:colcon.colcon_core.package_identification:Package 'src/moveit_resources/moveit_resources' with type 'ros.ament_cmake' and name 'moveit_resources'
[0.410s] Level 1:colcon.colcon_core.package_identification:_identify(src/moveit_resources/panda_description) by extensions ['ignore', 'ignore_ament_install']
[0.410s] Level 1:colcon.colcon_core.package_identification:_identify(src/moveit_resources/panda_description) by extension 'ignore'
[0.410s] Level 1:colcon.colcon_core.package_identification:_identify(src/moveit_resources/panda_description) by extension 'ignore_ament_install'
[0.410s] Level 1:colcon.colcon_core.package_identification:_identify(src/moveit_resources/panda_description) by extensions ['colcon_pkg']
[0.410s] Level 1:colcon.colcon_core.package_identification:_identify(src/moveit_resources/panda_description) by extension 'colcon_pkg'
[0.410s] Level 1:colcon.colcon_core.package_identification:_identify(src/moveit_resources/panda_description) by extensions ['colcon_meta']
[0.410s] Level 1:colcon.colcon_core.package_identification:_identify(src/moveit_resources/panda_description) by extension 'colcon_meta'
[0.410s] Level 1:colcon.colcon_core.package_identification:_identify(src/moveit_resources/panda_description) by extensions ['ros']
[0.410s] Level 1:colcon.colcon_core.package_identification:_identify(src/moveit_resources/panda_description) by extension 'ros'
[0.411s] DEBUG:colcon.colcon_core.package_identification:Package 'src/moveit_resources/panda_description' with type 'ros.ament_cmake' and name 'moveit_resources_panda_description'
[0.411s] Level 1:colcon.colcon_core.package_identification:_identify(src/moveit_resources/panda_moveit_config) by extensions ['ignore', 'ignore_ament_install']
[0.411s] Level 1:colcon.colcon_core.package_identification:_identify(src/moveit_resources/panda_moveit_config) by extension 'ignore'
[0.412s] Level 1:colcon.colcon_core.package_identification:_identify(src/moveit_resources/panda_moveit_config) by extension 'ignore_ament_install'
[0.412s] Level 1:colcon.colcon_core.package_identification:_identify(src/moveit_resources/panda_moveit_config) by extensions ['colcon_pkg']
[0.412s] Level 1:colcon.colcon_core.package_identification:_identify(src/moveit_resources/panda_moveit_config) by extension 'colcon_pkg'
[0.412s] Level 1:colcon.colcon_core.package_identification:_identify(src/moveit_resources/panda_moveit_config) by extensions ['colcon_meta']
[0.412s] Level 1:colcon.colcon_core.package_identification:_identify(src/moveit_resources/panda_moveit_config) by extension 'colcon_meta'
[0.412s] Level 1:colcon.colcon_core.package_identification:_identify(src/moveit_resources/panda_moveit_config) by extensions ['ros']
[0.412s] Level 1:colcon.colcon_core.package_identification:_identify(src/moveit_resources/panda_moveit_config) by extension 'ros'
[0.412s] DEBUG:colcon.colcon_core.package_identification:Package 'src/moveit_resources/panda_moveit_config' with type 'ros.ament_cmake' and name 'moveit_resources_panda_moveit_config'
[0.412s] Level 1:colcon.colcon_core.package_identification:_identify(src/moveit_resources/pr2_description) by extensions ['ignore', 'ignore_ament_install']
[0.412s] Level 1:colcon.colcon_core.package_identification:_identify(src/moveit_resources/pr2_description) by extension 'ignore'
[0.413s] Level 1:colcon.colcon_core.package_identification:_identify(src/moveit_resources/pr2_description) by extension 'ignore_ament_install'
[0.413s] Level 1:colcon.colcon_core.package_identification:_identify(src/moveit_resources/pr2_description) by extensions ['colcon_pkg']
[0.413s] Level 1:colcon.colcon_core.package_identification:_identify(src/moveit_resources/pr2_description) by extension 'colcon_pkg'
[0.413s] Level 1:colcon.colcon_core.package_identification:_identify(src/moveit_resources/pr2_description) by extensions ['colcon_meta']
[0.413s] Level 1:colcon.colcon_core.package_identification:_identify(src/moveit_resources/pr2_description) by extension 'colcon_meta'
[0.413s] Level 1:colcon.colcon_core.package_identification:_identify(src/moveit_resources/pr2_description) by extensions ['ros']
[0.413s] Level 1:colcon.colcon_core.package_identification:_identify(src/moveit_resources/pr2_description) by extension 'ros'
[0.413s] DEBUG:colcon.colcon_core.package_identification:Package 'src/moveit_resources/pr2_description' with type 'ros.ament_cmake' and name 'moveit_resources_pr2_description'
[0.413s] Level 1:colcon.colcon_core.package_identification:_identify(src/moveit_task_constructor) by extensions ['ignore', 'ignore_ament_install']
[0.413s] Level 1:colcon.colcon_core.package_identification:_identify(src/moveit_task_constructor) by extension 'ignore'
[0.413s] Level 1:colcon.colcon_core.package_identification:_identify(src/moveit_task_constructor) by extension 'ignore_ament_install'
[0.414s] Level 1:colcon.colcon_core.package_identification:_identify(src/moveit_task_constructor) by extensions ['colcon_pkg']
[0.414s] Level 1:colcon.colcon_core.package_identification:_identify(src/moveit_task_constructor) by extension 'colcon_pkg'
[0.414s] Level 1:colcon.colcon_core.package_identification:_identify(src/moveit_task_constructor) by extensions ['colcon_meta']
[0.414s] Level 1:colcon.colcon_core.package_identification:_identify(src/moveit_task_constructor) by extension 'colcon_meta'
[0.414s] Level 1:colcon.colcon_core.package_identification:_identify(src/moveit_task_constructor) by extensions ['ros']
[0.414s] Level 1:colcon.colcon_core.package_identification:_identify(src/moveit_task_constructor) by extension 'ros'
[0.414s] Level 1:colcon.colcon_core.package_identification:_identify(src/moveit_task_constructor) by extensions ['cmake', 'python']
[0.414s] Level 1:colcon.colcon_core.package_identification:_identify(src/moveit_task_constructor) by extension 'cmake'
[0.414s] Level 1:colcon.colcon_core.package_identification:_identify(src/moveit_task_constructor) by extension 'python'
[0.414s] Level 1:colcon.colcon_core.package_identification:_identify(src/moveit_task_constructor) by extensions ['python_setup_py']
[0.414s] Level 1:colcon.colcon_core.package_identification:_identify(src/moveit_task_constructor) by extension 'python_setup_py'
[0.414s] Level 1:colcon.colcon_core.package_identification:_identify(src/moveit_task_constructor/capabilities) by extensions ['ignore', 'ignore_ament_install']
[0.414s] Level 1:colcon.colcon_core.package_identification:_identify(src/moveit_task_constructor/capabilities) by extension 'ignore'
[0.414s] Level 1:colcon.colcon_core.package_identification:_identify(src/moveit_task_constructor/capabilities) by extension 'ignore_ament_install'
[0.414s] Level 1:colcon.colcon_core.package_identification:_identify(src/moveit_task_constructor/capabilities) by extensions ['colcon_pkg']
[0.414s] Level 1:colcon.colcon_core.package_identification:_identify(src/moveit_task_constructor/capabilities) by extension 'colcon_pkg'
[0.414s] Level 1:colcon.colcon_core.package_identification:_identify(src/moveit_task_constructor/capabilities) by extensions ['colcon_meta']
[0.414s] Level 1:colcon.colcon_core.package_identification:_identify(src/moveit_task_constructor/capabilities) by extension 'colcon_meta'
[0.414s] Level 1:colcon.colcon_core.package_identification:_identify(src/moveit_task_constructor/capabilities) by extensions ['ros']
[0.414s] Level 1:colcon.colcon_core.package_identification:_identify(src/moveit_task_constructor/capabilities) by extension 'ros'
[0.415s] DEBUG:colcon.colcon_core.package_identification:Package 'src/moveit_task_constructor/capabilities' with type 'ros.ament_cmake' and name 'moveit_task_constructor_capabilities'
[0.415s] Level 1:colcon.colcon_core.package_identification:_identify(src/moveit_task_constructor/core) by extensions ['ignore', 'ignore_ament_install']
[0.415s] Level 1:colcon.colcon_core.package_identification:_identify(src/moveit_task_constructor/core) by extension 'ignore'
[0.415s] Level 1:colcon.colcon_core.package_identification:_identify(src/moveit_task_constructor/core) by extension 'ignore_ament_install'
[0.416s] Level 1:colcon.colcon_core.package_identification:_identify(src/moveit_task_constructor/core) by extensions ['colcon_pkg']
[0.416s] Level 1:colcon.colcon_core.package_identification:_identify(src/moveit_task_constructor/core) by extension 'colcon_pkg'
[0.416s] Level 1:colcon.colcon_core.package_identification:_identify(src/moveit_task_constructor/core) by extensions ['colcon_meta']
[0.416s] Level 1:colcon.colcon_core.package_identification:_identify(src/moveit_task_constructor/core) by extension 'colcon_meta'
[0.416s] Level 1:colcon.colcon_core.package_identification:_identify(src/moveit_task_constructor/core) by extensions ['ros']
[0.416s] Level 1:colcon.colcon_core.package_identification:_identify(src/moveit_task_constructor/core) by extension 'ros'
[0.417s] DEBUG:colcon.colcon_core.package_identification:Package 'src/moveit_task_constructor/core' with type 'ros.ament_cmake' and name 'moveit_task_constructor_core'
[0.417s] Level 1:colcon.colcon_core.package_identification:_identify(src/moveit_task_constructor/demo) by extensions ['ignore', 'ignore_ament_install']
[0.417s] Level 1:colcon.colcon_core.package_identification:_identify(src/moveit_task_constructor/demo) by extension 'ignore'
[0.417s] Level 1:colcon.colcon_core.package_identification:_identify(src/moveit_task_constructor/demo) by extension 'ignore_ament_install'
[0.417s] Level 1:colcon.colcon_core.package_identification:_identify(src/moveit_task_constructor/demo) by extensions ['colcon_pkg']
[0.417s] Level 1:colcon.colcon_core.package_identification:_identify(src/moveit_task_constructor/demo) by extension 'colcon_pkg'
[0.417s] Level 1:colcon.colcon_core.package_identification:_identify(src/moveit_task_constructor/demo) by extensions ['colcon_meta']
[0.417s] Level 1:colcon.colcon_core.package_identification:_identify(src/moveit_task_constructor/demo) by extension 'colcon_meta'
[0.417s] Level 1:colcon.colcon_core.package_identification:_identify(src/moveit_task_constructor/demo) by extensions ['ros']
[0.418s] Level 1:colcon.colcon_core.package_identification:_identify(src/moveit_task_constructor/demo) by extension 'ros'
[0.418s] DEBUG:colcon.colcon_core.package_identification:Package 'src/moveit_task_constructor/demo' with type 'ros.ament_cmake' and name 'moveit_task_constructor_demo'
[0.418s] Level 1:colcon.colcon_core.package_identification:_identify(src/moveit_task_constructor/msgs) by extensions ['ignore', 'ignore_ament_install']
[0.418s] Level 1:colcon.colcon_core.package_identification:_identify(src/moveit_task_constructor/msgs) by extension 'ignore'
[0.418s] Level 1:colcon.colcon_core.package_identification:_identify(src/moveit_task_constructor/msgs) by extension 'ignore_ament_install'
[0.419s] Level 1:colcon.colcon_core.package_identification:_identify(src/moveit_task_constructor/msgs) by extensions ['colcon_pkg']
[0.419s] Level 1:colcon.colcon_core.package_identification:_identify(src/moveit_task_constructor/msgs) by extension 'colcon_pkg'
[0.419s] Level 1:colcon.colcon_core.package_identification:_identify(src/moveit_task_constructor/msgs) by extensions ['colcon_meta']
[0.419s] Level 1:colcon.colcon_core.package_identification:_identify(src/moveit_task_constructor/msgs) by extension 'colcon_meta'
[0.419s] Level 1:colcon.colcon_core.package_identification:_identify(src/moveit_task_constructor/msgs) by extensions ['ros']
[0.419s] Level 1:colcon.colcon_core.package_identification:_identify(src/moveit_task_constructor/msgs) by extension 'ros'
[0.419s] DEBUG:colcon.colcon_core.package_identification:Package 'src/moveit_task_constructor/msgs' with type 'ros.ament_cmake' and name 'moveit_task_constructor_msgs'
[0.419s] Level 1:colcon.colcon_core.package_identification:_identify(src/moveit_task_constructor/rviz_marker_tools) by extensions ['ignore', 'ignore_ament_install']
[0.419s] Level 1:colcon.colcon_core.package_identification:_identify(src/moveit_task_constructor/rviz_marker_tools) by extension 'ignore'
[0.419s] Level 1:colcon.colcon_core.package_identification:_identify(src/moveit_task_constructor/rviz_marker_tools) by extension 'ignore_ament_install'
[0.420s] Level 1:colcon.colcon_core.package_identification:_identify(src/moveit_task_constructor/rviz_marker_tools) by extensions ['colcon_pkg']
[0.420s] Level 1:colcon.colcon_core.package_identification:_identify(src/moveit_task_constructor/rviz_marker_tools) by extension 'colcon_pkg'
[0.420s] Level 1:colcon.colcon_core.package_identification:_identify(src/moveit_task_constructor/rviz_marker_tools) by extensions ['colcon_meta']
[0.420s] Level 1:colcon.colcon_core.package_identification:_identify(src/moveit_task_constructor/rviz_marker_tools) by extension 'colcon_meta'
[0.420s] Level 1:colcon.colcon_core.package_identification:_identify(src/moveit_task_constructor/rviz_marker_tools) by extensions ['ros']
[0.420s] Level 1:colcon.colcon_core.package_identification:_identify(src/moveit_task_constructor/rviz_marker_tools) by extension 'ros'
[0.420s] DEBUG:colcon.colcon_core.package_identification:Package 'src/moveit_task_constructor/rviz_marker_tools' with type 'ros.ament_cmake' and name 'rviz_marker_tools'
[0.421s] Level 1:colcon.colcon_core.package_identification:_identify(src/moveit_task_constructor/visualization) by extensions ['ignore', 'ignore_ament_install']
[0.421s] Level 1:colcon.colcon_core.package_identification:_identify(src/moveit_task_constructor/visualization) by extension 'ignore'
[0.421s] Level 1:colcon.colcon_core.package_identification:_identify(src/moveit_task_constructor/visualization) by extension 'ignore_ament_install'
[0.421s] Level 1:colcon.colcon_core.package_identification:_identify(src/moveit_task_constructor/visualization) by extensions ['colcon_pkg']
[0.421s] Level 1:colcon.colcon_core.package_identification:_identify(src/moveit_task_constructor/visualization) by extension 'colcon_pkg'
[0.421s] Level 1:colcon.colcon_core.package_identification:_identify(src/moveit_task_constructor/visualization) by extensions ['colcon_meta']
[0.421s] Level 1:colcon.colcon_core.package_identification:_identify(src/moveit_task_constructor/visualization) by extension 'colcon_meta'
[0.421s] Level 1:colcon.colcon_core.package_identification:_identify(src/moveit_task_constructor/visualization) by extensions ['ros']
[0.421s] Level 1:colcon.colcon_core.package_identification:_identify(src/moveit_task_constructor/visualization) by extension 'ros'
[0.422s] DEBUG:colcon.colcon_core.package_identification:Package 'src/moveit_task_constructor/visualization' with type 'ros.ament_cmake' and name 'moveit_task_constructor_visualization'
[0.422s] Level 1:colcon.colcon_core.package_identification:_identify(src/moveit_visual_tools) by extensions ['ignore', 'ignore_ament_install']
[0.422s] Level 1:colcon.colcon_core.package_identification:_identify(src/moveit_visual_tools) by extension 'ignore'
[0.422s] Level 1:colcon.colcon_core.package_identification:_identify(src/moveit_visual_tools) by extension 'ignore_ament_install'
[0.422s] Level 1:colcon.colcon_core.package_identification:_identify(src/moveit_visual_tools) by extensions ['colcon_pkg']
[0.422s] Level 1:colcon.colcon_core.package_identification:_identify(src/moveit_visual_tools) by extension 'colcon_pkg'
[0.422s] Level 1:colcon.colcon_core.package_identification:_identify(src/moveit_visual_tools) by extensions ['colcon_meta']
[0.422s] Level 1:colcon.colcon_core.package_identification:_identify(src/moveit_visual_tools) by extension 'colcon_meta'
[0.422s] Level 1:colcon.colcon_core.package_identification:_identify(src/moveit_visual_tools) by extensions ['ros']
[0.422s] Level 1:colcon.colcon_core.package_identification:_identify(src/moveit_visual_tools) by extension 'ros'
[0.424s] DEBUG:colcon.colcon_core.package_identification:Package 'src/moveit_visual_tools' with type 'ros.ament_cmake' and name 'moveit_visual_tools'
[0.424s] Level 1:colcon.colcon_core.package_identification:_identify(src/new_configuration) by extensions ['ignore', 'ignore_ament_install']
[0.424s] Level 1:colcon.colcon_core.package_identification:_identify(src/new_configuration) by extension 'ignore'
[0.424s] Level 1:colcon.colcon_core.package_identification:_identify(src/new_configuration) by extension 'ignore_ament_install'
[0.424s] Level 1:colcon.colcon_core.package_identification:_identify(src/new_configuration) by extensions ['colcon_pkg']
[0.424s] Level 1:colcon.colcon_core.package_identification:_identify(src/new_configuration) by extension 'colcon_pkg'
[0.424s] Level 1:colcon.colcon_core.package_identification:_identify(src/new_configuration) by extensions ['colcon_meta']
[0.424s] Level 1:colcon.colcon_core.package_identification:_identify(src/new_configuration) by extension 'colcon_meta'
[0.424s] Level 1:colcon.colcon_core.package_identification:_identify(src/new_configuration) by extensions ['ros']
[0.424s] Level 1:colcon.colcon_core.package_identification:_identify(src/new_configuration) by extension 'ros'
[0.425s] DEBUG:colcon.colcon_core.package_identification:Package 'src/new_configuration' with type 'ros.ament_cmake' and name 'new_configuration'
[0.425s] Level 1:colcon.colcon_core.package_identification:_identify(src/rosparam_shortcuts) by extensions ['ignore', 'ignore_ament_install']
[0.425s] Level 1:colcon.colcon_core.package_identification:_identify(src/rosparam_shortcuts) by extension 'ignore'
[0.425s] Level 1:colcon.colcon_core.package_identification:_identify(src/rosparam_shortcuts) by extension 'ignore_ament_install'
[0.425s] Level 1:colcon.colcon_core.package_identification:_identify(src/rosparam_shortcuts) by extensions ['colcon_pkg']
[0.425s] Level 1:colcon.colcon_core.package_identification:_identify(src/rosparam_shortcuts) by extension 'colcon_pkg'
[0.425s] Level 1:colcon.colcon_core.package_identification:_identify(src/rosparam_shortcuts) by extensions ['colcon_meta']
[0.425s] Level 1:colcon.colcon_core.package_identification:_identify(src/rosparam_shortcuts) by extension 'colcon_meta'
[0.425s] Level 1:colcon.colcon_core.package_identification:_identify(src/rosparam_shortcuts) by extensions ['ros']
[0.425s] Level 1:colcon.colcon_core.package_identification:_identify(src/rosparam_shortcuts) by extension 'ros'
[0.426s] DEBUG:colcon.colcon_core.package_identification:Package 'src/rosparam_shortcuts' with type 'ros.ament_cmake' and name 'rosparam_shortcuts'
[0.426s] Level 1:colcon.colcon_core.package_identification:_identify(src/srdfdom) by extensions ['ignore', 'ignore_ament_install']
[0.426s] Level 1:colcon.colcon_core.package_identification:_identify(src/srdfdom) by extension 'ignore'
[0.426s] Level 1:colcon.colcon_core.package_identification:_identify(src/srdfdom) by extension 'ignore_ament_install'
[0.426s] Level 1:colcon.colcon_core.package_identification:_identify(src/srdfdom) by extensions ['colcon_pkg']
[0.426s] Level 1:colcon.colcon_core.package_identification:_identify(src/srdfdom) by extension 'colcon_pkg'
[0.426s] Level 1:colcon.colcon_core.package_identification:_identify(src/srdfdom) by extensions ['colcon_meta']
[0.426s] Level 1:colcon.colcon_core.package_identification:_identify(src/srdfdom) by extension 'colcon_meta'
[0.426s] Level 1:colcon.colcon_core.package_identification:_identify(src/srdfdom) by extensions ['ros']
[0.426s] Level 1:colcon.colcon_core.package_identification:_identify(src/srdfdom) by extension 'ros'
[0.427s] DEBUG:colcon.colcon_core.package_identification:Package 'src/srdfdom' with type 'ros.ament_cmake' and name 'srdfdom'
[0.427s] Level 1:colcon.colcon_core.package_identification:_identify(src/ur3e) by extensions ['ignore', 'ignore_ament_install']
[0.427s] Level 1:colcon.colcon_core.package_identification:_identify(src/ur3e) by extension 'ignore'
[0.427s] Level 1:colcon.colcon_core.package_identification:_identify(src/ur3e) by extension 'ignore_ament_install'
[0.427s] Level 1:colcon.colcon_core.package_identification:_identify(src/ur3e) by extensions ['colcon_pkg']
[0.427s] Level 1:colcon.colcon_core.package_identification:_identify(src/ur3e) by extension 'colcon_pkg'
[0.427s] Level 1:colcon.colcon_core.package_identification:_identify(src/ur3e) by extensions ['colcon_meta']
[0.427s] Level 1:colcon.colcon_core.package_identification:_identify(src/ur3e) by extension 'colcon_meta'
[0.427s] Level 1:colcon.colcon_core.package_identification:_identify(src/ur3e) by extensions ['ros']
[0.427s] Level 1:colcon.colcon_core.package_identification:_identify(src/ur3e) by extension 'ros'
[0.428s] DEBUG:colcon.colcon_core.package_identification:Package 'src/ur3e' with type 'ros.ament_cmake' and name 'ur3e'
[0.428s] Level 1:colcon.colcon_core.package_identification:_identify(src/ur3e_motion_package) by extensions ['ignore', 'ignore_ament_install']
[0.428s] Level 1:colcon.colcon_core.package_identification:_identify(src/ur3e_motion_package) by extension 'ignore'
[0.428s] Level 1:colcon.colcon_core.package_identification:_identify(src/ur3e_motion_package) by extension 'ignore_ament_install'
[0.428s] Level 1:colcon.colcon_core.package_identification:_identify(src/ur3e_motion_package) by extensions ['colcon_pkg']
[0.428s] Level 1:colcon.colcon_core.package_identification:_identify(src/ur3e_motion_package) by extension 'colcon_pkg'
[0.429s] Level 1:colcon.colcon_core.package_identification:_identify(src/ur3e_motion_package) by extensions ['colcon_meta']
[0.429s] Level 1:colcon.colcon_core.package_identification:_identify(src/ur3e_motion_package) by extension 'colcon_meta'
[0.429s] Level 1:colcon.colcon_core.package_identification:_identify(src/ur3e_motion_package) by extensions ['ros']
[0.429s] Level 1:colcon.colcon_core.package_identification:_identify(src/ur3e_motion_package) by extension 'ros'
[0.429s] DEBUG:colcon.colcon_core.package_identification:Package 'src/ur3e_motion_package' with type 'ros.ament_python' and name 'ur3e_motion_package'
[0.429s] Level 1:colcon.colcon_core.package_discovery:discover_packages(recursive) using defaults
[0.429s] Level 1:colcon.colcon_core.package_discovery:discover_packages(ignore) discover
[0.429s] Level 1:colcon.colcon_core.package_discovery:discover_packages(ignore) using defaults
[0.429s] Level 1:colcon.colcon_core.package_discovery:discover_packages(path) discover
[0.429s] Level 1:colcon.colcon_core.package_discovery:discover_packages(path) using defaults
[0.503s] Level 1:colcon.colcon_core.package_discovery:discover_packages(prefix_path) check parameters
[0.503s] Level 1:colcon.colcon_core.package_discovery:discover_packages(prefix_path) discover
[0.504s] WARNING:colcon.colcon_ros.prefix_path.ament:The path '/home/vinayak/ws_moveit2/install/ur' in the environment variable AMENT_PREFIX_PATH doesn't exist
[0.504s] WARNING:colcon.colcon_ros.prefix_path.ament:The path '/home/vinayak/ws_moveit2/install/ur_calibration' in the environment variable AMENT_PREFIX_PATH doesn't exist
[0.504s] WARNING:colcon.colcon_ros.prefix_path.ament:The path '/home/vinayak/ws_moveit2/install/ur_robot_driver' in the environment variable AMENT_PREFIX_PATH doesn't exist
[0.504s] WARNING:colcon.colcon_ros.prefix_path.ament:The path '/home/vinayak/ws_moveit2/install/ur_moveit_config' in the environment variable AMENT_PREFIX_PATH doesn't exist
[0.504s] WARNING:colcon.colcon_ros.prefix_path.ament:The path '/home/vinayak/ws_moveit2/install/ur_bringup' in the environment variable AMENT_PREFIX_PATH doesn't exist
[0.504s] WARNING:colcon.colcon_ros.prefix_path.ament:The path '/home/vinayak/ws_moveit2/install/ur_controllers' in the environment variable AMENT_PREFIX_PATH doesn't exist
[0.504s] WARNING:colcon.colcon_ros.prefix_path.ament:The path '/home/vinayak/ws_moveit2/install/ur_dashboard_msgs' in the environment variable AMENT_PREFIX_PATH doesn't exist
[0.504s] WARNING:colcon.colcon_ros.prefix_path.ament:The path '/home/vinayak/ws_moveit2/install/ur3e_motion_package' in the environment variable AMENT_PREFIX_PATH doesn't exist
[0.504s] WARNING:colcon.colcon_ros.prefix_path.ament:The path '/home/vinayak/ws_moveit2/install/new_configuration' in the environment variable AMENT_PREFIX_PATH doesn't exist
[0.504s] WARNING:colcon.colcon_ros.prefix_path.ament:The path '/home/vinayak/ws_moveit2/install/ur3e' in the environment variable AMENT_PREFIX_PATH doesn't exist
[0.504s] WARNING:colcon.colcon_ros.prefix_path.ament:The path '/home/vinayak/ws_moveit2/install/pilz_industrial_motion_planner_testutils' in the environment variable AMENT_PREFIX_PATH doesn't exist
[0.504s] WARNING:colcon.colcon_ros.prefix_path.ament:The path '/home/vinayak/ws_moveit2/install/moveit_runtime' in the environment variable AMENT_PREFIX_PATH doesn't exist
[0.504s] WARNING:colcon.colcon_ros.prefix_path.ament:The path '/home/vinayak/ws_moveit2/install/moveit2_tutorials' in the environment variable AMENT_PREFIX_PATH doesn't exist
[0.504s] WARNING:colcon.colcon_ros.prefix_path.ament:The path '/home/vinayak/ws_moveit2/install/moveit' in the environment variable AMENT_PREFIX_PATH doesn't exist
[0.504s] WARNING:colcon.colcon_ros.prefix_path.ament:The path '/home/vinayak/ws_moveit2/install/moveit_planners' in the environment variable AMENT_PREFIX_PATH doesn't exist
[0.505s] WARNING:colcon.colcon_ros.prefix_path.ament:The path '/home/vinayak/ws_moveit2/install/pilz_industrial_motion_planner' in the environment variable AMENT_PREFIX_PATH doesn't exist
[0.505s] WARNING:colcon.colcon_ros.prefix_path.ament:The path '/home/vinayak/ws_moveit2/install/moveit_visual_tools' in the environment variable AMENT_PREFIX_PATH doesn't exist
[0.505s] WARNING:colcon.colcon_ros.prefix_path.ament:The path '/home/vinayak/ws_moveit2/install/moveit_task_constructor_visualization' in the environment variable AMENT_PREFIX_PATH doesn't exist
[0.505s] WARNING:colcon.colcon_ros.prefix_path.ament:The path '/home/vinayak/ws_moveit2/install/moveit_task_constructor_demo' in the environment variable AMENT_PREFIX_PATH doesn't exist
[0.505s] WARNING:colcon.colcon_ros.prefix_path.ament:The path '/home/vinayak/ws_moveit2/install/moveit_task_constructor_capabilities' in the environment variable AMENT_PREFIX_PATH doesn't exist
[0.505s] WARNING:colcon.colcon_ros.prefix_path.ament:The path '/home/vinayak/ws_moveit2/install/moveit_ros_control_interface' in the environment variable AMENT_PREFIX_PATH doesn't exist
[0.505s] WARNING:colcon.colcon_ros.prefix_path.ament:The path '/home/vinayak/ws_moveit2/install/moveit_plugins' in the environment variable AMENT_PREFIX_PATH doesn't exist
[0.505s] WARNING:colcon.colcon_ros.prefix_path.ament:The path '/home/vinayak/ws_moveit2/install/moveit_simple_controller_manager' in the environment variable AMENT_PREFIX_PATH doesn't exist
[0.505s] WARNING:colcon.colcon_ros.prefix_path.ament:The path '/home/vinayak/ws_moveit2/install/moveit_setup_assistant' in the environment variable AMENT_PREFIX_PATH doesn't exist
[0.505s] WARNING:colcon.colcon_ros.prefix_path.ament:The path '/home/vinayak/ws_moveit2/install/moveit_setup_srdf_plugins' in the environment variable AMENT_PREFIX_PATH doesn't exist
[0.505s] WARNING:colcon.colcon_ros.prefix_path.ament:The path '/home/vinayak/ws_moveit2/install/moveit_setup_core_plugins' in the environment variable AMENT_PREFIX_PATH doesn't exist
[0.505s] WARNING:colcon.colcon_ros.prefix_path.ament:The path '/home/vinayak/ws_moveit2/install/moveit_setup_controllers' in the environment variable AMENT_PREFIX_PATH doesn't exist
[0.505s] WARNING:colcon.colcon_ros.prefix_path.ament:The path '/home/vinayak/ws_moveit2/install/moveit_setup_app_plugins' in the environment variable AMENT_PREFIX_PATH doesn't exist
[0.505s] WARNING:colcon.colcon_ros.prefix_path.ament:The path '/home/vinayak/ws_moveit2/install/moveit_setup_framework' in the environment variable AMENT_PREFIX_PATH doesn't exist
[0.505s] WARNING:colcon.colcon_ros.prefix_path.ament:The path '/home/vinayak/ws_moveit2/install/moveit_servo' in the environment variable AMENT_PREFIX_PATH doesn't exist
[0.505s] WARNING:colcon.colcon_ros.prefix_path.ament:The path '/home/vinayak/ws_moveit2/install/moveit_ros' in the environment variable AMENT_PREFIX_PATH doesn't exist
[0.505s] WARNING:colcon.colcon_ros.prefix_path.ament:The path '/home/vinayak/ws_moveit2/install/moveit_ros_visualization' in the environment variable AMENT_PREFIX_PATH doesn't exist
[0.505s] WARNING:colcon.colcon_ros.prefix_path.ament:The path '/home/vinayak/ws_moveit2/install/moveit_hybrid_planning' in the environment variable AMENT_PREFIX_PATH doesn't exist
[0.505s] WARNING:colcon.colcon_ros.prefix_path.ament:The path '/home/vinayak/ws_moveit2/install/moveit_ros_planning_interface' in the environment variable AMENT_PREFIX_PATH doesn't exist
[0.505s] WARNING:colcon.colcon_ros.prefix_path.ament:The path '/home/vinayak/ws_moveit2/install/moveit_ros_benchmarks' in the environment variable AMENT_PREFIX_PATH doesn't exist
[0.505s] WARNING:colcon.colcon_ros.prefix_path.ament:The path '/home/vinayak/ws_moveit2/install/moveit_ros_warehouse' in the environment variable AMENT_PREFIX_PATH doesn't exist
[0.505s] WARNING:colcon.colcon_ros.prefix_path.ament:The path '/home/vinayak/ws_moveit2/install/moveit_ros_robot_interaction' in the environment variable AMENT_PREFIX_PATH doesn't exist
[0.505s] WARNING:colcon.colcon_ros.prefix_path.ament:The path '/home/vinayak/ws_moveit2/install/moveit_ros_perception' in the environment variable AMENT_PREFIX_PATH doesn't exist
[0.505s] WARNING:colcon.colcon_ros.prefix_path.ament:The path '/home/vinayak/ws_moveit2/install/moveit_resources_prbt_pg70_support' in the environment variable AMENT_PREFIX_PATH doesn't exist
[0.505s] WARNING:colcon.colcon_ros.prefix_path.ament:The path '/home/vinayak/ws_moveit2/install/moveit_resources_prbt_moveit_config' in the environment variable AMENT_PREFIX_PATH doesn't exist
[0.505s] WARNING:colcon.colcon_ros.prefix_path.ament:The path '/home/vinayak/ws_moveit2/install/moveit_ros_move_group' in the environment variable AMENT_PREFIX_PATH doesn't exist
[0.505s] WARNING:colcon.colcon_ros.prefix_path.ament:The path '/home/vinayak/ws_moveit2/install/moveit_planners_ompl' in the environment variable AMENT_PREFIX_PATH doesn't exist
[0.505s] WARNING:colcon.colcon_ros.prefix_path.ament:The path '/home/vinayak/ws_moveit2/install/moveit_ros_planning' in the environment variable AMENT_PREFIX_PATH doesn't exist
[0.505s] WARNING:colcon.colcon_ros.prefix_path.ament:The path '/home/vinayak/ws_moveit2/install/moveit_ros_occupancy_map_monitor' in the environment variable AMENT_PREFIX_PATH doesn't exist
[0.505s] WARNING:colcon.colcon_ros.prefix_path.ament:The path '/home/vinayak/ws_moveit2/install/moveit_resources_prbt_ikfast_manipulator_plugin' in the environment variable AMENT_PREFIX_PATH doesn't exist
[0.505s] WARNING:colcon.colcon_ros.prefix_path.ament:The path '/home/vinayak/ws_moveit2/install/moveit_planners_chomp' in the environment variable AMENT_PREFIX_PATH doesn't exist
[0.506s] WARNING:colcon.colcon_ros.prefix_path.ament:The path '/home/vinayak/ws_moveit2/install/moveit_kinematics' in the environment variable AMENT_PREFIX_PATH doesn't exist
[0.506s] WARNING:colcon.colcon_ros.prefix_path.ament:The path '/home/vinayak/ws_moveit2/install/moveit_chomp_optimizer_adapter' in the environment variable AMENT_PREFIX_PATH doesn't exist
[0.506s] WARNING:colcon.colcon_ros.prefix_path.ament:The path '/home/vinayak/ws_moveit2/install/chomp_motion_planner' in the environment variable AMENT_PREFIX_PATH doesn't exist
[0.506s] WARNING:colcon.colcon_ros.prefix_path.ament:The path '/home/vinayak/ws_moveit2/install/moveit_core' in the environment variable AMENT_PREFIX_PATH doesn't exist
[0.506s] WARNING:colcon.colcon_ros.prefix_path.ament:The path '/home/vinayak/ws_moveit2/install/moveit_configs_utils' in the environment variable AMENT_PREFIX_PATH doesn't exist
[0.506s] WARNING:colcon.colcon_ros.prefix_path.ament:The path '/home/vinayak/ws_moveit2/install/srdfdom' in the environment variable AMENT_PREFIX_PATH doesn't exist
[0.506s] WARNING:colcon.colcon_ros.prefix_path.ament:The path '/home/vinayak/ws_moveit2/install/rviz_marker_tools' in the environment variable AMENT_PREFIX_PATH doesn't exist
[0.506s] WARNING:colcon.colcon_ros.prefix_path.ament:The path '/home/vinayak/ws_moveit2/install/rosparam_shortcuts' in the environment variable AMENT_PREFIX_PATH doesn't exist
[0.506s] WARNING:colcon.colcon_ros.prefix_path.ament:The path '/home/vinayak/ws_moveit2/install/moveit_resources_prbt_support' in the environment variable AMENT_PREFIX_PATH doesn't exist
[0.506s] WARNING:colcon.colcon_ros.prefix_path.ament:The path '/home/vinayak/ws_moveit2/install/moveit_resources' in the environment variable AMENT_PREFIX_PATH doesn't exist
[0.506s] WARNING:colcon.colcon_ros.prefix_path.ament:The path '/home/vinayak/ws_moveit2/install/moveit_resources_pr2_description' in the environment variable AMENT_PREFIX_PATH doesn't exist
[0.506s] WARNING:colcon.colcon_ros.prefix_path.ament:The path '/home/vinayak/ws_moveit2/install/moveit_resources_panda_moveit_config' in the environment variable AMENT_PREFIX_PATH doesn't exist
[0.506s] WARNING:colcon.colcon_ros.prefix_path.ament:The path '/home/vinayak/ws_moveit2/install/moveit_resources_panda_description' in the environment variable AMENT_PREFIX_PATH doesn't exist
[0.506s] WARNING:colcon.colcon_ros.prefix_path.ament:The path '/home/vinayak/ws_moveit2/install/moveit_resources_fanuc_moveit_config' in the environment variable AMENT_PREFIX_PATH doesn't exist
[0.506s] WARNING:colcon.colcon_ros.prefix_path.ament:The path '/home/vinayak/ws_moveit2/install/moveit_resources_fanuc_description' in the environment variable AMENT_PREFIX_PATH doesn't exist
[0.506s] WARNING:colcon.colcon_ros.prefix_path.ament:The path '/home/vinayak/ws_moveit2/install/moveit_common' in the environment variable AMENT_PREFIX_PATH doesn't exist
[0.506s] WARNING:colcon.colcon_ros.prefix_path.ament:The path '/home/vinayak/ws_moveit2/install/launch_param_builder' in the environment variable AMENT_PREFIX_PATH doesn't exist
[0.506s] WARNING:colcon.colcon_ros.prefix_path.catkin:The path '/home/vinayak/ws_moveit2/install/ur' in the environment variable CMAKE_PREFIX_PATH doesn't exist
[0.506s] WARNING:colcon.colcon_ros.prefix_path.catkin:The path '/home/vinayak/ws_moveit2/install/ur_calibration' in the environment variable CMAKE_PREFIX_PATH doesn't exist
[0.506s] WARNING:colcon.colcon_ros.prefix_path.catkin:The path '/home/vinayak/ws_moveit2/install/ur_robot_driver' in the environment variable CMAKE_PREFIX_PATH doesn't exist
[0.506s] WARNING:colcon.colcon_ros.prefix_path.catkin:The path '/home/vinayak/ws_moveit2/install/ur_moveit_config' in the environment variable CMAKE_PREFIX_PATH doesn't exist
[0.506s] WARNING:colcon.colcon_ros.prefix_path.catkin:The path '/home/vinayak/ws_moveit2/install/ur_bringup' in the environment variable CMAKE_PREFIX_PATH doesn't exist
[0.506s] WARNING:colcon.colcon_ros.prefix_path.catkin:The path '/home/vinayak/ws_moveit2/install/ur_controllers' in the environment variable CMAKE_PREFIX_PATH doesn't exist
[0.506s] WARNING:colcon.colcon_ros.prefix_path.catkin:The path '/home/vinayak/ws_moveit2/install/ur_dashboard_msgs' in the environment variable CMAKE_PREFIX_PATH doesn't exist
[0.506s] WARNING:colcon.colcon_ros.prefix_path.catkin:The path '/home/vinayak/ws_moveit2/install/new_configuration' in the environment variable CMAKE_PREFIX_PATH doesn't exist
[0.506s] WARNING:colcon.colcon_ros.prefix_path.catkin:The path '/home/vinayak/ws_moveit2/install/ur3e' in the environment variable CMAKE_PREFIX_PATH doesn't exist
[0.506s] WARNING:colcon.colcon_ros.prefix_path.catkin:The path '/home/vinayak/ws_moveit2/install/pilz_industrial_motion_planner_testutils' in the environment variable CMAKE_PREFIX_PATH doesn't exist
[0.506s] WARNING:colcon.colcon_ros.prefix_path.catkin:The path '/home/vinayak/ws_moveit2/install/moveit_runtime' in the environment variable CMAKE_PREFIX_PATH doesn't exist
[0.506s] WARNING:colcon.colcon_ros.prefix_path.catkin:The path '/home/vinayak/ws_moveit2/install/moveit2_tutorials' in the environment variable CMAKE_PREFIX_PATH doesn't exist
[0.506s] WARNING:colcon.colcon_ros.prefix_path.catkin:The path '/home/vinayak/ws_moveit2/install/moveit' in the environment variable CMAKE_PREFIX_PATH doesn't exist
[0.507s] WARNING:colcon.colcon_ros.prefix_path.catkin:The path '/home/vinayak/ws_moveit2/install/moveit_planners' in the environment variable CMAKE_PREFIX_PATH doesn't exist
[0.507s] WARNING:colcon.colcon_ros.prefix_path.catkin:The path '/home/vinayak/ws_moveit2/install/pilz_industrial_motion_planner' in the environment variable CMAKE_PREFIX_PATH doesn't exist
[0.507s] WARNING:colcon.colcon_ros.prefix_path.catkin:The path '/home/vinayak/ws_moveit2/install/moveit_visual_tools' in the environment variable CMAKE_PREFIX_PATH doesn't exist
[0.507s] WARNING:colcon.colcon_ros.prefix_path.catkin:The path '/home/vinayak/ws_moveit2/install/moveit_task_constructor_visualization' in the environment variable CMAKE_PREFIX_PATH doesn't exist
[0.507s] WARNING:colcon.colcon_ros.prefix_path.catkin:The path '/home/vinayak/ws_moveit2/install/moveit_task_constructor_demo' in the environment variable CMAKE_PREFIX_PATH doesn't exist
[0.507s] WARNING:colcon.colcon_ros.prefix_path.catkin:The path '/home/vinayak/ws_moveit2/install/moveit_task_constructor_capabilities' in the environment variable CMAKE_PREFIX_PATH doesn't exist
[0.507s] WARNING:colcon.colcon_ros.prefix_path.catkin:The path '/home/vinayak/ws_moveit2/install/moveit_ros_control_interface' in the environment variable CMAKE_PREFIX_PATH doesn't exist
[0.507s] WARNING:colcon.colcon_ros.prefix_path.catkin:The path '/home/vinayak/ws_moveit2/install/moveit_plugins' in the environment variable CMAKE_PREFIX_PATH doesn't exist
[0.507s] WARNING:colcon.colcon_ros.prefix_path.catkin:The path '/home/vinayak/ws_moveit2/install/moveit_simple_controller_manager' in the environment variable CMAKE_PREFIX_PATH doesn't exist
[0.507s] WARNING:colcon.colcon_ros.prefix_path.catkin:The path '/home/vinayak/ws_moveit2/install/moveit_setup_assistant' in the environment variable CMAKE_PREFIX_PATH doesn't exist
[0.507s] WARNING:colcon.colcon_ros.prefix_path.catkin:The path '/home/vinayak/ws_moveit2/install/moveit_setup_srdf_plugins' in the environment variable CMAKE_PREFIX_PATH doesn't exist
[0.507s] WARNING:colcon.colcon_ros.prefix_path.catkin:The path '/home/vinayak/ws_moveit2/install/moveit_setup_core_plugins' in the environment variable CMAKE_PREFIX_PATH doesn't exist
[0.507s] WARNING:colcon.colcon_ros.prefix_path.catkin:The path '/home/vinayak/ws_moveit2/install/moveit_setup_controllers' in the environment variable CMAKE_PREFIX_PATH doesn't exist
[0.507s] WARNING:colcon.colcon_ros.prefix_path.catkin:The path '/home/vinayak/ws_moveit2/install/moveit_setup_app_plugins' in the environment variable CMAKE_PREFIX_PATH doesn't exist
[0.507s] WARNING:colcon.colcon_ros.prefix_path.catkin:The path '/home/vinayak/ws_moveit2/install/moveit_setup_framework' in the environment variable CMAKE_PREFIX_PATH doesn't exist
[0.507s] WARNING:colcon.colcon_ros.prefix_path.catkin:The path '/home/vinayak/ws_moveit2/install/moveit_servo' in the environment variable CMAKE_PREFIX_PATH doesn't exist
[0.507s] WARNING:colcon.colcon_ros.prefix_path.catkin:The path '/home/vinayak/ws_moveit2/install/moveit_ros' in the environment variable CMAKE_PREFIX_PATH doesn't exist
[0.507s] WARNING:colcon.colcon_ros.prefix_path.catkin:The path '/home/vinayak/ws_moveit2/install/moveit_ros_visualization' in the environment variable CMAKE_PREFIX_PATH doesn't exist
[0.507s] WARNING:colcon.colcon_ros.prefix_path.catkin:The path '/home/vinayak/ws_moveit2/install/moveit_hybrid_planning' in the environment variable CMAKE_PREFIX_PATH doesn't exist
[0.507s] WARNING:colcon.colcon_ros.prefix_path.catkin:The path '/home/vinayak/ws_moveit2/install/moveit_ros_planning_interface' in the environment variable CMAKE_PREFIX_PATH doesn't exist
[0.507s] WARNING:colcon.colcon_ros.prefix_path.catkin:The path '/home/vinayak/ws_moveit2/install/moveit_ros_benchmarks' in the environment variable CMAKE_PREFIX_PATH doesn't exist
[0.507s] WARNING:colcon.colcon_ros.prefix_path.catkin:The path '/home/vinayak/ws_moveit2/install/moveit_ros_warehouse' in the environment variable CMAKE_PREFIX_PATH doesn't exist
[0.507s] WARNING:colcon.colcon_ros.prefix_path.catkin:The path '/home/vinayak/ws_moveit2/install/moveit_ros_robot_interaction' in the environment variable CMAKE_PREFIX_PATH doesn't exist
[0.507s] WARNING:colcon.colcon_ros.prefix_path.catkin:The path '/home/vinayak/ws_moveit2/install/moveit_ros_perception' in the environment variable CMAKE_PREFIX_PATH doesn't exist
[0.507s] WARNING:colcon.colcon_ros.prefix_path.catkin:The path '/home/vinayak/ws_moveit2/install/moveit_resources_prbt_pg70_support' in the environment variable CMAKE_PREFIX_PATH doesn't exist
[0.507s] WARNING:colcon.colcon_ros.prefix_path.catkin:The path '/home/vinayak/ws_moveit2/install/moveit_resources_prbt_moveit_config' in the environment variable CMAKE_PREFIX_PATH doesn't exist
[0.507s] WARNING:colcon.colcon_ros.prefix_path.catkin:The path '/home/vinayak/ws_moveit2/install/moveit_ros_move_group' in the environment variable CMAKE_PREFIX_PATH doesn't exist
[0.507s] WARNING:colcon.colcon_ros.prefix_path.catkin:The path '/home/vinayak/ws_moveit2/install/moveit_planners_ompl' in the environment variable CMAKE_PREFIX_PATH doesn't exist
[0.507s] WARNING:colcon.colcon_ros.prefix_path.catkin:The path '/home/vinayak/ws_moveit2/install/moveit_ros_planning' in the environment variable CMAKE_PREFIX_PATH doesn't exist
[0.507s] WARNING:colcon.colcon_ros.prefix_path.catkin:The path '/home/vinayak/ws_moveit2/install/moveit_ros_occupancy_map_monitor' in the environment variable CMAKE_PREFIX_PATH doesn't exist
[0.507s] WARNING:colcon.colcon_ros.prefix_path.catkin:The path '/home/vinayak/ws_moveit2/install/moveit_resources_prbt_ikfast_manipulator_plugin' in the environment variable CMAKE_PREFIX_PATH doesn't exist
[0.507s] WARNING:colcon.colcon_ros.prefix_path.catkin:The path '/home/vinayak/ws_moveit2/install/moveit_planners_chomp' in the environment variable CMAKE_PREFIX_PATH doesn't exist
[0.507s] WARNING:colcon.colcon_ros.prefix_path.catkin:The path '/home/vinayak/ws_moveit2/install/moveit_kinematics' in the environment variable CMAKE_PREFIX_PATH doesn't exist
[0.508s] WARNING:colcon.colcon_ros.prefix_path.catkin:The path '/home/vinayak/ws_moveit2/install/moveit_chomp_optimizer_adapter' in the environment variable CMAKE_PREFIX_PATH doesn't exist
[0.508s] WARNING:colcon.colcon_ros.prefix_path.catkin:The path '/home/vinayak/ws_moveit2/install/chomp_motion_planner' in the environment variable CMAKE_PREFIX_PATH doesn't exist
[0.508s] WARNING:colcon.colcon_ros.prefix_path.catkin:The path '/home/vinayak/ws_moveit2/install/moveit_core' in the environment variable CMAKE_PREFIX_PATH doesn't exist
[0.508s] WARNING:colcon.colcon_ros.prefix_path.catkin:The path '/home/vinayak/ws_moveit2/install/srdfdom' in the environment variable CMAKE_PREFIX_PATH doesn't exist
[0.508s] WARNING:colcon.colcon_ros.prefix_path.catkin:The path '/home/vinayak/ws_moveit2/install/rviz_marker_tools' in the environment variable CMAKE_PREFIX_PATH doesn't exist
[0.508s] WARNING:colcon.colcon_ros.prefix_path.catkin:The path '/home/vinayak/ws_moveit2/install/rosparam_shortcuts' in the environment variable CMAKE_PREFIX_PATH doesn't exist
[0.508s] WARNING:colcon.colcon_ros.prefix_path.catkin:The path '/home/vinayak/ws_moveit2/install/moveit_resources_prbt_support' in the environment variable CMAKE_PREFIX_PATH doesn't exist
[0.508s] WARNING:colcon.colcon_ros.prefix_path.catkin:The path '/home/vinayak/ws_moveit2/install/moveit_resources' in the environment variable CMAKE_PREFIX_PATH doesn't exist
[0.508s] WARNING:colcon.colcon_ros.prefix_path.catkin:The path '/home/vinayak/ws_moveit2/install/moveit_resources_pr2_description' in the environment variable CMAKE_PREFIX_PATH doesn't exist
[0.508s] WARNING:colcon.colcon_ros.prefix_path.catkin:The path '/home/vinayak/ws_moveit2/install/moveit_resources_panda_moveit_config' in the environment variable CMAKE_PREFIX_PATH doesn't exist
[0.508s] WARNING:colcon.colcon_ros.prefix_path.catkin:The path '/home/vinayak/ws_moveit2/install/moveit_resources_panda_description' in the environment variable CMAKE_PREFIX_PATH doesn't exist
[0.508s] WARNING:colcon.colcon_ros.prefix_path.catkin:The path '/home/vinayak/ws_moveit2/install/moveit_resources_fanuc_moveit_config' in the environment variable CMAKE_PREFIX_PATH doesn't exist
[0.508s] WARNING:colcon.colcon_ros.prefix_path.catkin:The path '/home/vinayak/ws_moveit2/install/moveit_resources_fanuc_description' in the environment variable CMAKE_PREFIX_PATH doesn't exist
[0.508s] WARNING:colcon.colcon_ros.prefix_path.catkin:The path '/home/vinayak/ws_moveit2/install/moveit_common' in the environment variable CMAKE_PREFIX_PATH doesn't exist
[0.509s] DEBUG:colcon.colcon_installed_package_information.package_discovery:Found 2 installed packages in /home/vinayak/ws_moveit2/install
[0.510s] DEBUG:colcon.colcon_installed_package_information.package_discovery:Found 448 installed packages in /opt/ros/humble
[0.512s] Level 1:colcon.colcon_core.package_discovery:discover_packages(prefix_path) using defaults
[0.563s] Level 5:colcon.colcon_core.verb:set package 'launch_param_builder' build argument 'cmake_args' from command line to 'None'
[0.563s] Level 5:colcon.colcon_core.verb:set package 'launch_param_builder' build argument 'cmake_target' from command line to 'None'
[0.563s] Level 5:colcon.colcon_core.verb:set package 'launch_param_builder' build argument 'cmake_target_skip_unavailable' from command line to 'False'
[0.563s] Level 5:colcon.colcon_core.verb:set package 'launch_param_builder' build argument 'cmake_clean_cache' from command line to 'False'
[0.564s] Level 5:colcon.colcon_core.verb:set package 'launch_param_builder' build argument 'cmake_clean_first' from command line to 'False'
[0.564s] Level 5:colcon.colcon_core.verb:set package 'launch_param_builder' build argument 'cmake_force_configure' from command line to 'False'
[0.564s] Level 5:colcon.colcon_core.verb:set package 'launch_param_builder' build argument 'ament_cmake_args' from command line to 'None'
[0.564s] Level 5:colcon.colcon_core.verb:set package 'launch_param_builder' build argument 'catkin_cmake_args' from command line to 'None'
[0.564s] Level 5:colcon.colcon_core.verb:set package 'launch_param_builder' build argument 'catkin_skip_building_tests' from command line to 'False'
[0.564s] DEBUG:colcon.colcon_core.verb:Building package 'launch_param_builder' with the following arguments: {'ament_cmake_args': None, 'build_base': '/home/vinayak/ws_moveit2/build/launch_param_builder', 'catkin_cmake_args': None, 'catkin_skip_building_tests': False, 'cmake_args': None, 'cmake_clean_cache': False, 'cmake_clean_first': False, 'cmake_force_configure': False, 'cmake_target': None, 'cmake_target_skip_unavailable': False, 'install_base': '/home/vinayak/ws_moveit2/install/launch_param_builder', 'merge_install': False, 'path': '/home/vinayak/ws_moveit2/src/launch_param_builder', 'symlink_install': False, 'test_result_base': None}
[0.564s] Level 5:colcon.colcon_core.verb:set package 'moveit_common' build argument 'cmake_args' from command line to 'None'
[0.564s] Level 5:colcon.colcon_core.verb:set package 'moveit_common' build argument 'cmake_target' from command line to 'None'
[0.564s] Level 5:colcon.colcon_core.verb:set package 'moveit_common' build argument 'cmake_target_skip_unavailable' from command line to 'False'
[0.564s] Level 5:colcon.colcon_core.verb:set package 'moveit_common' build argument 'cmake_clean_cache' from command line to 'False'
[0.564s] Level 5:colcon.colcon_core.verb:set package 'moveit_common' build argument 'cmake_clean_first' from command line to 'False'
[0.564s] Level 5:colcon.colcon_core.verb:set package 'moveit_common' build argument 'cmake_force_configure' from command line to 'False'
[0.564s] Level 5:colcon.colcon_core.verb:set package 'moveit_common' build argument 'ament_cmake_args' from command line to 'None'
[0.564s] Level 5:colcon.colcon_core.verb:set package 'moveit_common' build argument 'catkin_cmake_args' from command line to 'None'
[0.564s] Level 5:colcon.colcon_core.verb:set package 'moveit_common' build argument 'catkin_skip_building_tests' from command line to 'False'
[0.564s] DEBUG:colcon.colcon_core.verb:Building package 'moveit_common' with the following arguments: {'ament_cmake_args': None, 'build_base': '/home/vinayak/ws_moveit2/build/moveit_common', 'catkin_cmake_args': None, 'catkin_skip_building_tests': False, 'cmake_args': None, 'cmake_clean_cache': False, 'cmake_clean_first': False, 'cmake_force_configure': False, 'cmake_target': None, 'cmake_target_skip_unavailable': False, 'install_base': '/home/vinayak/ws_moveit2/install/moveit_common', 'merge_install': False, 'path': '/home/vinayak/ws_moveit2/src/moveit2/moveit_common', 'symlink_install': False, 'test_result_base': None}
[0.565s] Level 5:colcon.colcon_core.verb:set package 'moveit_resources_fanuc_description' build argument 'cmake_args' from command line to 'None'
[0.565s] Level 5:colcon.colcon_core.verb:set package 'moveit_resources_fanuc_description' build argument 'cmake_target' from command line to 'None'
[0.565s] Level 5:colcon.colcon_core.verb:set package 'moveit_resources_fanuc_description' build argument 'cmake_target_skip_unavailable' from command line to 'False'
[0.565s] Level 5:colcon.colcon_core.verb:set package 'moveit_resources_fanuc_description' build argument 'cmake_clean_cache' from command line to 'False'
[0.565s] Level 5:colcon.colcon_core.verb:set package 'moveit_resources_fanuc_description' build argument 'cmake_clean_first' from command line to 'False'
[0.565s] Level 5:colcon.colcon_core.verb:set package 'moveit_resources_fanuc_description' build argument 'cmake_force_configure' from command line to 'False'
[0.565s] Level 5:colcon.colcon_core.verb:set package 'moveit_resources_fanuc_description' build argument 'ament_cmake_args' from command line to 'None'
[0.565s] Level 5:colcon.colcon_core.verb:set package 'moveit_resources_fanuc_description' build argument 'catkin_cmake_args' from command line to 'None'
[0.565s] Level 5:colcon.colcon_core.verb:set package 'moveit_resources_fanuc_description' build argument 'catkin_skip_building_tests' from command line to 'False'
[0.565s] DEBUG:colcon.colcon_core.verb:Building package 'moveit_resources_fanuc_description' with the following arguments: {'ament_cmake_args': None, 'build_base': '/home/vinayak/ws_moveit2/build/moveit_resources_fanuc_description', 'catkin_cmake_args': None, 'catkin_skip_building_tests': False, 'cmake_args': None, 'cmake_clean_cache': False, 'cmake_clean_first': False, 'cmake_force_configure': False, 'cmake_target': None, 'cmake_target_skip_unavailable': False, 'install_base': '/home/vinayak/ws_moveit2/install/moveit_resources_fanuc_description', 'merge_install': False, 'path': '/home/vinayak/ws_moveit2/src/moveit_resources/fanuc_description', 'symlink_install': False, 'test_result_base': None}
[0.565s] Level 5:colcon.colcon_core.verb:set package 'moveit_resources_panda_description' build argument 'cmake_args' from command line to 'None'
[0.565s] Level 5:colcon.colcon_core.verb:set package 'moveit_resources_panda_description' build argument 'cmake_target' from command line to 'None'
[0.565s] Level 5:colcon.colcon_core.verb:set package 'moveit_resources_panda_description' build argument 'cmake_target_skip_unavailable' from command line to 'False'
[0.565s] Level 5:colcon.colcon_core.verb:set package 'moveit_resources_panda_description' build argument 'cmake_clean_cache' from command line to 'False'
[0.565s] Level 5:colcon.colcon_core.verb:set package 'moveit_resources_panda_description' build argument 'cmake_clean_first' from command line to 'False'
[0.565s] Level 5:colcon.colcon_core.verb:set package 'moveit_resources_panda_description' build argument 'cmake_force_configure' from command line to 'False'
[0.565s] Level 5:colcon.colcon_core.verb:set package 'moveit_resources_panda_description' build argument 'ament_cmake_args' from command line to 'None'
[0.565s] Level 5:colcon.colcon_core.verb:set package 'moveit_resources_panda_description' build argument 'catkin_cmake_args' from command line to 'None'
[0.565s] Level 5:colcon.colcon_core.verb:set package 'moveit_resources_panda_description' build argument 'catkin_skip_building_tests' from command line to 'False'
[0.565s] DEBUG:colcon.colcon_core.verb:Building package 'moveit_resources_panda_description' with the following arguments: {'ament_cmake_args': None, 'build_base': '/home/vinayak/ws_moveit2/build/moveit_resources_panda_description', 'catkin_cmake_args': None, 'catkin_skip_building_tests': False, 'cmake_args': None, 'cmake_clean_cache': False, 'cmake_clean_first': False, 'cmake_force_configure': False, 'cmake_target': None, 'cmake_target_skip_unavailable': False, 'install_base': '/home/vinayak/ws_moveit2/install/moveit_resources_panda_description', 'merge_install': False, 'path': '/home/vinayak/ws_moveit2/src/moveit_resources/panda_description', 'symlink_install': False, 'test_result_base': None}
[0.566s] Level 5:colcon.colcon_core.verb:set package 'moveit_resources_pr2_description' build argument 'cmake_args' from command line to 'None'
[0.566s] Level 5:colcon.colcon_core.verb:set package 'moveit_resources_pr2_description' build argument 'cmake_target' from command line to 'None'
[0.566s] Level 5:colcon.colcon_core.verb:set package 'moveit_resources_pr2_description' build argument 'cmake_target_skip_unavailable' from command line to 'False'
[0.566s] Level 5:colcon.colcon_core.verb:set package 'moveit_resources_pr2_description' build argument 'cmake_clean_cache' from command line to 'False'
[0.566s] Level 5:colcon.colcon_core.verb:set package 'moveit_resources_pr2_description' build argument 'cmake_clean_first' from command line to 'False'
[0.566s] Level 5:colcon.colcon_core.verb:set package 'moveit_resources_pr2_description' build argument 'cmake_force_configure' from command line to 'False'
[0.566s] Level 5:colcon.colcon_core.verb:set package 'moveit_resources_pr2_description' build argument 'ament_cmake_args' from command line to 'None'
[0.566s] Level 5:colcon.colcon_core.verb:set package 'moveit_resources_pr2_description' build argument 'catkin_cmake_args' from command line to 'None'
[0.566s] Level 5:colcon.colcon_core.verb:set package 'moveit_resources_pr2_description' build argument 'catkin_skip_building_tests' from command line to 'False'
[0.566s] DEBUG:colcon.colcon_core.verb:Building package 'moveit_resources_pr2_description' with the following arguments: {'ament_cmake_args': None, 'build_base': '/home/vinayak/ws_moveit2/build/moveit_resources_pr2_description', 'catkin_cmake_args': None, 'catkin_skip_building_tests': False, 'cmake_args': None, 'cmake_clean_cache': False, 'cmake_clean_first': False, 'cmake_force_configure': False, 'cmake_target': None, 'cmake_target_skip_unavailable': False, 'install_base': '/home/vinayak/ws_moveit2/install/moveit_resources_pr2_description', 'merge_install': False, 'path': '/home/vinayak/ws_moveit2/src/moveit_resources/pr2_description', 'symlink_install': False, 'test_result_base': None}
[0.566s] Level 5:colcon.colcon_core.verb:set package 'moveit_resources_prbt_support' build argument 'cmake_args' from command line to 'None'
[0.566s] Level 5:colcon.colcon_core.verb:set package 'moveit_resources_prbt_support' build argument 'cmake_target' from command line to 'None'
[0.566s] Level 5:colcon.colcon_core.verb:set package 'moveit_resources_prbt_support' build argument 'cmake_target_skip_unavailable' from command line to 'False'
[0.566s] Level 5:colcon.colcon_core.verb:set package 'moveit_resources_prbt_support' build argument 'cmake_clean_cache' from command line to 'False'
[0.566s] Level 5:colcon.colcon_core.verb:set package 'moveit_resources_prbt_support' build argument 'cmake_clean_first' from command line to 'False'
[0.566s] Level 5:colcon.colcon_core.verb:set package 'moveit_resources_prbt_support' build argument 'cmake_force_configure' from command line to 'False'
[0.566s] Level 5:colcon.colcon_core.verb:set package 'moveit_resources_prbt_support' build argument 'ament_cmake_args' from command line to 'None'
[0.566s] Level 5:colcon.colcon_core.verb:set package 'moveit_resources_prbt_support' build argument 'catkin_cmake_args' from command line to 'None'
[0.566s] Level 5:colcon.colcon_core.verb:set package 'moveit_resources_prbt_support' build argument 'catkin_skip_building_tests' from command line to 'False'
[0.566s] DEBUG:colcon.colcon_core.verb:Building package 'moveit_resources_prbt_support' with the following arguments: {'ament_cmake_args': None, 'build_base': '/home/vinayak/ws_moveit2/build/moveit_resources_prbt_support', 'catkin_cmake_args': None, 'catkin_skip_building_tests': False, 'cmake_args': None, 'cmake_clean_cache': False, 'cmake_clean_first': False, 'cmake_force_configure': False, 'cmake_target': None, 'cmake_target_skip_unavailable': False, 'install_base': '/home/vinayak/ws_moveit2/install/moveit_resources_prbt_support', 'merge_install': False, 'path': '/home/vinayak/ws_moveit2/src/moveit2/moveit_planners/test_configs/prbt_support', 'symlink_install': False, 'test_result_base': None}
[0.567s] Level 5:colcon.colcon_core.verb:set package 'moveit_task_constructor_msgs' build argument 'cmake_args' from command line to 'None'
[0.567s] Level 5:colcon.colcon_core.verb:set package 'moveit_task_constructor_msgs' build argument 'cmake_target' from command line to 'None'
[0.567s] Level 5:colcon.colcon_core.verb:set package 'moveit_task_constructor_msgs' build argument 'cmake_target_skip_unavailable' from command line to 'False'
[0.567s] Level 5:colcon.colcon_core.verb:set package 'moveit_task_constructor_msgs' build argument 'cmake_clean_cache' from command line to 'False'
[0.567s] Level 5:colcon.colcon_core.verb:set package 'moveit_task_constructor_msgs' build argument 'cmake_clean_first' from command line to 'False'
[0.567s] Level 5:colcon.colcon_core.verb:set package 'moveit_task_constructor_msgs' build argument 'cmake_force_configure' from command line to 'False'
[0.567s] Level 5:colcon.colcon_core.verb:set package 'moveit_task_constructor_msgs' build argument 'ament_cmake_args' from command line to 'None'
[0.567s] Level 5:colcon.colcon_core.verb:set package 'moveit_task_constructor_msgs' build argument 'catkin_cmake_args' from command line to 'None'
[0.567s] Level 5:colcon.colcon_core.verb:set package 'moveit_task_constructor_msgs' build argument 'catkin_skip_building_tests' from command line to 'False'
[0.567s] DEBUG:colcon.colcon_core.verb:Building package 'moveit_task_constructor_msgs' with the following arguments: {'ament_cmake_args': None, 'build_base': '/home/vinayak/ws_moveit2/build/moveit_task_constructor_msgs', 'catkin_cmake_args': None, 'catkin_skip_building_tests': False, 'cmake_args': None, 'cmake_clean_cache': False, 'cmake_clean_first': False, 'cmake_force_configure': False, 'cmake_target': None, 'cmake_target_skip_unavailable': False, 'install_base': '/home/vinayak/ws_moveit2/install/moveit_task_constructor_msgs', 'merge_install': False, 'path': '/home/vinayak/ws_moveit2/src/moveit_task_constructor/msgs', 'symlink_install': False, 'test_result_base': None}
[0.567s] Level 5:colcon.colcon_core.verb:set package 'rosparam_shortcuts' build argument 'cmake_args' from command line to 'None'
[0.567s] Level 5:colcon.colcon_core.verb:set package 'rosparam_shortcuts' build argument 'cmake_target' from command line to 'None'
[0.567s] Level 5:colcon.colcon_core.verb:set package 'rosparam_shortcuts' build argument 'cmake_target_skip_unavailable' from command line to 'False'
[0.567s] Level 5:colcon.colcon_core.verb:set package 'rosparam_shortcuts' build argument 'cmake_clean_cache' from command line to 'False'
[0.567s] Level 5:colcon.colcon_core.verb:set package 'rosparam_shortcuts' build argument 'cmake_clean_first' from command line to 'False'
[0.567s] Level 5:colcon.colcon_core.verb:set package 'rosparam_shortcuts' build argument 'cmake_force_configure' from command line to 'False'
[0.567s] Level 5:colcon.colcon_core.verb:set package 'rosparam_shortcuts' build argument 'ament_cmake_args' from command line to 'None'
[0.567s] Level 5:colcon.colcon_core.verb:set package 'rosparam_shortcuts' build argument 'catkin_cmake_args' from command line to 'None'
[0.567s] Level 5:colcon.colcon_core.verb:set package 'rosparam_shortcuts' build argument 'catkin_skip_building_tests' from command line to 'False'
[0.567s] DEBUG:colcon.colcon_core.verb:Building package 'rosparam_shortcuts' with the following arguments: {'ament_cmake_args': None, 'build_base': '/home/vinayak/ws_moveit2/build/rosparam_shortcuts', 'catkin_cmake_args': None, 'catkin_skip_building_tests': False, 'cmake_args': None, 'cmake_clean_cache': False, 'cmake_clean_first': False, 'cmake_force_configure': False, 'cmake_target': None, 'cmake_target_skip_unavailable': False, 'install_base': '/home/vinayak/ws_moveit2/install/rosparam_shortcuts', 'merge_install': False, 'path': '/home/vinayak/ws_moveit2/src/rosparam_shortcuts', 'symlink_install': False, 'test_result_base': None}
[0.568s] Level 5:colcon.colcon_core.verb:set package 'srdfdom' build argument 'cmake_args' from command line to 'None'
[0.568s] Level 5:colcon.colcon_core.verb:set package 'srdfdom' build argument 'cmake_target' from command line to 'None'
[0.568s] Level 5:colcon.colcon_core.verb:set package 'srdfdom' build argument 'cmake_target_skip_unavailable' from command line to 'False'
[0.568s] Level 5:colcon.colcon_core.verb:set package 'srdfdom' build argument 'cmake_clean_cache' from command line to 'False'
[0.568s] Level 5:colcon.colcon_core.verb:set package 'srdfdom' build argument 'cmake_clean_first' from command line to 'False'
[0.568s] Level 5:colcon.colcon_core.verb:set package 'srdfdom' build argument 'cmake_force_configure' from command line to 'False'
[0.568s] Level 5:colcon.colcon_core.verb:set package 'srdfdom' build argument 'ament_cmake_args' from command line to 'None'
[0.568s] Level 5:colcon.colcon_core.verb:set package 'srdfdom' build argument 'catkin_cmake_args' from command line to 'None'
[0.568s] Level 5:colcon.colcon_core.verb:set package 'srdfdom' build argument 'catkin_skip_building_tests' from command line to 'False'
[0.568s] DEBUG:colcon.colcon_core.verb:Building package 'srdfdom' with the following arguments: {'ament_cmake_args': None, 'build_base': '/home/vinayak/ws_moveit2/build/srdfdom', 'catkin_cmake_args': None, 'catkin_skip_building_tests': False, 'cmake_args': None, 'cmake_clean_cache': False, 'cmake_clean_first': False, 'cmake_force_configure': False, 'cmake_target': None, 'cmake_target_skip_unavailable': False, 'install_base': '/home/vinayak/ws_moveit2/install/srdfdom', 'merge_install': False, 'path': '/home/vinayak/ws_moveit2/src/srdfdom', 'symlink_install': False, 'test_result_base': None}
[0.568s] Level 5:colcon.colcon_core.verb:set package 'ur3e' build argument 'cmake_args' from command line to 'None'
[0.568s] Level 5:colcon.colcon_core.verb:set package 'ur3e' build argument 'cmake_target' from command line to 'None'
[0.568s] Level 5:colcon.colcon_core.verb:set package 'ur3e' build argument 'cmake_target_skip_unavailable' from command line to 'False'
[0.568s] Level 5:colcon.colcon_core.verb:set package 'ur3e' build argument 'cmake_clean_cache' from command line to 'False'
[0.568s] Level 5:colcon.colcon_core.verb:set package 'ur3e' build argument 'cmake_clean_first' from command line to 'False'
[0.568s] Level 5:colcon.colcon_core.verb:set package 'ur3e' build argument 'cmake_force_configure' from command line to 'False'
[0.568s] Level 5:colcon.colcon_core.verb:set package 'ur3e' build argument 'ament_cmake_args' from command line to 'None'
[0.568s] Level 5:colcon.colcon_core.verb:set package 'ur3e' build argument 'catkin_cmake_args' from command line to 'None'
[0.568s] Level 5:colcon.colcon_core.verb:set package 'ur3e' build argument 'catkin_skip_building_tests' from command line to 'False'
[0.568s] DEBUG:colcon.colcon_core.verb:Building package 'ur3e' with the following arguments: {'ament_cmake_args': None, 'build_base': '/home/vinayak/ws_moveit2/build/ur3e', 'catkin_cmake_args': None, 'catkin_skip_building_tests': False, 'cmake_args': None, 'cmake_clean_cache': False, 'cmake_clean_first': False, 'cmake_force_configure': False, 'cmake_target': None, 'cmake_target_skip_unavailable': False, 'install_base': '/home/vinayak/ws_moveit2/install/ur3e', 'merge_install': False, 'path': '/home/vinayak/ws_moveit2/src/ur3e', 'symlink_install': False, 'test_result_base': None}
[0.569s] Level 5:colcon.colcon_core.verb:set package 'ur3e_motion_package' build argument 'cmake_args' from command line to 'None'
[0.569s] Level 5:colcon.colcon_core.verb:set package 'ur3e_motion_package' build argument 'cmake_target' from command line to 'None'
[0.569s] Level 5:colcon.colcon_core.verb:set package 'ur3e_motion_package' build argument 'cmake_target_skip_unavailable' from command line to 'False'
[0.569s] Level 5:colcon.colcon_core.verb:set package 'ur3e_motion_package' build argument 'cmake_clean_cache' from command line to 'False'
[0.569s] Level 5:colcon.colcon_core.verb:set package 'ur3e_motion_package' build argument 'cmake_clean_first' from command line to 'False'
[0.569s] Level 5:colcon.colcon_core.verb:set package 'ur3e_motion_package' build argument 'cmake_force_configure' from command line to 'False'
[0.569s] Level 5:colcon.colcon_core.verb:set package 'ur3e_motion_package' build argument 'ament_cmake_args' from command line to 'None'
[0.569s] Level 5:colcon.colcon_core.verb:set package 'ur3e_motion_package' build argument 'catkin_cmake_args' from command line to 'None'
[0.569s] Level 5:colcon.colcon_core.verb:set package 'ur3e_motion_package' build argument 'catkin_skip_building_tests' from command line to 'False'
[0.569s] DEBUG:colcon.colcon_core.verb:Building package 'ur3e_motion_package' with the following arguments: {'ament_cmake_args': None, 'build_base': '/home/vinayak/ws_moveit2/build/ur3e_motion_package', 'catkin_cmake_args': None, 'catkin_skip_building_tests': False, 'cmake_args': None, 'cmake_clean_cache': False, 'cmake_clean_first': False, 'cmake_force_configure': False, 'cmake_target': None, 'cmake_target_skip_unavailable': False, 'install_base': '/home/vinayak/ws_moveit2/install/ur3e_motion_package', 'merge_install': False, 'path': '/home/vinayak/ws_moveit2/src/ur3e_motion_package', 'symlink_install': False, 'test_result_base': None}
[0.569s] Level 5:colcon.colcon_core.verb:set package 'ur_dashboard_msgs' build argument 'cmake_args' from command line to 'None'
[0.569s] Level 5:colcon.colcon_core.verb:set package 'ur_dashboard_msgs' build argument 'cmake_target' from command line to 'None'
[0.569s] Level 5:colcon.colcon_core.verb:set package 'ur_dashboard_msgs' build argument 'cmake_target_skip_unavailable' from command line to 'False'
[0.569s] Level 5:colcon.colcon_core.verb:set package 'ur_dashboard_msgs' build argument 'cmake_clean_cache' from command line to 'False'
[0.569s] Level 5:colcon.colcon_core.verb:set package 'ur_dashboard_msgs' build argument 'cmake_clean_first' from command line to 'False'
[0.569s] Level 5:colcon.colcon_core.verb:set package 'ur_dashboard_msgs' build argument 'cmake_force_configure' from command line to 'False'
[0.569s] Level 5:colcon.colcon_core.verb:set package 'ur_dashboard_msgs' build argument 'ament_cmake_args' from command line to 'None'
[0.569s] Level 5:colcon.colcon_core.verb:set package 'ur_dashboard_msgs' build argument 'catkin_cmake_args' from command line to 'None'
[0.569s] Level 5:colcon.colcon_core.verb:set package 'ur_dashboard_msgs' build argument 'catkin_skip_building_tests' from command line to 'False'
[0.569s] DEBUG:colcon.colcon_core.verb:Building package 'ur_dashboard_msgs' with the following arguments: {'ament_cmake_args': None, 'build_base': '/home/vinayak/ws_moveit2/build/ur_dashboard_msgs', 'catkin_cmake_args': None, 'catkin_skip_building_tests': False, 'cmake_args': None, 'cmake_clean_cache': False, 'cmake_clean_first': False, 'cmake_force_configure': False, 'cmake_target': None, 'cmake_target_skip_unavailable': False, 'install_base': '/home/vinayak/ws_moveit2/install/ur_dashboard_msgs', 'merge_install': False, 'path': '/home/vinayak/ws_moveit2/src/Universal_Robots_ROS2_Driver/ur_dashboard_msgs', 'symlink_install': False, 'test_result_base': None}
[0.570s] Level 5:colcon.colcon_core.verb:set package 'moveit_configs_utils' build argument 'cmake_args' from command line to 'None'
[0.570s] Level 5:colcon.colcon_core.verb:set package 'moveit_configs_utils' build argument 'cmake_target' from command line to 'None'
[0.570s] Level 5:colcon.colcon_core.verb:set package 'moveit_configs_utils' build argument 'cmake_target_skip_unavailable' from command line to 'False'
[0.570s] Level 5:colcon.colcon_core.verb:set package 'moveit_configs_utils' build argument 'cmake_clean_cache' from command line to 'False'
[0.570s] Level 5:colcon.colcon_core.verb:set package 'moveit_configs_utils' build argument 'cmake_clean_first' from command line to 'False'
[0.570s] Level 5:colcon.colcon_core.verb:set package 'moveit_configs_utils' build argument 'cmake_force_configure' from command line to 'False'
[0.570s] Level 5:colcon.colcon_core.verb:set package 'moveit_configs_utils' build argument 'ament_cmake_args' from command line to 'None'
[0.570s] Level 5:colcon.colcon_core.verb:set package 'moveit_configs_utils' build argument 'catkin_cmake_args' from command line to 'None'
[0.570s] Level 5:colcon.colcon_core.verb:set package 'moveit_configs_utils' build argument 'catkin_skip_building_tests' from command line to 'False'
[0.570s] DEBUG:colcon.colcon_core.verb:Building package 'moveit_configs_utils' with the following arguments: {'ament_cmake_args': None, 'build_base': '/home/vinayak/ws_moveit2/build/moveit_configs_utils', 'catkin_cmake_args': None, 'catkin_skip_building_tests': False, 'cmake_args': None, 'cmake_clean_cache': False, 'cmake_clean_first': False, 'cmake_force_configure': False, 'cmake_target': None, 'cmake_target_skip_unavailable': False, 'install_base': '/home/vinayak/ws_moveit2/install/moveit_configs_utils', 'merge_install': False, 'path': '/home/vinayak/ws_moveit2/src/moveit2/moveit_configs_utils', 'symlink_install': False, 'test_result_base': None}
[0.570s] Level 5:colcon.colcon_core.verb:set package 'moveit_resources_fanuc_moveit_config' build argument 'cmake_args' from command line to 'None'
[0.570s] Level 5:colcon.colcon_core.verb:set package 'moveit_resources_fanuc_moveit_config' build argument 'cmake_target' from command line to 'None'
[0.570s] Level 5:colcon.colcon_core.verb:set package 'moveit_resources_fanuc_moveit_config' build argument 'cmake_target_skip_unavailable' from command line to 'False'
[0.570s] Level 5:colcon.colcon_core.verb:set package 'moveit_resources_fanuc_moveit_config' build argument 'cmake_clean_cache' from command line to 'False'
[0.570s] Level 5:colcon.colcon_core.verb:set package 'moveit_resources_fanuc_moveit_config' build argument 'cmake_clean_first' from command line to 'False'
[0.570s] Level 5:colcon.colcon_core.verb:set package 'moveit_resources_fanuc_moveit_config' build argument 'cmake_force_configure' from command line to 'False'
[0.570s] Level 5:colcon.colcon_core.verb:set package 'moveit_resources_fanuc_moveit_config' build argument 'ament_cmake_args' from command line to 'None'
[0.570s] Level 5:colcon.colcon_core.verb:set package 'moveit_resources_fanuc_moveit_config' build argument 'catkin_cmake_args' from command line to 'None'
[0.570s] Level 5:colcon.colcon_core.verb:set package 'moveit_resources_fanuc_moveit_config' build argument 'catkin_skip_building_tests' from command line to 'False'
[0.570s] DEBUG:colcon.colcon_core.verb:Building package 'moveit_resources_fanuc_moveit_config' with the following arguments: {'ament_cmake_args': None, 'build_base': '/home/vinayak/ws_moveit2/build/moveit_resources_fanuc_moveit_config', 'catkin_cmake_args': None, 'catkin_skip_building_tests': False, 'cmake_args': None, 'cmake_clean_cache': False, 'cmake_clean_first': False, 'cmake_force_configure': False, 'cmake_target': None, 'cmake_target_skip_unavailable': False, 'install_base': '/home/vinayak/ws_moveit2/install/moveit_resources_fanuc_moveit_config', 'merge_install': False, 'path': '/home/vinayak/ws_moveit2/src/moveit_resources/fanuc_moveit_config', 'symlink_install': False, 'test_result_base': None}
[0.571s] Level 5:colcon.colcon_core.verb:set package 'moveit_resources_panda_moveit_config' build argument 'cmake_args' from command line to 'None'
[0.571s] Level 5:colcon.colcon_core.verb:set package 'moveit_resources_panda_moveit_config' build argument 'cmake_target' from command line to 'None'
[0.571s] Level 5:colcon.colcon_core.verb:set package 'moveit_resources_panda_moveit_config' build argument 'cmake_target_skip_unavailable' from command line to 'False'
[0.571s] Level 5:colcon.colcon_core.verb:set package 'moveit_resources_panda_moveit_config' build argument 'cmake_clean_cache' from command line to 'False'
[0.571s] Level 5:colcon.colcon_core.verb:set package 'moveit_resources_panda_moveit_config' build argument 'cmake_clean_first' from command line to 'False'
[0.571s] Level 5:colcon.colcon_core.verb:set package 'moveit_resources_panda_moveit_config' build argument 'cmake_force_configure' from command line to 'False'
[0.571s] Level 5:colcon.colcon_core.verb:set package 'moveit_resources_panda_moveit_config' build argument 'ament_cmake_args' from command line to 'None'
[0.571s] Level 5:colcon.colcon_core.verb:set package 'moveit_resources_panda_moveit_config' build argument 'catkin_cmake_args' from command line to 'None'
[0.571s] Level 5:colcon.colcon_core.verb:set package 'moveit_resources_panda_moveit_config' build argument 'catkin_skip_building_tests' from command line to 'False'
[0.571s] DEBUG:colcon.colcon_core.verb:Building package 'moveit_resources_panda_moveit_config' with the following arguments: {'ament_cmake_args': None, 'build_base': '/home/vinayak/ws_moveit2/build/moveit_resources_panda_moveit_config', 'catkin_cmake_args': None, 'catkin_skip_building_tests': False, 'cmake_args': None, 'cmake_clean_cache': False, 'cmake_clean_first': False, 'cmake_force_configure': False, 'cmake_target': None, 'cmake_target_skip_unavailable': False, 'install_base': '/home/vinayak/ws_moveit2/install/moveit_resources_panda_moveit_config', 'merge_install': False, 'path': '/home/vinayak/ws_moveit2/src/moveit_resources/panda_moveit_config', 'symlink_install': False, 'test_result_base': None}
[0.571s] Level 5:colcon.colcon_core.verb:set package 'rviz_marker_tools' build argument 'cmake_args' from command line to 'None'
[0.571s] Level 5:colcon.colcon_core.verb:set package 'rviz_marker_tools' build argument 'cmake_target' from command line to 'None'
[0.571s] Level 5:colcon.colcon_core.verb:set package 'rviz_marker_tools' build argument 'cmake_target_skip_unavailable' from command line to 'False'
[0.571s] Level 5:colcon.colcon_core.verb:set package 'rviz_marker_tools' build argument 'cmake_clean_cache' from command line to 'False'
[0.571s] Level 5:colcon.colcon_core.verb:set package 'rviz_marker_tools' build argument 'cmake_clean_first' from command line to 'False'
[0.571s] Level 5:colcon.colcon_core.verb:set package 'rviz_marker_tools' build argument 'cmake_force_configure' from command line to 'False'
[0.571s] Level 5:colcon.colcon_core.verb:set package 'rviz_marker_tools' build argument 'ament_cmake_args' from command line to 'None'
[0.571s] Level 5:colcon.colcon_core.verb:set package 'rviz_marker_tools' build argument 'catkin_cmake_args' from command line to 'None'
[0.571s] Level 5:colcon.colcon_core.verb:set package 'rviz_marker_tools' build argument 'catkin_skip_building_tests' from command line to 'False'
[0.572s] DEBUG:colcon.colcon_core.verb:Building package 'rviz_marker_tools' with the following arguments: {'ament_cmake_args': None, 'build_base': '/home/vinayak/ws_moveit2/build/rviz_marker_tools', 'catkin_cmake_args': None, 'catkin_skip_building_tests': False, 'cmake_args': None, 'cmake_clean_cache': False, 'cmake_clean_first': False, 'cmake_force_configure': False, 'cmake_target': None, 'cmake_target_skip_unavailable': False, 'install_base': '/home/vinayak/ws_moveit2/install/rviz_marker_tools', 'merge_install': False, 'path': '/home/vinayak/ws_moveit2/src/moveit_task_constructor/rviz_marker_tools', 'symlink_install': False, 'test_result_base': None}
[0.572s] Level 5:colcon.colcon_core.verb:set package 'ur_controllers' build argument 'cmake_args' from command line to 'None'
[0.572s] Level 5:colcon.colcon_core.verb:set package 'ur_controllers' build argument 'cmake_target' from command line to 'None'
[0.572s] Level 5:colcon.colcon_core.verb:set package 'ur_controllers' build argument 'cmake_target_skip_unavailable' from command line to 'False'
[0.572s] Level 5:colcon.colcon_core.verb:set package 'ur_controllers' build argument 'cmake_clean_cache' from command line to 'False'
[0.572s] Level 5:colcon.colcon_core.verb:set package 'ur_controllers' build argument 'cmake_clean_first' from command line to 'False'
[0.572s] Level 5:colcon.colcon_core.verb:set package 'ur_controllers' build argument 'cmake_force_configure' from command line to 'False'
[0.572s] Level 5:colcon.colcon_core.verb:set package 'ur_controllers' build argument 'ament_cmake_args' from command line to 'None'
[0.572s] Level 5:colcon.colcon_core.verb:set package 'ur_controllers' build argument 'catkin_cmake_args' from command line to 'None'
[0.572s] Level 5:colcon.colcon_core.verb:set package 'ur_controllers' build argument 'catkin_skip_building_tests' from command line to 'False'
[0.572s] DEBUG:colcon.colcon_core.verb:Building package 'ur_controllers' with the following arguments: {'ament_cmake_args': None, 'build_base': '/home/vinayak/ws_moveit2/build/ur_controllers', 'catkin_cmake_args': None, 'catkin_skip_building_tests': False, 'cmake_args': None, 'cmake_clean_cache': False, 'cmake_clean_first': False, 'cmake_force_configure': False, 'cmake_target': None, 'cmake_target_skip_unavailable': False, 'install_base': '/home/vinayak/ws_moveit2/install/ur_controllers', 'merge_install': False, 'path': '/home/vinayak/ws_moveit2/src/Universal_Robots_ROS2_Driver/ur_controllers', 'symlink_install': False, 'test_result_base': None}
[0.572s] Level 5:colcon.colcon_core.verb:set package 'moveit_core' build argument 'cmake_args' from command line to 'None'
[0.572s] Level 5:colcon.colcon_core.verb:set package 'moveit_core' build argument 'cmake_target' from command line to 'None'
[0.572s] Level 5:colcon.colcon_core.verb:set package 'moveit_core' build argument 'cmake_target_skip_unavailable' from command line to 'False'
[0.572s] Level 5:colcon.colcon_core.verb:set package 'moveit_core' build argument 'cmake_clean_cache' from command line to 'False'
[0.572s] Level 5:colcon.colcon_core.verb:set package 'moveit_core' build argument 'cmake_clean_first' from command line to 'False'
[0.572s] Level 5:colcon.colcon_core.verb:set package 'moveit_core' build argument 'cmake_force_configure' from command line to 'False'
[0.572s] Level 5:colcon.colcon_core.verb:set package 'moveit_core' build argument 'ament_cmake_args' from command line to 'None'
[0.572s] Level 5:colcon.colcon_core.verb:set package 'moveit_core' build argument 'catkin_cmake_args' from command line to 'None'
[0.573s] Level 5:colcon.colcon_core.verb:set package 'moveit_core' build argument 'catkin_skip_building_tests' from command line to 'False'
[0.573s] DEBUG:colcon.colcon_core.verb:Building package 'moveit_core' with the following arguments: {'ament_cmake_args': None, 'build_base': '/home/vinayak/ws_moveit2/build/moveit_core', 'catkin_cmake_args': None, 'catkin_skip_building_tests': False, 'cmake_args': None, 'cmake_clean_cache': False, 'cmake_clean_first': False, 'cmake_force_configure': False, 'cmake_target': None, 'cmake_target_skip_unavailable': False, 'install_base': '/home/vinayak/ws_moveit2/install/moveit_core', 'merge_install': False, 'path': '/home/vinayak/ws_moveit2/src/moveit2/moveit_core', 'symlink_install': False, 'test_result_base': None}
[0.573s] Level 5:colcon.colcon_core.verb:set package 'moveit_resources' build argument 'cmake_args' from command line to 'None'
[0.573s] Level 5:colcon.colcon_core.verb:set package 'moveit_resources' build argument 'cmake_target' from command line to 'None'
[0.573s] Level 5:colcon.colcon_core.verb:set package 'moveit_resources' build argument 'cmake_target_skip_unavailable' from command line to 'False'
[0.573s] Level 5:colcon.colcon_core.verb:set package 'moveit_resources' build argument 'cmake_clean_cache' from command line to 'False'
[0.573s] Level 5:colcon.colcon_core.verb:set package 'moveit_resources' build argument 'cmake_clean_first' from command line to 'False'
[0.573s] Level 5:colcon.colcon_core.verb:set package 'moveit_resources' build argument 'cmake_force_configure' from command line to 'False'
[0.573s] Level 5:colcon.colcon_core.verb:set package 'moveit_resources' build argument 'ament_cmake_args' from command line to 'None'
[0.573s] Level 5:colcon.colcon_core.verb:set package 'moveit_resources' build argument 'catkin_cmake_args' from command line to 'None'
[0.573s] Level 5:colcon.colcon_core.verb:set package 'moveit_resources' build argument 'catkin_skip_building_tests' from command line to 'False'
[0.573s] DEBUG:colcon.colcon_core.verb:Building package 'moveit_resources' with the following arguments: {'ament_cmake_args': None, 'build_base': '/home/vinayak/ws_moveit2/build/moveit_resources', 'catkin_cmake_args': None, 'catkin_skip_building_tests': False, 'cmake_args': None, 'cmake_clean_cache': False, 'cmake_clean_first': False, 'cmake_force_configure': False, 'cmake_target': None, 'cmake_target_skip_unavailable': False, 'install_base': '/home/vinayak/ws_moveit2/install/moveit_resources', 'merge_install': False, 'path': '/home/vinayak/ws_moveit2/src/moveit_resources/moveit_resources', 'symlink_install': False, 'test_result_base': None}
[0.573s] Level 5:colcon.colcon_core.verb:set package 'ur_bringup' build argument 'cmake_args' from command line to 'None'
[0.573s] Level 5:colcon.colcon_core.verb:set package 'ur_bringup' build argument 'cmake_target' from command line to 'None'
[0.573s] Level 5:colcon.colcon_core.verb:set package 'ur_bringup' build argument 'cmake_target_skip_unavailable' from command line to 'False'
[0.573s] Level 5:colcon.colcon_core.verb:set package 'ur_bringup' build argument 'cmake_clean_cache' from command line to 'False'
[0.573s] Level 5:colcon.colcon_core.verb:set package 'ur_bringup' build argument 'cmake_clean_first' from command line to 'False'
[0.573s] Level 5:colcon.colcon_core.verb:set package 'ur_bringup' build argument 'cmake_force_configure' from command line to 'False'
[0.574s] Level 5:colcon.colcon_core.verb:set package 'ur_bringup' build argument 'ament_cmake_args' from command line to 'None'
[0.574s] Level 5:colcon.colcon_core.verb:set package 'ur_bringup' build argument 'catkin_cmake_args' from command line to 'None'
[0.574s] Level 5:colcon.colcon_core.verb:set package 'ur_bringup' build argument 'catkin_skip_building_tests' from command line to 'False'
[0.574s] DEBUG:colcon.colcon_core.verb:Building package 'ur_bringup' with the following arguments: {'ament_cmake_args': None, 'build_base': '/home/vinayak/ws_moveit2/build/ur_bringup', 'catkin_cmake_args': None, 'catkin_skip_building_tests': False, 'cmake_args': None, 'cmake_clean_cache': False, 'cmake_clean_first': False, 'cmake_force_configure': False, 'cmake_target': None, 'cmake_target_skip_unavailable': False, 'install_base': '/home/vinayak/ws_moveit2/install/ur_bringup', 'merge_install': False, 'path': '/home/vinayak/ws_moveit2/src/Universal_Robots_ROS2_Driver/ur_bringup', 'symlink_install': False, 'test_result_base': None}
[0.574s] Level 5:colcon.colcon_core.verb:set package 'ur_robot_driver' build argument 'cmake_args' from command line to 'None'
[0.574s] Level 5:colcon.colcon_core.verb:set package 'ur_robot_driver' build argument 'cmake_target' from command line to 'None'
[0.574s] Level 5:colcon.colcon_core.verb:set package 'ur_robot_driver' build argument 'cmake_target_skip_unavailable' from command line to 'False'
[0.574s] Level 5:colcon.colcon_core.verb:set package 'ur_robot_driver' build argument 'cmake_clean_cache' from command line to 'False'
[0.574s] Level 5:colcon.colcon_core.verb:set package 'ur_robot_driver' build argument 'cmake_clean_first' from command line to 'False'
[0.574s] Level 5:colcon.colcon_core.verb:set package 'ur_robot_driver' build argument 'cmake_force_configure' from command line to 'False'
[0.574s] Level 5:colcon.colcon_core.verb:set package 'ur_robot_driver' build argument 'ament_cmake_args' from command line to 'None'
[0.574s] Level 5:colcon.colcon_core.verb:set package 'ur_robot_driver' build argument 'catkin_cmake_args' from command line to 'None'
[0.574s] Level 5:colcon.colcon_core.verb:set package 'ur_robot_driver' build argument 'catkin_skip_building_tests' from command line to 'False'
[0.574s] DEBUG:colcon.colcon_core.verb:Building package 'ur_robot_driver' with the following arguments: {'ament_cmake_args': None, 'build_base': '/home/vinayak/ws_moveit2/build/ur_robot_driver', 'catkin_cmake_args': None, 'catkin_skip_building_tests': False, 'cmake_args': None, 'cmake_clean_cache': False, 'cmake_clean_first': False, 'cmake_force_configure': False, 'cmake_target': None, 'cmake_target_skip_unavailable': False, 'install_base': '/home/vinayak/ws_moveit2/install/ur_robot_driver', 'merge_install': False, 'path': '/home/vinayak/ws_moveit2/src/Universal_Robots_ROS2_Driver/ur_robot_driver', 'symlink_install': False, 'test_result_base': None}
[0.574s] Level 5:colcon.colcon_core.verb:set package 'chomp_motion_planner' build argument 'cmake_args' from command line to 'None'
[0.574s] Level 5:colcon.colcon_core.verb:set package 'chomp_motion_planner' build argument 'cmake_target' from command line to 'None'
[0.574s] Level 5:colcon.colcon_core.verb:set package 'chomp_motion_planner' build argument 'cmake_target_skip_unavailable' from command line to 'False'
[0.574s] Level 5:colcon.colcon_core.verb:set package 'chomp_motion_planner' build argument 'cmake_clean_cache' from command line to 'False'
[0.574s] Level 5:colcon.colcon_core.verb:set package 'chomp_motion_planner' build argument 'cmake_clean_first' from command line to 'False'
[0.575s] Level 5:colcon.colcon_core.verb:set package 'chomp_motion_planner' build argument 'cmake_force_configure' from command line to 'False'
[0.575s] Level 5:colcon.colcon_core.verb:set package 'chomp_motion_planner' build argument 'ament_cmake_args' from command line to 'None'
[0.575s] Level 5:colcon.colcon_core.verb:set package 'chomp_motion_planner' build argument 'catkin_cmake_args' from command line to 'None'
[0.575s] Level 5:colcon.colcon_core.verb:set package 'chomp_motion_planner' build argument 'catkin_skip_building_tests' from command line to 'False'
[0.575s] DEBUG:colcon.colcon_core.verb:Building package 'chomp_motion_planner' with the following arguments: {'ament_cmake_args': None, 'build_base': '/home/vinayak/ws_moveit2/build/chomp_motion_planner', 'catkin_cmake_args': None, 'catkin_skip_building_tests': False, 'cmake_args': None, 'cmake_clean_cache': False, 'cmake_clean_first': False, 'cmake_force_configure': False, 'cmake_target': None, 'cmake_target_skip_unavailable': False, 'install_base': '/home/vinayak/ws_moveit2/install/chomp_motion_planner', 'merge_install': False, 'path': '/home/vinayak/ws_moveit2/src/moveit2/moveit_planners/chomp/chomp_motion_planner', 'symlink_install': False, 'test_result_base': None}
[0.575s] Level 5:colcon.colcon_core.verb:set package 'moveit_resources_prbt_ikfast_manipulator_plugin' build argument 'cmake_args' from command line to 'None'
[0.575s] Level 5:colcon.colcon_core.verb:set package 'moveit_resources_prbt_ikfast_manipulator_plugin' build argument 'cmake_target' from command line to 'None'
[0.575s] Level 5:colcon.colcon_core.verb:set package 'moveit_resources_prbt_ikfast_manipulator_plugin' build argument 'cmake_target_skip_unavailable' from command line to 'False'
[0.575s] Level 5:colcon.colcon_core.verb:set package 'moveit_resources_prbt_ikfast_manipulator_plugin' build argument 'cmake_clean_cache' from command line to 'False'
[0.575s] Level 5:colcon.colcon_core.verb:set package 'moveit_resources_prbt_ikfast_manipulator_plugin' build argument 'cmake_clean_first' from command line to 'False'
[0.575s] Level 5:colcon.colcon_core.verb:set package 'moveit_resources_prbt_ikfast_manipulator_plugin' build argument 'cmake_force_configure' from command line to 'False'
[0.575s] Level 5:colcon.colcon_core.verb:set package 'moveit_resources_prbt_ikfast_manipulator_plugin' build argument 'ament_cmake_args' from command line to 'None'
[0.575s] Level 5:colcon.colcon_core.verb:set package 'moveit_resources_prbt_ikfast_manipulator_plugin' build argument 'catkin_cmake_args' from command line to 'None'
[0.575s] Level 5:colcon.colcon_core.verb:set package 'moveit_resources_prbt_ikfast_manipulator_plugin' build argument 'catkin_skip_building_tests' from command line to 'False'
[0.575s] DEBUG:colcon.colcon_core.verb:Building package 'moveit_resources_prbt_ikfast_manipulator_plugin' with the following arguments: {'ament_cmake_args': None, 'build_base': '/home/vinayak/ws_moveit2/build/moveit_resources_prbt_ikfast_manipulator_plugin', 'catkin_cmake_args': None, 'catkin_skip_building_tests': False, 'cmake_args': None, 'cmake_clean_cache': False, 'cmake_clean_first': False, 'cmake_force_configure': False, 'cmake_target': None, 'cmake_target_skip_unavailable': False, 'install_base': '/home/vinayak/ws_moveit2/install/moveit_resources_prbt_ikfast_manipulator_plugin', 'merge_install': False, 'path': '/home/vinayak/ws_moveit2/src/moveit2/moveit_planners/test_configs/prbt_ikfast_manipulator_plugin', 'symlink_install': False, 'test_result_base': None}
[0.575s] Level 5:colcon.colcon_core.verb:set package 'moveit_ros_occupancy_map_monitor' build argument 'cmake_args' from command line to 'None'
[0.575s] Level 5:colcon.colcon_core.verb:set package 'moveit_ros_occupancy_map_monitor' build argument 'cmake_target' from command line to 'None'
[0.575s] Level 5:colcon.colcon_core.verb:set package 'moveit_ros_occupancy_map_monitor' build argument 'cmake_target_skip_unavailable' from command line to 'False'
[0.576s] Level 5:colcon.colcon_core.verb:set package 'moveit_ros_occupancy_map_monitor' build argument 'cmake_clean_cache' from command line to 'False'
[0.576s] Level 5:colcon.colcon_core.verb:set package 'moveit_ros_occupancy_map_monitor' build argument 'cmake_clean_first' from command line to 'False'
[0.576s] Level 5:colcon.colcon_core.verb:set package 'moveit_ros_occupancy_map_monitor' build argument 'cmake_force_configure' from command line to 'False'
[0.576s] Level 5:colcon.colcon_core.verb:set package 'moveit_ros_occupancy_map_monitor' build argument 'ament_cmake_args' from command line to 'None'
[0.576s] Level 5:colcon.colcon_core.verb:set package 'moveit_ros_occupancy_map_monitor' build argument 'catkin_cmake_args' from command line to 'None'
[0.576s] Level 5:colcon.colcon_core.verb:set package 'moveit_ros_occupancy_map_monitor' build argument 'catkin_skip_building_tests' from command line to 'False'
[0.576s] DEBUG:colcon.colcon_core.verb:Building package 'moveit_ros_occupancy_map_monitor' with the following arguments: {'ament_cmake_args': None, 'build_base': '/home/vinayak/ws_moveit2/build/moveit_ros_occupancy_map_monitor', 'catkin_cmake_args': None, 'catkin_skip_building_tests': False, 'cmake_args': None, 'cmake_clean_cache': False, 'cmake_clean_first': False, 'cmake_force_configure': False, 'cmake_target': None, 'cmake_target_skip_unavailable': False, 'install_base': '/home/vinayak/ws_moveit2/install/moveit_ros_occupancy_map_monitor', 'merge_install': False, 'path': '/home/vinayak/ws_moveit2/src/moveit2/moveit_ros/occupancy_map_monitor', 'symlink_install': False, 'test_result_base': None}
[0.576s] Level 5:colcon.colcon_core.verb:set package 'moveit_simple_controller_manager' build argument 'cmake_args' from command line to 'None'
[0.576s] Level 5:colcon.colcon_core.verb:set package 'moveit_simple_controller_manager' build argument 'cmake_target' from command line to 'None'
[0.576s] Level 5:colcon.colcon_core.verb:set package 'moveit_simple_controller_manager' build argument 'cmake_target_skip_unavailable' from command line to 'False'
[0.576s] Level 5:colcon.colcon_core.verb:set package 'moveit_simple_controller_manager' build argument 'cmake_clean_cache' from command line to 'False'
[0.576s] Level 5:colcon.colcon_core.verb:set package 'moveit_simple_controller_manager' build argument 'cmake_clean_first' from command line to 'False'
[0.576s] Level 5:colcon.colcon_core.verb:set package 'moveit_simple_controller_manager' build argument 'cmake_force_configure' from command line to 'False'
[0.576s] Level 5:colcon.colcon_core.verb:set package 'moveit_simple_controller_manager' build argument 'ament_cmake_args' from command line to 'None'
[0.576s] Level 5:colcon.colcon_core.verb:set package 'moveit_simple_controller_manager' build argument 'catkin_cmake_args' from command line to 'None'
[0.576s] Level 5:colcon.colcon_core.verb:set package 'moveit_simple_controller_manager' build argument 'catkin_skip_building_tests' from command line to 'False'
[0.576s] DEBUG:colcon.colcon_core.verb:Building package 'moveit_simple_controller_manager' with the following arguments: {'ament_cmake_args': None, 'build_base': '/home/vinayak/ws_moveit2/build/moveit_simple_controller_manager', 'catkin_cmake_args': None, 'catkin_skip_building_tests': False, 'cmake_args': None, 'cmake_clean_cache': False, 'cmake_clean_first': False, 'cmake_force_configure': False, 'cmake_target': None, 'cmake_target_skip_unavailable': False, 'install_base': '/home/vinayak/ws_moveit2/install/moveit_simple_controller_manager', 'merge_install': False, 'path': '/home/vinayak/ws_moveit2/src/moveit2/moveit_plugins/moveit_simple_controller_manager', 'symlink_install': False, 'test_result_base': None}
[0.576s] Level 5:colcon.colcon_core.verb:set package 'pilz_industrial_motion_planner_testutils' build argument 'cmake_args' from command line to 'None'
[0.577s] Level 5:colcon.colcon_core.verb:set package 'pilz_industrial_motion_planner_testutils' build argument 'cmake_target' from command line to 'None'
[0.577s] Level 5:colcon.colcon_core.verb:set package 'pilz_industrial_motion_planner_testutils' build argument 'cmake_target_skip_unavailable' from command line to 'False'
[0.577s] Level 5:colcon.colcon_core.verb:set package 'pilz_industrial_motion_planner_testutils' build argument 'cmake_clean_cache' from command line to 'False'
[0.577s] Level 5:colcon.colcon_core.verb:set package 'pilz_industrial_motion_planner_testutils' build argument 'cmake_clean_first' from command line to 'False'
[0.577s] Level 5:colcon.colcon_core.verb:set package 'pilz_industrial_motion_planner_testutils' build argument 'cmake_force_configure' from command line to 'False'
[0.577s] Level 5:colcon.colcon_core.verb:set package 'pilz_industrial_motion_planner_testutils' build argument 'ament_cmake_args' from command line to 'None'
[0.577s] Level 5:colcon.colcon_core.verb:set package 'pilz_industrial_motion_planner_testutils' build argument 'catkin_cmake_args' from command line to 'None'
[0.577s] Level 5:colcon.colcon_core.verb:set package 'pilz_industrial_motion_planner_testutils' build argument 'catkin_skip_building_tests' from command line to 'False'
[0.577s] DEBUG:colcon.colcon_core.verb:Building package 'pilz_industrial_motion_planner_testutils' with the following arguments: {'ament_cmake_args': None, 'build_base': '/home/vinayak/ws_moveit2/build/pilz_industrial_motion_planner_testutils', 'catkin_cmake_args': None, 'catkin_skip_building_tests': False, 'cmake_args': None, 'cmake_clean_cache': False, 'cmake_clean_first': False, 'cmake_force_configure': False, 'cmake_target': None, 'cmake_target_skip_unavailable': False, 'install_base': '/home/vinayak/ws_moveit2/install/pilz_industrial_motion_planner_testutils', 'merge_install': False, 'path': '/home/vinayak/ws_moveit2/src/moveit2/moveit_planners/pilz_industrial_motion_planner_testutils', 'symlink_install': False, 'test_result_base': None}
[0.577s] Level 5:colcon.colcon_core.verb:set package 'ur_calibration' build argument 'cmake_args' from command line to 'None'
[0.577s] Level 5:colcon.colcon_core.verb:set package 'ur_calibration' build argument 'cmake_target' from command line to 'None'
[0.577s] Level 5:colcon.colcon_core.verb:set package 'ur_calibration' build argument 'cmake_target_skip_unavailable' from command line to 'False'
[0.577s] Level 5:colcon.colcon_core.verb:set package 'ur_calibration' build argument 'cmake_clean_cache' from command line to 'False'
[0.577s] Level 5:colcon.colcon_core.verb:set package 'ur_calibration' build argument 'cmake_clean_first' from command line to 'False'
[0.577s] Level 5:colcon.colcon_core.verb:set package 'ur_calibration' build argument 'cmake_force_configure' from command line to 'False'
[0.577s] Level 5:colcon.colcon_core.verb:set package 'ur_calibration' build argument 'ament_cmake_args' from command line to 'None'
[0.577s] Level 5:colcon.colcon_core.verb:set package 'ur_calibration' build argument 'catkin_cmake_args' from command line to 'None'
[0.577s] Level 5:colcon.colcon_core.verb:set package 'ur_calibration' build argument 'catkin_skip_building_tests' from command line to 'False'
[0.577s] DEBUG:colcon.colcon_core.verb:Building package 'ur_calibration' with the following arguments: {'ament_cmake_args': None, 'build_base': '/home/vinayak/ws_moveit2/build/ur_calibration', 'catkin_cmake_args': None, 'catkin_skip_building_tests': False, 'cmake_args': None, 'cmake_clean_cache': False, 'cmake_clean_first': False, 'cmake_force_configure': False, 'cmake_target': None, 'cmake_target_skip_unavailable': False, 'install_base': '/home/vinayak/ws_moveit2/install/ur_calibration', 'merge_install': False, 'path': '/home/vinayak/ws_moveit2/src/Universal_Robots_ROS2_Driver/ur_calibration', 'symlink_install': False, 'test_result_base': None}
[0.578s] Level 5:colcon.colcon_core.verb:set package 'moveit_chomp_optimizer_adapter' build argument 'cmake_args' from command line to 'None'
[0.578s] Level 5:colcon.colcon_core.verb:set package 'moveit_chomp_optimizer_adapter' build argument 'cmake_target' from command line to 'None'
[0.578s] Level 5:colcon.colcon_core.verb:set package 'moveit_chomp_optimizer_adapter' build argument 'cmake_target_skip_unavailable' from command line to 'False'
[0.578s] Level 5:colcon.colcon_core.verb:set package 'moveit_chomp_optimizer_adapter' build argument 'cmake_clean_cache' from command line to 'False'
[0.578s] Level 5:colcon.colcon_core.verb:set package 'moveit_chomp_optimizer_adapter' build argument 'cmake_clean_first' from command line to 'False'
[0.578s] Level 5:colcon.colcon_core.verb:set package 'moveit_chomp_optimizer_adapter' build argument 'cmake_force_configure' from command line to 'False'
[0.578s] Level 5:colcon.colcon_core.verb:set package 'moveit_chomp_optimizer_adapter' build argument 'ament_cmake_args' from command line to 'None'
[0.578s] Level 5:colcon.colcon_core.verb:set package 'moveit_chomp_optimizer_adapter' build argument 'catkin_cmake_args' from command line to 'None'
[0.578s] Level 5:colcon.colcon_core.verb:set package 'moveit_chomp_optimizer_adapter' build argument 'catkin_skip_building_tests' from command line to 'False'
[0.578s] DEBUG:colcon.colcon_core.verb:Building package 'moveit_chomp_optimizer_adapter' with the following arguments: {'ament_cmake_args': None, 'build_base': '/home/vinayak/ws_moveit2/build/moveit_chomp_optimizer_adapter', 'catkin_cmake_args': None, 'catkin_skip_building_tests': False, 'cmake_args': None, 'cmake_clean_cache': False, 'cmake_clean_first': False, 'cmake_force_configure': False, 'cmake_target': None, 'cmake_target_skip_unavailable': False, 'install_base': '/home/vinayak/ws_moveit2/install/moveit_chomp_optimizer_adapter', 'merge_install': False, 'path': '/home/vinayak/ws_moveit2/src/moveit2/moveit_planners/chomp/chomp_optimizer_adapter', 'symlink_install': False, 'test_result_base': None}
[0.578s] Level 5:colcon.colcon_core.verb:set package 'moveit_planners_chomp' build argument 'cmake_args' from command line to 'None'
[0.578s] Level 5:colcon.colcon_core.verb:set package 'moveit_planners_chomp' build argument 'cmake_target' from command line to 'None'
[0.578s] Level 5:colcon.colcon_core.verb:set package 'moveit_planners_chomp' build argument 'cmake_target_skip_unavailable' from command line to 'False'
[0.578s] Level 5:colcon.colcon_core.verb:set package 'moveit_planners_chomp' build argument 'cmake_clean_cache' from command line to 'False'
[0.578s] Level 5:colcon.colcon_core.verb:set package 'moveit_planners_chomp' build argument 'cmake_clean_first' from command line to 'False'
[0.578s] Level 5:colcon.colcon_core.verb:set package 'moveit_planners_chomp' build argument 'cmake_force_configure' from command line to 'False'
[0.578s] Level 5:colcon.colcon_core.verb:set package 'moveit_planners_chomp' build argument 'ament_cmake_args' from command line to 'None'
[0.578s] Level 5:colcon.colcon_core.verb:set package 'moveit_planners_chomp' build argument 'catkin_cmake_args' from command line to 'None'
[0.578s] Level 5:colcon.colcon_core.verb:set package 'moveit_planners_chomp' build argument 'catkin_skip_building_tests' from command line to 'False'
[0.578s] DEBUG:colcon.colcon_core.verb:Building package 'moveit_planners_chomp' with the following arguments: {'ament_cmake_args': None, 'build_base': '/home/vinayak/ws_moveit2/build/moveit_planners_chomp', 'catkin_cmake_args': None, 'catkin_skip_building_tests': False, 'cmake_args': None, 'cmake_clean_cache': False, 'cmake_clean_first': False, 'cmake_force_configure': False, 'cmake_target': None, 'cmake_target_skip_unavailable': False, 'install_base': '/home/vinayak/ws_moveit2/install/moveit_planners_chomp', 'merge_install': False, 'path': '/home/vinayak/ws_moveit2/src/moveit2/moveit_planners/chomp/chomp_interface', 'symlink_install': False, 'test_result_base': None}
[0.579s] Level 5:colcon.colcon_core.verb:set package 'moveit_plugins' build argument 'cmake_args' from command line to 'None'
[0.579s] Level 5:colcon.colcon_core.verb:set package 'moveit_plugins' build argument 'cmake_target' from command line to 'None'
[0.579s] Level 5:colcon.colcon_core.verb:set package 'moveit_plugins' build argument 'cmake_target_skip_unavailable' from command line to 'False'
[0.579s] Level 5:colcon.colcon_core.verb:set package 'moveit_plugins' build argument 'cmake_clean_cache' from command line to 'False'
[0.579s] Level 5:colcon.colcon_core.verb:set package 'moveit_plugins' build argument 'cmake_clean_first' from command line to 'False'
[0.579s] Level 5:colcon.colcon_core.verb:set package 'moveit_plugins' build argument 'cmake_force_configure' from command line to 'False'
[0.579s] Level 5:colcon.colcon_core.verb:set package 'moveit_plugins' build argument 'ament_cmake_args' from command line to 'None'
[0.579s] Level 5:colcon.colcon_core.verb:set package 'moveit_plugins' build argument 'catkin_cmake_args' from command line to 'None'
[0.579s] Level 5:colcon.colcon_core.verb:set package 'moveit_plugins' build argument 'catkin_skip_building_tests' from command line to 'False'
[0.579s] DEBUG:colcon.colcon_core.verb:Building package 'moveit_plugins' with the following arguments: {'ament_cmake_args': None, 'build_base': '/home/vinayak/ws_moveit2/build/moveit_plugins', 'catkin_cmake_args': None, 'catkin_skip_building_tests': False, 'cmake_args': None, 'cmake_clean_cache': False, 'cmake_clean_first': False, 'cmake_force_configure': False, 'cmake_target': None, 'cmake_target_skip_unavailable': False, 'install_base': '/home/vinayak/ws_moveit2/install/moveit_plugins', 'merge_install': False, 'path': '/home/vinayak/ws_moveit2/src/moveit2/moveit_plugins/moveit_plugins', 'symlink_install': False, 'test_result_base': None}
[0.579s] Level 5:colcon.colcon_core.verb:set package 'moveit_ros_control_interface' build argument 'cmake_args' from command line to 'None'
[0.579s] Level 5:colcon.colcon_core.verb:set package 'moveit_ros_control_interface' build argument 'cmake_target' from command line to 'None'
[0.579s] Level 5:colcon.colcon_core.verb:set package 'moveit_ros_control_interface' build argument 'cmake_target_skip_unavailable' from command line to 'False'
[0.579s] Level 5:colcon.colcon_core.verb:set package 'moveit_ros_control_interface' build argument 'cmake_clean_cache' from command line to 'False'
[0.579s] Level 5:colcon.colcon_core.verb:set package 'moveit_ros_control_interface' build argument 'cmake_clean_first' from command line to 'False'
[0.579s] Level 5:colcon.colcon_core.verb:set package 'moveit_ros_control_interface' build argument 'cmake_force_configure' from command line to 'False'
[0.579s] Level 5:colcon.colcon_core.verb:set package 'moveit_ros_control_interface' build argument 'ament_cmake_args' from command line to 'None'
[0.579s] Level 5:colcon.colcon_core.verb:set package 'moveit_ros_control_interface' build argument 'catkin_cmake_args' from command line to 'None'
[0.579s] Level 5:colcon.colcon_core.verb:set package 'moveit_ros_control_interface' build argument 'catkin_skip_building_tests' from command line to 'False'
[0.579s] DEBUG:colcon.colcon_core.verb:Building package 'moveit_ros_control_interface' with the following arguments: {'ament_cmake_args': None, 'build_base': '/home/vinayak/ws_moveit2/build/moveit_ros_control_interface', 'catkin_cmake_args': None, 'catkin_skip_building_tests': False, 'cmake_args': None, 'cmake_clean_cache': False, 'cmake_clean_first': False, 'cmake_force_configure': False, 'cmake_target': None, 'cmake_target_skip_unavailable': False, 'install_base': '/home/vinayak/ws_moveit2/install/moveit_ros_control_interface', 'merge_install': False, 'path': '/home/vinayak/ws_moveit2/src/moveit2/moveit_plugins/moveit_ros_control_interface', 'symlink_install': False, 'test_result_base': None}
[0.580s] Level 5:colcon.colcon_core.verb:set package 'moveit_ros_planning' build argument 'cmake_args' from command line to 'None'
[0.580s] Level 5:colcon.colcon_core.verb:set package 'moveit_ros_planning' build argument 'cmake_target' from command line to 'None'
[0.580s] Level 5:colcon.colcon_core.verb:set package 'moveit_ros_planning' build argument 'cmake_target_skip_unavailable' from command line to 'False'
[0.580s] Level 5:colcon.colcon_core.verb:set package 'moveit_ros_planning' build argument 'cmake_clean_cache' from command line to 'False'
[0.580s] Level 5:colcon.colcon_core.verb:set package 'moveit_ros_planning' build argument 'cmake_clean_first' from command line to 'False'
[0.580s] Level 5:colcon.colcon_core.verb:set package 'moveit_ros_planning' build argument 'cmake_force_configure' from command line to 'False'
[0.580s] Level 5:colcon.colcon_core.verb:set package 'moveit_ros_planning' build argument 'ament_cmake_args' from command line to 'None'
[0.580s] Level 5:colcon.colcon_core.verb:set package 'moveit_ros_planning' build argument 'catkin_cmake_args' from command line to 'None'
[0.580s] Level 5:colcon.colcon_core.verb:set package 'moveit_ros_planning' build argument 'catkin_skip_building_tests' from command line to 'False'
[0.580s] DEBUG:colcon.colcon_core.verb:Building package 'moveit_ros_planning' with the following arguments: {'ament_cmake_args': None, 'build_base': '/home/vinayak/ws_moveit2/build/moveit_ros_planning', 'catkin_cmake_args': None, 'catkin_skip_building_tests': False, 'cmake_args': None, 'cmake_clean_cache': False, 'cmake_clean_first': False, 'cmake_force_configure': False, 'cmake_target': None, 'cmake_target_skip_unavailable': False, 'install_base': '/home/vinayak/ws_moveit2/install/moveit_ros_planning', 'merge_install': False, 'path': '/home/vinayak/ws_moveit2/src/moveit2/moveit_ros/planning', 'symlink_install': False, 'test_result_base': None}
[0.580s] Level 5:colcon.colcon_core.verb:set package 'moveit_kinematics' build argument 'cmake_args' from command line to 'None'
[0.580s] Level 5:colcon.colcon_core.verb:set package 'moveit_kinematics' build argument 'cmake_target' from command line to 'None'
[0.580s] Level 5:colcon.colcon_core.verb:set package 'moveit_kinematics' build argument 'cmake_target_skip_unavailable' from command line to 'False'
[0.580s] Level 5:colcon.colcon_core.verb:set package 'moveit_kinematics' build argument 'cmake_clean_cache' from command line to 'False'
[0.580s] Level 5:colcon.colcon_core.verb:set package 'moveit_kinematics' build argument 'cmake_clean_first' from command line to 'False'
[0.580s] Level 5:colcon.colcon_core.verb:set package 'moveit_kinematics' build argument 'cmake_force_configure' from command line to 'False'
[0.580s] Level 5:colcon.colcon_core.verb:set package 'moveit_kinematics' build argument 'ament_cmake_args' from command line to 'None'
[0.580s] Level 5:colcon.colcon_core.verb:set package 'moveit_kinematics' build argument 'catkin_cmake_args' from command line to 'None'
[0.580s] Level 5:colcon.colcon_core.verb:set package 'moveit_kinematics' build argument 'catkin_skip_building_tests' from command line to 'False'
[0.580s] DEBUG:colcon.colcon_core.verb:Building package 'moveit_kinematics' with the following arguments: {'ament_cmake_args': None, 'build_base': '/home/vinayak/ws_moveit2/build/moveit_kinematics', 'catkin_cmake_args': None, 'catkin_skip_building_tests': False, 'cmake_args': None, 'cmake_clean_cache': False, 'cmake_clean_first': False, 'cmake_force_configure': False, 'cmake_target': None, 'cmake_target_skip_unavailable': False, 'install_base': '/home/vinayak/ws_moveit2/install/moveit_kinematics', 'merge_install': False, 'path': '/home/vinayak/ws_moveit2/src/moveit2/moveit_kinematics', 'symlink_install': False, 'test_result_base': None}
[0.581s] Level 5:colcon.colcon_core.verb:set package 'moveit_planners_ompl' build argument 'cmake_args' from command line to 'None'
[0.581s] Level 5:colcon.colcon_core.verb:set package 'moveit_planners_ompl' build argument 'cmake_target' from command line to 'None'
[0.581s] Level 5:colcon.colcon_core.verb:set package 'moveit_planners_ompl' build argument 'cmake_target_skip_unavailable' from command line to 'False'
[0.581s] Level 5:colcon.colcon_core.verb:set package 'moveit_planners_ompl' build argument 'cmake_clean_cache' from command line to 'False'
[0.581s] Level 5:colcon.colcon_core.verb:set package 'moveit_planners_ompl' build argument 'cmake_clean_first' from command line to 'False'
[0.581s] Level 5:colcon.colcon_core.verb:set package 'moveit_planners_ompl' build argument 'cmake_force_configure' from command line to 'False'
[0.581s] Level 5:colcon.colcon_core.verb:set package 'moveit_planners_ompl' build argument 'ament_cmake_args' from command line to 'None'
[0.581s] Level 5:colcon.colcon_core.verb:set package 'moveit_planners_ompl' build argument 'catkin_cmake_args' from command line to 'None'
[0.581s] Level 5:colcon.colcon_core.verb:set package 'moveit_planners_ompl' build argument 'catkin_skip_building_tests' from command line to 'False'
[0.581s] DEBUG:colcon.colcon_core.verb:Building package 'moveit_planners_ompl' with the following arguments: {'ament_cmake_args': None, 'build_base': '/home/vinayak/ws_moveit2/build/moveit_planners_ompl', 'catkin_cmake_args': None, 'catkin_skip_building_tests': False, 'cmake_args': None, 'cmake_clean_cache': False, 'cmake_clean_first': False, 'cmake_force_configure': False, 'cmake_target': None, 'cmake_target_skip_unavailable': False, 'install_base': '/home/vinayak/ws_moveit2/install/moveit_planners_ompl', 'merge_install': False, 'path': '/home/vinayak/ws_moveit2/src/moveit2/moveit_planners/ompl', 'symlink_install': False, 'test_result_base': None}
[0.581s] Level 5:colcon.colcon_core.verb:set package 'moveit_ros_perception' build argument 'cmake_args' from command line to 'None'
[0.581s] Level 5:colcon.colcon_core.verb:set package 'moveit_ros_perception' build argument 'cmake_target' from command line to 'None'
[0.581s] Level 5:colcon.colcon_core.verb:set package 'moveit_ros_perception' build argument 'cmake_target_skip_unavailable' from command line to 'False'
[0.581s] Level 5:colcon.colcon_core.verb:set package 'moveit_ros_perception' build argument 'cmake_clean_cache' from command line to 'False'
[0.581s] Level 5:colcon.colcon_core.verb:set package 'moveit_ros_perception' build argument 'cmake_clean_first' from command line to 'False'
[0.581s] Level 5:colcon.colcon_core.verb:set package 'moveit_ros_perception' build argument 'cmake_force_configure' from command line to 'False'
[0.581s] Level 5:colcon.colcon_core.verb:set package 'moveit_ros_perception' build argument 'ament_cmake_args' from command line to 'None'
[0.581s] Level 5:colcon.colcon_core.verb:set package 'moveit_ros_perception' build argument 'catkin_cmake_args' from command line to 'None'
[0.581s] Level 5:colcon.colcon_core.verb:set package 'moveit_ros_perception' build argument 'catkin_skip_building_tests' from command line to 'False'
[0.581s] DEBUG:colcon.colcon_core.verb:Building package 'moveit_ros_perception' with the following arguments: {'ament_cmake_args': None, 'build_base': '/home/vinayak/ws_moveit2/build/moveit_ros_perception', 'catkin_cmake_args': None, 'catkin_skip_building_tests': False, 'cmake_args': None, 'cmake_clean_cache': False, 'cmake_clean_first': False, 'cmake_force_configure': False, 'cmake_target': None, 'cmake_target_skip_unavailable': False, 'install_base': '/home/vinayak/ws_moveit2/install/moveit_ros_perception', 'merge_install': False, 'path': '/home/vinayak/ws_moveit2/src/moveit2/moveit_ros/perception', 'symlink_install': False, 'test_result_base': None}
[0.582s] Level 5:colcon.colcon_core.verb:set package 'moveit_ros_robot_interaction' build argument 'cmake_args' from command line to 'None'
[0.582s] Level 5:colcon.colcon_core.verb:set package 'moveit_ros_robot_interaction' build argument 'cmake_target' from command line to 'None'
[0.582s] Level 5:colcon.colcon_core.verb:set package 'moveit_ros_robot_interaction' build argument 'cmake_target_skip_unavailable' from command line to 'False'
[0.582s] Level 5:colcon.colcon_core.verb:set package 'moveit_ros_robot_interaction' build argument 'cmake_clean_cache' from command line to 'False'
[0.582s] Level 5:colcon.colcon_core.verb:set package 'moveit_ros_robot_interaction' build argument 'cmake_clean_first' from command line to 'False'
[0.582s] Level 5:colcon.colcon_core.verb:set package 'moveit_ros_robot_interaction' build argument 'cmake_force_configure' from command line to 'False'
[0.582s] Level 5:colcon.colcon_core.verb:set package 'moveit_ros_robot_interaction' build argument 'ament_cmake_args' from command line to 'None'
[0.582s] Level 5:colcon.colcon_core.verb:set package 'moveit_ros_robot_interaction' build argument 'catkin_cmake_args' from command line to 'None'
[0.582s] Level 5:colcon.colcon_core.verb:set package 'moveit_ros_robot_interaction' build argument 'catkin_skip_building_tests' from command line to 'False'
[0.582s] DEBUG:colcon.colcon_core.verb:Building package 'moveit_ros_robot_interaction' with the following arguments: {'ament_cmake_args': None, 'build_base': '/home/vinayak/ws_moveit2/build/moveit_ros_robot_interaction', 'catkin_cmake_args': None, 'catkin_skip_building_tests': False, 'cmake_args': None, 'cmake_clean_cache': False, 'cmake_clean_first': False, 'cmake_force_configure': False, 'cmake_target': None, 'cmake_target_skip_unavailable': False, 'install_base': '/home/vinayak/ws_moveit2/install/moveit_ros_robot_interaction', 'merge_install': False, 'path': '/home/vinayak/ws_moveit2/src/moveit2/moveit_ros/robot_interaction', 'symlink_install': False, 'test_result_base': None}
[0.582s] Level 5:colcon.colcon_core.verb:set package 'moveit_ros_warehouse' build argument 'cmake_args' from command line to 'None'
[0.582s] Level 5:colcon.colcon_core.verb:set package 'moveit_ros_warehouse' build argument 'cmake_target' from command line to 'None'
[0.582s] Level 5:colcon.colcon_core.verb:set package 'moveit_ros_warehouse' build argument 'cmake_target_skip_unavailable' from command line to 'False'
[0.582s] Level 5:colcon.colcon_core.verb:set package 'moveit_ros_warehouse' build argument 'cmake_clean_cache' from command line to 'False'
[0.582s] Level 5:colcon.colcon_core.verb:set package 'moveit_ros_warehouse' build argument 'cmake_clean_first' from command line to 'False'
[0.582s] Level 5:colcon.colcon_core.verb:set package 'moveit_ros_warehouse' build argument 'cmake_force_configure' from command line to 'False'
[0.582s] Level 5:colcon.colcon_core.verb:set package 'moveit_ros_warehouse' build argument 'ament_cmake_args' from command line to 'None'
[0.583s] Level 5:colcon.colcon_core.verb:set package 'moveit_ros_warehouse' build argument 'catkin_cmake_args' from command line to 'None'
[0.583s] Level 5:colcon.colcon_core.verb:set package 'moveit_ros_warehouse' build argument 'catkin_skip_building_tests' from command line to 'False'
[0.583s] DEBUG:colcon.colcon_core.verb:Building package 'moveit_ros_warehouse' with the following arguments: {'ament_cmake_args': None, 'build_base': '/home/vinayak/ws_moveit2/build/moveit_ros_warehouse', 'catkin_cmake_args': None, 'catkin_skip_building_tests': False, 'cmake_args': None, 'cmake_clean_cache': False, 'cmake_clean_first': False, 'cmake_force_configure': False, 'cmake_target': None, 'cmake_target_skip_unavailable': False, 'install_base': '/home/vinayak/ws_moveit2/install/moveit_ros_warehouse', 'merge_install': False, 'path': '/home/vinayak/ws_moveit2/src/moveit2/moveit_ros/warehouse', 'symlink_install': False, 'test_result_base': None}
[0.583s] Level 5:colcon.colcon_core.verb:set package 'moveit_visual_tools' build argument 'cmake_args' from command line to 'None'
[0.583s] Level 5:colcon.colcon_core.verb:set package 'moveit_visual_tools' build argument 'cmake_target' from command line to 'None'
[0.583s] Level 5:colcon.colcon_core.verb:set package 'moveit_visual_tools' build argument 'cmake_target_skip_unavailable' from command line to 'False'
[0.583s] Level 5:colcon.colcon_core.verb:set package 'moveit_visual_tools' build argument 'cmake_clean_cache' from command line to 'False'
[0.583s] Level 5:colcon.colcon_core.verb:set package 'moveit_visual_tools' build argument 'cmake_clean_first' from command line to 'False'
[0.583s] Level 5:colcon.colcon_core.verb:set package 'moveit_visual_tools' build argument 'cmake_force_configure' from command line to 'False'
[0.583s] Level 5:colcon.colcon_core.verb:set package 'moveit_visual_tools' build argument 'ament_cmake_args' from command line to 'None'
[0.583s] Level 5:colcon.colcon_core.verb:set package 'moveit_visual_tools' build argument 'catkin_cmake_args' from command line to 'None'
[0.583s] Level 5:colcon.colcon_core.verb:set package 'moveit_visual_tools' build argument 'catkin_skip_building_tests' from command line to 'False'
[0.583s] DEBUG:colcon.colcon_core.verb:Building package 'moveit_visual_tools' with the following arguments: {'ament_cmake_args': None, 'build_base': '/home/vinayak/ws_moveit2/build/moveit_visual_tools', 'catkin_cmake_args': None, 'catkin_skip_building_tests': False, 'cmake_args': None, 'cmake_clean_cache': False, 'cmake_clean_first': False, 'cmake_force_configure': False, 'cmake_target': None, 'cmake_target_skip_unavailable': False, 'install_base': '/home/vinayak/ws_moveit2/install/moveit_visual_tools', 'merge_install': False, 'path': '/home/vinayak/ws_moveit2/src/moveit_visual_tools', 'symlink_install': False, 'test_result_base': None}
[0.583s] Level 5:colcon.colcon_core.verb:set package 'moveit_ros_benchmarks' build argument 'cmake_args' from command line to 'None'
[0.583s] Level 5:colcon.colcon_core.verb:set package 'moveit_ros_benchmarks' build argument 'cmake_target' from command line to 'None'
[0.583s] Level 5:colcon.colcon_core.verb:set package 'moveit_ros_benchmarks' build argument 'cmake_target_skip_unavailable' from command line to 'False'
[0.584s] Level 5:colcon.colcon_core.verb:set package 'moveit_ros_benchmarks' build argument 'cmake_clean_cache' from command line to 'False'
[0.584s] Level 5:colcon.colcon_core.verb:set package 'moveit_ros_benchmarks' build argument 'cmake_clean_first' from command line to 'False'
[0.584s] Level 5:colcon.colcon_core.verb:set package 'moveit_ros_benchmarks' build argument 'cmake_force_configure' from command line to 'False'
[0.584s] Level 5:colcon.colcon_core.verb:set package 'moveit_ros_benchmarks' build argument 'ament_cmake_args' from command line to 'None'
[0.584s] Level 5:colcon.colcon_core.verb:set package 'moveit_ros_benchmarks' build argument 'catkin_cmake_args' from command line to 'None'
[0.584s] Level 5:colcon.colcon_core.verb:set package 'moveit_ros_benchmarks' build argument 'catkin_skip_building_tests' from command line to 'False'
[0.584s] DEBUG:colcon.colcon_core.verb:Building package 'moveit_ros_benchmarks' with the following arguments: {'ament_cmake_args': None, 'build_base': '/home/vinayak/ws_moveit2/build/moveit_ros_benchmarks', 'catkin_cmake_args': None, 'catkin_skip_building_tests': False, 'cmake_args': None, 'cmake_clean_cache': False, 'cmake_clean_first': False, 'cmake_force_configure': False, 'cmake_target': None, 'cmake_target_skip_unavailable': False, 'install_base': '/home/vinayak/ws_moveit2/install/moveit_ros_benchmarks', 'merge_install': False, 'path': '/home/vinayak/ws_moveit2/src/moveit2/moveit_ros/benchmarks', 'symlink_install': False, 'test_result_base': None}
[0.584s] Level 5:colcon.colcon_core.verb:set package 'moveit_ros_move_group' build argument 'cmake_args' from command line to 'None'
[0.584s] Level 5:colcon.colcon_core.verb:set package 'moveit_ros_move_group' build argument 'cmake_target' from command line to 'None'
[0.584s] Level 5:colcon.colcon_core.verb:set package 'moveit_ros_move_group' build argument 'cmake_target_skip_unavailable' from command line to 'False'
[0.584s] Level 5:colcon.colcon_core.verb:set package 'moveit_ros_move_group' build argument 'cmake_clean_cache' from command line to 'False'
[0.584s] Level 5:colcon.colcon_core.verb:set package 'moveit_ros_move_group' build argument 'cmake_clean_first' from command line to 'False'
[0.584s] Level 5:colcon.colcon_core.verb:set package 'moveit_ros_move_group' build argument 'cmake_force_configure' from command line to 'False'
[0.584s] Level 5:colcon.colcon_core.verb:set package 'moveit_ros_move_group' build argument 'ament_cmake_args' from command line to 'None'
[0.584s] Level 5:colcon.colcon_core.verb:set package 'moveit_ros_move_group' build argument 'catkin_cmake_args' from command line to 'None'
[0.584s] Level 5:colcon.colcon_core.verb:set package 'moveit_ros_move_group' build argument 'catkin_skip_building_tests' from command line to 'False'
[0.584s] DEBUG:colcon.colcon_core.verb:Building package 'moveit_ros_move_group' with the following arguments: {'ament_cmake_args': None, 'build_base': '/home/vinayak/ws_moveit2/build/moveit_ros_move_group', 'catkin_cmake_args': None, 'catkin_skip_building_tests': False, 'cmake_args': None, 'cmake_clean_cache': False, 'cmake_clean_first': False, 'cmake_force_configure': False, 'cmake_target': None, 'cmake_target_skip_unavailable': False, 'install_base': '/home/vinayak/ws_moveit2/install/moveit_ros_move_group', 'merge_install': False, 'path': '/home/vinayak/ws_moveit2/src/moveit2/moveit_ros/move_group', 'symlink_install': False, 'test_result_base': None}
[0.584s] Level 5:colcon.colcon_core.verb:set package 'moveit_resources_prbt_moveit_config' build argument 'cmake_args' from command line to 'None'
[0.585s] Level 5:colcon.colcon_core.verb:set package 'moveit_resources_prbt_moveit_config' build argument 'cmake_target' from command line to 'None'
[0.585s] Level 5:colcon.colcon_core.verb:set package 'moveit_resources_prbt_moveit_config' build argument 'cmake_target_skip_unavailable' from command line to 'False'
[0.585s] Level 5:colcon.colcon_core.verb:set package 'moveit_resources_prbt_moveit_config' build argument 'cmake_clean_cache' from command line to 'False'
[0.585s] Level 5:colcon.colcon_core.verb:set package 'moveit_resources_prbt_moveit_config' build argument 'cmake_clean_first' from command line to 'False'
[0.585s] Level 5:colcon.colcon_core.verb:set package 'moveit_resources_prbt_moveit_config' build argument 'cmake_force_configure' from command line to 'False'
[0.585s] Level 5:colcon.colcon_core.verb:set package 'moveit_resources_prbt_moveit_config' build argument 'ament_cmake_args' from command line to 'None'
[0.585s] Level 5:colcon.colcon_core.verb:set package 'moveit_resources_prbt_moveit_config' build argument 'catkin_cmake_args' from command line to 'None'
[0.585s] Level 5:colcon.colcon_core.verb:set package 'moveit_resources_prbt_moveit_config' build argument 'catkin_skip_building_tests' from command line to 'False'
[0.585s] DEBUG:colcon.colcon_core.verb:Building package 'moveit_resources_prbt_moveit_config' with the following arguments: {'ament_cmake_args': None, 'build_base': '/home/vinayak/ws_moveit2/build/moveit_resources_prbt_moveit_config', 'catkin_cmake_args': None, 'catkin_skip_building_tests': False, 'cmake_args': None, 'cmake_clean_cache': False, 'cmake_clean_first': False, 'cmake_force_configure': False, 'cmake_target': None, 'cmake_target_skip_unavailable': False, 'install_base': '/home/vinayak/ws_moveit2/install/moveit_resources_prbt_moveit_config', 'merge_install': False, 'path': '/home/vinayak/ws_moveit2/src/moveit2/moveit_planners/test_configs/prbt_moveit_config', 'symlink_install': False, 'test_result_base': None}
[0.585s] Level 5:colcon.colcon_core.verb:set package 'moveit_ros_planning_interface' build argument 'cmake_args' from command line to 'None'
[0.585s] Level 5:colcon.colcon_core.verb:set package 'moveit_ros_planning_interface' build argument 'cmake_target' from command line to 'None'
[0.585s] Level 5:colcon.colcon_core.verb:set package 'moveit_ros_planning_interface' build argument 'cmake_target_skip_unavailable' from command line to 'False'
[0.585s] Level 5:colcon.colcon_core.verb:set package 'moveit_ros_planning_interface' build argument 'cmake_clean_cache' from command line to 'False'
[0.585s] Level 5:colcon.colcon_core.verb:set package 'moveit_ros_planning_interface' build argument 'cmake_clean_first' from command line to 'False'
[0.585s] Level 5:colcon.colcon_core.verb:set package 'moveit_ros_planning_interface' build argument 'cmake_force_configure' from command line to 'False'
[0.585s] Level 5:colcon.colcon_core.verb:set package 'moveit_ros_planning_interface' build argument 'ament_cmake_args' from command line to 'None'
[0.585s] Level 5:colcon.colcon_core.verb:set package 'moveit_ros_planning_interface' build argument 'catkin_cmake_args' from command line to 'None'
[0.585s] Level 5:colcon.colcon_core.verb:set package 'moveit_ros_planning_interface' build argument 'catkin_skip_building_tests' from command line to 'False'
[0.585s] DEBUG:colcon.colcon_core.verb:Building package 'moveit_ros_planning_interface' with the following arguments: {'ament_cmake_args': None, 'build_base': '/home/vinayak/ws_moveit2/build/moveit_ros_planning_interface', 'catkin_cmake_args': None, 'catkin_skip_building_tests': False, 'cmake_args': None, 'cmake_clean_cache': False, 'cmake_clean_first': False, 'cmake_force_configure': False, 'cmake_target': None, 'cmake_target_skip_unavailable': False, 'install_base': '/home/vinayak/ws_moveit2/install/moveit_ros_planning_interface', 'merge_install': False, 'path': '/home/vinayak/ws_moveit2/src/moveit2/moveit_ros/planning_interface', 'symlink_install': False, 'test_result_base': None}
[0.586s] Level 5:colcon.colcon_core.verb:set package 'moveit_hybrid_planning' build argument 'cmake_args' from command line to 'None'
[0.586s] Level 5:colcon.colcon_core.verb:set package 'moveit_hybrid_planning' build argument 'cmake_target' from command line to 'None'
[0.586s] Level 5:colcon.colcon_core.verb:set package 'moveit_hybrid_planning' build argument 'cmake_target_skip_unavailable' from command line to 'False'
[0.586s] Level 5:colcon.colcon_core.verb:set package 'moveit_hybrid_planning' build argument 'cmake_clean_cache' from command line to 'False'
[0.586s] Level 5:colcon.colcon_core.verb:set package 'moveit_hybrid_planning' build argument 'cmake_clean_first' from command line to 'False'
[0.586s] Level 5:colcon.colcon_core.verb:set package 'moveit_hybrid_planning' build argument 'cmake_force_configure' from command line to 'False'
[0.586s] Level 5:colcon.colcon_core.verb:set package 'moveit_hybrid_planning' build argument 'ament_cmake_args' from command line to 'None'
[0.586s] Level 5:colcon.colcon_core.verb:set package 'moveit_hybrid_planning' build argument 'catkin_cmake_args' from command line to 'None'
[0.586s] Level 5:colcon.colcon_core.verb:set package 'moveit_hybrid_planning' build argument 'catkin_skip_building_tests' from command line to 'False'
[0.586s] DEBUG:colcon.colcon_core.verb:Building package 'moveit_hybrid_planning' with the following arguments: {'ament_cmake_args': None, 'build_base': '/home/vinayak/ws_moveit2/build/moveit_hybrid_planning', 'catkin_cmake_args': None, 'catkin_skip_building_tests': False, 'cmake_args': None, 'cmake_clean_cache': False, 'cmake_clean_first': False, 'cmake_force_configure': False, 'cmake_target': None, 'cmake_target_skip_unavailable': False, 'install_base': '/home/vinayak/ws_moveit2/install/moveit_hybrid_planning', 'merge_install': False, 'path': '/home/vinayak/ws_moveit2/src/moveit2/moveit_ros/hybrid_planning', 'symlink_install': False, 'test_result_base': None}
[0.586s] Level 5:colcon.colcon_core.verb:set package 'moveit_resources_prbt_pg70_support' build argument 'cmake_args' from command line to 'None'
[0.586s] Level 5:colcon.colcon_core.verb:set package 'moveit_resources_prbt_pg70_support' build argument 'cmake_target' from command line to 'None'
[0.586s] Level 5:colcon.colcon_core.verb:set package 'moveit_resources_prbt_pg70_support' build argument 'cmake_target_skip_unavailable' from command line to 'False'
[0.586s] Level 5:colcon.colcon_core.verb:set package 'moveit_resources_prbt_pg70_support' build argument 'cmake_clean_cache' from command line to 'False'
[0.586s] Level 5:colcon.colcon_core.verb:set package 'moveit_resources_prbt_pg70_support' build argument 'cmake_clean_first' from command line to 'False'
[0.586s] Level 5:colcon.colcon_core.verb:set package 'moveit_resources_prbt_pg70_support' build argument 'cmake_force_configure' from command line to 'False'
[0.586s] Level 5:colcon.colcon_core.verb:set package 'moveit_resources_prbt_pg70_support' build argument 'ament_cmake_args' from command line to 'None'
[0.586s] Level 5:colcon.colcon_core.verb:set package 'moveit_resources_prbt_pg70_support' build argument 'catkin_cmake_args' from command line to 'None'
[0.586s] Level 5:colcon.colcon_core.verb:set package 'moveit_resources_prbt_pg70_support' build argument 'catkin_skip_building_tests' from command line to 'False'
[0.586s] DEBUG:colcon.colcon_core.verb:Building package 'moveit_resources_prbt_pg70_support' with the following arguments: {'ament_cmake_args': None, 'build_base': '/home/vinayak/ws_moveit2/build/moveit_resources_prbt_pg70_support', 'catkin_cmake_args': None, 'catkin_skip_building_tests': False, 'cmake_args': None, 'cmake_clean_cache': False, 'cmake_clean_first': False, 'cmake_force_configure': False, 'cmake_target': None, 'cmake_target_skip_unavailable': False, 'install_base': '/home/vinayak/ws_moveit2/install/moveit_resources_prbt_pg70_support', 'merge_install': False, 'path': '/home/vinayak/ws_moveit2/src/moveit2/moveit_planners/test_configs/prbt_pg70_support', 'symlink_install': False, 'test_result_base': None}
[0.587s] Level 5:colcon.colcon_core.verb:set package 'moveit_ros_visualization' build argument 'cmake_args' from command line to 'None'
[0.587s] Level 5:colcon.colcon_core.verb:set package 'moveit_ros_visualization' build argument 'cmake_target' from command line to 'None'
[0.587s] Level 5:colcon.colcon_core.verb:set package 'moveit_ros_visualization' build argument 'cmake_target_skip_unavailable' from command line to 'False'
[0.587s] Level 5:colcon.colcon_core.verb:set package 'moveit_ros_visualization' build argument 'cmake_clean_cache' from command line to 'False'
[0.587s] Level 5:colcon.colcon_core.verb:set package 'moveit_ros_visualization' build argument 'cmake_clean_first' from command line to 'False'
[0.587s] Level 5:colcon.colcon_core.verb:set package 'moveit_ros_visualization' build argument 'cmake_force_configure' from command line to 'False'
[0.587s] Level 5:colcon.colcon_core.verb:set package 'moveit_ros_visualization' build argument 'ament_cmake_args' from command line to 'None'
[0.587s] Level 5:colcon.colcon_core.verb:set package 'moveit_ros_visualization' build argument 'catkin_cmake_args' from command line to 'None'
[0.587s] Level 5:colcon.colcon_core.verb:set package 'moveit_ros_visualization' build argument 'catkin_skip_building_tests' from command line to 'False'
[0.587s] DEBUG:colcon.colcon_core.verb:Building package 'moveit_ros_visualization' with the following arguments: {'ament_cmake_args': None, 'build_base': '/home/vinayak/ws_moveit2/build/moveit_ros_visualization', 'catkin_cmake_args': None, 'catkin_skip_building_tests': False, 'cmake_args': None, 'cmake_clean_cache': False, 'cmake_clean_first': False, 'cmake_force_configure': False, 'cmake_target': None, 'cmake_target_skip_unavailable': False, 'install_base': '/home/vinayak/ws_moveit2/install/moveit_ros_visualization', 'merge_install': False, 'path': '/home/vinayak/ws_moveit2/src/moveit2/moveit_ros/visualization', 'symlink_install': False, 'test_result_base': None}
[0.587s] Level 5:colcon.colcon_core.verb:set package 'moveit_servo' build argument 'cmake_args' from command line to 'None'
[0.587s] Level 5:colcon.colcon_core.verb:set package 'moveit_servo' build argument 'cmake_target' from command line to 'None'
[0.587s] Level 5:colcon.colcon_core.verb:set package 'moveit_servo' build argument 'cmake_target_skip_unavailable' from command line to 'False'
[0.587s] Level 5:colcon.colcon_core.verb:set package 'moveit_servo' build argument 'cmake_clean_cache' from command line to 'False'
[0.587s] Level 5:colcon.colcon_core.verb:set package 'moveit_servo' build argument 'cmake_clean_first' from command line to 'False'
[0.587s] Level 5:colcon.colcon_core.verb:set package 'moveit_servo' build argument 'cmake_force_configure' from command line to 'False'
[0.587s] Level 5:colcon.colcon_core.verb:set package 'moveit_servo' build argument 'ament_cmake_args' from command line to 'None'
[0.587s] Level 5:colcon.colcon_core.verb:set package 'moveit_servo' build argument 'catkin_cmake_args' from command line to 'None'
[0.587s] Level 5:colcon.colcon_core.verb:set package 'moveit_servo' build argument 'catkin_skip_building_tests' from command line to 'False'
[0.587s] DEBUG:colcon.colcon_core.verb:Building package 'moveit_servo' with the following arguments: {'ament_cmake_args': None, 'build_base': '/home/vinayak/ws_moveit2/build/moveit_servo', 'catkin_cmake_args': None, 'catkin_skip_building_tests': False, 'cmake_args': None, 'cmake_clean_cache': False, 'cmake_clean_first': False, 'cmake_force_configure': False, 'cmake_target': None, 'cmake_target_skip_unavailable': False, 'install_base': '/home/vinayak/ws_moveit2/install/moveit_servo', 'merge_install': False, 'path': '/home/vinayak/ws_moveit2/src/moveit2/moveit_ros/moveit_servo', 'symlink_install': False, 'test_result_base': None}
[0.588s] Level 5:colcon.colcon_core.verb:set package 'moveit_ros' build argument 'cmake_args' from command line to 'None'
[0.588s] Level 5:colcon.colcon_core.verb:set package 'moveit_ros' build argument 'cmake_target' from command line to 'None'
[0.588s] Level 5:colcon.colcon_core.verb:set package 'moveit_ros' build argument 'cmake_target_skip_unavailable' from command line to 'False'
[0.588s] Level 5:colcon.colcon_core.verb:set package 'moveit_ros' build argument 'cmake_clean_cache' from command line to 'False'
[0.588s] Level 5:colcon.colcon_core.verb:set package 'moveit_ros' build argument 'cmake_clean_first' from command line to 'False'
[0.588s] Level 5:colcon.colcon_core.verb:set package 'moveit_ros' build argument 'cmake_force_configure' from command line to 'False'
[0.588s] Level 5:colcon.colcon_core.verb:set package 'moveit_ros' build argument 'ament_cmake_args' from command line to 'None'
[0.588s] Level 5:colcon.colcon_core.verb:set package 'moveit_ros' build argument 'catkin_cmake_args' from command line to 'None'
[0.588s] Level 5:colcon.colcon_core.verb:set package 'moveit_ros' build argument 'catkin_skip_building_tests' from command line to 'False'
[0.588s] DEBUG:colcon.colcon_core.verb:Building package 'moveit_ros' with the following arguments: {'ament_cmake_args': None, 'build_base': '/home/vinayak/ws_moveit2/build/moveit_ros', 'catkin_cmake_args': None, 'catkin_skip_building_tests': False, 'cmake_args': None, 'cmake_clean_cache': False, 'cmake_clean_first': False, 'cmake_force_configure': False, 'cmake_target': None, 'cmake_target_skip_unavailable': False, 'install_base': '/home/vinayak/ws_moveit2/install/moveit_ros', 'merge_install': False, 'path': '/home/vinayak/ws_moveit2/src/moveit2/moveit_ros/moveit_ros', 'symlink_install': False, 'test_result_base': None}
[0.588s] Level 5:colcon.colcon_core.verb:set package 'moveit_setup_framework' build argument 'cmake_args' from command line to 'None'
[0.588s] Level 5:colcon.colcon_core.verb:set package 'moveit_setup_framework' build argument 'cmake_target' from command line to 'None'
[0.588s] Level 5:colcon.colcon_core.verb:set package 'moveit_setup_framework' build argument 'cmake_target_skip_unavailable' from command line to 'False'
[0.588s] Level 5:colcon.colcon_core.verb:set package 'moveit_setup_framework' build argument 'cmake_clean_cache' from command line to 'False'
[0.588s] Level 5:colcon.colcon_core.verb:set package 'moveit_setup_framework' build argument 'cmake_clean_first' from command line to 'False'
[0.588s] Level 5:colcon.colcon_core.verb:set package 'moveit_setup_framework' build argument 'cmake_force_configure' from command line to 'False'
[0.588s] Level 5:colcon.colcon_core.verb:set package 'moveit_setup_framework' build argument 'ament_cmake_args' from command line to 'None'
[0.588s] Level 5:colcon.colcon_core.verb:set package 'moveit_setup_framework' build argument 'catkin_cmake_args' from command line to 'None'
[0.588s] Level 5:colcon.colcon_core.verb:set package 'moveit_setup_framework' build argument 'catkin_skip_building_tests' from command line to 'False'
[0.588s] DEBUG:colcon.colcon_core.verb:Building package 'moveit_setup_framework' with the following arguments: {'ament_cmake_args': None, 'build_base': '/home/vinayak/ws_moveit2/build/moveit_setup_framework', 'catkin_cmake_args': None, 'catkin_skip_building_tests': False, 'cmake_args': None, 'cmake_clean_cache': False, 'cmake_clean_first': False, 'cmake_force_configure': False, 'cmake_target': None, 'cmake_target_skip_unavailable': False, 'install_base': '/home/vinayak/ws_moveit2/install/moveit_setup_framework', 'merge_install': False, 'path': '/home/vinayak/ws_moveit2/src/moveit2/moveit_setup_assistant/moveit_setup_framework', 'symlink_install': False, 'test_result_base': None}
[0.589s] Level 5:colcon.colcon_core.verb:set package 'pilz_industrial_motion_planner' build argument 'cmake_args' from command line to 'None'
[0.589s] Level 5:colcon.colcon_core.verb:set package 'pilz_industrial_motion_planner' build argument 'cmake_target' from command line to 'None'
[0.589s] Level 5:colcon.colcon_core.verb:set package 'pilz_industrial_motion_planner' build argument 'cmake_target_skip_unavailable' from command line to 'False'
[0.589s] Level 5:colcon.colcon_core.verb:set package 'pilz_industrial_motion_planner' build argument 'cmake_clean_cache' from command line to 'False'
[0.589s] Level 5:colcon.colcon_core.verb:set package 'pilz_industrial_motion_planner' build argument 'cmake_clean_first' from command line to 'False'
[0.589s] Level 5:colcon.colcon_core.verb:set package 'pilz_industrial_motion_planner' build argument 'cmake_force_configure' from command line to 'False'
[0.589s] Level 5:colcon.colcon_core.verb:set package 'pilz_industrial_motion_planner' build argument 'ament_cmake_args' from command line to 'None'
[0.589s] Level 5:colcon.colcon_core.verb:set package 'pilz_industrial_motion_planner' build argument 'catkin_cmake_args' from command line to 'None'
[0.589s] Level 5:colcon.colcon_core.verb:set package 'pilz_industrial_motion_planner' build argument 'catkin_skip_building_tests' from command line to 'False'
[0.589s] DEBUG:colcon.colcon_core.verb:Building package 'pilz_industrial_motion_planner' with the following arguments: {'ament_cmake_args': None, 'build_base': '/home/vinayak/ws_moveit2/build/pilz_industrial_motion_planner', 'catkin_cmake_args': None, 'catkin_skip_building_tests': False, 'cmake_args': None, 'cmake_clean_cache': False, 'cmake_clean_first': False, 'cmake_force_configure': False, 'cmake_target': None, 'cmake_target_skip_unavailable': False, 'install_base': '/home/vinayak/ws_moveit2/install/pilz_industrial_motion_planner', 'merge_install': False, 'path': '/home/vinayak/ws_moveit2/src/moveit2/moveit_planners/pilz_industrial_motion_planner', 'symlink_install': False, 'test_result_base': None}
[0.589s] Level 5:colcon.colcon_core.verb:set package 'ur_moveit_config' build argument 'cmake_args' from command line to 'None'
[0.589s] Level 5:colcon.colcon_core.verb:set package 'ur_moveit_config' build argument 'cmake_target' from command line to 'None'
[0.589s] Level 5:colcon.colcon_core.verb:set package 'ur_moveit_config' build argument 'cmake_target_skip_unavailable' from command line to 'False'
[0.589s] Level 5:colcon.colcon_core.verb:set package 'ur_moveit_config' build argument 'cmake_clean_cache' from command line to 'False'
[0.589s] Level 5:colcon.colcon_core.verb:set package 'ur_moveit_config' build argument 'cmake_clean_first' from command line to 'False'
[0.589s] Level 5:colcon.colcon_core.verb:set package 'ur_moveit_config' build argument 'cmake_force_configure' from command line to 'False'
[0.589s] Level 5:colcon.colcon_core.verb:set package 'ur_moveit_config' build argument 'ament_cmake_args' from command line to 'None'
[0.589s] Level 5:colcon.colcon_core.verb:set package 'ur_moveit_config' build argument 'catkin_cmake_args' from command line to 'None'
[0.589s] Level 5:colcon.colcon_core.verb:set package 'ur_moveit_config' build argument 'catkin_skip_building_tests' from command line to 'False'
[0.589s] DEBUG:colcon.colcon_core.verb:Building package 'ur_moveit_config' with the following arguments: {'ament_cmake_args': None, 'build_base': '/home/vinayak/ws_moveit2/build/ur_moveit_config', 'catkin_cmake_args': None, 'catkin_skip_building_tests': False, 'cmake_args': None, 'cmake_clean_cache': False, 'cmake_clean_first': False, 'cmake_force_configure': False, 'cmake_target': None, 'cmake_target_skip_unavailable': False, 'install_base': '/home/vinayak/ws_moveit2/install/ur_moveit_config', 'merge_install': False, 'path': '/home/vinayak/ws_moveit2/src/Universal_Robots_ROS2_Driver/ur_moveit_config', 'symlink_install': False, 'test_result_base': None}
[0.590s] Level 5:colcon.colcon_core.verb:set package 'moveit_planners' build argument 'cmake_args' from command line to 'None'
[0.590s] Level 5:colcon.colcon_core.verb:set package 'moveit_planners' build argument 'cmake_target' from command line to 'None'
[0.590s] Level 5:colcon.colcon_core.verb:set package 'moveit_planners' build argument 'cmake_target_skip_unavailable' from command line to 'False'
[0.590s] Level 5:colcon.colcon_core.verb:set package 'moveit_planners' build argument 'cmake_clean_cache' from command line to 'False'
[0.590s] Level 5:colcon.colcon_core.verb:set package 'moveit_planners' build argument 'cmake_clean_first' from command line to 'False'
[0.590s] Level 5:colcon.colcon_core.verb:set package 'moveit_planners' build argument 'cmake_force_configure' from command line to 'False'
[0.590s] Level 5:colcon.colcon_core.verb:set package 'moveit_planners' build argument 'ament_cmake_args' from command line to 'None'
[0.590s] Level 5:colcon.colcon_core.verb:set package 'moveit_planners' build argument 'catkin_cmake_args' from command line to 'None'
[0.590s] Level 5:colcon.colcon_core.verb:set package 'moveit_planners' build argument 'catkin_skip_building_tests' from command line to 'False'
[0.590s] DEBUG:colcon.colcon_core.verb:Building package 'moveit_planners' with the following arguments: {'ament_cmake_args': None, 'build_base': '/home/vinayak/ws_moveit2/build/moveit_planners', 'catkin_cmake_args': None, 'catkin_skip_building_tests': False, 'cmake_args': None, 'cmake_clean_cache': False, 'cmake_clean_first': False, 'cmake_force_configure': False, 'cmake_target': None, 'cmake_target_skip_unavailable': False, 'install_base': '/home/vinayak/ws_moveit2/install/moveit_planners', 'merge_install': False, 'path': '/home/vinayak/ws_moveit2/src/moveit2/moveit_planners/moveit_planners', 'symlink_install': False, 'test_result_base': None}
[0.590s] Level 5:colcon.colcon_core.verb:set package 'moveit_setup_app_plugins' build argument 'cmake_args' from command line to 'None'
[0.590s] Level 5:colcon.colcon_core.verb:set package 'moveit_setup_app_plugins' build argument 'cmake_target' from command line to 'None'
[0.590s] Level 5:colcon.colcon_core.verb:set package 'moveit_setup_app_plugins' build argument 'cmake_target_skip_unavailable' from command line to 'False'
[0.590s] Level 5:colcon.colcon_core.verb:set package 'moveit_setup_app_plugins' build argument 'cmake_clean_cache' from command line to 'False'
[0.590s] Level 5:colcon.colcon_core.verb:set package 'moveit_setup_app_plugins' build argument 'cmake_clean_first' from command line to 'False'
[0.590s] Level 5:colcon.colcon_core.verb:set package 'moveit_setup_app_plugins' build argument 'cmake_force_configure' from command line to 'False'
[0.591s] Level 5:colcon.colcon_core.verb:set package 'moveit_setup_app_plugins' build argument 'ament_cmake_args' from command line to 'None'
[0.591s] Level 5:colcon.colcon_core.verb:set package 'moveit_setup_app_plugins' build argument 'catkin_cmake_args' from command line to 'None'
[0.591s] Level 5:colcon.colcon_core.verb:set package 'moveit_setup_app_plugins' build argument 'catkin_skip_building_tests' from command line to 'False'
[0.591s] DEBUG:colcon.colcon_core.verb:Building package 'moveit_setup_app_plugins' with the following arguments: {'ament_cmake_args': None, 'build_base': '/home/vinayak/ws_moveit2/build/moveit_setup_app_plugins', 'catkin_cmake_args': None, 'catkin_skip_building_tests': False, 'cmake_args': None, 'cmake_clean_cache': False, 'cmake_clean_first': False, 'cmake_force_configure': False, 'cmake_target': None, 'cmake_target_skip_unavailable': False, 'install_base': '/home/vinayak/ws_moveit2/install/moveit_setup_app_plugins', 'merge_install': False, 'path': '/home/vinayak/ws_moveit2/src/moveit2/moveit_setup_assistant/moveit_setup_app_plugins', 'symlink_install': False, 'test_result_base': None}
[0.591s] Level 5:colcon.colcon_core.verb:set package 'moveit_setup_controllers' build argument 'cmake_args' from command line to 'None'
[0.591s] Level 5:colcon.colcon_core.verb:set package 'moveit_setup_controllers' build argument 'cmake_target' from command line to 'None'
[0.591s] Level 5:colcon.colcon_core.verb:set package 'moveit_setup_controllers' build argument 'cmake_target_skip_unavailable' from command line to 'False'
[0.591s] Level 5:colcon.colcon_core.verb:set package 'moveit_setup_controllers' build argument 'cmake_clean_cache' from command line to 'False'
[0.591s] Level 5:colcon.colcon_core.verb:set package 'moveit_setup_controllers' build argument 'cmake_clean_first' from command line to 'False'
[0.591s] Level 5:colcon.colcon_core.verb:set package 'moveit_setup_controllers' build argument 'cmake_force_configure' from command line to 'False'
[0.591s] Level 5:colcon.colcon_core.verb:set package 'moveit_setup_controllers' build argument 'ament_cmake_args' from command line to 'None'
[0.591s] Level 5:colcon.colcon_core.verb:set package 'moveit_setup_controllers' build argument 'catkin_cmake_args' from command line to 'None'
[0.591s] Level 5:colcon.colcon_core.verb:set package 'moveit_setup_controllers' build argument 'catkin_skip_building_tests' from command line to 'False'
[0.591s] DEBUG:colcon.colcon_core.verb:Building package 'moveit_setup_controllers' with the following arguments: {'ament_cmake_args': None, 'build_base': '/home/vinayak/ws_moveit2/build/moveit_setup_controllers', 'catkin_cmake_args': None, 'catkin_skip_building_tests': False, 'cmake_args': None, 'cmake_clean_cache': False, 'cmake_clean_first': False, 'cmake_force_configure': False, 'cmake_target': None, 'cmake_target_skip_unavailable': False, 'install_base': '/home/vinayak/ws_moveit2/install/moveit_setup_controllers', 'merge_install': False, 'path': '/home/vinayak/ws_moveit2/src/moveit2/moveit_setup_assistant/moveit_setup_controllers', 'symlink_install': False, 'test_result_base': None}
[0.591s] Level 5:colcon.colcon_core.verb:set package 'moveit_setup_core_plugins' build argument 'cmake_args' from command line to 'None'
[0.591s] Level 5:colcon.colcon_core.verb:set package 'moveit_setup_core_plugins' build argument 'cmake_target' from command line to 'None'
[0.591s] Level 5:colcon.colcon_core.verb:set package 'moveit_setup_core_plugins' build argument 'cmake_target_skip_unavailable' from command line to 'False'
[0.592s] Level 5:colcon.colcon_core.verb:set package 'moveit_setup_core_plugins' build argument 'cmake_clean_cache' from command line to 'False'
[0.592s] Level 5:colcon.colcon_core.verb:set package 'moveit_setup_core_plugins' build argument 'cmake_clean_first' from command line to 'False'
[0.592s] Level 5:colcon.colcon_core.verb:set package 'moveit_setup_core_plugins' build argument 'cmake_force_configure' from command line to 'False'
[0.592s] Level 5:colcon.colcon_core.verb:set package 'moveit_setup_core_plugins' build argument 'ament_cmake_args' from command line to 'None'
[0.592s] Level 5:colcon.colcon_core.verb:set package 'moveit_setup_core_plugins' build argument 'catkin_cmake_args' from command line to 'None'
[0.592s] Level 5:colcon.colcon_core.verb:set package 'moveit_setup_core_plugins' build argument 'catkin_skip_building_tests' from command line to 'False'
[0.592s] DEBUG:colcon.colcon_core.verb:Building package 'moveit_setup_core_plugins' with the following arguments: {'ament_cmake_args': None, 'build_base': '/home/vinayak/ws_moveit2/build/moveit_setup_core_plugins', 'catkin_cmake_args': None, 'catkin_skip_building_tests': False, 'cmake_args': None, 'cmake_clean_cache': False, 'cmake_clean_first': False, 'cmake_force_configure': False, 'cmake_target': None, 'cmake_target_skip_unavailable': False, 'install_base': '/home/vinayak/ws_moveit2/install/moveit_setup_core_plugins', 'merge_install': False, 'path': '/home/vinayak/ws_moveit2/src/moveit2/moveit_setup_assistant/moveit_setup_core_plugins', 'symlink_install': False, 'test_result_base': None}
[0.592s] Level 5:colcon.colcon_core.verb:set package 'moveit_setup_srdf_plugins' build argument 'cmake_args' from command line to 'None'
[0.592s] Level 5:colcon.colcon_core.verb:set package 'moveit_setup_srdf_plugins' build argument 'cmake_target' from command line to 'None'
[0.592s] Level 5:colcon.colcon_core.verb:set package 'moveit_setup_srdf_plugins' build argument 'cmake_target_skip_unavailable' from command line to 'False'
[0.592s] Level 5:colcon.colcon_core.verb:set package 'moveit_setup_srdf_plugins' build argument 'cmake_clean_cache' from command line to 'False'
[0.592s] Level 5:colcon.colcon_core.verb:set package 'moveit_setup_srdf_plugins' build argument 'cmake_clean_first' from command line to 'False'
[0.592s] Level 5:colcon.colcon_core.verb:set package 'moveit_setup_srdf_plugins' build argument 'cmake_force_configure' from command line to 'False'
[0.592s] Level 5:colcon.colcon_core.verb:set package 'moveit_setup_srdf_plugins' build argument 'ament_cmake_args' from command line to 'None'
[0.592s] Level 5:colcon.colcon_core.verb:set package 'moveit_setup_srdf_plugins' build argument 'catkin_cmake_args' from command line to 'None'
[0.592s] Level 5:colcon.colcon_core.verb:set package 'moveit_setup_srdf_plugins' build argument 'catkin_skip_building_tests' from command line to 'False'
[0.592s] DEBUG:colcon.colcon_core.verb:Building package 'moveit_setup_srdf_plugins' with the following arguments: {'ament_cmake_args': None, 'build_base': '/home/vinayak/ws_moveit2/build/moveit_setup_srdf_plugins', 'catkin_cmake_args': None, 'catkin_skip_building_tests': False, 'cmake_args': None, 'cmake_clean_cache': False, 'cmake_clean_first': False, 'cmake_force_configure': False, 'cmake_target': None, 'cmake_target_skip_unavailable': False, 'install_base': '/home/vinayak/ws_moveit2/install/moveit_setup_srdf_plugins', 'merge_install': False, 'path': '/home/vinayak/ws_moveit2/src/moveit2/moveit_setup_assistant/moveit_setup_srdf_plugins', 'symlink_install': False, 'test_result_base': None}
[0.592s] Level 5:colcon.colcon_core.verb:set package 'ur' build argument 'cmake_args' from command line to 'None'
[0.593s] Level 5:colcon.colcon_core.verb:set package 'ur' build argument 'cmake_target' from command line to 'None'
[0.593s] Level 5:colcon.colcon_core.verb:set package 'ur' build argument 'cmake_target_skip_unavailable' from command line to 'False'
[0.593s] Level 5:colcon.colcon_core.verb:set package 'ur' build argument 'cmake_clean_cache' from command line to 'False'
[0.593s] Level 5:colcon.colcon_core.verb:set package 'ur' build argument 'cmake_clean_first' from command line to 'False'
[0.593s] Level 5:colcon.colcon_core.verb:set package 'ur' build argument 'cmake_force_configure' from command line to 'False'
[0.593s] Level 5:colcon.colcon_core.verb:set package 'ur' build argument 'ament_cmake_args' from command line to 'None'
[0.593s] Level 5:colcon.colcon_core.verb:set package 'ur' build argument 'catkin_cmake_args' from command line to 'None'
[0.593s] Level 5:colcon.colcon_core.verb:set package 'ur' build argument 'catkin_skip_building_tests' from command line to 'False'
[0.593s] DEBUG:colcon.colcon_core.verb:Building package 'ur' with the following arguments: {'ament_cmake_args': None, 'build_base': '/home/vinayak/ws_moveit2/build/ur', 'catkin_cmake_args': None, 'catkin_skip_building_tests': False, 'cmake_args': None, 'cmake_clean_cache': False, 'cmake_clean_first': False, 'cmake_force_configure': False, 'cmake_target': None, 'cmake_target_skip_unavailable': False, 'install_base': '/home/vinayak/ws_moveit2/install/ur', 'merge_install': False, 'path': '/home/vinayak/ws_moveit2/src/Universal_Robots_ROS2_Driver/ur', 'symlink_install': False, 'test_result_base': None}
[0.593s] Level 5:colcon.colcon_core.verb:set package 'moveit_runtime' build argument 'cmake_args' from command line to 'None'
[0.593s] Level 5:colcon.colcon_core.verb:set package 'moveit_runtime' build argument 'cmake_target' from command line to 'None'
[0.593s] Level 5:colcon.colcon_core.verb:set package 'moveit_runtime' build argument 'cmake_target_skip_unavailable' from command line to 'False'
[0.593s] Level 5:colcon.colcon_core.verb:set package 'moveit_runtime' build argument 'cmake_clean_cache' from command line to 'False'
[0.593s] Level 5:colcon.colcon_core.verb:set package 'moveit_runtime' build argument 'cmake_clean_first' from command line to 'False'
[0.593s] Level 5:colcon.colcon_core.verb:set package 'moveit_runtime' build argument 'cmake_force_configure' from command line to 'False'
[0.593s] Level 5:colcon.colcon_core.verb:set package 'moveit_runtime' build argument 'ament_cmake_args' from command line to 'None'
[0.593s] Level 5:colcon.colcon_core.verb:set package 'moveit_runtime' build argument 'catkin_cmake_args' from command line to 'None'
[0.593s] Level 5:colcon.colcon_core.verb:set package 'moveit_runtime' build argument 'catkin_skip_building_tests' from command line to 'False'
[0.593s] DEBUG:colcon.colcon_core.verb:Building package 'moveit_runtime' with the following arguments: {'ament_cmake_args': None, 'build_base': '/home/vinayak/ws_moveit2/build/moveit_runtime', 'catkin_cmake_args': None, 'catkin_skip_building_tests': False, 'cmake_args': None, 'cmake_clean_cache': False, 'cmake_clean_first': False, 'cmake_force_configure': False, 'cmake_target': None, 'cmake_target_skip_unavailable': False, 'install_base': '/home/vinayak/ws_moveit2/install/moveit_runtime', 'merge_install': False, 'path': '/home/vinayak/ws_moveit2/src/moveit2/moveit_runtime', 'symlink_install': False, 'test_result_base': None}
[0.594s] Level 5:colcon.colcon_core.verb:set package 'moveit_setup_assistant' build argument 'cmake_args' from command line to 'None'
[0.594s] Level 5:colcon.colcon_core.verb:set package 'moveit_setup_assistant' build argument 'cmake_target' from command line to 'None'
[0.594s] Level 5:colcon.colcon_core.verb:set package 'moveit_setup_assistant' build argument 'cmake_target_skip_unavailable' from command line to 'False'
[0.594s] Level 5:colcon.colcon_core.verb:set package 'moveit_setup_assistant' build argument 'cmake_clean_cache' from command line to 'False'
[0.594s] Level 5:colcon.colcon_core.verb:set package 'moveit_setup_assistant' build argument 'cmake_clean_first' from command line to 'False'
[0.594s] Level 5:colcon.colcon_core.verb:set package 'moveit_setup_assistant' build argument 'cmake_force_configure' from command line to 'False'
[0.594s] Level 5:colcon.colcon_core.verb:set package 'moveit_setup_assistant' build argument 'ament_cmake_args' from command line to 'None'
[0.594s] Level 5:colcon.colcon_core.verb:set package 'moveit_setup_assistant' build argument 'catkin_cmake_args' from command line to 'None'
[0.594s] Level 5:colcon.colcon_core.verb:set package 'moveit_setup_assistant' build argument 'catkin_skip_building_tests' from command line to 'False'
[0.594s] DEBUG:colcon.colcon_core.verb:Building package 'moveit_setup_assistant' with the following arguments: {'ament_cmake_args': None, 'build_base': '/home/vinayak/ws_moveit2/build/moveit_setup_assistant', 'catkin_cmake_args': None, 'catkin_skip_building_tests': False, 'cmake_args': None, 'cmake_clean_cache': False, 'cmake_clean_first': False, 'cmake_force_configure': False, 'cmake_target': None, 'cmake_target_skip_unavailable': False, 'install_base': '/home/vinayak/ws_moveit2/install/moveit_setup_assistant', 'merge_install': False, 'path': '/home/vinayak/ws_moveit2/src/moveit2/moveit_setup_assistant/moveit_setup_assistant', 'symlink_install': False, 'test_result_base': None}
[0.594s] Level 5:colcon.colcon_core.verb:set package 'moveit_task_constructor_core' build argument 'cmake_args' from command line to 'None'
[0.594s] Level 5:colcon.colcon_core.verb:set package 'moveit_task_constructor_core' build argument 'cmake_target' from command line to 'None'
[0.594s] Level 5:colcon.colcon_core.verb:set package 'moveit_task_constructor_core' build argument 'cmake_target_skip_unavailable' from command line to 'False'
[0.594s] Level 5:colcon.colcon_core.verb:set package 'moveit_task_constructor_core' build argument 'cmake_clean_cache' from command line to 'False'
[0.594s] Level 5:colcon.colcon_core.verb:set package 'moveit_task_constructor_core' build argument 'cmake_clean_first' from command line to 'False'
[0.594s] Level 5:colcon.colcon_core.verb:set package 'moveit_task_constructor_core' build argument 'cmake_force_configure' from command line to 'False'
[0.594s] Level 5:colcon.colcon_core.verb:set package 'moveit_task_constructor_core' build argument 'ament_cmake_args' from command line to 'None'
[0.594s] Level 5:colcon.colcon_core.verb:set package 'moveit_task_constructor_core' build argument 'catkin_cmake_args' from command line to 'None'
[0.594s] Level 5:colcon.colcon_core.verb:set package 'moveit_task_constructor_core' build argument 'catkin_skip_building_tests' from command line to 'False'
[0.594s] DEBUG:colcon.colcon_core.verb:Building package 'moveit_task_constructor_core' with the following arguments: {'ament_cmake_args': None, 'build_base': '/home/vinayak/ws_moveit2/build/moveit_task_constructor_core', 'catkin_cmake_args': None, 'catkin_skip_building_tests': False, 'cmake_args': None, 'cmake_clean_cache': False, 'cmake_clean_first': False, 'cmake_force_configure': False, 'cmake_target': None, 'cmake_target_skip_unavailable': False, 'install_base': '/home/vinayak/ws_moveit2/install/moveit_task_constructor_core', 'merge_install': False, 'path': '/home/vinayak/ws_moveit2/src/moveit_task_constructor/core', 'symlink_install': False, 'test_result_base': None}
[0.595s] Level 5:colcon.colcon_core.verb:set package 'moveit' build argument 'cmake_args' from command line to 'None'
[0.595s] Level 5:colcon.colcon_core.verb:set package 'moveit' build argument 'cmake_target' from command line to 'None'
[0.595s] Level 5:colcon.colcon_core.verb:set package 'moveit' build argument 'cmake_target_skip_unavailable' from command line to 'False'
[0.595s] Level 5:colcon.colcon_core.verb:set package 'moveit' build argument 'cmake_clean_cache' from command line to 'False'
[0.595s] Level 5:colcon.colcon_core.verb:set package 'moveit' build argument 'cmake_clean_first' from command line to 'False'
[0.595s] Level 5:colcon.colcon_core.verb:set package 'moveit' build argument 'cmake_force_configure' from command line to 'False'
[0.595s] Level 5:colcon.colcon_core.verb:set package 'moveit' build argument 'ament_cmake_args' from command line to 'None'
[0.595s] Level 5:colcon.colcon_core.verb:set package 'moveit' build argument 'catkin_cmake_args' from command line to 'None'
[0.595s] Level 5:colcon.colcon_core.verb:set package 'moveit' build argument 'catkin_skip_building_tests' from command line to 'False'
[0.595s] DEBUG:colcon.colcon_core.verb:Building package 'moveit' with the following arguments: {'ament_cmake_args': None, 'build_base': '/home/vinayak/ws_moveit2/build/moveit', 'catkin_cmake_args': None, 'catkin_skip_building_tests': False, 'cmake_args': None, 'cmake_clean_cache': False, 'cmake_clean_first': False, 'cmake_force_configure': False, 'cmake_target': None, 'cmake_target_skip_unavailable': False, 'install_base': '/home/vinayak/ws_moveit2/install/moveit', 'merge_install': False, 'path': '/home/vinayak/ws_moveit2/src/moveit2/moveit', 'symlink_install': False, 'test_result_base': None}
[0.595s] Level 5:colcon.colcon_core.verb:set package 'moveit_task_constructor_capabilities' build argument 'cmake_args' from command line to 'None'
[0.595s] Level 5:colcon.colcon_core.verb:set package 'moveit_task_constructor_capabilities' build argument 'cmake_target' from command line to 'None'
[0.595s] Level 5:colcon.colcon_core.verb:set package 'moveit_task_constructor_capabilities' build argument 'cmake_target_skip_unavailable' from command line to 'False'
[0.595s] Level 5:colcon.colcon_core.verb:set package 'moveit_task_constructor_capabilities' build argument 'cmake_clean_cache' from command line to 'False'
[0.595s] Level 5:colcon.colcon_core.verb:set package 'moveit_task_constructor_capabilities' build argument 'cmake_clean_first' from command line to 'False'
[0.595s] Level 5:colcon.colcon_core.verb:set package 'moveit_task_constructor_capabilities' build argument 'cmake_force_configure' from command line to 'False'
[0.595s] Level 5:colcon.colcon_core.verb:set package 'moveit_task_constructor_capabilities' build argument 'ament_cmake_args' from command line to 'None'
[0.595s] Level 5:colcon.colcon_core.verb:set package 'moveit_task_constructor_capabilities' build argument 'catkin_cmake_args' from command line to 'None'
[0.595s] Level 5:colcon.colcon_core.verb:set package 'moveit_task_constructor_capabilities' build argument 'catkin_skip_building_tests' from command line to 'False'
[0.595s] DEBUG:colcon.colcon_core.verb:Building package 'moveit_task_constructor_capabilities' with the following arguments: {'ament_cmake_args': None, 'build_base': '/home/vinayak/ws_moveit2/build/moveit_task_constructor_capabilities', 'catkin_cmake_args': None, 'catkin_skip_building_tests': False, 'cmake_args': None, 'cmake_clean_cache': False, 'cmake_clean_first': False, 'cmake_force_configure': False, 'cmake_target': None, 'cmake_target_skip_unavailable': False, 'install_base': '/home/vinayak/ws_moveit2/install/moveit_task_constructor_capabilities', 'merge_install': False, 'path': '/home/vinayak/ws_moveit2/src/moveit_task_constructor/capabilities', 'symlink_install': False, 'test_result_base': None}
[0.596s] Level 5:colcon.colcon_core.verb:set package 'moveit_task_constructor_visualization' build argument 'cmake_args' from command line to 'None'
[0.596s] Level 5:colcon.colcon_core.verb:set package 'moveit_task_constructor_visualization' build argument 'cmake_target' from command line to 'None'
[0.596s] Level 5:colcon.colcon_core.verb:set package 'moveit_task_constructor_visualization' build argument 'cmake_target_skip_unavailable' from command line to 'False'
[0.596s] Level 5:colcon.colcon_core.verb:set package 'moveit_task_constructor_visualization' build argument 'cmake_clean_cache' from command line to 'False'
[0.596s] Level 5:colcon.colcon_core.verb:set package 'moveit_task_constructor_visualization' build argument 'cmake_clean_first' from command line to 'False'
[0.596s] Level 5:colcon.colcon_core.verb:set package 'moveit_task_constructor_visualization' build argument 'cmake_force_configure' from command line to 'False'
[0.596s] Level 5:colcon.colcon_core.verb:set package 'moveit_task_constructor_visualization' build argument 'ament_cmake_args' from command line to 'None'
[0.596s] Level 5:colcon.colcon_core.verb:set package 'moveit_task_constructor_visualization' build argument 'catkin_cmake_args' from command line to 'None'
[0.596s] Level 5:colcon.colcon_core.verb:set package 'moveit_task_constructor_visualization' build argument 'catkin_skip_building_tests' from command line to 'False'
[0.596s] DEBUG:colcon.colcon_core.verb:Building package 'moveit_task_constructor_visualization' with the following arguments: {'ament_cmake_args': None, 'build_base': '/home/vinayak/ws_moveit2/build/moveit_task_constructor_visualization', 'catkin_cmake_args': None, 'catkin_skip_building_tests': False, 'cmake_args': None, 'cmake_clean_cache': False, 'cmake_clean_first': False, 'cmake_force_configure': False, 'cmake_target': None, 'cmake_target_skip_unavailable': False, 'install_base': '/home/vinayak/ws_moveit2/install/moveit_task_constructor_visualization', 'merge_install': False, 'path': '/home/vinayak/ws_moveit2/src/moveit_task_constructor/visualization', 'symlink_install': False, 'test_result_base': None}
[0.596s] Level 5:colcon.colcon_core.verb:set package 'new_configuration' build argument 'cmake_args' from command line to 'None'
[0.596s] Level 5:colcon.colcon_core.verb:set package 'new_configuration' build argument 'cmake_target' from command line to 'None'
[0.596s] Level 5:colcon.colcon_core.verb:set package 'new_configuration' build argument 'cmake_target_skip_unavailable' from command line to 'False'
[0.596s] Level 5:colcon.colcon_core.verb:set package 'new_configuration' build argument 'cmake_clean_cache' from command line to 'False'
[0.596s] Level 5:colcon.colcon_core.verb:set package 'new_configuration' build argument 'cmake_clean_first' from command line to 'False'
[0.596s] Level 5:colcon.colcon_core.verb:set package 'new_configuration' build argument 'cmake_force_configure' from command line to 'False'
[0.596s] Level 5:colcon.colcon_core.verb:set package 'new_configuration' build argument 'ament_cmake_args' from command line to 'None'
[0.596s] Level 5:colcon.colcon_core.verb:set package 'new_configuration' build argument 'catkin_cmake_args' from command line to 'None'
[0.596s] Level 5:colcon.colcon_core.verb:set package 'new_configuration' build argument 'catkin_skip_building_tests' from command line to 'False'
[0.597s] DEBUG:colcon.colcon_core.verb:Building package 'new_configuration' with the following arguments: {'ament_cmake_args': None, 'build_base': '/home/vinayak/ws_moveit2/build/new_configuration', 'catkin_cmake_args': None, 'catkin_skip_building_tests': False, 'cmake_args': None, 'cmake_clean_cache': False, 'cmake_clean_first': False, 'cmake_force_configure': False, 'cmake_target': None, 'cmake_target_skip_unavailable': False, 'install_base': '/home/vinayak/ws_moveit2/install/new_configuration', 'merge_install': False, 'path': '/home/vinayak/ws_moveit2/src/new_configuration', 'symlink_install': False, 'test_result_base': None}
[0.597s] Level 5:colcon.colcon_core.verb:set package 'moveit2_tutorials' build argument 'cmake_args' from command line to 'None'
[0.597s] Level 5:colcon.colcon_core.verb:set package 'moveit2_tutorials' build argument 'cmake_target' from command line to 'None'
[0.597s] Level 5:colcon.colcon_core.verb:set package 'moveit2_tutorials' build argument 'cmake_target_skip_unavailable' from command line to 'False'
[0.597s] Level 5:colcon.colcon_core.verb:set package 'moveit2_tutorials' build argument 'cmake_clean_cache' from command line to 'False'
[0.597s] Level 5:colcon.colcon_core.verb:set package 'moveit2_tutorials' build argument 'cmake_clean_first' from command line to 'False'
[0.597s] Level 5:colcon.colcon_core.verb:set package 'moveit2_tutorials' build argument 'cmake_force_configure' from command line to 'False'
[0.597s] Level 5:colcon.colcon_core.verb:set package 'moveit2_tutorials' build argument 'ament_cmake_args' from command line to 'None'
[0.597s] Level 5:colcon.colcon_core.verb:set package 'moveit2_tutorials' build argument 'catkin_cmake_args' from command line to 'None'
[0.597s] Level 5:colcon.colcon_core.verb:set package 'moveit2_tutorials' build argument 'catkin_skip_building_tests' from command line to 'False'
[0.597s] DEBUG:colcon.colcon_core.verb:Building package 'moveit2_tutorials' with the following arguments: {'ament_cmake_args': None, 'build_base': '/home/vinayak/ws_moveit2/build/moveit2_tutorials', 'catkin_cmake_args': None, 'catkin_skip_building_tests': False, 'cmake_args': None, 'cmake_clean_cache': False, 'cmake_clean_first': False, 'cmake_force_configure': False, 'cmake_target': None, 'cmake_target_skip_unavailable': False, 'install_base': '/home/vinayak/ws_moveit2/install/moveit2_tutorials', 'merge_install': False, 'path': '/home/vinayak/ws_moveit2/src/moveit2_tutorials', 'symlink_install': False, 'test_result_base': None}
[0.597s] Level 5:colcon.colcon_core.verb:set package 'moveit_task_constructor_demo' build argument 'cmake_args' from command line to 'None'
[0.597s] Level 5:colcon.colcon_core.verb:set package 'moveit_task_constructor_demo' build argument 'cmake_target' from command line to 'None'
[0.597s] Level 5:colcon.colcon_core.verb:set package 'moveit_task_constructor_demo' build argument 'cmake_target_skip_unavailable' from command line to 'False'
[0.597s] Level 5:colcon.colcon_core.verb:set package 'moveit_task_constructor_demo' build argument 'cmake_clean_cache' from command line to 'False'
[0.597s] Level 5:colcon.colcon_core.verb:set package 'moveit_task_constructor_demo' build argument 'cmake_clean_first' from command line to 'False'
[0.598s] Level 5:colcon.colcon_core.verb:set package 'moveit_task_constructor_demo' build argument 'cmake_force_configure' from command line to 'False'
[0.598s] Level 5:colcon.colcon_core.verb:set package 'moveit_task_constructor_demo' build argument 'ament_cmake_args' from command line to 'None'
[0.598s] Level 5:colcon.colcon_core.verb:set package 'moveit_task_constructor_demo' build argument 'catkin_cmake_args' from command line to 'None'
[0.598s] Level 5:colcon.colcon_core.verb:set package 'moveit_task_constructor_demo' build argument 'catkin_skip_building_tests' from command line to 'False'
[0.598s] DEBUG:colcon.colcon_core.verb:Building package 'moveit_task_constructor_demo' with the following arguments: {'ament_cmake_args': None, 'build_base': '/home/vinayak/ws_moveit2/build/moveit_task_constructor_demo', 'catkin_cmake_args': None, 'catkin_skip_building_tests': False, 'cmake_args': None, 'cmake_clean_cache': False, 'cmake_clean_first': False, 'cmake_force_configure': False, 'cmake_target': None, 'cmake_target_skip_unavailable': False, 'install_base': '/home/vinayak/ws_moveit2/install/moveit_task_constructor_demo', 'merge_install': False, 'path': '/home/vinayak/ws_moveit2/src/moveit_task_constructor/demo', 'symlink_install': False, 'test_result_base': None}
[0.598s] INFO:colcon.colcon_core.executor:Executing jobs using 'sequential' executor
[0.599s] DEBUG:colcon.colcon_core.executor.sequential:run_until_complete 'launch_param_builder'
[0.599s] INFO:colcon.colcon_ros.task.ament_python.build:Building ROS package in '/home/vinayak/ws_moveit2/src/launch_param_builder' with build type 'ament_python'
[0.599s] Level 1:colcon.colcon_core.shell:create_environment_hook('launch_param_builder', 'ament_prefix_path')
[0.603s] INFO:colcon.colcon_core.plugin_system:Skipping extension 'colcon_core.shell.bat': Not used on non-Windows systems
[0.603s] INFO:colcon.colcon_core.shell:Creating environment hook '/home/vinayak/ws_moveit2/install/launch_param_builder/share/launch_param_builder/hook/ament_prefix_path.ps1'
[0.603s] INFO:colcon.colcon_core.shell:Creating environment descriptor '/home/vinayak/ws_moveit2/install/launch_param_builder/share/launch_param_builder/hook/ament_prefix_path.dsv'
[0.604s] INFO:colcon.colcon_core.shell:Creating environment hook '/home/vinayak/ws_moveit2/install/launch_param_builder/share/launch_param_builder/hook/ament_prefix_path.sh'
[0.604s] INFO:colcon.colcon_core.shell:Skip shell extension 'powershell' for command environment: Not usable outside of PowerShell
[0.604s] DEBUG:colcon.colcon_core.shell:Skip shell extension 'dsv' for command environment
[0.889s] INFO:colcon.colcon_core.task.python.build:Building Python package in '/home/vinayak/ws_moveit2/src/launch_param_builder'
[0.889s] INFO:colcon.colcon_core.shell:Skip shell extension 'powershell' for command environment: Not usable outside of PowerShell
[0.889s] DEBUG:colcon.colcon_core.shell:Skip shell extension 'dsv' for command environment
[1.286s] DEBUG:colcon.colcon_core.event_handler.log_command:Invoking command in '/home/vinayak/ws_moveit2/src/launch_param_builder': PYTHONPATH=/home/vinayak/ws_moveit2/build/launch_param_builder/prefix_override:/usr/lib/python3/dist-packages/colcon_core/task/python/colcon_distutils_commands:/home/vinayak/ws_moveit2/install/launch_param_builder/lib/python3.10/site-packages:${PYTHONPATH} /usr/bin/python3 -W ignore:setup.py install is deprecated -W ignore:easy_install command is deprecated setup.py egg_info --egg-base ../../build/launch_param_builder build --build-base /home/vinayak/ws_moveit2/build/launch_param_builder/build install --record /home/vinayak/ws_moveit2/build/launch_param_builder/install.log --single-version-externally-managed install_data
[1.619s] DEBUG:colcon.colcon_core.event_handler.log_command:Invoked command in '/home/vinayak/ws_moveit2/src/launch_param_builder' returned '0': PYTHONPATH=/home/vinayak/ws_moveit2/build/launch_param_builder/prefix_override:/usr/lib/python3/dist-packages/colcon_core/task/python/colcon_distutils_commands:/home/vinayak/ws_moveit2/install/launch_param_builder/lib/python3.10/site-packages:${PYTHONPATH} /usr/bin/python3 -W ignore:setup.py install is deprecated -W ignore:easy_install command is deprecated setup.py egg_info --egg-base ../../build/launch_param_builder build --build-base /home/vinayak/ws_moveit2/build/launch_param_builder/build install --record /home/vinayak/ws_moveit2/build/launch_param_builder/install.log --single-version-externally-managed install_data
[1.621s] Level 1:colcon.colcon_core.environment:checking '/home/vinayak/ws_moveit2/install/launch_param_builder' for CMake module files
[1.621s] Level 1:colcon.colcon_core.environment:checking '/home/vinayak/ws_moveit2/install/launch_param_builder' for CMake config files
[1.622s] Level 1:colcon.colcon_core.environment:checking '/home/vinayak/ws_moveit2/install/launch_param_builder/lib'
[1.622s] Level 1:colcon.colcon_core.environment:checking '/home/vinayak/ws_moveit2/install/launch_param_builder/bin'
[1.622s] Level 1:colcon.colcon_core.environment:checking '/home/vinayak/ws_moveit2/install/launch_param_builder/lib/pkgconfig/launch_param_builder.pc'
[1.622s] Level 1:colcon.colcon_core.environment:checking '/home/vinayak/ws_moveit2/install/launch_param_builder/lib/python3.10/site-packages'
[1.622s] Level 1:colcon.colcon_core.shell:create_environment_hook('launch_param_builder', 'pythonpath')
[1.622s] INFO:colcon.colcon_core.shell:Creating environment hook '/home/vinayak/ws_moveit2/install/launch_param_builder/share/launch_param_builder/hook/pythonpath.ps1'
[1.623s] INFO:colcon.colcon_core.shell:Creating environment descriptor '/home/vinayak/ws_moveit2/install/launch_param_builder/share/launch_param_builder/hook/pythonpath.dsv'
[1.623s] INFO:colcon.colcon_core.shell:Creating environment hook '/home/vinayak/ws_moveit2/install/launch_param_builder/share/launch_param_builder/hook/pythonpath.sh'
[1.623s] Level 1:colcon.colcon_core.environment:checking '/home/vinayak/ws_moveit2/install/launch_param_builder/bin'
[1.623s] Level 1:colcon.colcon_core.environment:create_environment_scripts_only(launch_param_builder)
[1.624s] INFO:colcon.colcon_core.shell:Creating package script '/home/vinayak/ws_moveit2/install/launch_param_builder/share/launch_param_builder/package.ps1'
[1.624s] INFO:colcon.colcon_core.shell:Creating package descriptor '/home/vinayak/ws_moveit2/install/launch_param_builder/share/launch_param_builder/package.dsv'
[1.625s] INFO:colcon.colcon_core.shell:Creating package script '/home/vinayak/ws_moveit2/install/launch_param_builder/share/launch_param_builder/package.sh'
[1.625s] INFO:colcon.colcon_core.shell:Creating package script '/home/vinayak/ws_moveit2/install/launch_param_builder/share/launch_param_builder/package.bash'
[1.626s] INFO:colcon.colcon_core.shell:Creating package script '/home/vinayak/ws_moveit2/install/launch_param_builder/share/launch_param_builder/package.zsh'
[1.627s] Level 1:colcon.colcon_core.environment:create_file_with_runtime_dependencies(/home/vinayak/ws_moveit2/install/launch_param_builder/share/colcon-core/packages/launch_param_builder)
[1.627s] DEBUG:colcon.colcon_core.executor.sequential:run_until_complete 'launch_param_builder' finished with '0'
[1.627s] DEBUG:colcon.colcon_core.executor.sequential:run_until_complete 'moveit_common'
[1.627s] INFO:colcon.colcon_ros.task.ament_cmake.build:Building ROS package in '/home/vinayak/ws_moveit2/src/moveit2/moveit_common' with build type 'ament_cmake'
[1.627s] INFO:colcon.colcon_cmake.task.cmake.build:Building CMake package in '/home/vinayak/ws_moveit2/src/moveit2/moveit_common'
[1.628s] INFO:colcon.colcon_core.shell:Skip shell extension 'powershell' for command environment: Not usable outside of PowerShell
[1.628s] DEBUG:colcon.colcon_core.shell:Skip shell extension 'dsv' for command environment
[1.637s] DEBUG:colcon.colcon_core.event_handler.log_command:Invoking command in '/home/vinayak/ws_moveit2/build/moveit_common': CMAKE_PREFIX_PATH=${CMAKE_PREFIX_PATH}:/home/vinayak/ws_moveit2/install/ur3e_motion_package:/home/vinayak/ws_moveit2/install/moveit_configs_utils:/home/vinayak/ws_moveit2/install/launch_param_builder:/opt/ros/humble /usr/bin/cmake /home/vinayak/ws_moveit2/src/moveit2/moveit_common -DCMAKE_INSTALL_PREFIX=/home/vinayak/ws_moveit2/install/moveit_common
[2.003s] DEBUG:colcon.colcon_core.event_handler.log_command:Invoked command in '/home/vinayak/ws_moveit2/build/moveit_common' returned '0': CMAKE_PREFIX_PATH=${CMAKE_PREFIX_PATH}:/home/vinayak/ws_moveit2/install/ur3e_motion_package:/home/vinayak/ws_moveit2/install/moveit_configs_utils:/home/vinayak/ws_moveit2/install/launch_param_builder:/opt/ros/humble /usr/bin/cmake /home/vinayak/ws_moveit2/src/moveit2/moveit_common -DCMAKE_INSTALL_PREFIX=/home/vinayak/ws_moveit2/install/moveit_common
[2.005s] DEBUG:colcon.colcon_core.event_handler.log_command:Invoking command in '/home/vinayak/ws_moveit2/build/moveit_common': CMAKE_PREFIX_PATH=${CMAKE_PREFIX_PATH}:/home/vinayak/ws_moveit2/install/ur3e_motion_package:/home/vinayak/ws_moveit2/install/moveit_configs_utils:/home/vinayak/ws_moveit2/install/launch_param_builder:/opt/ros/humble /usr/bin/cmake --build /home/vinayak/ws_moveit2/build/moveit_common
[2.044s] DEBUG:colcon.colcon_core.event_handler.log_command:Invoked command in '/home/vinayak/ws_moveit2/build/moveit_common' returned '0': CMAKE_PREFIX_PATH=${CMAKE_PREFIX_PATH}:/home/vinayak/ws_moveit2/install/ur3e_motion_package:/home/vinayak/ws_moveit2/install/moveit_configs_utils:/home/vinayak/ws_moveit2/install/launch_param_builder:/opt/ros/humble /usr/bin/cmake --build /home/vinayak/ws_moveit2/build/moveit_common
[2.054s] DEBUG:colcon.colcon_core.event_handler.log_command:Invoking command in '/home/vinayak/ws_moveit2/build/moveit_common': CMAKE_PREFIX_PATH=${CMAKE_PREFIX_PATH}:/home/vinayak/ws_moveit2/install/ur3e_motion_package:/home/vinayak/ws_moveit2/install/moveit_configs_utils:/home/vinayak/ws_moveit2/install/launch_param_builder:/opt/ros/humble /usr/bin/cmake --install /home/vinayak/ws_moveit2/build/moveit_common
[2.065s] Level 1:colcon.colcon_core.environment:create_environment_scripts_only(moveit_common)
[2.065s] Level 1:colcon.colcon_core.environment:checking '/home/vinayak/ws_moveit2/install/moveit_common' for CMake module files
[2.066s] DEBUG:colcon.colcon_core.event_handler.log_command:Invoked command in '/home/vinayak/ws_moveit2/build/moveit_common' returned '0': CMAKE_PREFIX_PATH=${CMAKE_PREFIX_PATH}:/home/vinayak/ws_moveit2/install/ur3e_motion_package:/home/vinayak/ws_moveit2/install/moveit_configs_utils:/home/vinayak/ws_moveit2/install/launch_param_builder:/opt/ros/humble /usr/bin/cmake --install /home/vinayak/ws_moveit2/build/moveit_common
[2.066s] Level 1:colcon.colcon_core.environment:checking '/home/vinayak/ws_moveit2/install/moveit_common' for CMake config files
[2.066s] Level 1:colcon.colcon_core.shell:create_environment_hook('moveit_common', 'cmake_prefix_path')
[2.066s] INFO:colcon.colcon_core.shell:Creating environment hook '/home/vinayak/ws_moveit2/install/moveit_common/share/moveit_common/hook/cmake_prefix_path.ps1'
[2.066s] INFO:colcon.colcon_core.shell:Creating environment descriptor '/home/vinayak/ws_moveit2/install/moveit_common/share/moveit_common/hook/cmake_prefix_path.dsv'
[2.067s] INFO:colcon.colcon_core.shell:Creating environment hook '/home/vinayak/ws_moveit2/install/moveit_common/share/moveit_common/hook/cmake_prefix_path.sh'
[2.067s] Level 1:colcon.colcon_core.environment:checking '/home/vinayak/ws_moveit2/install/moveit_common/bin'
[2.067s] Level 1:colcon.colcon_core.environment:checking '/home/vinayak/ws_moveit2/install/moveit_common/lib/pkgconfig/moveit_common.pc'
[2.067s] Level 1:colcon.colcon_core.environment:checking '/home/vinayak/ws_moveit2/install/moveit_common/lib/python3.10/site-packages'
[2.068s] Level 1:colcon.colcon_core.environment:checking '/home/vinayak/ws_moveit2/install/moveit_common/bin'
[2.068s] INFO:colcon.colcon_core.shell:Creating package script '/home/vinayak/ws_moveit2/install/moveit_common/share/moveit_common/package.ps1'
[2.068s] INFO:colcon.colcon_core.shell:Creating package descriptor '/home/vinayak/ws_moveit2/install/moveit_common/share/moveit_common/package.dsv'
[2.068s] INFO:colcon.colcon_core.shell:Creating package script '/home/vinayak/ws_moveit2/install/moveit_common/share/moveit_common/package.sh'
[2.069s] INFO:colcon.colcon_core.shell:Creating package script '/home/vinayak/ws_moveit2/install/moveit_common/share/moveit_common/package.bash'
[2.069s] INFO:colcon.colcon_core.shell:Creating package script '/home/vinayak/ws_moveit2/install/moveit_common/share/moveit_common/package.zsh'
[2.069s] Level 1:colcon.colcon_core.environment:create_file_with_runtime_dependencies(/home/vinayak/ws_moveit2/install/moveit_common/share/colcon-core/packages/moveit_common)
[2.070s] Level 1:colcon.colcon_core.environment:create_environment_scripts_only(moveit_common)
[2.070s] Level 1:colcon.colcon_core.environment:checking '/home/vinayak/ws_moveit2/install/moveit_common' for CMake module files
[2.070s] Level 1:colcon.colcon_core.environment:checking '/home/vinayak/ws_moveit2/install/moveit_common' for CMake config files
[2.071s] Level 1:colcon.colcon_core.shell:create_environment_hook('moveit_common', 'cmake_prefix_path')
[2.071s] INFO:colcon.colcon_core.shell:Creating environment hook '/home/vinayak/ws_moveit2/install/moveit_common/share/moveit_common/hook/cmake_prefix_path.ps1'
[2.071s] INFO:colcon.colcon_core.shell:Creating environment descriptor '/home/vinayak/ws_moveit2/install/moveit_common/share/moveit_common/hook/cmake_prefix_path.dsv'
[2.071s] INFO:colcon.colcon_core.shell:Creating environment hook '/home/vinayak/ws_moveit2/install/moveit_common/share/moveit_common/hook/cmake_prefix_path.sh'
[2.072s] Level 1:colcon.colcon_core.environment:checking '/home/vinayak/ws_moveit2/install/moveit_common/bin'
[2.072s] Level 1:colcon.colcon_core.environment:checking '/home/vinayak/ws_moveit2/install/moveit_common/lib/pkgconfig/moveit_common.pc'
[2.072s] Level 1:colcon.colcon_core.environment:checking '/home/vinayak/ws_moveit2/install/moveit_common/lib/python3.10/site-packages'
[2.072s] Level 1:colcon.colcon_core.environment:checking '/home/vinayak/ws_moveit2/install/moveit_common/bin'
[2.072s] INFO:colcon.colcon_core.shell:Creating package script '/home/vinayak/ws_moveit2/install/moveit_common/share/moveit_common/package.ps1'
[2.073s] INFO:colcon.colcon_core.shell:Creating package descriptor '/home/vinayak/ws_moveit2/install/moveit_common/share/moveit_common/package.dsv'
[2.073s] INFO:colcon.colcon_core.shell:Creating package script '/home/vinayak/ws_moveit2/install/moveit_common/share/moveit_common/package.sh'
[2.073s] INFO:colcon.colcon_core.shell:Creating package script '/home/vinayak/ws_moveit2/install/moveit_common/share/moveit_common/package.bash'
[2.074s] INFO:colcon.colcon_core.shell:Creating package script '/home/vinayak/ws_moveit2/install/moveit_common/share/moveit_common/package.zsh'
[2.074s] Level 1:colcon.colcon_core.environment:create_file_with_runtime_dependencies(/home/vinayak/ws_moveit2/install/moveit_common/share/colcon-core/packages/moveit_common)
[2.074s] DEBUG:colcon.colcon_core.executor.sequential:run_until_complete 'moveit_common' finished with '0'
[2.074s] DEBUG:colcon.colcon_core.executor.sequential:run_until_complete 'moveit_resources_fanuc_description'
[2.074s] INFO:colcon.colcon_ros.task.ament_cmake.build:Building ROS package in '/home/vinayak/ws_moveit2/src/moveit_resources/fanuc_description' with build type 'ament_cmake'
[2.074s] INFO:colcon.colcon_cmake.task.cmake.build:Building CMake package in '/home/vinayak/ws_moveit2/src/moveit_resources/fanuc_description'
[2.075s] INFO:colcon.colcon_core.shell:Skip shell extension 'powershell' for command environment: Not usable outside of PowerShell
[2.075s] DEBUG:colcon.colcon_core.shell:Skip shell extension 'dsv' for command environment
[2.084s] DEBUG:colcon.colcon_core.event_handler.log_command:Invoking command in '/home/vinayak/ws_moveit2/build/moveit_resources_fanuc_description': CMAKE_PREFIX_PATH=${CMAKE_PREFIX_PATH}:/home/vinayak/ws_moveit2/install/ur3e_motion_package:/home/vinayak/ws_moveit2/install/moveit_configs_utils:/home/vinayak/ws_moveit2/install/launch_param_builder:/opt/ros/humble /usr/bin/cmake /home/vinayak/ws_moveit2/src/moveit_resources/fanuc_description -DCMAKE_INSTALL_PREFIX=/home/vinayak/ws_moveit2/install/moveit_resources_fanuc_description
[2.684s] DEBUG:colcon.colcon_core.event_handler.log_command:Invoked command in '/home/vinayak/ws_moveit2/build/moveit_resources_fanuc_description' returned '0': CMAKE_PREFIX_PATH=${CMAKE_PREFIX_PATH}:/home/vinayak/ws_moveit2/install/ur3e_motion_package:/home/vinayak/ws_moveit2/install/moveit_configs_utils:/home/vinayak/ws_moveit2/install/launch_param_builder:/opt/ros/humble /usr/bin/cmake /home/vinayak/ws_moveit2/src/moveit_resources/fanuc_description -DCMAKE_INSTALL_PREFIX=/home/vinayak/ws_moveit2/install/moveit_resources_fanuc_description
[2.685s] DEBUG:colcon.colcon_core.event_handler.log_command:Invoking command in '/home/vinayak/ws_moveit2/build/moveit_resources_fanuc_description': CMAKE_PREFIX_PATH=${CMAKE_PREFIX_PATH}:/home/vinayak/ws_moveit2/install/ur3e_motion_package:/home/vinayak/ws_moveit2/install/moveit_configs_utils:/home/vinayak/ws_moveit2/install/launch_param_builder:/opt/ros/humble /usr/bin/cmake --build /home/vinayak/ws_moveit2/build/moveit_resources_fanuc_description
[2.724s] DEBUG:colcon.colcon_core.event_handler.log_command:Invoked command in '/home/vinayak/ws_moveit2/build/moveit_resources_fanuc_description' returned '0': CMAKE_PREFIX_PATH=${CMAKE_PREFIX_PATH}:/home/vinayak/ws_moveit2/install/ur3e_motion_package:/home/vinayak/ws_moveit2/install/moveit_configs_utils:/home/vinayak/ws_moveit2/install/launch_param_builder:/opt/ros/humble /usr/bin/cmake --build /home/vinayak/ws_moveit2/build/moveit_resources_fanuc_description
[2.726s] DEBUG:colcon.colcon_core.event_handler.log_command:Invoking command in '/home/vinayak/ws_moveit2/build/moveit_resources_fanuc_description': CMAKE_PREFIX_PATH=${CMAKE_PREFIX_PATH}:/home/vinayak/ws_moveit2/install/ur3e_motion_package:/home/vinayak/ws_moveit2/install/moveit_configs_utils:/home/vinayak/ws_moveit2/install/launch_param_builder:/opt/ros/humble /usr/bin/cmake --install /home/vinayak/ws_moveit2/build/moveit_resources_fanuc_description
[2.745s] Level 1:colcon.colcon_core.environment:create_environment_scripts_only(moveit_resources_fanuc_description)
[2.745s] Level 1:colcon.colcon_core.environment:checking '/home/vinayak/ws_moveit2/install/moveit_resources_fanuc_description' for CMake module files
[2.746s] DEBUG:colcon.colcon_core.event_handler.log_command:Invoked command in '/home/vinayak/ws_moveit2/build/moveit_resources_fanuc_description' returned '0': CMAKE_PREFIX_PATH=${CMAKE_PREFIX_PATH}:/home/vinayak/ws_moveit2/install/ur3e_motion_package:/home/vinayak/ws_moveit2/install/moveit_configs_utils:/home/vinayak/ws_moveit2/install/launch_param_builder:/opt/ros/humble /usr/bin/cmake --install /home/vinayak/ws_moveit2/build/moveit_resources_fanuc_description
[2.746s] Level 1:colcon.colcon_core.environment:checking '/home/vinayak/ws_moveit2/install/moveit_resources_fanuc_description' for CMake config files
[2.746s] Level 1:colcon.colcon_core.shell:create_environment_hook('moveit_resources_fanuc_description', 'cmake_prefix_path')
[2.746s] INFO:colcon.colcon_core.shell:Creating environment hook '/home/vinayak/ws_moveit2/install/moveit_resources_fanuc_description/share/moveit_resources_fanuc_description/hook/cmake_prefix_path.ps1'
[2.747s] INFO:colcon.colcon_core.shell:Creating environment descriptor '/home/vinayak/ws_moveit2/install/moveit_resources_fanuc_description/share/moveit_resources_fanuc_description/hook/cmake_prefix_path.dsv'
[2.747s] INFO:colcon.colcon_core.shell:Creating environment hook '/home/vinayak/ws_moveit2/install/moveit_resources_fanuc_description/share/moveit_resources_fanuc_description/hook/cmake_prefix_path.sh'
[2.747s] Level 1:colcon.colcon_core.environment:checking '/home/vinayak/ws_moveit2/install/moveit_resources_fanuc_description/bin'
[2.747s] Level 1:colcon.colcon_core.environment:checking '/home/vinayak/ws_moveit2/install/moveit_resources_fanuc_description/lib/pkgconfig/moveit_resources_fanuc_description.pc'
[2.748s] Level 1:colcon.colcon_core.environment:checking '/home/vinayak/ws_moveit2/install/moveit_resources_fanuc_description/lib/python3.10/site-packages'
[2.748s] Level 1:colcon.colcon_core.environment:checking '/home/vinayak/ws_moveit2/install/moveit_resources_fanuc_description/bin'
[2.748s] INFO:colcon.colcon_core.shell:Creating package script '/home/vinayak/ws_moveit2/install/moveit_resources_fanuc_description/share/moveit_resources_fanuc_description/package.ps1'
[2.748s] INFO:colcon.colcon_core.shell:Creating package descriptor '/home/vinayak/ws_moveit2/install/moveit_resources_fanuc_description/share/moveit_resources_fanuc_description/package.dsv'
[2.749s] INFO:colcon.colcon_core.shell:Creating package script '/home/vinayak/ws_moveit2/install/moveit_resources_fanuc_description/share/moveit_resources_fanuc_description/package.sh'
[2.749s] INFO:colcon.colcon_core.shell:Creating package script '/home/vinayak/ws_moveit2/install/moveit_resources_fanuc_description/share/moveit_resources_fanuc_description/package.bash'
[2.749s] INFO:colcon.colcon_core.shell:Creating package script '/home/vinayak/ws_moveit2/install/moveit_resources_fanuc_description/share/moveit_resources_fanuc_description/package.zsh'
[2.750s] Level 1:colcon.colcon_core.environment:create_file_with_runtime_dependencies(/home/vinayak/ws_moveit2/install/moveit_resources_fanuc_description/share/colcon-core/packages/moveit_resources_fanuc_description)
[2.750s] Level 1:colcon.colcon_core.environment:create_environment_scripts_only(moveit_resources_fanuc_description)
[2.750s] Level 1:colcon.colcon_core.environment:checking '/home/vinayak/ws_moveit2/install/moveit_resources_fanuc_description' for CMake module files
[2.751s] Level 1:colcon.colcon_core.environment:checking '/home/vinayak/ws_moveit2/install/moveit_resources_fanuc_description' for CMake config files
[2.751s] Level 1:colcon.colcon_core.shell:create_environment_hook('moveit_resources_fanuc_description', 'cmake_prefix_path')
[2.751s] INFO:colcon.colcon_core.shell:Creating environment hook '/home/vinayak/ws_moveit2/install/moveit_resources_fanuc_description/share/moveit_resources_fanuc_description/hook/cmake_prefix_path.ps1'
[2.751s] INFO:colcon.colcon_core.shell:Creating environment descriptor '/home/vinayak/ws_moveit2/install/moveit_resources_fanuc_description/share/moveit_resources_fanuc_description/hook/cmake_prefix_path.dsv'
[2.752s] INFO:colcon.colcon_core.shell:Creating environment hook '/home/vinayak/ws_moveit2/install/moveit_resources_fanuc_description/share/moveit_resources_fanuc_description/hook/cmake_prefix_path.sh'
[2.752s] Level 1:colcon.colcon_core.environment:checking '/home/vinayak/ws_moveit2/install/moveit_resources_fanuc_description/bin'
[2.752s] Level 1:colcon.colcon_core.environment:checking '/home/vinayak/ws_moveit2/install/moveit_resources_fanuc_description/lib/pkgconfig/moveit_resources_fanuc_description.pc'
[2.752s] Level 1:colcon.colcon_core.environment:checking '/home/vinayak/ws_moveit2/install/moveit_resources_fanuc_description/lib/python3.10/site-packages'
[2.752s] Level 1:colcon.colcon_core.environment:checking '/home/vinayak/ws_moveit2/install/moveit_resources_fanuc_description/bin'
[2.753s] INFO:colcon.colcon_core.shell:Creating package script '/home/vinayak/ws_moveit2/install/moveit_resources_fanuc_description/share/moveit_resources_fanuc_description/package.ps1'
[2.753s] INFO:colcon.colcon_core.shell:Creating package descriptor '/home/vinayak/ws_moveit2/install/moveit_resources_fanuc_description/share/moveit_resources_fanuc_description/package.dsv'
[2.753s] INFO:colcon.colcon_core.shell:Creating package script '/home/vinayak/ws_moveit2/install/moveit_resources_fanuc_description/share/moveit_resources_fanuc_description/package.sh'
[2.754s] INFO:colcon.colcon_core.shell:Creating package script '/home/vinayak/ws_moveit2/install/moveit_resources_fanuc_description/share/moveit_resources_fanuc_description/package.bash'
[2.754s] INFO:colcon.colcon_core.shell:Creating package script '/home/vinayak/ws_moveit2/install/moveit_resources_fanuc_description/share/moveit_resources_fanuc_description/package.zsh'
[2.754s] Level 1:colcon.colcon_core.environment:create_file_with_runtime_dependencies(/home/vinayak/ws_moveit2/install/moveit_resources_fanuc_description/share/colcon-core/packages/moveit_resources_fanuc_description)
[2.755s] DEBUG:colcon.colcon_core.executor.sequential:run_until_complete 'moveit_resources_fanuc_description' finished with '0'
[2.755s] DEBUG:colcon.colcon_core.executor.sequential:run_until_complete 'moveit_resources_panda_description'
[2.755s] INFO:colcon.colcon_ros.task.ament_cmake.build:Building ROS package in '/home/vinayak/ws_moveit2/src/moveit_resources/panda_description' with build type 'ament_cmake'
[2.755s] INFO:colcon.colcon_cmake.task.cmake.build:Building CMake package in '/home/vinayak/ws_moveit2/src/moveit_resources/panda_description'
[2.755s] INFO:colcon.colcon_core.shell:Skip shell extension 'powershell' for command environment: Not usable outside of PowerShell
[2.755s] DEBUG:colcon.colcon_core.shell:Skip shell extension 'dsv' for command environment
[2.765s] DEBUG:colcon.colcon_core.event_handler.log_command:Invoking command in '/home/vinayak/ws_moveit2/build/moveit_resources_panda_description': CMAKE_PREFIX_PATH=${CMAKE_PREFIX_PATH}:/home/vinayak/ws_moveit2/install/ur3e_motion_package:/home/vinayak/ws_moveit2/install/moveit_configs_utils:/home/vinayak/ws_moveit2/install/launch_param_builder:/opt/ros/humble /usr/bin/cmake /home/vinayak/ws_moveit2/src/moveit_resources/panda_description -DCMAKE_INSTALL_PREFIX=/home/vinayak/ws_moveit2/install/moveit_resources_panda_description
[3.368s] DEBUG:colcon.colcon_core.event_handler.log_command:Invoked command in '/home/vinayak/ws_moveit2/build/moveit_resources_panda_description' returned '0': CMAKE_PREFIX_PATH=${CMAKE_PREFIX_PATH}:/home/vinayak/ws_moveit2/install/ur3e_motion_package:/home/vinayak/ws_moveit2/install/moveit_configs_utils:/home/vinayak/ws_moveit2/install/launch_param_builder:/opt/ros/humble /usr/bin/cmake /home/vinayak/ws_moveit2/src/moveit_resources/panda_description -DCMAKE_INSTALL_PREFIX=/home/vinayak/ws_moveit2/install/moveit_resources_panda_description
[3.369s] DEBUG:colcon.colcon_core.event_handler.log_command:Invoking command in '/home/vinayak/ws_moveit2/build/moveit_resources_panda_description': CMAKE_PREFIX_PATH=${CMAKE_PREFIX_PATH}:/home/vinayak/ws_moveit2/install/ur3e_motion_package:/home/vinayak/ws_moveit2/install/moveit_configs_utils:/home/vinayak/ws_moveit2/install/launch_param_builder:/opt/ros/humble /usr/bin/cmake --build /home/vinayak/ws_moveit2/build/moveit_resources_panda_description
[3.408s] DEBUG:colcon.colcon_core.event_handler.log_command:Invoked command in '/home/vinayak/ws_moveit2/build/moveit_resources_panda_description' returned '0': CMAKE_PREFIX_PATH=${CMAKE_PREFIX_PATH}:/home/vinayak/ws_moveit2/install/ur3e_motion_package:/home/vinayak/ws_moveit2/install/moveit_configs_utils:/home/vinayak/ws_moveit2/install/launch_param_builder:/opt/ros/humble /usr/bin/cmake --build /home/vinayak/ws_moveit2/build/moveit_resources_panda_description
[3.409s] DEBUG:colcon.colcon_core.event_handler.log_command:Invoking command in '/home/vinayak/ws_moveit2/build/moveit_resources_panda_description': CMAKE_PREFIX_PATH=${CMAKE_PREFIX_PATH}:/home/vinayak/ws_moveit2/install/ur3e_motion_package:/home/vinayak/ws_moveit2/install/moveit_configs_utils:/home/vinayak/ws_moveit2/install/launch_param_builder:/opt/ros/humble /usr/bin/cmake --install /home/vinayak/ws_moveit2/build/moveit_resources_panda_description
[3.448s] Level 1:colcon.colcon_core.environment:create_environment_scripts_only(moveit_resources_panda_description)
[3.448s] Level 1:colcon.colcon_core.environment:checking '/home/vinayak/ws_moveit2/install/moveit_resources_panda_description' for CMake module files
[3.449s] DEBUG:colcon.colcon_core.event_handler.log_command:Invoked command in '/home/vinayak/ws_moveit2/build/moveit_resources_panda_description' returned '0': CMAKE_PREFIX_PATH=${CMAKE_PREFIX_PATH}:/home/vinayak/ws_moveit2/install/ur3e_motion_package:/home/vinayak/ws_moveit2/install/moveit_configs_utils:/home/vinayak/ws_moveit2/install/launch_param_builder:/opt/ros/humble /usr/bin/cmake --install /home/vinayak/ws_moveit2/build/moveit_resources_panda_description
[3.449s] Level 1:colcon.colcon_core.environment:checking '/home/vinayak/ws_moveit2/install/moveit_resources_panda_description' for CMake config files
[3.449s] Level 1:colcon.colcon_core.shell:create_environment_hook('moveit_resources_panda_description', 'cmake_prefix_path')
[3.450s] INFO:colcon.colcon_core.shell:Creating environment hook '/home/vinayak/ws_moveit2/install/moveit_resources_panda_description/share/moveit_resources_panda_description/hook/cmake_prefix_path.ps1'
[3.450s] INFO:colcon.colcon_core.shell:Creating environment descriptor '/home/vinayak/ws_moveit2/install/moveit_resources_panda_description/share/moveit_resources_panda_description/hook/cmake_prefix_path.dsv'
[3.450s] INFO:colcon.colcon_core.shell:Creating environment hook '/home/vinayak/ws_moveit2/install/moveit_resources_panda_description/share/moveit_resources_panda_description/hook/cmake_prefix_path.sh'
[3.451s] Level 1:colcon.colcon_core.environment:checking '/home/vinayak/ws_moveit2/install/moveit_resources_panda_description/bin'
[3.451s] Level 1:colcon.colcon_core.environment:checking '/home/vinayak/ws_moveit2/install/moveit_resources_panda_description/lib/pkgconfig/moveit_resources_panda_description.pc'
[3.451s] Level 1:colcon.colcon_core.environment:checking '/home/vinayak/ws_moveit2/install/moveit_resources_panda_description/lib/python3.10/site-packages'
[3.451s] Level 1:colcon.colcon_core.environment:checking '/home/vinayak/ws_moveit2/install/moveit_resources_panda_description/bin'
[3.451s] INFO:colcon.colcon_core.shell:Creating package script '/home/vinayak/ws_moveit2/install/moveit_resources_panda_description/share/moveit_resources_panda_description/package.ps1'
[3.452s] INFO:colcon.colcon_core.shell:Creating package descriptor '/home/vinayak/ws_moveit2/install/moveit_resources_panda_description/share/moveit_resources_panda_description/package.dsv'
[3.452s] INFO:colcon.colcon_core.shell:Creating package script '/home/vinayak/ws_moveit2/install/moveit_resources_panda_description/share/moveit_resources_panda_description/package.sh'
[3.452s] INFO:colcon.colcon_core.shell:Creating package script '/home/vinayak/ws_moveit2/install/moveit_resources_panda_description/share/moveit_resources_panda_description/package.bash'
[3.452s] INFO:colcon.colcon_core.shell:Creating package script '/home/vinayak/ws_moveit2/install/moveit_resources_panda_description/share/moveit_resources_panda_description/package.zsh'
[3.453s] Level 1:colcon.colcon_core.environment:create_file_with_runtime_dependencies(/home/vinayak/ws_moveit2/install/moveit_resources_panda_description/share/colcon-core/packages/moveit_resources_panda_description)
[3.453s] Level 1:colcon.colcon_core.environment:create_environment_scripts_only(moveit_resources_panda_description)
[3.453s] Level 1:colcon.colcon_core.environment:checking '/home/vinayak/ws_moveit2/install/moveit_resources_panda_description' for CMake module files
[3.454s] Level 1:colcon.colcon_core.environment:checking '/home/vinayak/ws_moveit2/install/moveit_resources_panda_description' for CMake config files
[3.454s] Level 1:colcon.colcon_core.shell:create_environment_hook('moveit_resources_panda_description', 'cmake_prefix_path')
[3.454s] INFO:colcon.colcon_core.shell:Creating environment hook '/home/vinayak/ws_moveit2/install/moveit_resources_panda_description/share/moveit_resources_panda_description/hook/cmake_prefix_path.ps1'
[3.454s] INFO:colcon.colcon_core.shell:Creating environment descriptor '/home/vinayak/ws_moveit2/install/moveit_resources_panda_description/share/moveit_resources_panda_description/hook/cmake_prefix_path.dsv'
[3.455s] INFO:colcon.colcon_core.shell:Creating environment hook '/home/vinayak/ws_moveit2/install/moveit_resources_panda_description/share/moveit_resources_panda_description/hook/cmake_prefix_path.sh'
[3.455s] Level 1:colcon.colcon_core.environment:checking '/home/vinayak/ws_moveit2/install/moveit_resources_panda_description/bin'
[3.455s] Level 1:colcon.colcon_core.environment:checking '/home/vinayak/ws_moveit2/install/moveit_resources_panda_description/lib/pkgconfig/moveit_resources_panda_description.pc'
[3.455s] Level 1:colcon.colcon_core.environment:checking '/home/vinayak/ws_moveit2/install/moveit_resources_panda_description/lib/python3.10/site-packages'
[3.456s] Level 1:colcon.colcon_core.environment:checking '/home/vinayak/ws_moveit2/install/moveit_resources_panda_description/bin'
[3.456s] INFO:colcon.colcon_core.shell:Creating package script '/home/vinayak/ws_moveit2/install/moveit_resources_panda_description/share/moveit_resources_panda_description/package.ps1'
[3.456s] INFO:colcon.colcon_core.shell:Creating package descriptor '/home/vinayak/ws_moveit2/install/moveit_resources_panda_description/share/moveit_resources_panda_description/package.dsv'
[3.456s] INFO:colcon.colcon_core.shell:Creating package script '/home/vinayak/ws_moveit2/install/moveit_resources_panda_description/share/moveit_resources_panda_description/package.sh'
[3.457s] INFO:colcon.colcon_core.shell:Creating package script '/home/vinayak/ws_moveit2/install/moveit_resources_panda_description/share/moveit_resources_panda_description/package.bash'
[3.457s] INFO:colcon.colcon_core.shell:Creating package script '/home/vinayak/ws_moveit2/install/moveit_resources_panda_description/share/moveit_resources_panda_description/package.zsh'
[3.457s] Level 1:colcon.colcon_core.environment:create_file_with_runtime_dependencies(/home/vinayak/ws_moveit2/install/moveit_resources_panda_description/share/colcon-core/packages/moveit_resources_panda_description)
[3.458s] DEBUG:colcon.colcon_core.executor.sequential:run_until_complete 'moveit_resources_panda_description' finished with '0'
[3.458s] DEBUG:colcon.colcon_core.executor.sequential:run_until_complete 'moveit_resources_pr2_description'
[3.458s] INFO:colcon.colcon_ros.task.ament_cmake.build:Building ROS package in '/home/vinayak/ws_moveit2/src/moveit_resources/pr2_description' with build type 'ament_cmake'
[3.458s] INFO:colcon.colcon_cmake.task.cmake.build:Building CMake package in '/home/vinayak/ws_moveit2/src/moveit_resources/pr2_description'
[3.458s] INFO:colcon.colcon_core.shell:Skip shell extension 'powershell' for command environment: Not usable outside of PowerShell
[3.458s] DEBUG:colcon.colcon_core.shell:Skip shell extension 'dsv' for command environment
[3.468s] DEBUG:colcon.colcon_core.event_handler.log_command:Invoking command in '/home/vinayak/ws_moveit2/build/moveit_resources_pr2_description': CMAKE_PREFIX_PATH=${CMAKE_PREFIX_PATH}:/home/vinayak/ws_moveit2/install/ur3e_motion_package:/home/vinayak/ws_moveit2/install/moveit_configs_utils:/home/vinayak/ws_moveit2/install/launch_param_builder:/opt/ros/humble /usr/bin/cmake /home/vinayak/ws_moveit2/src/moveit_resources/pr2_description -DCMAKE_INSTALL_PREFIX=/home/vinayak/ws_moveit2/install/moveit_resources_pr2_description
[4.076s] DEBUG:colcon.colcon_core.event_handler.log_command:Invoked command in '/home/vinayak/ws_moveit2/build/moveit_resources_pr2_description' returned '0': CMAKE_PREFIX_PATH=${CMAKE_PREFIX_PATH}:/home/vinayak/ws_moveit2/install/ur3e_motion_package:/home/vinayak/ws_moveit2/install/moveit_configs_utils:/home/vinayak/ws_moveit2/install/launch_param_builder:/opt/ros/humble /usr/bin/cmake /home/vinayak/ws_moveit2/src/moveit_resources/pr2_description -DCMAKE_INSTALL_PREFIX=/home/vinayak/ws_moveit2/install/moveit_resources_pr2_description
[4.077s] DEBUG:colcon.colcon_core.event_handler.log_command:Invoking command in '/home/vinayak/ws_moveit2/build/moveit_resources_pr2_description': CMAKE_PREFIX_PATH=${CMAKE_PREFIX_PATH}:/home/vinayak/ws_moveit2/install/ur3e_motion_package:/home/vinayak/ws_moveit2/install/moveit_configs_utils:/home/vinayak/ws_moveit2/install/launch_param_builder:/opt/ros/humble /usr/bin/cmake --build /home/vinayak/ws_moveit2/build/moveit_resources_pr2_description
[4.118s] DEBUG:colcon.colcon_core.event_handler.log_command:Invoked command in '/home/vinayak/ws_moveit2/build/moveit_resources_pr2_description' returned '0': CMAKE_PREFIX_PATH=${CMAKE_PREFIX_PATH}:/home/vinayak/ws_moveit2/install/ur3e_motion_package:/home/vinayak/ws_moveit2/install/moveit_configs_utils:/home/vinayak/ws_moveit2/install/launch_param_builder:/opt/ros/humble /usr/bin/cmake --build /home/vinayak/ws_moveit2/build/moveit_resources_pr2_description
[4.119s] DEBUG:colcon.colcon_core.event_handler.log_command:Invoking command in '/home/vinayak/ws_moveit2/build/moveit_resources_pr2_description': CMAKE_PREFIX_PATH=${CMAKE_PREFIX_PATH}:/home/vinayak/ws_moveit2/install/ur3e_motion_package:/home/vinayak/ws_moveit2/install/moveit_configs_utils:/home/vinayak/ws_moveit2/install/launch_param_builder:/opt/ros/humble /usr/bin/cmake --install /home/vinayak/ws_moveit2/build/moveit_resources_pr2_description
[4.340s] Level 1:colcon.colcon_core.environment:create_environment_scripts_only(moveit_resources_pr2_description)
[4.340s] Level 1:colcon.colcon_core.environment:checking '/home/vinayak/ws_moveit2/install/moveit_resources_pr2_description' for CMake module files
[4.341s] DEBUG:colcon.colcon_core.event_handler.log_command:Invoked command in '/home/vinayak/ws_moveit2/build/moveit_resources_pr2_description' returned '0': CMAKE_PREFIX_PATH=${CMAKE_PREFIX_PATH}:/home/vinayak/ws_moveit2/install/ur3e_motion_package:/home/vinayak/ws_moveit2/install/moveit_configs_utils:/home/vinayak/ws_moveit2/install/launch_param_builder:/opt/ros/humble /usr/bin/cmake --install /home/vinayak/ws_moveit2/build/moveit_resources_pr2_description
[4.341s] Level 1:colcon.colcon_core.environment:checking '/home/vinayak/ws_moveit2/install/moveit_resources_pr2_description' for CMake config files
[4.341s] Level 1:colcon.colcon_core.shell:create_environment_hook('moveit_resources_pr2_description', 'cmake_prefix_path')
[4.342s] INFO:colcon.colcon_core.shell:Creating environment hook '/home/vinayak/ws_moveit2/install/moveit_resources_pr2_description/share/moveit_resources_pr2_description/hook/cmake_prefix_path.ps1'
[4.342s] INFO:colcon.colcon_core.shell:Creating environment descriptor '/home/vinayak/ws_moveit2/install/moveit_resources_pr2_description/share/moveit_resources_pr2_description/hook/cmake_prefix_path.dsv'
[4.342s] INFO:colcon.colcon_core.shell:Creating environment hook '/home/vinayak/ws_moveit2/install/moveit_resources_pr2_description/share/moveit_resources_pr2_description/hook/cmake_prefix_path.sh'
[4.343s] Level 1:colcon.colcon_core.environment:checking '/home/vinayak/ws_moveit2/install/moveit_resources_pr2_description/bin'
[4.343s] Level 1:colcon.colcon_core.environment:checking '/home/vinayak/ws_moveit2/install/moveit_resources_pr2_description/lib/pkgconfig/moveit_resources_pr2_description.pc'
[4.343s] Level 1:colcon.colcon_core.environment:checking '/home/vinayak/ws_moveit2/install/moveit_resources_pr2_description/lib/python3.10/site-packages'
[4.343s] Level 1:colcon.colcon_core.environment:checking '/home/vinayak/ws_moveit2/install/moveit_resources_pr2_description/bin'
[4.344s] INFO:colcon.colcon_core.shell:Creating package script '/home/vinayak/ws_moveit2/install/moveit_resources_pr2_description/share/moveit_resources_pr2_description/package.ps1'
[4.344s] INFO:colcon.colcon_core.shell:Creating package descriptor '/home/vinayak/ws_moveit2/install/moveit_resources_pr2_description/share/moveit_resources_pr2_description/package.dsv'
[4.345s] INFO:colcon.colcon_core.shell:Creating package script '/home/vinayak/ws_moveit2/install/moveit_resources_pr2_description/share/moveit_resources_pr2_description/package.sh'
[4.345s] INFO:colcon.colcon_core.shell:Creating package script '/home/vinayak/ws_moveit2/install/moveit_resources_pr2_description/share/moveit_resources_pr2_description/package.bash'
[4.345s] INFO:colcon.colcon_core.shell:Creating package script '/home/vinayak/ws_moveit2/install/moveit_resources_pr2_description/share/moveit_resources_pr2_description/package.zsh'
[4.345s] Level 1:colcon.colcon_core.environment:create_file_with_runtime_dependencies(/home/vinayak/ws_moveit2/install/moveit_resources_pr2_description/share/colcon-core/packages/moveit_resources_pr2_description)
[4.346s] Level 1:colcon.colcon_core.environment:create_environment_scripts_only(moveit_resources_pr2_description)
[4.346s] Level 1:colcon.colcon_core.environment:checking '/home/vinayak/ws_moveit2/install/moveit_resources_pr2_description' for CMake module files
[4.347s] Level 1:colcon.colcon_core.environment:checking '/home/vinayak/ws_moveit2/install/moveit_resources_pr2_description' for CMake config files
[4.347s] Level 1:colcon.colcon_core.shell:create_environment_hook('moveit_resources_pr2_description', 'cmake_prefix_path')
[4.347s] INFO:colcon.colcon_core.shell:Creating environment hook '/home/vinayak/ws_moveit2/install/moveit_resources_pr2_description/share/moveit_resources_pr2_description/hook/cmake_prefix_path.ps1'
[4.347s] INFO:colcon.colcon_core.shell:Creating environment descriptor '/home/vinayak/ws_moveit2/install/moveit_resources_pr2_description/share/moveit_resources_pr2_description/hook/cmake_prefix_path.dsv'
[4.348s] INFO:colcon.colcon_core.shell:Creating environment hook '/home/vinayak/ws_moveit2/install/moveit_resources_pr2_description/share/moveit_resources_pr2_description/hook/cmake_prefix_path.sh'
[4.348s] Level 1:colcon.colcon_core.environment:checking '/home/vinayak/ws_moveit2/install/moveit_resources_pr2_description/bin'
[4.348s] Level 1:colcon.colcon_core.environment:checking '/home/vinayak/ws_moveit2/install/moveit_resources_pr2_description/lib/pkgconfig/moveit_resources_pr2_description.pc'
[4.348s] Level 1:colcon.colcon_core.environment:checking '/home/vinayak/ws_moveit2/install/moveit_resources_pr2_description/lib/python3.10/site-packages'
[4.349s] Level 1:colcon.colcon_core.environment:checking '/home/vinayak/ws_moveit2/install/moveit_resources_pr2_description/bin'
[4.349s] INFO:colcon.colcon_core.shell:Creating package script '/home/vinayak/ws_moveit2/install/moveit_resources_pr2_description/share/moveit_resources_pr2_description/package.ps1'
[4.349s] INFO:colcon.colcon_core.shell:Creating package descriptor '/home/vinayak/ws_moveit2/install/moveit_resources_pr2_description/share/moveit_resources_pr2_description/package.dsv'
[4.350s] INFO:colcon.colcon_core.shell:Creating package script '/home/vinayak/ws_moveit2/install/moveit_resources_pr2_description/share/moveit_resources_pr2_description/package.sh'
[4.350s] INFO:colcon.colcon_core.shell:Creating package script '/home/vinayak/ws_moveit2/install/moveit_resources_pr2_description/share/moveit_resources_pr2_description/package.bash'
[4.351s] INFO:colcon.colcon_core.shell:Creating package script '/home/vinayak/ws_moveit2/install/moveit_resources_pr2_description/share/moveit_resources_pr2_description/package.zsh'
[4.351s] Level 1:colcon.colcon_core.environment:create_file_with_runtime_dependencies(/home/vinayak/ws_moveit2/install/moveit_resources_pr2_description/share/colcon-core/packages/moveit_resources_pr2_description)
[4.351s] DEBUG:colcon.colcon_core.executor.sequential:run_until_complete 'moveit_resources_pr2_description' finished with '0'
[4.351s] DEBUG:colcon.colcon_core.executor.sequential:run_until_complete 'moveit_resources_prbt_support'
[4.351s] INFO:colcon.colcon_ros.task.ament_cmake.build:Building ROS package in '/home/vinayak/ws_moveit2/src/moveit2/moveit_planners/test_configs/prbt_support' with build type 'ament_cmake'
[4.351s] INFO:colcon.colcon_cmake.task.cmake.build:Building CMake package in '/home/vinayak/ws_moveit2/src/moveit2/moveit_planners/test_configs/prbt_support'
[4.352s] INFO:colcon.colcon_core.shell:Skip shell extension 'powershell' for command environment: Not usable outside of PowerShell
[4.352s] DEBUG:colcon.colcon_core.shell:Skip shell extension 'dsv' for command environment
[4.363s] DEBUG:colcon.colcon_core.event_handler.log_command:Invoking command in '/home/vinayak/ws_moveit2/build/moveit_resources_prbt_support': CMAKE_PREFIX_PATH=${CMAKE_PREFIX_PATH}:/home/vinayak/ws_moveit2/install/ur3e_motion_package:/home/vinayak/ws_moveit2/install/moveit_configs_utils:/home/vinayak/ws_moveit2/install/launch_param_builder:/opt/ros/humble /usr/bin/cmake /home/vinayak/ws_moveit2/src/moveit2/moveit_planners/test_configs/prbt_support -DCMAKE_INSTALL_PREFIX=/home/vinayak/ws_moveit2/install/moveit_resources_prbt_support
[4.982s] DEBUG:colcon.colcon_core.event_handler.log_command:Invoked command in '/home/vinayak/ws_moveit2/build/moveit_resources_prbt_support' returned '0': CMAKE_PREFIX_PATH=${CMAKE_PREFIX_PATH}:/home/vinayak/ws_moveit2/install/ur3e_motion_package:/home/vinayak/ws_moveit2/install/moveit_configs_utils:/home/vinayak/ws_moveit2/install/launch_param_builder:/opt/ros/humble /usr/bin/cmake /home/vinayak/ws_moveit2/src/moveit2/moveit_planners/test_configs/prbt_support -DCMAKE_INSTALL_PREFIX=/home/vinayak/ws_moveit2/install/moveit_resources_prbt_support
[4.983s] DEBUG:colcon.colcon_core.event_handler.log_command:Invoking command in '/home/vinayak/ws_moveit2/build/moveit_resources_prbt_support': CMAKE_PREFIX_PATH=${CMAKE_PREFIX_PATH}:/home/vinayak/ws_moveit2/install/ur3e_motion_package:/home/vinayak/ws_moveit2/install/moveit_configs_utils:/home/vinayak/ws_moveit2/install/launch_param_builder:/opt/ros/humble /usr/bin/cmake --build /home/vinayak/ws_moveit2/build/moveit_resources_prbt_support
[5.022s] DEBUG:colcon.colcon_core.event_handler.log_command:Invoked command in '/home/vinayak/ws_moveit2/build/moveit_resources_prbt_support' returned '0': CMAKE_PREFIX_PATH=${CMAKE_PREFIX_PATH}:/home/vinayak/ws_moveit2/install/ur3e_motion_package:/home/vinayak/ws_moveit2/install/moveit_configs_utils:/home/vinayak/ws_moveit2/install/launch_param_builder:/opt/ros/humble /usr/bin/cmake --build /home/vinayak/ws_moveit2/build/moveit_resources_prbt_support
[5.024s] DEBUG:colcon.colcon_core.event_handler.log_command:Invoking command in '/home/vinayak/ws_moveit2/build/moveit_resources_prbt_support': CMAKE_PREFIX_PATH=${CMAKE_PREFIX_PATH}:/home/vinayak/ws_moveit2/install/ur3e_motion_package:/home/vinayak/ws_moveit2/install/moveit_configs_utils:/home/vinayak/ws_moveit2/install/launch_param_builder:/opt/ros/humble /usr/bin/cmake --install /home/vinayak/ws_moveit2/build/moveit_resources_prbt_support
[5.064s] Level 1:colcon.colcon_core.environment:create_environment_scripts_only(moveit_resources_prbt_support)
[5.064s] DEBUG:colcon.colcon_core.event_handler.log_command:Invoked command in '/home/vinayak/ws_moveit2/build/moveit_resources_prbt_support' returned '0': CMAKE_PREFIX_PATH=${CMAKE_PREFIX_PATH}:/home/vinayak/ws_moveit2/install/ur3e_motion_package:/home/vinayak/ws_moveit2/install/moveit_configs_utils:/home/vinayak/ws_moveit2/install/launch_param_builder:/opt/ros/humble /usr/bin/cmake --install /home/vinayak/ws_moveit2/build/moveit_resources_prbt_support
[5.065s] Level 1:colcon.colcon_core.environment:checking '/home/vinayak/ws_moveit2/install/moveit_resources_prbt_support' for CMake module files
[5.066s] Level 1:colcon.colcon_core.environment:checking '/home/vinayak/ws_moveit2/install/moveit_resources_prbt_support' for CMake config files
[5.066s] Level 1:colcon.colcon_core.shell:create_environment_hook('moveit_resources_prbt_support', 'cmake_prefix_path')
[5.066s] INFO:colcon.colcon_core.shell:Creating environment hook '/home/vinayak/ws_moveit2/install/moveit_resources_prbt_support/share/moveit_resources_prbt_support/hook/cmake_prefix_path.ps1'
[5.067s] INFO:colcon.colcon_core.shell:Creating environment descriptor '/home/vinayak/ws_moveit2/install/moveit_resources_prbt_support/share/moveit_resources_prbt_support/hook/cmake_prefix_path.dsv'
[5.068s] INFO:colcon.colcon_core.shell:Creating environment hook '/home/vinayak/ws_moveit2/install/moveit_resources_prbt_support/share/moveit_resources_prbt_support/hook/cmake_prefix_path.sh'
[5.068s] Level 1:colcon.colcon_core.environment:checking '/home/vinayak/ws_moveit2/install/moveit_resources_prbt_support/bin'
[5.069s] Level 1:colcon.colcon_core.environment:checking '/home/vinayak/ws_moveit2/install/moveit_resources_prbt_support/lib/pkgconfig/moveit_resources_prbt_support.pc'
[5.069s] Level 1:colcon.colcon_core.environment:checking '/home/vinayak/ws_moveit2/install/moveit_resources_prbt_support/lib/python3.10/site-packages'
[5.069s] Level 1:colcon.colcon_core.environment:checking '/home/vinayak/ws_moveit2/install/moveit_resources_prbt_support/bin'
[5.070s] INFO:colcon.colcon_core.shell:Creating package script '/home/vinayak/ws_moveit2/install/moveit_resources_prbt_support/share/moveit_resources_prbt_support/package.ps1'
[5.070s] INFO:colcon.colcon_core.shell:Creating package descriptor '/home/vinayak/ws_moveit2/install/moveit_resources_prbt_support/share/moveit_resources_prbt_support/package.dsv'
[5.071s] INFO:colcon.colcon_core.shell:Creating package script '/home/vinayak/ws_moveit2/install/moveit_resources_prbt_support/share/moveit_resources_prbt_support/package.sh'
[5.072s] INFO:colcon.colcon_core.shell:Creating package script '/home/vinayak/ws_moveit2/install/moveit_resources_prbt_support/share/moveit_resources_prbt_support/package.bash'
[5.072s] INFO:colcon.colcon_core.shell:Creating package script '/home/vinayak/ws_moveit2/install/moveit_resources_prbt_support/share/moveit_resources_prbt_support/package.zsh'
[5.073s] Level 1:colcon.colcon_core.environment:create_file_with_runtime_dependencies(/home/vinayak/ws_moveit2/install/moveit_resources_prbt_support/share/colcon-core/packages/moveit_resources_prbt_support)
[5.073s] Level 1:colcon.colcon_core.environment:create_environment_scripts_only(moveit_resources_prbt_support)
[5.074s] Level 1:colcon.colcon_core.environment:checking '/home/vinayak/ws_moveit2/install/moveit_resources_prbt_support' for CMake module files
[5.074s] Level 1:colcon.colcon_core.environment:checking '/home/vinayak/ws_moveit2/install/moveit_resources_prbt_support' for CMake config files
[5.075s] Level 1:colcon.colcon_core.shell:create_environment_hook('moveit_resources_prbt_support', 'cmake_prefix_path')
[5.075s] INFO:colcon.colcon_core.shell:Creating environment hook '/home/vinayak/ws_moveit2/install/moveit_resources_prbt_support/share/moveit_resources_prbt_support/hook/cmake_prefix_path.ps1'
[5.076s] INFO:colcon.colcon_core.shell:Creating environment descriptor '/home/vinayak/ws_moveit2/install/moveit_resources_prbt_support/share/moveit_resources_prbt_support/hook/cmake_prefix_path.dsv'
[5.076s] INFO:colcon.colcon_core.shell:Creating environment hook '/home/vinayak/ws_moveit2/install/moveit_resources_prbt_support/share/moveit_resources_prbt_support/hook/cmake_prefix_path.sh'
[5.077s] Level 1:colcon.colcon_core.environment:checking '/home/vinayak/ws_moveit2/install/moveit_resources_prbt_support/bin'
[5.077s] Level 1:colcon.colcon_core.environment:checking '/home/vinayak/ws_moveit2/install/moveit_resources_prbt_support/lib/pkgconfig/moveit_resources_prbt_support.pc'
[5.077s] Level 1:colcon.colcon_core.environment:checking '/home/vinayak/ws_moveit2/install/moveit_resources_prbt_support/lib/python3.10/site-packages'
[5.078s] Level 1:colcon.colcon_core.environment:checking '/home/vinayak/ws_moveit2/install/moveit_resources_prbt_support/bin'
[5.078s] INFO:colcon.colcon_core.shell:Creating package script '/home/vinayak/ws_moveit2/install/moveit_resources_prbt_support/share/moveit_resources_prbt_support/package.ps1'
[5.079s] INFO:colcon.colcon_core.shell:Creating package descriptor '/home/vinayak/ws_moveit2/install/moveit_resources_prbt_support/share/moveit_resources_prbt_support/package.dsv'
[5.080s] INFO:colcon.colcon_core.shell:Creating package script '/home/vinayak/ws_moveit2/install/moveit_resources_prbt_support/share/moveit_resources_prbt_support/package.sh'
[5.080s] INFO:colcon.colcon_core.shell:Creating package script '/home/vinayak/ws_moveit2/install/moveit_resources_prbt_support/share/moveit_resources_prbt_support/package.bash'
[5.081s] INFO:colcon.colcon_core.shell:Creating package script '/home/vinayak/ws_moveit2/install/moveit_resources_prbt_support/share/moveit_resources_prbt_support/package.zsh'
[5.082s] Level 1:colcon.colcon_core.environment:create_file_with_runtime_dependencies(/home/vinayak/ws_moveit2/install/moveit_resources_prbt_support/share/colcon-core/packages/moveit_resources_prbt_support)
[5.082s] DEBUG:colcon.colcon_core.executor.sequential:run_until_complete 'moveit_resources_prbt_support' finished with '0'
[5.082s] DEBUG:colcon.colcon_core.executor.sequential:run_until_complete 'moveit_task_constructor_msgs'
[5.082s] INFO:colcon.colcon_ros.task.ament_cmake.build:Building ROS package in '/home/vinayak/ws_moveit2/src/moveit_task_constructor/msgs' with build type 'ament_cmake'
[5.082s] INFO:colcon.colcon_cmake.task.cmake.build:Building CMake package in '/home/vinayak/ws_moveit2/src/moveit_task_constructor/msgs'
[5.083s] INFO:colcon.colcon_core.shell:Skip shell extension 'powershell' for command environment: Not usable outside of PowerShell
[5.083s] DEBUG:colcon.colcon_core.shell:Skip shell extension 'dsv' for command environment
[5.098s] DEBUG:colcon.colcon_core.event_handler.log_command:Invoking command in '/home/vinayak/ws_moveit2/build/moveit_task_constructor_msgs': CMAKE_PREFIX_PATH=${CMAKE_PREFIX_PATH}:/home/vinayak/ws_moveit2/install/ur3e_motion_package:/home/vinayak/ws_moveit2/install/moveit_configs_utils:/home/vinayak/ws_moveit2/install/launch_param_builder:/opt/ros/humble /usr/bin/cmake --build /home/vinayak/ws_moveit2/build/moveit_task_constructor_msgs
[6.005s] DEBUG:colcon.colcon_core.event_handler.log_command:Invoked command in '/home/vinayak/ws_moveit2/build/moveit_task_constructor_msgs' returned '0': CMAKE_PREFIX_PATH=${CMAKE_PREFIX_PATH}:/home/vinayak/ws_moveit2/install/ur3e_motion_package:/home/vinayak/ws_moveit2/install/moveit_configs_utils:/home/vinayak/ws_moveit2/install/launch_param_builder:/opt/ros/humble /usr/bin/cmake --build /home/vinayak/ws_moveit2/build/moveit_task_constructor_msgs
[6.007s] DEBUG:colcon.colcon_core.event_handler.log_command:Invoking command in '/home/vinayak/ws_moveit2/build/moveit_task_constructor_msgs': CMAKE_PREFIX_PATH=${CMAKE_PREFIX_PATH}:/home/vinayak/ws_moveit2/install/ur3e_motion_package:/home/vinayak/ws_moveit2/install/moveit_configs_utils:/home/vinayak/ws_moveit2/install/launch_param_builder:/opt/ros/humble /usr/bin/cmake --install /home/vinayak/ws_moveit2/build/moveit_task_constructor_msgs
[6.069s] Level 1:colcon.colcon_core.environment:create_environment_scripts_only(moveit_task_constructor_msgs)
[6.069s] Level 1:colcon.colcon_core.environment:checking '/home/vinayak/ws_moveit2/install/moveit_task_constructor_msgs' for CMake module files
[6.070s] DEBUG:colcon.colcon_core.event_handler.log_command:Invoked command in '/home/vinayak/ws_moveit2/build/moveit_task_constructor_msgs' returned '0': CMAKE_PREFIX_PATH=${CMAKE_PREFIX_PATH}:/home/vinayak/ws_moveit2/install/ur3e_motion_package:/home/vinayak/ws_moveit2/install/moveit_configs_utils:/home/vinayak/ws_moveit2/install/launch_param_builder:/opt/ros/humble /usr/bin/cmake --install /home/vinayak/ws_moveit2/build/moveit_task_constructor_msgs
[6.070s] Level 1:colcon.colcon_core.environment:checking '/home/vinayak/ws_moveit2/install/moveit_task_constructor_msgs' for CMake config files
[6.071s] Level 1:colcon.colcon_core.shell:create_environment_hook('moveit_task_constructor_msgs', 'cmake_prefix_path')
[6.071s] INFO:colcon.colcon_core.shell:Creating environment hook '/home/vinayak/ws_moveit2/install/moveit_task_constructor_msgs/share/moveit_task_constructor_msgs/hook/cmake_prefix_path.ps1'
[6.072s] INFO:colcon.colcon_core.shell:Creating environment descriptor '/home/vinayak/ws_moveit2/install/moveit_task_constructor_msgs/share/moveit_task_constructor_msgs/hook/cmake_prefix_path.dsv'
[6.072s] INFO:colcon.colcon_core.shell:Creating environment hook '/home/vinayak/ws_moveit2/install/moveit_task_constructor_msgs/share/moveit_task_constructor_msgs/hook/cmake_prefix_path.sh'
[6.072s] Level 1:colcon.colcon_core.environment:checking '/home/vinayak/ws_moveit2/install/moveit_task_constructor_msgs/lib'
[6.072s] Level 1:colcon.colcon_core.shell:create_environment_hook('moveit_task_constructor_msgs', 'ld_library_path_lib')
[6.073s] INFO:colcon.colcon_core.shell:Creating environment hook '/home/vinayak/ws_moveit2/install/moveit_task_constructor_msgs/share/moveit_task_constructor_msgs/hook/ld_library_path_lib.ps1'
[6.073s] INFO:colcon.colcon_core.shell:Creating environment descriptor '/home/vinayak/ws_moveit2/install/moveit_task_constructor_msgs/share/moveit_task_constructor_msgs/hook/ld_library_path_lib.dsv'
[6.073s] INFO:colcon.colcon_core.shell:Creating environment hook '/home/vinayak/ws_moveit2/install/moveit_task_constructor_msgs/share/moveit_task_constructor_msgs/hook/ld_library_path_lib.sh'
[6.073s] Level 1:colcon.colcon_core.environment:checking '/home/vinayak/ws_moveit2/install/moveit_task_constructor_msgs/bin'
[6.074s] Level 1:colcon.colcon_core.environment:checking '/home/vinayak/ws_moveit2/install/moveit_task_constructor_msgs/lib/pkgconfig/moveit_task_constructor_msgs.pc'
[6.074s] Level 1:colcon.colcon_core.environment:checking '/home/vinayak/ws_moveit2/install/moveit_task_constructor_msgs/lib/python3.10/site-packages'
[6.074s] Level 1:colcon.colcon_core.environment:checking '/home/vinayak/ws_moveit2/install/moveit_task_constructor_msgs/bin'
[6.074s] INFO:colcon.colcon_core.shell:Creating package script '/home/vinayak/ws_moveit2/install/moveit_task_constructor_msgs/share/moveit_task_constructor_msgs/package.ps1'
[6.075s] INFO:colcon.colcon_core.shell:Creating package descriptor '/home/vinayak/ws_moveit2/install/moveit_task_constructor_msgs/share/moveit_task_constructor_msgs/package.dsv'
[6.075s] INFO:colcon.colcon_core.shell:Creating package script '/home/vinayak/ws_moveit2/install/moveit_task_constructor_msgs/share/moveit_task_constructor_msgs/package.sh'
[6.075s] INFO:colcon.colcon_core.shell:Creating package script '/home/vinayak/ws_moveit2/install/moveit_task_constructor_msgs/share/moveit_task_constructor_msgs/package.bash'
[6.076s] INFO:colcon.colcon_core.shell:Creating package script '/home/vinayak/ws_moveit2/install/moveit_task_constructor_msgs/share/moveit_task_constructor_msgs/package.zsh'
[6.076s] Level 1:colcon.colcon_core.environment:create_file_with_runtime_dependencies(/home/vinayak/ws_moveit2/install/moveit_task_constructor_msgs/share/colcon-core/packages/moveit_task_constructor_msgs)
[6.076s] Level 1:colcon.colcon_core.environment:create_environment_scripts_only(moveit_task_constructor_msgs)
[6.076s] Level 1:colcon.colcon_core.environment:checking '/home/vinayak/ws_moveit2/install/moveit_task_constructor_msgs' for CMake module files
[6.077s] Level 1:colcon.colcon_core.environment:checking '/home/vinayak/ws_moveit2/install/moveit_task_constructor_msgs' for CMake config files
[6.078s] Level 1:colcon.colcon_core.shell:create_environment_hook('moveit_task_constructor_msgs', 'cmake_prefix_path')
[6.078s] INFO:colcon.colcon_core.shell:Creating environment hook '/home/vinayak/ws_moveit2/install/moveit_task_constructor_msgs/share/moveit_task_constructor_msgs/hook/cmake_prefix_path.ps1'
[6.078s] INFO:colcon.colcon_core.shell:Creating environment descriptor '/home/vinayak/ws_moveit2/install/moveit_task_constructor_msgs/share/moveit_task_constructor_msgs/hook/cmake_prefix_path.dsv'
[6.078s] INFO:colcon.colcon_core.shell:Creating environment hook '/home/vinayak/ws_moveit2/install/moveit_task_constructor_msgs/share/moveit_task_constructor_msgs/hook/cmake_prefix_path.sh'
[6.079s] Level 1:colcon.colcon_core.environment:checking '/home/vinayak/ws_moveit2/install/moveit_task_constructor_msgs/lib'
[6.079s] Level 1:colcon.colcon_core.shell:create_environment_hook('moveit_task_constructor_msgs', 'ld_library_path_lib')
[6.079s] INFO:colcon.colcon_core.shell:Creating environment hook '/home/vinayak/ws_moveit2/install/moveit_task_constructor_msgs/share/moveit_task_constructor_msgs/hook/ld_library_path_lib.ps1'
[6.079s] INFO:colcon.colcon_core.shell:Creating environment descriptor '/home/vinayak/ws_moveit2/install/moveit_task_constructor_msgs/share/moveit_task_constructor_msgs/hook/ld_library_path_lib.dsv'
[6.080s] INFO:colcon.colcon_core.shell:Creating environment hook '/home/vinayak/ws_moveit2/install/moveit_task_constructor_msgs/share/moveit_task_constructor_msgs/hook/ld_library_path_lib.sh'
[6.080s] Level 1:colcon.colcon_core.environment:checking '/home/vinayak/ws_moveit2/install/moveit_task_constructor_msgs/bin'
[6.080s] Level 1:colcon.colcon_core.environment:checking '/home/vinayak/ws_moveit2/install/moveit_task_constructor_msgs/lib/pkgconfig/moveit_task_constructor_msgs.pc'
[6.080s] Level 1:colcon.colcon_core.environment:checking '/home/vinayak/ws_moveit2/install/moveit_task_constructor_msgs/lib/python3.10/site-packages'
[6.080s] Level 1:colcon.colcon_core.environment:checking '/home/vinayak/ws_moveit2/install/moveit_task_constructor_msgs/bin'
[6.081s] INFO:colcon.colcon_core.shell:Creating package script '/home/vinayak/ws_moveit2/install/moveit_task_constructor_msgs/share/moveit_task_constructor_msgs/package.ps1'
[6.081s] INFO:colcon.colcon_core.shell:Creating package descriptor '/home/vinayak/ws_moveit2/install/moveit_task_constructor_msgs/share/moveit_task_constructor_msgs/package.dsv'
[6.082s] INFO:colcon.colcon_core.shell:Creating package script '/home/vinayak/ws_moveit2/install/moveit_task_constructor_msgs/share/moveit_task_constructor_msgs/package.sh'
[6.082s] INFO:colcon.colcon_core.shell:Creating package script '/home/vinayak/ws_moveit2/install/moveit_task_constructor_msgs/share/moveit_task_constructor_msgs/package.bash'
[6.082s] INFO:colcon.colcon_core.shell:Creating package script '/home/vinayak/ws_moveit2/install/moveit_task_constructor_msgs/share/moveit_task_constructor_msgs/package.zsh'
[6.083s] Level 1:colcon.colcon_core.environment:create_file_with_runtime_dependencies(/home/vinayak/ws_moveit2/install/moveit_task_constructor_msgs/share/colcon-core/packages/moveit_task_constructor_msgs)
[6.083s] DEBUG:colcon.colcon_core.executor.sequential:run_until_complete 'moveit_task_constructor_msgs' finished with '0'
[6.083s] DEBUG:colcon.colcon_core.executor.sequential:run_until_complete 'rosparam_shortcuts'
[6.083s] INFO:colcon.colcon_ros.task.ament_cmake.build:Building ROS package in '/home/vinayak/ws_moveit2/src/rosparam_shortcuts' with build type 'ament_cmake'
[6.083s] INFO:colcon.colcon_cmake.task.cmake.build:Building CMake package in '/home/vinayak/ws_moveit2/src/rosparam_shortcuts'
[6.083s] INFO:colcon.colcon_core.shell:Skip shell extension 'powershell' for command environment: Not usable outside of PowerShell
[6.083s] DEBUG:colcon.colcon_core.shell:Skip shell extension 'dsv' for command environment
[6.093s] DEBUG:colcon.colcon_core.event_handler.log_command:Invoking command in '/home/vinayak/ws_moveit2/build/rosparam_shortcuts': CMAKE_PREFIX_PATH=${CMAKE_PREFIX_PATH}:/home/vinayak/ws_moveit2/install/ur3e_motion_package:/home/vinayak/ws_moveit2/install/moveit_configs_utils:/home/vinayak/ws_moveit2/install/launch_param_builder:/opt/ros/humble /usr/bin/cmake /home/vinayak/ws_moveit2/src/rosparam_shortcuts -DCMAKE_INSTALL_PREFIX=/home/vinayak/ws_moveit2/install/rosparam_shortcuts
[7.570s] DEBUG:colcon.colcon_core.event_handler.log_command:Invoked command in '/home/vinayak/ws_moveit2/build/rosparam_shortcuts' returned '0': CMAKE_PREFIX_PATH=${CMAKE_PREFIX_PATH}:/home/vinayak/ws_moveit2/install/ur3e_motion_package:/home/vinayak/ws_moveit2/install/moveit_configs_utils:/home/vinayak/ws_moveit2/install/launch_param_builder:/opt/ros/humble /usr/bin/cmake /home/vinayak/ws_moveit2/src/rosparam_shortcuts -DCMAKE_INSTALL_PREFIX=/home/vinayak/ws_moveit2/install/rosparam_shortcuts
[7.571s] DEBUG:colcon.colcon_core.event_handler.log_command:Invoking command in '/home/vinayak/ws_moveit2/build/rosparam_shortcuts': CMAKE_PREFIX_PATH=${CMAKE_PREFIX_PATH}:/home/vinayak/ws_moveit2/install/ur3e_motion_package:/home/vinayak/ws_moveit2/install/moveit_configs_utils:/home/vinayak/ws_moveit2/install/launch_param_builder:/opt/ros/humble /usr/bin/cmake --build /home/vinayak/ws_moveit2/build/rosparam_shortcuts
[30.267s] DEBUG:colcon.colcon_core.event_handler.log_command:Invoked command in '/home/vinayak/ws_moveit2/build/rosparam_shortcuts' returned '0': CMAKE_PREFIX_PATH=${CMAKE_PREFIX_PATH}:/home/vinayak/ws_moveit2/install/ur3e_motion_package:/home/vinayak/ws_moveit2/install/moveit_configs_utils:/home/vinayak/ws_moveit2/install/launch_param_builder:/opt/ros/humble /usr/bin/cmake --build /home/vinayak/ws_moveit2/build/rosparam_shortcuts
[30.269s] DEBUG:colcon.colcon_core.event_handler.log_command:Invoking command in '/home/vinayak/ws_moveit2/build/rosparam_shortcuts': CMAKE_PREFIX_PATH=${CMAKE_PREFIX_PATH}:/home/vinayak/ws_moveit2/install/ur3e_motion_package:/home/vinayak/ws_moveit2/install/moveit_configs_utils:/home/vinayak/ws_moveit2/install/launch_param_builder:/opt/ros/humble /usr/bin/cmake --install /home/vinayak/ws_moveit2/build/rosparam_shortcuts
[30.283s] Level 1:colcon.colcon_core.environment:create_environment_scripts_only(rosparam_shortcuts)
[30.284s] Level 1:colcon.colcon_core.environment:checking '/home/vinayak/ws_moveit2/install/rosparam_shortcuts' for CMake module files
[30.284s] DEBUG:colcon.colcon_core.event_handler.log_command:Invoked command in '/home/vinayak/ws_moveit2/build/rosparam_shortcuts' returned '0': CMAKE_PREFIX_PATH=${CMAKE_PREFIX_PATH}:/home/vinayak/ws_moveit2/install/ur3e_motion_package:/home/vinayak/ws_moveit2/install/moveit_configs_utils:/home/vinayak/ws_moveit2/install/launch_param_builder:/opt/ros/humble /usr/bin/cmake --install /home/vinayak/ws_moveit2/build/rosparam_shortcuts
[30.284s] Level 1:colcon.colcon_core.environment:checking '/home/vinayak/ws_moveit2/install/rosparam_shortcuts' for CMake config files
[30.285s] Level 1:colcon.colcon_core.shell:create_environment_hook('rosparam_shortcuts', 'cmake_prefix_path')
[30.285s] INFO:colcon.colcon_core.shell:Creating environment hook '/home/vinayak/ws_moveit2/install/rosparam_shortcuts/share/rosparam_shortcuts/hook/cmake_prefix_path.ps1'
[30.285s] INFO:colcon.colcon_core.shell:Creating environment descriptor '/home/vinayak/ws_moveit2/install/rosparam_shortcuts/share/rosparam_shortcuts/hook/cmake_prefix_path.dsv'
[30.285s] INFO:colcon.colcon_core.shell:Creating environment hook '/home/vinayak/ws_moveit2/install/rosparam_shortcuts/share/rosparam_shortcuts/hook/cmake_prefix_path.sh'
[30.286s] Level 1:colcon.colcon_core.environment:checking '/home/vinayak/ws_moveit2/install/rosparam_shortcuts/lib'
[30.286s] Level 1:colcon.colcon_core.shell:create_environment_hook('rosparam_shortcuts', 'ld_library_path_lib')
[30.286s] INFO:colcon.colcon_core.shell:Creating environment hook '/home/vinayak/ws_moveit2/install/rosparam_shortcuts/share/rosparam_shortcuts/hook/ld_library_path_lib.ps1'
[30.286s] INFO:colcon.colcon_core.shell:Creating environment descriptor '/home/vinayak/ws_moveit2/install/rosparam_shortcuts/share/rosparam_shortcuts/hook/ld_library_path_lib.dsv'
[30.287s] INFO:colcon.colcon_core.shell:Creating environment hook '/home/vinayak/ws_moveit2/install/rosparam_shortcuts/share/rosparam_shortcuts/hook/ld_library_path_lib.sh'
[30.287s] Level 1:colcon.colcon_core.environment:checking '/home/vinayak/ws_moveit2/install/rosparam_shortcuts/bin'
[30.287s] Level 1:colcon.colcon_core.environment:checking '/home/vinayak/ws_moveit2/install/rosparam_shortcuts/lib/pkgconfig/rosparam_shortcuts.pc'
[30.287s] Level 1:colcon.colcon_core.environment:checking '/home/vinayak/ws_moveit2/install/rosparam_shortcuts/lib/python3.10/site-packages'
[30.287s] Level 1:colcon.colcon_core.environment:checking '/home/vinayak/ws_moveit2/install/rosparam_shortcuts/bin'
[30.288s] INFO:colcon.colcon_core.shell:Creating package script '/home/vinayak/ws_moveit2/install/rosparam_shortcuts/share/rosparam_shortcuts/package.ps1'
[30.288s] INFO:colcon.colcon_core.shell:Creating package descriptor '/home/vinayak/ws_moveit2/install/rosparam_shortcuts/share/rosparam_shortcuts/package.dsv'
[30.288s] INFO:colcon.colcon_core.shell:Creating package script '/home/vinayak/ws_moveit2/install/rosparam_shortcuts/share/rosparam_shortcuts/package.sh'
[30.289s] INFO:colcon.colcon_core.shell:Creating package script '/home/vinayak/ws_moveit2/install/rosparam_shortcuts/share/rosparam_shortcuts/package.bash'
[30.289s] INFO:colcon.colcon_core.shell:Creating package script '/home/vinayak/ws_moveit2/install/rosparam_shortcuts/share/rosparam_shortcuts/package.zsh'
[30.289s] Level 1:colcon.colcon_core.environment:create_file_with_runtime_dependencies(/home/vinayak/ws_moveit2/install/rosparam_shortcuts/share/colcon-core/packages/rosparam_shortcuts)
[30.290s] Level 1:colcon.colcon_core.environment:create_environment_scripts_only(rosparam_shortcuts)
[30.290s] Level 1:colcon.colcon_core.environment:checking '/home/vinayak/ws_moveit2/install/rosparam_shortcuts' for CMake module files
[30.290s] Level 1:colcon.colcon_core.environment:checking '/home/vinayak/ws_moveit2/install/rosparam_shortcuts' for CMake config files
[30.291s] Level 1:colcon.colcon_core.shell:create_environment_hook('rosparam_shortcuts', 'cmake_prefix_path')
[30.291s] INFO:colcon.colcon_core.shell:Creating environment hook '/home/vinayak/ws_moveit2/install/rosparam_shortcuts/share/rosparam_shortcuts/hook/cmake_prefix_path.ps1'
[30.291s] INFO:colcon.colcon_core.shell:Creating environment descriptor '/home/vinayak/ws_moveit2/install/rosparam_shortcuts/share/rosparam_shortcuts/hook/cmake_prefix_path.dsv'
[30.291s] INFO:colcon.colcon_core.shell:Creating environment hook '/home/vinayak/ws_moveit2/install/rosparam_shortcuts/share/rosparam_shortcuts/hook/cmake_prefix_path.sh'
[30.292s] Level 1:colcon.colcon_core.environment:checking '/home/vinayak/ws_moveit2/install/rosparam_shortcuts/lib'
[30.292s] Level 1:colcon.colcon_core.shell:create_environment_hook('rosparam_shortcuts', 'ld_library_path_lib')
[30.292s] INFO:colcon.colcon_core.shell:Creating environment hook '/home/vinayak/ws_moveit2/install/rosparam_shortcuts/share/rosparam_shortcuts/hook/ld_library_path_lib.ps1'
[30.292s] INFO:colcon.colcon_core.shell:Creating environment descriptor '/home/vinayak/ws_moveit2/install/rosparam_shortcuts/share/rosparam_shortcuts/hook/ld_library_path_lib.dsv'
[30.293s] INFO:colcon.colcon_core.shell:Creating environment hook '/home/vinayak/ws_moveit2/install/rosparam_shortcuts/share/rosparam_shortcuts/hook/ld_library_path_lib.sh'
[30.293s] Level 1:colcon.colcon_core.environment:checking '/home/vinayak/ws_moveit2/install/rosparam_shortcuts/bin'
[30.293s] Level 1:colcon.colcon_core.environment:checking '/home/vinayak/ws_moveit2/install/rosparam_shortcuts/lib/pkgconfig/rosparam_shortcuts.pc'
[30.293s] Level 1:colcon.colcon_core.environment:checking '/home/vinayak/ws_moveit2/install/rosparam_shortcuts/lib/python3.10/site-packages'
[30.293s] Level 1:colcon.colcon_core.environment:checking '/home/vinayak/ws_moveit2/install/rosparam_shortcuts/bin'
[30.294s] INFO:colcon.colcon_core.shell:Creating package script '/home/vinayak/ws_moveit2/install/rosparam_shortcuts/share/rosparam_shortcuts/package.ps1'
[30.294s] INFO:colcon.colcon_core.shell:Creating package descriptor '/home/vinayak/ws_moveit2/install/rosparam_shortcuts/share/rosparam_shortcuts/package.dsv'
[30.294s] INFO:colcon.colcon_core.shell:Creating package script '/home/vinayak/ws_moveit2/install/rosparam_shortcuts/share/rosparam_shortcuts/package.sh'
[30.295s] INFO:colcon.colcon_core.shell:Creating package script '/home/vinayak/ws_moveit2/install/rosparam_shortcuts/share/rosparam_shortcuts/package.bash'
[30.295s] INFO:colcon.colcon_core.shell:Creating package script '/home/vinayak/ws_moveit2/install/rosparam_shortcuts/share/rosparam_shortcuts/package.zsh'
[30.295s] Level 1:colcon.colcon_core.environment:create_file_with_runtime_dependencies(/home/vinayak/ws_moveit2/install/rosparam_shortcuts/share/colcon-core/packages/rosparam_shortcuts)
[30.296s] DEBUG:colcon.colcon_core.executor.sequential:run_until_complete 'rosparam_shortcuts' finished with '0'
[30.296s] DEBUG:colcon.colcon_core.executor.sequential:run_until_complete 'srdfdom'
[30.296s] INFO:colcon.colcon_ros.task.ament_cmake.build:Building ROS package in '/home/vinayak/ws_moveit2/src/srdfdom' with build type 'ament_cmake'
[30.296s] INFO:colcon.colcon_cmake.task.cmake.build:Building CMake package in '/home/vinayak/ws_moveit2/src/srdfdom'
[30.296s] INFO:colcon.colcon_core.shell:Skip shell extension 'powershell' for command environment: Not usable outside of PowerShell
[30.296s] DEBUG:colcon.colcon_core.shell:Skip shell extension 'dsv' for command environment
[30.306s] DEBUG:colcon.colcon_core.event_handler.log_command:Invoking command in '/home/vinayak/ws_moveit2/build/srdfdom': CMAKE_PREFIX_PATH=${CMAKE_PREFIX_PATH}:/home/vinayak/ws_moveit2/install/ur3e_motion_package:/home/vinayak/ws_moveit2/install/moveit_configs_utils:/home/vinayak/ws_moveit2/install/launch_param_builder:/opt/ros/humble /usr/bin/cmake /home/vinayak/ws_moveit2/src/srdfdom -DCMAKE_INSTALL_PREFIX=/home/vinayak/ws_moveit2/install/srdfdom
[32.498s] DEBUG:colcon.colcon_core.event_handler.log_command:Invoked command in '/home/vinayak/ws_moveit2/build/srdfdom' returned '0': CMAKE_PREFIX_PATH=${CMAKE_PREFIX_PATH}:/home/vinayak/ws_moveit2/install/ur3e_motion_package:/home/vinayak/ws_moveit2/install/moveit_configs_utils:/home/vinayak/ws_moveit2/install/launch_param_builder:/opt/ros/humble /usr/bin/cmake /home/vinayak/ws_moveit2/src/srdfdom -DCMAKE_INSTALL_PREFIX=/home/vinayak/ws_moveit2/install/srdfdom
[32.500s] DEBUG:colcon.colcon_core.event_handler.log_command:Invoking command in '/home/vinayak/ws_moveit2/build/srdfdom': CMAKE_PREFIX_PATH=${CMAKE_PREFIX_PATH}:/home/vinayak/ws_moveit2/install/ur3e_motion_package:/home/vinayak/ws_moveit2/install/moveit_configs_utils:/home/vinayak/ws_moveit2/install/launch_param_builder:/opt/ros/humble /usr/bin/cmake --build /home/vinayak/ws_moveit2/build/srdfdom
[43.349s] DEBUG:colcon.colcon_core.event_handler.log_command:Invoked command in '/home/vinayak/ws_moveit2/build/srdfdom' returned '0': CMAKE_PREFIX_PATH=${CMAKE_PREFIX_PATH}:/home/vinayak/ws_moveit2/install/ur3e_motion_package:/home/vinayak/ws_moveit2/install/moveit_configs_utils:/home/vinayak/ws_moveit2/install/launch_param_builder:/opt/ros/humble /usr/bin/cmake --build /home/vinayak/ws_moveit2/build/srdfdom
[43.351s] DEBUG:colcon.colcon_core.event_handler.log_command:Invoking command in '/home/vinayak/ws_moveit2/build/srdfdom': CMAKE_PREFIX_PATH=${CMAKE_PREFIX_PATH}:/home/vinayak/ws_moveit2/install/ur3e_motion_package:/home/vinayak/ws_moveit2/install/moveit_configs_utils:/home/vinayak/ws_moveit2/install/launch_param_builder:/opt/ros/humble /usr/bin/cmake --install /home/vinayak/ws_moveit2/build/srdfdom
[43.402s] Level 1:colcon.colcon_core.environment:create_environment_scripts_only(srdfdom)
[43.402s] Level 1:colcon.colcon_core.environment:checking '/home/vinayak/ws_moveit2/install/srdfdom' for CMake module files
[43.403s] DEBUG:colcon.colcon_core.event_handler.log_command:Invoked command in '/home/vinayak/ws_moveit2/build/srdfdom' returned '0': CMAKE_PREFIX_PATH=${CMAKE_PREFIX_PATH}:/home/vinayak/ws_moveit2/install/ur3e_motion_package:/home/vinayak/ws_moveit2/install/moveit_configs_utils:/home/vinayak/ws_moveit2/install/launch_param_builder:/opt/ros/humble /usr/bin/cmake --install /home/vinayak/ws_moveit2/build/srdfdom
[43.403s] Level 1:colcon.colcon_core.environment:checking '/home/vinayak/ws_moveit2/install/srdfdom' for CMake config files
[43.403s] Level 1:colcon.colcon_core.shell:create_environment_hook('srdfdom', 'cmake_prefix_path')
[43.403s] INFO:colcon.colcon_core.shell:Creating environment hook '/home/vinayak/ws_moveit2/install/srdfdom/share/srdfdom/hook/cmake_prefix_path.ps1'
[43.404s] INFO:colcon.colcon_core.shell:Creating environment descriptor '/home/vinayak/ws_moveit2/install/srdfdom/share/srdfdom/hook/cmake_prefix_path.dsv'
[43.404s] INFO:colcon.colcon_core.shell:Creating environment hook '/home/vinayak/ws_moveit2/install/srdfdom/share/srdfdom/hook/cmake_prefix_path.sh'
[43.404s] Level 1:colcon.colcon_core.environment:checking '/home/vinayak/ws_moveit2/install/srdfdom/lib'
[43.405s] Level 1:colcon.colcon_core.shell:create_environment_hook('srdfdom', 'ld_library_path_lib')
[43.405s] INFO:colcon.colcon_core.shell:Creating environment hook '/home/vinayak/ws_moveit2/install/srdfdom/share/srdfdom/hook/ld_library_path_lib.ps1'
[43.405s] INFO:colcon.colcon_core.shell:Creating environment descriptor '/home/vinayak/ws_moveit2/install/srdfdom/share/srdfdom/hook/ld_library_path_lib.dsv'
[43.405s] INFO:colcon.colcon_core.shell:Creating environment hook '/home/vinayak/ws_moveit2/install/srdfdom/share/srdfdom/hook/ld_library_path_lib.sh'
[43.406s] Level 1:colcon.colcon_core.environment:checking '/home/vinayak/ws_moveit2/install/srdfdom/bin'
[43.406s] Level 1:colcon.colcon_core.environment:checking '/home/vinayak/ws_moveit2/install/srdfdom/lib/pkgconfig/srdfdom.pc'
[43.406s] Level 1:colcon.colcon_core.environment:checking '/home/vinayak/ws_moveit2/install/srdfdom/lib/python3.10/site-packages'
[43.406s] Level 1:colcon.colcon_core.environment:checking '/home/vinayak/ws_moveit2/install/srdfdom/bin'
[43.406s] INFO:colcon.colcon_core.shell:Creating package script '/home/vinayak/ws_moveit2/install/srdfdom/share/srdfdom/package.ps1'
[43.407s] INFO:colcon.colcon_core.shell:Creating package descriptor '/home/vinayak/ws_moveit2/install/srdfdom/share/srdfdom/package.dsv'
[43.407s] INFO:colcon.colcon_core.shell:Creating package script '/home/vinayak/ws_moveit2/install/srdfdom/share/srdfdom/package.sh'
[43.407s] INFO:colcon.colcon_core.shell:Creating package script '/home/vinayak/ws_moveit2/install/srdfdom/share/srdfdom/package.bash'
[43.408s] INFO:colcon.colcon_core.shell:Creating package script '/home/vinayak/ws_moveit2/install/srdfdom/share/srdfdom/package.zsh'
[43.408s] Level 1:colcon.colcon_core.environment:create_file_with_runtime_dependencies(/home/vinayak/ws_moveit2/install/srdfdom/share/colcon-core/packages/srdfdom)
[43.408s] Level 1:colcon.colcon_core.environment:create_environment_scripts_only(srdfdom)
[43.408s] Level 1:colcon.colcon_core.environment:checking '/home/vinayak/ws_moveit2/install/srdfdom' for CMake module files
[43.409s] Level 1:colcon.colcon_core.environment:checking '/home/vinayak/ws_moveit2/install/srdfdom' for CMake config files
[43.409s] Level 1:colcon.colcon_core.shell:create_environment_hook('srdfdom', 'cmake_prefix_path')
[43.409s] INFO:colcon.colcon_core.shell:Creating environment hook '/home/vinayak/ws_moveit2/install/srdfdom/share/srdfdom/hook/cmake_prefix_path.ps1'
[43.410s] INFO:colcon.colcon_core.shell:Creating environment descriptor '/home/vinayak/ws_moveit2/install/srdfdom/share/srdfdom/hook/cmake_prefix_path.dsv'
[43.410s] INFO:colcon.colcon_core.shell:Creating environment hook '/home/vinayak/ws_moveit2/install/srdfdom/share/srdfdom/hook/cmake_prefix_path.sh'
[43.410s] Level 1:colcon.colcon_core.environment:checking '/home/vinayak/ws_moveit2/install/srdfdom/lib'
[43.410s] Level 1:colcon.colcon_core.shell:create_environment_hook('srdfdom', 'ld_library_path_lib')
[43.411s] INFO:colcon.colcon_core.shell:Creating environment hook '/home/vinayak/ws_moveit2/install/srdfdom/share/srdfdom/hook/ld_library_path_lib.ps1'
[43.411s] INFO:colcon.colcon_core.shell:Creating environment descriptor '/home/vinayak/ws_moveit2/install/srdfdom/share/srdfdom/hook/ld_library_path_lib.dsv'
[43.411s] INFO:colcon.colcon_core.shell:Creating environment hook '/home/vinayak/ws_moveit2/install/srdfdom/share/srdfdom/hook/ld_library_path_lib.sh'
[43.412s] Level 1:colcon.colcon_core.environment:checking '/home/vinayak/ws_moveit2/install/srdfdom/bin'
[43.412s] Level 1:colcon.colcon_core.environment:checking '/home/vinayak/ws_moveit2/install/srdfdom/lib/pkgconfig/srdfdom.pc'
[43.412s] Level 1:colcon.colcon_core.environment:checking '/home/vinayak/ws_moveit2/install/srdfdom/lib/python3.10/site-packages'
[43.412s] Level 1:colcon.colcon_core.environment:checking '/home/vinayak/ws_moveit2/install/srdfdom/bin'
[43.412s] INFO:colcon.colcon_core.shell:Creating package script '/home/vinayak/ws_moveit2/install/srdfdom/share/srdfdom/package.ps1'
[43.413s] INFO:colcon.colcon_core.shell:Creating package descriptor '/home/vinayak/ws_moveit2/install/srdfdom/share/srdfdom/package.dsv'
[43.413s] INFO:colcon.colcon_core.shell:Creating package script '/home/vinayak/ws_moveit2/install/srdfdom/share/srdfdom/package.sh'
[43.413s] INFO:colcon.colcon_core.shell:Creating package script '/home/vinayak/ws_moveit2/install/srdfdom/share/srdfdom/package.bash'
[43.414s] INFO:colcon.colcon_core.shell:Creating package script '/home/vinayak/ws_moveit2/install/srdfdom/share/srdfdom/package.zsh'
[43.414s] Level 1:colcon.colcon_core.environment:create_file_with_runtime_dependencies(/home/vinayak/ws_moveit2/install/srdfdom/share/colcon-core/packages/srdfdom)
[43.414s] DEBUG:colcon.colcon_core.executor.sequential:run_until_complete 'srdfdom' finished with '0'
[43.414s] DEBUG:colcon.colcon_core.executor.sequential:run_until_complete 'ur3e'
[43.414s] INFO:colcon.colcon_ros.task.ament_cmake.build:Building ROS package in '/home/vinayak/ws_moveit2/src/ur3e' with build type 'ament_cmake'
[43.415s] INFO:colcon.colcon_cmake.task.cmake.build:Building CMake package in '/home/vinayak/ws_moveit2/src/ur3e'
[43.415s] INFO:colcon.colcon_core.shell:Skip shell extension 'powershell' for command environment: Not usable outside of PowerShell
[43.415s] DEBUG:colcon.colcon_core.shell:Skip shell extension 'dsv' for command environment
[43.424s] DEBUG:colcon.colcon_core.event_handler.log_command:Invoking command in '/home/vinayak/ws_moveit2/build/ur3e': CMAKE_PREFIX_PATH=${CMAKE_PREFIX_PATH}:/home/vinayak/ws_moveit2/install/ur3e_motion_package:/home/vinayak/ws_moveit2/install/moveit_configs_utils:/home/vinayak/ws_moveit2/install/launch_param_builder:/opt/ros/humble /usr/bin/cmake /home/vinayak/ws_moveit2/src/ur3e -DCMAKE_INSTALL_PREFIX=/home/vinayak/ws_moveit2/install/ur3e
[44.878s] DEBUG:colcon.colcon_core.event_handler.log_command:Invoked command in '/home/vinayak/ws_moveit2/build/ur3e' returned '0': CMAKE_PREFIX_PATH=${CMAKE_PREFIX_PATH}:/home/vinayak/ws_moveit2/install/ur3e_motion_package:/home/vinayak/ws_moveit2/install/moveit_configs_utils:/home/vinayak/ws_moveit2/install/launch_param_builder:/opt/ros/humble /usr/bin/cmake /home/vinayak/ws_moveit2/src/ur3e -DCMAKE_INSTALL_PREFIX=/home/vinayak/ws_moveit2/install/ur3e
[44.880s] DEBUG:colcon.colcon_core.event_handler.log_command:Invoking command in '/home/vinayak/ws_moveit2/build/ur3e': CMAKE_PREFIX_PATH=${CMAKE_PREFIX_PATH}:/home/vinayak/ws_moveit2/install/ur3e_motion_package:/home/vinayak/ws_moveit2/install/moveit_configs_utils:/home/vinayak/ws_moveit2/install/launch_param_builder:/opt/ros/humble /usr/bin/cmake --build /home/vinayak/ws_moveit2/build/ur3e
[44.923s] DEBUG:colcon.colcon_core.event_handler.log_command:Invoked command in '/home/vinayak/ws_moveit2/build/ur3e' returned '0': CMAKE_PREFIX_PATH=${CMAKE_PREFIX_PATH}:/home/vinayak/ws_moveit2/install/ur3e_motion_package:/home/vinayak/ws_moveit2/install/moveit_configs_utils:/home/vinayak/ws_moveit2/install/launch_param_builder:/opt/ros/humble /usr/bin/cmake --build /home/vinayak/ws_moveit2/build/ur3e
[44.924s] DEBUG:colcon.colcon_core.event_handler.log_command:Invoking command in '/home/vinayak/ws_moveit2/build/ur3e': CMAKE_PREFIX_PATH=${CMAKE_PREFIX_PATH}:/home/vinayak/ws_moveit2/install/ur3e_motion_package:/home/vinayak/ws_moveit2/install/moveit_configs_utils:/home/vinayak/ws_moveit2/install/launch_param_builder:/opt/ros/humble /usr/bin/cmake --install /home/vinayak/ws_moveit2/build/ur3e
[44.983s] Level 1:colcon.colcon_core.environment:create_environment_scripts_only(ur3e)
[44.983s] Level 1:colcon.colcon_core.environment:checking '/home/vinayak/ws_moveit2/install/ur3e' for CMake module files
[44.984s] DEBUG:colcon.colcon_core.event_handler.log_command:Invoked command in '/home/vinayak/ws_moveit2/build/ur3e' returned '0': CMAKE_PREFIX_PATH=${CMAKE_PREFIX_PATH}:/home/vinayak/ws_moveit2/install/ur3e_motion_package:/home/vinayak/ws_moveit2/install/moveit_configs_utils:/home/vinayak/ws_moveit2/install/launch_param_builder:/opt/ros/humble /usr/bin/cmake --install /home/vinayak/ws_moveit2/build/ur3e
[44.984s] Level 1:colcon.colcon_core.environment:checking '/home/vinayak/ws_moveit2/install/ur3e' for CMake config files
[44.985s] Level 1:colcon.colcon_core.shell:create_environment_hook('ur3e', 'cmake_prefix_path')
[44.985s] INFO:colcon.colcon_core.shell:Creating environment hook '/home/vinayak/ws_moveit2/install/ur3e/share/ur3e/hook/cmake_prefix_path.ps1'
[44.986s] INFO:colcon.colcon_core.shell:Creating environment descriptor '/home/vinayak/ws_moveit2/install/ur3e/share/ur3e/hook/cmake_prefix_path.dsv'
[44.986s] INFO:colcon.colcon_core.shell:Creating environment hook '/home/vinayak/ws_moveit2/install/ur3e/share/ur3e/hook/cmake_prefix_path.sh'
[44.987s] Level 1:colcon.colcon_core.environment:checking '/home/vinayak/ws_moveit2/install/ur3e/bin'
[44.987s] Level 1:colcon.colcon_core.environment:checking '/home/vinayak/ws_moveit2/install/ur3e/lib/pkgconfig/ur3e.pc'
[44.987s] Level 1:colcon.colcon_core.environment:checking '/home/vinayak/ws_moveit2/install/ur3e/lib/python3.10/site-packages'
[44.987s] Level 1:colcon.colcon_core.environment:checking '/home/vinayak/ws_moveit2/install/ur3e/bin'
[44.988s] INFO:colcon.colcon_core.shell:Creating package script '/home/vinayak/ws_moveit2/install/ur3e/share/ur3e/package.ps1'
[44.988s] INFO:colcon.colcon_core.shell:Creating package descriptor '/home/vinayak/ws_moveit2/install/ur3e/share/ur3e/package.dsv'
[44.989s] INFO:colcon.colcon_core.shell:Creating package script '/home/vinayak/ws_moveit2/install/ur3e/share/ur3e/package.sh'
[44.989s] INFO:colcon.colcon_core.shell:Creating package script '/home/vinayak/ws_moveit2/install/ur3e/share/ur3e/package.bash'
[44.990s] INFO:colcon.colcon_core.shell:Creating package script '/home/vinayak/ws_moveit2/install/ur3e/share/ur3e/package.zsh'
[44.990s] Level 1:colcon.colcon_core.environment:create_file_with_runtime_dependencies(/home/vinayak/ws_moveit2/install/ur3e/share/colcon-core/packages/ur3e)
[44.991s] Level 1:colcon.colcon_core.environment:create_environment_scripts_only(ur3e)
[44.991s] Level 1:colcon.colcon_core.environment:checking '/home/vinayak/ws_moveit2/install/ur3e' for CMake module files
[44.992s] Level 1:colcon.colcon_core.environment:checking '/home/vinayak/ws_moveit2/install/ur3e' for CMake config files
[44.992s] Level 1:colcon.colcon_core.shell:create_environment_hook('ur3e', 'cmake_prefix_path')
[44.992s] INFO:colcon.colcon_core.shell:Creating environment hook '/home/vinayak/ws_moveit2/install/ur3e/share/ur3e/hook/cmake_prefix_path.ps1'
[44.993s] INFO:colcon.colcon_core.shell:Creating environment descriptor '/home/vinayak/ws_moveit2/install/ur3e/share/ur3e/hook/cmake_prefix_path.dsv'
[44.994s] INFO:colcon.colcon_core.shell:Creating environment hook '/home/vinayak/ws_moveit2/install/ur3e/share/ur3e/hook/cmake_prefix_path.sh'
[44.994s] Level 1:colcon.colcon_core.environment:checking '/home/vinayak/ws_moveit2/install/ur3e/bin'
[44.994s] Level 1:colcon.colcon_core.environment:checking '/home/vinayak/ws_moveit2/install/ur3e/lib/pkgconfig/ur3e.pc'
[44.995s] Level 1:colcon.colcon_core.environment:checking '/home/vinayak/ws_moveit2/install/ur3e/lib/python3.10/site-packages'
[44.995s] Level 1:colcon.colcon_core.environment:checking '/home/vinayak/ws_moveit2/install/ur3e/bin'
[44.995s] INFO:colcon.colcon_core.shell:Creating package script '/home/vinayak/ws_moveit2/install/ur3e/share/ur3e/package.ps1'
[44.996s] INFO:colcon.colcon_core.shell:Creating package descriptor '/home/vinayak/ws_moveit2/install/ur3e/share/ur3e/package.dsv'
[44.997s] INFO:colcon.colcon_core.shell:Creating package script '/home/vinayak/ws_moveit2/install/ur3e/share/ur3e/package.sh'
[44.997s] INFO:colcon.colcon_core.shell:Creating package script '/home/vinayak/ws_moveit2/install/ur3e/share/ur3e/package.bash'
[44.998s] INFO:colcon.colcon_core.shell:Creating package script '/home/vinayak/ws_moveit2/install/ur3e/share/ur3e/package.zsh'
[44.998s] Level 1:colcon.colcon_core.environment:create_file_with_runtime_dependencies(/home/vinayak/ws_moveit2/install/ur3e/share/colcon-core/packages/ur3e)
[44.998s] DEBUG:colcon.colcon_core.executor.sequential:run_until_complete 'ur3e' finished with '0'
[44.999s] DEBUG:colcon.colcon_core.executor.sequential:run_until_complete 'ur3e_motion_package'
[44.999s] INFO:colcon.colcon_ros.task.ament_python.build:Building ROS package in '/home/vinayak/ws_moveit2/src/ur3e_motion_package' with build type 'ament_python'
[44.999s] Level 1:colcon.colcon_core.shell:create_environment_hook('ur3e_motion_package', 'ament_prefix_path')
[44.999s] INFO:colcon.colcon_core.shell:Creating environment hook '/home/vinayak/ws_moveit2/install/ur3e_motion_package/share/ur3e_motion_package/hook/ament_prefix_path.ps1'
[45.000s] INFO:colcon.colcon_core.shell:Creating environment descriptor '/home/vinayak/ws_moveit2/install/ur3e_motion_package/share/ur3e_motion_package/hook/ament_prefix_path.dsv'
[45.000s] INFO:colcon.colcon_core.shell:Creating environment hook '/home/vinayak/ws_moveit2/install/ur3e_motion_package/share/ur3e_motion_package/hook/ament_prefix_path.sh'
[45.001s] INFO:colcon.colcon_core.shell:Skip shell extension 'powershell' for command environment: Not usable outside of PowerShell
[45.001s] DEBUG:colcon.colcon_core.shell:Skip shell extension 'dsv' for command environment
[45.318s] INFO:colcon.colcon_core.task.python.build:Building Python package in '/home/vinayak/ws_moveit2/src/ur3e_motion_package'
[45.318s] INFO:colcon.colcon_core.shell:Skip shell extension 'powershell' for command environment: Not usable outside of PowerShell
[45.318s] DEBUG:colcon.colcon_core.shell:Skip shell extension 'dsv' for command environment
[45.734s] DEBUG:colcon.colcon_core.event_handler.log_command:Invoking command in '/home/vinayak/ws_moveit2/src/ur3e_motion_package': PYTHONPATH=/home/vinayak/ws_moveit2/build/ur3e_motion_package/prefix_override:/usr/lib/python3/dist-packages/colcon_core/task/python/colcon_distutils_commands:/home/vinayak/ws_moveit2/install/ur3e_motion_package/lib/python3.10/site-packages:${PYTHONPATH} /usr/bin/python3 -W ignore:setup.py install is deprecated -W ignore:easy_install command is deprecated setup.py egg_info --egg-base ../../build/ur3e_motion_package build --build-base /home/vinayak/ws_moveit2/build/ur3e_motion_package/build install --record /home/vinayak/ws_moveit2/build/ur3e_motion_package/install.log --single-version-externally-managed install_data
[46.076s] Level 1:colcon.colcon_core.environment:checking '/home/vinayak/ws_moveit2/install/ur3e_motion_package' for CMake module files
[46.076s] DEBUG:colcon.colcon_core.event_handler.log_command:Invoked command in '/home/vinayak/ws_moveit2/src/ur3e_motion_package' returned '0': PYTHONPATH=/home/vinayak/ws_moveit2/build/ur3e_motion_package/prefix_override:/usr/lib/python3/dist-packages/colcon_core/task/python/colcon_distutils_commands:/home/vinayak/ws_moveit2/install/ur3e_motion_package/lib/python3.10/site-packages:${PYTHONPATH} /usr/bin/python3 -W ignore:setup.py install is deprecated -W ignore:easy_install command is deprecated setup.py egg_info --egg-base ../../build/ur3e_motion_package build --build-base /home/vinayak/ws_moveit2/build/ur3e_motion_package/build install --record /home/vinayak/ws_moveit2/build/ur3e_motion_package/install.log --single-version-externally-managed install_data
[46.076s] Level 1:colcon.colcon_core.environment:checking '/home/vinayak/ws_moveit2/install/ur3e_motion_package' for CMake config files
[46.077s] Level 1:colcon.colcon_core.environment:checking '/home/vinayak/ws_moveit2/install/ur3e_motion_package/lib'
[46.077s] Level 1:colcon.colcon_core.environment:checking '/home/vinayak/ws_moveit2/install/ur3e_motion_package/bin'
[46.077s] Level 1:colcon.colcon_core.environment:checking '/home/vinayak/ws_moveit2/install/ur3e_motion_package/lib/pkgconfig/ur3e_motion_package.pc'
[46.077s] Level 1:colcon.colcon_core.environment:checking '/home/vinayak/ws_moveit2/install/ur3e_motion_package/lib/python3.10/site-packages'
[46.077s] Level 1:colcon.colcon_core.shell:create_environment_hook('ur3e_motion_package', 'pythonpath')
[46.077s] INFO:colcon.colcon_core.shell:Creating environment hook '/home/vinayak/ws_moveit2/install/ur3e_motion_package/share/ur3e_motion_package/hook/pythonpath.ps1'
[46.078s] INFO:colcon.colcon_core.shell:Creating environment descriptor '/home/vinayak/ws_moveit2/install/ur3e_motion_package/share/ur3e_motion_package/hook/pythonpath.dsv'
[46.078s] INFO:colcon.colcon_core.shell:Creating environment hook '/home/vinayak/ws_moveit2/install/ur3e_motion_package/share/ur3e_motion_package/hook/pythonpath.sh'
[46.078s] Level 1:colcon.colcon_core.environment:checking '/home/vinayak/ws_moveit2/install/ur3e_motion_package/bin'
[46.078s] Level 1:colcon.colcon_core.environment:create_environment_scripts_only(ur3e_motion_package)
[46.079s] INFO:colcon.colcon_core.shell:Creating package script '/home/vinayak/ws_moveit2/install/ur3e_motion_package/share/ur3e_motion_package/package.ps1'
[46.079s] INFO:colcon.colcon_core.shell:Creating package descriptor '/home/vinayak/ws_moveit2/install/ur3e_motion_package/share/ur3e_motion_package/package.dsv'
[46.079s] INFO:colcon.colcon_core.shell:Creating package script '/home/vinayak/ws_moveit2/install/ur3e_motion_package/share/ur3e_motion_package/package.sh'
[46.080s] INFO:colcon.colcon_core.shell:Creating package script '/home/vinayak/ws_moveit2/install/ur3e_motion_package/share/ur3e_motion_package/package.bash'
[46.080s] INFO:colcon.colcon_core.shell:Creating package script '/home/vinayak/ws_moveit2/install/ur3e_motion_package/share/ur3e_motion_package/package.zsh'
[46.080s] Level 1:colcon.colcon_core.environment:create_file_with_runtime_dependencies(/home/vinayak/ws_moveit2/install/ur3e_motion_package/share/colcon-core/packages/ur3e_motion_package)
[46.080s] DEBUG:colcon.colcon_core.executor.sequential:run_until_complete 'ur3e_motion_package' finished with '0'
[46.080s] DEBUG:colcon.colcon_core.executor.sequential:run_until_complete 'ur_dashboard_msgs'
[46.080s] INFO:colcon.colcon_ros.task.ament_cmake.build:Building ROS package in '/home/vinayak/ws_moveit2/src/Universal_Robots_ROS2_Driver/ur_dashboard_msgs' with build type 'ament_cmake'
[46.081s] INFO:colcon.colcon_cmake.task.cmake.build:Building CMake package in '/home/vinayak/ws_moveit2/src/Universal_Robots_ROS2_Driver/ur_dashboard_msgs'
[46.081s] INFO:colcon.colcon_core.shell:Skip shell extension 'powershell' for command environment: Not usable outside of PowerShell
[46.081s] DEBUG:colcon.colcon_core.shell:Skip shell extension 'dsv' for command environment
[46.091s] DEBUG:colcon.colcon_core.event_handler.log_command:Invoking command in '/home/vinayak/ws_moveit2/build/ur_dashboard_msgs': CMAKE_PREFIX_PATH=${CMAKE_PREFIX_PATH}:/home/vinayak/ws_moveit2/install/ur3e_motion_package:/home/vinayak/ws_moveit2/install/moveit_configs_utils:/home/vinayak/ws_moveit2/install/launch_param_builder:/opt/ros/humble /usr/bin/cmake /home/vinayak/ws_moveit2/src/Universal_Robots_ROS2_Driver/ur_dashboard_msgs -DCMAKE_INSTALL_PREFIX=/home/vinayak/ws_moveit2/install/ur_dashboard_msgs
[47.872s] DEBUG:colcon.colcon_core.event_handler.log_command:Invoked command in '/home/vinayak/ws_moveit2/build/ur_dashboard_msgs' returned '0': CMAKE_PREFIX_PATH=${CMAKE_PREFIX_PATH}:/home/vinayak/ws_moveit2/install/ur3e_motion_package:/home/vinayak/ws_moveit2/install/moveit_configs_utils:/home/vinayak/ws_moveit2/install/launch_param_builder:/opt/ros/humble /usr/bin/cmake /home/vinayak/ws_moveit2/src/Universal_Robots_ROS2_Driver/ur_dashboard_msgs -DCMAKE_INSTALL_PREFIX=/home/vinayak/ws_moveit2/install/ur_dashboard_msgs
[47.873s] DEBUG:colcon.colcon_core.event_handler.log_command:Invoking command in '/home/vinayak/ws_moveit2/build/ur_dashboard_msgs': CMAKE_PREFIX_PATH=${CMAKE_PREFIX_PATH}:/home/vinayak/ws_moveit2/install/ur3e_motion_package:/home/vinayak/ws_moveit2/install/moveit_configs_utils:/home/vinayak/ws_moveit2/install/launch_param_builder:/opt/ros/humble /usr/bin/cmake --build /home/vinayak/ws_moveit2/build/ur_dashboard_msgs
[85.489s] DEBUG:colcon.colcon_core.event_handler.log_command:Invoked command in '/home/vinayak/ws_moveit2/build/ur_dashboard_msgs' returned '0': CMAKE_PREFIX_PATH=${CMAKE_PREFIX_PATH}:/home/vinayak/ws_moveit2/install/ur3e_motion_package:/home/vinayak/ws_moveit2/install/moveit_configs_utils:/home/vinayak/ws_moveit2/install/launch_param_builder:/opt/ros/humble /usr/bin/cmake --build /home/vinayak/ws_moveit2/build/ur_dashboard_msgs
[85.491s] DEBUG:colcon.colcon_core.event_handler.log_command:Invoking command in '/home/vinayak/ws_moveit2/build/ur_dashboard_msgs': CMAKE_PREFIX_PATH=${CMAKE_PREFIX_PATH}:/home/vinayak/ws_moveit2/install/ur3e_motion_package:/home/vinayak/ws_moveit2/install/moveit_configs_utils:/home/vinayak/ws_moveit2/install/launch_param_builder:/opt/ros/humble /usr/bin/cmake --install /home/vinayak/ws_moveit2/build/ur_dashboard_msgs
[85.611s] Level 1:colcon.colcon_core.environment:create_environment_scripts_only(ur_dashboard_msgs)
[85.611s] Level 1:colcon.colcon_core.environment:checking '/home/vinayak/ws_moveit2/install/ur_dashboard_msgs' for CMake module files
[85.612s] DEBUG:colcon.colcon_core.event_handler.log_command:Invoked command in '/home/vinayak/ws_moveit2/build/ur_dashboard_msgs' returned '0': CMAKE_PREFIX_PATH=${CMAKE_PREFIX_PATH}:/home/vinayak/ws_moveit2/install/ur3e_motion_package:/home/vinayak/ws_moveit2/install/moveit_configs_utils:/home/vinayak/ws_moveit2/install/launch_param_builder:/opt/ros/humble /usr/bin/cmake --install /home/vinayak/ws_moveit2/build/ur_dashboard_msgs
[85.612s] Level 1:colcon.colcon_core.environment:checking '/home/vinayak/ws_moveit2/install/ur_dashboard_msgs' for CMake config files
[85.613s] Level 1:colcon.colcon_core.shell:create_environment_hook('ur_dashboard_msgs', 'cmake_prefix_path')
[85.613s] INFO:colcon.colcon_core.shell:Creating environment hook '/home/vinayak/ws_moveit2/install/ur_dashboard_msgs/share/ur_dashboard_msgs/hook/cmake_prefix_path.ps1'
[85.614s] INFO:colcon.colcon_core.shell:Creating environment descriptor '/home/vinayak/ws_moveit2/install/ur_dashboard_msgs/share/ur_dashboard_msgs/hook/cmake_prefix_path.dsv'
[85.614s] INFO:colcon.colcon_core.shell:Creating environment hook '/home/vinayak/ws_moveit2/install/ur_dashboard_msgs/share/ur_dashboard_msgs/hook/cmake_prefix_path.sh'
[85.614s] Level 1:colcon.colcon_core.environment:checking '/home/vinayak/ws_moveit2/install/ur_dashboard_msgs/lib'
[85.614s] Level 1:colcon.colcon_core.shell:create_environment_hook('ur_dashboard_msgs', 'ld_library_path_lib')
[85.615s] INFO:colcon.colcon_core.shell:Creating environment hook '/home/vinayak/ws_moveit2/install/ur_dashboard_msgs/share/ur_dashboard_msgs/hook/ld_library_path_lib.ps1'
[85.615s] INFO:colcon.colcon_core.shell:Creating environment descriptor '/home/vinayak/ws_moveit2/install/ur_dashboard_msgs/share/ur_dashboard_msgs/hook/ld_library_path_lib.dsv'
[85.615s] INFO:colcon.colcon_core.shell:Creating environment hook '/home/vinayak/ws_moveit2/install/ur_dashboard_msgs/share/ur_dashboard_msgs/hook/ld_library_path_lib.sh'
[85.615s] Level 1:colcon.colcon_core.environment:checking '/home/vinayak/ws_moveit2/install/ur_dashboard_msgs/bin'
[85.615s] Level 1:colcon.colcon_core.environment:checking '/home/vinayak/ws_moveit2/install/ur_dashboard_msgs/lib/pkgconfig/ur_dashboard_msgs.pc'
[85.616s] Level 1:colcon.colcon_core.environment:checking '/home/vinayak/ws_moveit2/install/ur_dashboard_msgs/lib/python3.10/site-packages'
[85.616s] Level 1:colcon.colcon_core.environment:checking '/home/vinayak/ws_moveit2/install/ur_dashboard_msgs/bin'
[85.616s] INFO:colcon.colcon_core.shell:Creating package script '/home/vinayak/ws_moveit2/install/ur_dashboard_msgs/share/ur_dashboard_msgs/package.ps1'
[85.616s] INFO:colcon.colcon_core.shell:Creating package descriptor '/home/vinayak/ws_moveit2/install/ur_dashboard_msgs/share/ur_dashboard_msgs/package.dsv'
[85.617s] INFO:colcon.colcon_core.shell:Creating package script '/home/vinayak/ws_moveit2/install/ur_dashboard_msgs/share/ur_dashboard_msgs/package.sh'
[85.617s] INFO:colcon.colcon_core.shell:Creating package script '/home/vinayak/ws_moveit2/install/ur_dashboard_msgs/share/ur_dashboard_msgs/package.bash'
[85.617s] INFO:colcon.colcon_core.shell:Creating package script '/home/vinayak/ws_moveit2/install/ur_dashboard_msgs/share/ur_dashboard_msgs/package.zsh'
[85.618s] Level 1:colcon.colcon_core.environment:create_file_with_runtime_dependencies(/home/vinayak/ws_moveit2/install/ur_dashboard_msgs/share/colcon-core/packages/ur_dashboard_msgs)
[85.618s] Level 1:colcon.colcon_core.environment:create_environment_scripts_only(ur_dashboard_msgs)
[85.618s] Level 1:colcon.colcon_core.environment:checking '/home/vinayak/ws_moveit2/install/ur_dashboard_msgs' for CMake module files
[85.619s] Level 1:colcon.colcon_core.environment:checking '/home/vinayak/ws_moveit2/install/ur_dashboard_msgs' for CMake config files
[85.620s] Level 1:colcon.colcon_core.shell:create_environment_hook('ur_dashboard_msgs', 'cmake_prefix_path')
[85.620s] INFO:colcon.colcon_core.shell:Creating environment hook '/home/vinayak/ws_moveit2/install/ur_dashboard_msgs/share/ur_dashboard_msgs/hook/cmake_prefix_path.ps1'
[85.620s] INFO:colcon.colcon_core.shell:Creating environment descriptor '/home/vinayak/ws_moveit2/install/ur_dashboard_msgs/share/ur_dashboard_msgs/hook/cmake_prefix_path.dsv'
[85.620s] INFO:colcon.colcon_core.shell:Creating environment hook '/home/vinayak/ws_moveit2/install/ur_dashboard_msgs/share/ur_dashboard_msgs/hook/cmake_prefix_path.sh'
[85.621s] Level 1:colcon.colcon_core.environment:checking '/home/vinayak/ws_moveit2/install/ur_dashboard_msgs/lib'
[85.621s] Level 1:colcon.colcon_core.shell:create_environment_hook('ur_dashboard_msgs', 'ld_library_path_lib')
[85.621s] INFO:colcon.colcon_core.shell:Creating environment hook '/home/vinayak/ws_moveit2/install/ur_dashboard_msgs/share/ur_dashboard_msgs/hook/ld_library_path_lib.ps1'
[85.621s] INFO:colcon.colcon_core.shell:Creating environment descriptor '/home/vinayak/ws_moveit2/install/ur_dashboard_msgs/share/ur_dashboard_msgs/hook/ld_library_path_lib.dsv'
[85.622s] INFO:colcon.colcon_core.shell:Creating environment hook '/home/vinayak/ws_moveit2/install/ur_dashboard_msgs/share/ur_dashboard_msgs/hook/ld_library_path_lib.sh'
[85.622s] Level 1:colcon.colcon_core.environment:checking '/home/vinayak/ws_moveit2/install/ur_dashboard_msgs/bin'
[85.622s] Level 1:colcon.colcon_core.environment:checking '/home/vinayak/ws_moveit2/install/ur_dashboard_msgs/lib/pkgconfig/ur_dashboard_msgs.pc'
[85.622s] Level 1:colcon.colcon_core.environment:checking '/home/vinayak/ws_moveit2/install/ur_dashboard_msgs/lib/python3.10/site-packages'
[85.622s] Level 1:colcon.colcon_core.environment:checking '/home/vinayak/ws_moveit2/install/ur_dashboard_msgs/bin'
[85.623s] INFO:colcon.colcon_core.shell:Creating package script '/home/vinayak/ws_moveit2/install/ur_dashboard_msgs/share/ur_dashboard_msgs/package.ps1'
[85.623s] INFO:colcon.colcon_core.shell:Creating package descriptor '/home/vinayak/ws_moveit2/install/ur_dashboard_msgs/share/ur_dashboard_msgs/package.dsv'
[85.623s] INFO:colcon.colcon_core.shell:Creating package script '/home/vinayak/ws_moveit2/install/ur_dashboard_msgs/share/ur_dashboard_msgs/package.sh'
[85.624s] INFO:colcon.colcon_core.shell:Creating package script '/home/vinayak/ws_moveit2/install/ur_dashboard_msgs/share/ur_dashboard_msgs/package.bash'
[85.624s] INFO:colcon.colcon_core.shell:Creating package script '/home/vinayak/ws_moveit2/install/ur_dashboard_msgs/share/ur_dashboard_msgs/package.zsh'
[85.624s] Level 1:colcon.colcon_core.environment:create_file_with_runtime_dependencies(/home/vinayak/ws_moveit2/install/ur_dashboard_msgs/share/colcon-core/packages/ur_dashboard_msgs)
[85.625s] DEBUG:colcon.colcon_core.executor.sequential:run_until_complete 'ur_dashboard_msgs' finished with '0'
[85.625s] DEBUG:colcon.colcon_core.executor.sequential:run_until_complete 'moveit_configs_utils'
[85.625s] INFO:colcon.colcon_ros.task.ament_python.build:Building ROS package in '/home/vinayak/ws_moveit2/src/moveit2/moveit_configs_utils' with build type 'ament_python'
[85.625s] Level 1:colcon.colcon_core.shell:create_environment_hook('moveit_configs_utils', 'ament_prefix_path')
[85.625s] INFO:colcon.colcon_core.shell:Creating environment hook '/home/vinayak/ws_moveit2/install/moveit_configs_utils/share/moveit_configs_utils/hook/ament_prefix_path.ps1'
[85.625s] INFO:colcon.colcon_core.shell:Creating environment descriptor '/home/vinayak/ws_moveit2/install/moveit_configs_utils/share/moveit_configs_utils/hook/ament_prefix_path.dsv'
[85.626s] INFO:colcon.colcon_core.shell:Creating environment hook '/home/vinayak/ws_moveit2/install/moveit_configs_utils/share/moveit_configs_utils/hook/ament_prefix_path.sh'
[85.626s] INFO:colcon.colcon_core.shell:Skip shell extension 'powershell' for command environment: Not usable outside of PowerShell
[85.626s] DEBUG:colcon.colcon_core.shell:Skip shell extension 'dsv' for command environment
[85.934s] INFO:colcon.colcon_core.task.python.build:Building Python package in '/home/vinayak/ws_moveit2/src/moveit2/moveit_configs_utils'
[85.934s] INFO:colcon.colcon_core.shell:Skip shell extension 'powershell' for command environment: Not usable outside of PowerShell
[85.934s] DEBUG:colcon.colcon_core.shell:Skip shell extension 'dsv' for command environment
[86.335s] DEBUG:colcon.colcon_core.event_handler.log_command:Invoking command in '/home/vinayak/ws_moveit2/src/moveit2/moveit_configs_utils': AMENT_PREFIX_PATH=/home/vinayak/ws_moveit2/install/launch_param_builder:/home/vinayak/ws_moveit2/install/ur:/home/vinayak/ws_moveit2/install/ur_calibration:/home/vinayak/ws_moveit2/install/ur_robot_driver:/home/vinayak/ws_moveit2/install/ur_moveit_config:/home/vinayak/ws_moveit2/install/ur_bringup:/home/vinayak/ws_moveit2/install/ur_controllers:/home/vinayak/ws_moveit2/install/ur_dashboard_msgs:/home/vinayak/ws_moveit2/install/ur3e_motion_package:/home/vinayak/ws_moveit2/install/new_configuration:/home/vinayak/ws_moveit2/install/ur3e:/home/vinayak/ws_moveit2/install/pilz_industrial_motion_planner_testutils:/home/vinayak/ws_moveit2/install/moveit_runtime:/home/vinayak/ws_moveit2/install/moveit2_tutorials:/home/vinayak/ws_moveit2/install/moveit:/home/vinayak/ws_moveit2/install/moveit_planners:/home/vinayak/ws_moveit2/install/pilz_industrial_motion_planner:/home/vinayak/ws_moveit2/install/moveit_visual_tools:/home/vinayak/ws_moveit2/install/moveit_task_constructor_visualization:/home/vinayak/ws_moveit2/install/moveit_task_constructor_demo:/home/vinayak/ws_moveit2/install/moveit_task_constructor_capabilities:/home/vinayak/ws_moveit2/install/moveit_task_constructor_core:/home/vinayak/ws_moveit2/install/moveit_ros_control_interface:/home/vinayak/ws_moveit2/install/moveit_plugins:/home/vinayak/ws_moveit2/install/moveit_simple_controller_manager:/home/vinayak/ws_moveit2/install/moveit_setup_assistant:/home/vinayak/ws_moveit2/install/moveit_setup_srdf_plugins:/home/vinayak/ws_moveit2/install/moveit_setup_core_plugins:/home/vinayak/ws_moveit2/install/moveit_setup_controllers:/home/vinayak/ws_moveit2/install/moveit_setup_app_plugins:/home/vinayak/ws_moveit2/install/moveit_setup_framework:/home/vinayak/ws_moveit2/install/moveit_servo:/home/vinayak/ws_moveit2/install/moveit_ros:/home/vinayak/ws_moveit2/install/moveit_ros_visualization:/home/vinayak/ws_moveit2/install/moveit_hybrid_planning:/home/vinayak/ws_moveit2/install/moveit_ros_planning_interface:/home/vinayak/ws_moveit2/install/moveit_ros_benchmarks:/home/vinayak/ws_moveit2/install/moveit_ros_warehouse:/home/vinayak/ws_moveit2/install/moveit_ros_robot_interaction:/home/vinayak/ws_moveit2/install/moveit_ros_perception:/home/vinayak/ws_moveit2/install/moveit_resources_prbt_pg70_support:/home/vinayak/ws_moveit2/install/moveit_resources_prbt_moveit_config:/home/vinayak/ws_moveit2/install/moveit_ros_move_group:/home/vinayak/ws_moveit2/install/moveit_planners_ompl:/home/vinayak/ws_moveit2/install/moveit_ros_planning:/home/vinayak/ws_moveit2/install/moveit_ros_occupancy_map_monitor:/home/vinayak/ws_moveit2/install/moveit_resources_prbt_ikfast_manipulator_plugin:/home/vinayak/ws_moveit2/install/moveit_planners_chomp:/home/vinayak/ws_moveit2/install/moveit_kinematics:/home/vinayak/ws_moveit2/install/moveit_chomp_optimizer_adapter:/home/vinayak/ws_moveit2/install/chomp_motion_planner:/home/vinayak/ws_moveit2/install/moveit_core:/home/vinayak/ws_moveit2/install/moveit_configs_utils:/home/vinayak/ws_moveit2/install/srdfdom:/home/vinayak/ws_moveit2/install/rviz_marker_tools:/home/vinayak/ws_moveit2/install/rosparam_shortcuts:/home/vinayak/ws_moveit2/install/moveit_task_constructor_msgs:/home/vinayak/ws_moveit2/install/moveit_resources_prbt_support:/home/vinayak/ws_moveit2/install/moveit_resources:/home/vinayak/ws_moveit2/install/moveit_resources_pr2_description:/home/vinayak/ws_moveit2/install/moveit_resources_panda_moveit_config:/home/vinayak/ws_moveit2/install/moveit_resources_panda_description:/home/vinayak/ws_moveit2/install/moveit_resources_fanuc_moveit_config:/home/vinayak/ws_moveit2/install/moveit_resources_fanuc_description:/home/vinayak/ws_moveit2/install/moveit_common:/opt/ros/humble CMAKE_PREFIX_PATH=/home/vinayak/ws_moveit2/install/srdfdom:/home/vinayak/ws_moveit2/install/ur:/home/vinayak/ws_moveit2/install/ur_calibration:/home/vinayak/ws_moveit2/install/ur_robot_driver:/home/vinayak/ws_moveit2/install/ur_moveit_config:/home/vinayak/ws_moveit2/install/ur_bringup:/home/vinayak/ws_moveit2/install/ur_controllers:/home/vinayak/ws_moveit2/install/ur_dashboard_msgs:/home/vinayak/ws_moveit2/install/new_configuration:/home/vinayak/ws_moveit2/install/ur3e:/home/vinayak/ws_moveit2/install/pilz_industrial_motion_planner_testutils:/home/vinayak/ws_moveit2/install/moveit_runtime:/home/vinayak/ws_moveit2/install/moveit2_tutorials:/home/vinayak/ws_moveit2/install/moveit:/home/vinayak/ws_moveit2/install/moveit_planners:/home/vinayak/ws_moveit2/install/pilz_industrial_motion_planner:/home/vinayak/ws_moveit2/install/moveit_visual_tools:/home/vinayak/ws_moveit2/install/moveit_task_constructor_visualization:/home/vinayak/ws_moveit2/install/moveit_task_constructor_demo:/home/vinayak/ws_moveit2/install/moveit_task_constructor_capabilities:/home/vinayak/ws_moveit2/install/moveit_task_constructor_core:/home/vinayak/ws_moveit2/install/moveit_ros_control_interface:/home/vinayak/ws_moveit2/install/moveit_plugins:/home/vinayak/ws_moveit2/install/moveit_simple_controller_manager:/home/vinayak/ws_moveit2/install/moveit_setup_assistant:/home/vinayak/ws_moveit2/install/moveit_setup_srdf_plugins:/home/vinayak/ws_moveit2/install/moveit_setup_core_plugins:/home/vinayak/ws_moveit2/install/moveit_setup_controllers:/home/vinayak/ws_moveit2/install/moveit_setup_app_plugins:/home/vinayak/ws_moveit2/install/moveit_setup_framework:/home/vinayak/ws_moveit2/install/moveit_servo:/home/vinayak/ws_moveit2/install/moveit_ros:/home/vinayak/ws_moveit2/install/moveit_ros_visualization:/home/vinayak/ws_moveit2/install/moveit_hybrid_planning:/home/vinayak/ws_moveit2/install/moveit_ros_planning_interface:/home/vinayak/ws_moveit2/install/moveit_ros_benchmarks:/home/vinayak/ws_moveit2/install/moveit_ros_warehouse:/home/vinayak/ws_moveit2/install/moveit_ros_robot_interaction:/home/vinayak/ws_moveit2/install/moveit_ros_perception:/home/vinayak/ws_moveit2/install/moveit_resources_prbt_pg70_support:/home/vinayak/ws_moveit2/install/moveit_resources_prbt_moveit_config:/home/vinayak/ws_moveit2/install/moveit_ros_move_group:/home/vinayak/ws_moveit2/install/moveit_planners_ompl:/home/vinayak/ws_moveit2/install/moveit_ros_planning:/home/vinayak/ws_moveit2/install/moveit_ros_occupancy_map_monitor:/home/vinayak/ws_moveit2/install/moveit_resources_prbt_ikfast_manipulator_plugin:/home/vinayak/ws_moveit2/install/moveit_planners_chomp:/home/vinayak/ws_moveit2/install/moveit_kinematics:/home/vinayak/ws_moveit2/install/moveit_chomp_optimizer_adapter:/home/vinayak/ws_moveit2/install/chomp_motion_planner:/home/vinayak/ws_moveit2/install/moveit_core:/home/vinayak/ws_moveit2/install/rviz_marker_tools:/home/vinayak/ws_moveit2/install/rosparam_shortcuts:/home/vinayak/ws_moveit2/install/moveit_task_constructor_msgs:/home/vinayak/ws_moveit2/install/moveit_resources_prbt_support:/home/vinayak/ws_moveit2/install/moveit_resources:/home/vinayak/ws_moveit2/install/moveit_resources_pr2_description:/home/vinayak/ws_moveit2/install/moveit_resources_panda_moveit_config:/home/vinayak/ws_moveit2/install/moveit_resources_panda_description:/home/vinayak/ws_moveit2/install/moveit_resources_fanuc_moveit_config:/home/vinayak/ws_moveit2/install/moveit_resources_fanuc_description:/home/vinayak/ws_moveit2/install/moveit_common LD_LIBRARY_PATH=/home/vinayak/ws_moveit2/install/srdfdom/lib:/home/vinayak/ws_moveit2/install/ur_robot_driver/lib:/home/vinayak/ws_moveit2/install/ur_controllers/lib:/home/vinayak/ws_moveit2/install/ur_dashboard_msgs/lib:/home/vinayak/ws_moveit2/install/pilz_industrial_motion_planner_testutils/lib:/home/vinayak/ws_moveit2/install/pilz_industrial_motion_planner/lib:/home/vinayak/ws_moveit2/install/moveit_visual_tools/lib:/home/vinayak/ws_moveit2/install/moveit_task_constructor_visualization/lib:/home/vinayak/ws_moveit2/install/moveit_task_constructor_demo/lib:/home/vinayak/ws_moveit2/install/moveit_task_constructor_capabilities/lib:/home/vinayak/ws_moveit2/install/moveit_task_constructor_core/lib:/home/vinayak/ws_moveit2/install/moveit_ros_control_interface/lib:/home/vinayak/ws_moveit2/install/moveit_simple_controller_manager/lib:/home/vinayak/ws_moveit2/install/moveit_setup_assistant/lib:/home/vinayak/ws_moveit2/install/moveit_setup_srdf_plugins/lib:/home/vinayak/ws_moveit2/install/moveit_setup_core_plugins/lib:/home/vinayak/ws_moveit2/install/moveit_setup_controllers/lib:/home/vinayak/ws_moveit2/install/moveit_setup_app_plugins/lib:/home/vinayak/ws_moveit2/install/moveit_setup_framework/lib:/home/vinayak/ws_moveit2/install/moveit_servo/lib:/home/vinayak/ws_moveit2/install/moveit_ros_visualization/lib:/home/vinayak/ws_moveit2/install/moveit_hybrid_planning/lib:/home/vinayak/ws_moveit2/install/moveit_ros_planning_interface/lib:/home/vinayak/ws_moveit2/install/moveit_ros_benchmarks/lib:/home/vinayak/ws_moveit2/install/moveit_ros_warehouse/lib:/home/vinayak/ws_moveit2/install/moveit_ros_robot_interaction/lib:/home/vinayak/ws_moveit2/install/moveit_ros_perception/lib:/home/vinayak/ws_moveit2/install/moveit_ros_move_group/lib:/home/vinayak/ws_moveit2/install/moveit_planners_ompl/lib:/home/vinayak/ws_moveit2/install/moveit_ros_planning/lib:/home/vinayak/ws_moveit2/install/moveit_ros_occupancy_map_monitor/lib:/home/vinayak/ws_moveit2/install/moveit_resources_prbt_ikfast_manipulator_plugin/lib:/home/vinayak/ws_moveit2/install/moveit_planners_chomp/lib:/home/vinayak/ws_moveit2/install/moveit_kinematics/lib:/home/vinayak/ws_moveit2/install/moveit_chomp_optimizer_adapter/lib:/home/vinayak/ws_moveit2/install/chomp_motion_planner/lib:/home/vinayak/ws_moveit2/install/moveit_core/lib:/home/vinayak/ws_moveit2/install/rviz_marker_tools/lib:/home/vinayak/ws_moveit2/install/rosparam_shortcuts/lib:/home/vinayak/ws_moveit2/install/moveit_task_constructor_msgs/lib:/usr/lib/x86_64-linux-gnu/gazebo-11/plugins:/opt/ros/humble/opt/rviz_ogre_vendor/lib:/opt/ros/humble/lib/x86_64-linux-gnu:/opt/ros/humble/lib:/usr/local/cuda-12.4/lib64 PYTHONPATH=/home/vinayak/ws_moveit2/build/moveit_configs_utils/prefix_override:/usr/lib/python3/dist-packages/colcon_core/task/python/colcon_distutils_commands:/home/vinayak/ws_moveit2/install/moveit_configs_utils/lib/python3.10/site-packages:/home/vinayak/ws_moveit2/install/launch_param_builder/lib/python3.10/site-packages:/home/vinayak/ws_moveit2/install/ur_robot_driver/local/lib/python3.10/dist-packages:/home/vinayak/ws_moveit2/install/ur_moveit_config/local/lib/python3.10/dist-packages:/home/vinayak/ws_moveit2/install/ur_dashboard_msgs/local/lib/python3.10/dist-packages:/home/vinayak/ws_moveit2/install/ur3e_motion_package/lib/python3.10/site-packages:/home/vinayak/ws_moveit2/install/moveit_task_constructor_core/local/lib/python3.10/dist-packages:/home/vinayak/ws_moveit2/install/moveit_configs_utils/lib/python3.10/site-packages:/home/vinayak/ws_moveit2/install/srdfdom/local/lib/python3.10/dist-packages:/home/vinayak/ws_moveit2/install/moveit_task_constructor_msgs/local/lib/python3.10/dist-packages:/opt/ros/humble/lib/python3.10/site-packages:/opt/ros/humble/local/lib/python3.10/dist-packages /usr/bin/python3 -W ignore:setup.py install is deprecated -W ignore:easy_install command is deprecated setup.py egg_info --egg-base ../../../build/moveit_configs_utils build --build-base /home/vinayak/ws_moveit2/build/moveit_configs_utils/build install --record /home/vinayak/ws_moveit2/build/moveit_configs_utils/install.log --single-version-externally-managed install_data
[86.656s] Level 1:colcon.colcon_core.environment:checking '/home/vinayak/ws_moveit2/install/moveit_configs_utils' for CMake module files
[86.657s] DEBUG:colcon.colcon_core.event_handler.log_command:Invoked command in '/home/vinayak/ws_moveit2/src/moveit2/moveit_configs_utils' returned '0': AMENT_PREFIX_PATH=/home/vinayak/ws_moveit2/install/launch_param_builder:/home/vinayak/ws_moveit2/install/ur:/home/vinayak/ws_moveit2/install/ur_calibration:/home/vinayak/ws_moveit2/install/ur_robot_driver:/home/vinayak/ws_moveit2/install/ur_moveit_config:/home/vinayak/ws_moveit2/install/ur_bringup:/home/vinayak/ws_moveit2/install/ur_controllers:/home/vinayak/ws_moveit2/install/ur_dashboard_msgs:/home/vinayak/ws_moveit2/install/ur3e_motion_package:/home/vinayak/ws_moveit2/install/new_configuration:/home/vinayak/ws_moveit2/install/ur3e:/home/vinayak/ws_moveit2/install/pilz_industrial_motion_planner_testutils:/home/vinayak/ws_moveit2/install/moveit_runtime:/home/vinayak/ws_moveit2/install/moveit2_tutorials:/home/vinayak/ws_moveit2/install/moveit:/home/vinayak/ws_moveit2/install/moveit_planners:/home/vinayak/ws_moveit2/install/pilz_industrial_motion_planner:/home/vinayak/ws_moveit2/install/moveit_visual_tools:/home/vinayak/ws_moveit2/install/moveit_task_constructor_visualization:/home/vinayak/ws_moveit2/install/moveit_task_constructor_demo:/home/vinayak/ws_moveit2/install/moveit_task_constructor_capabilities:/home/vinayak/ws_moveit2/install/moveit_task_constructor_core:/home/vinayak/ws_moveit2/install/moveit_ros_control_interface:/home/vinayak/ws_moveit2/install/moveit_plugins:/home/vinayak/ws_moveit2/install/moveit_simple_controller_manager:/home/vinayak/ws_moveit2/install/moveit_setup_assistant:/home/vinayak/ws_moveit2/install/moveit_setup_srdf_plugins:/home/vinayak/ws_moveit2/install/moveit_setup_core_plugins:/home/vinayak/ws_moveit2/install/moveit_setup_controllers:/home/vinayak/ws_moveit2/install/moveit_setup_app_plugins:/home/vinayak/ws_moveit2/install/moveit_setup_framework:/home/vinayak/ws_moveit2/install/moveit_servo:/home/vinayak/ws_moveit2/install/moveit_ros:/home/vinayak/ws_moveit2/install/moveit_ros_visualization:/home/vinayak/ws_moveit2/install/moveit_hybrid_planning:/home/vinayak/ws_moveit2/install/moveit_ros_planning_interface:/home/vinayak/ws_moveit2/install/moveit_ros_benchmarks:/home/vinayak/ws_moveit2/install/moveit_ros_warehouse:/home/vinayak/ws_moveit2/install/moveit_ros_robot_interaction:/home/vinayak/ws_moveit2/install/moveit_ros_perception:/home/vinayak/ws_moveit2/install/moveit_resources_prbt_pg70_support:/home/vinayak/ws_moveit2/install/moveit_resources_prbt_moveit_config:/home/vinayak/ws_moveit2/install/moveit_ros_move_group:/home/vinayak/ws_moveit2/install/moveit_planners_ompl:/home/vinayak/ws_moveit2/install/moveit_ros_planning:/home/vinayak/ws_moveit2/install/moveit_ros_occupancy_map_monitor:/home/vinayak/ws_moveit2/install/moveit_resources_prbt_ikfast_manipulator_plugin:/home/vinayak/ws_moveit2/install/moveit_planners_chomp:/home/vinayak/ws_moveit2/install/moveit_kinematics:/home/vinayak/ws_moveit2/install/moveit_chomp_optimizer_adapter:/home/vinayak/ws_moveit2/install/chomp_motion_planner:/home/vinayak/ws_moveit2/install/moveit_core:/home/vinayak/ws_moveit2/install/moveit_configs_utils:/home/vinayak/ws_moveit2/install/srdfdom:/home/vinayak/ws_moveit2/install/rviz_marker_tools:/home/vinayak/ws_moveit2/install/rosparam_shortcuts:/home/vinayak/ws_moveit2/install/moveit_task_constructor_msgs:/home/vinayak/ws_moveit2/install/moveit_resources_prbt_support:/home/vinayak/ws_moveit2/install/moveit_resources:/home/vinayak/ws_moveit2/install/moveit_resources_pr2_description:/home/vinayak/ws_moveit2/install/moveit_resources_panda_moveit_config:/home/vinayak/ws_moveit2/install/moveit_resources_panda_description:/home/vinayak/ws_moveit2/install/moveit_resources_fanuc_moveit_config:/home/vinayak/ws_moveit2/install/moveit_resources_fanuc_description:/home/vinayak/ws_moveit2/install/moveit_common:/opt/ros/humble CMAKE_PREFIX_PATH=/home/vinayak/ws_moveit2/install/srdfdom:/home/vinayak/ws_moveit2/install/ur:/home/vinayak/ws_moveit2/install/ur_calibration:/home/vinayak/ws_moveit2/install/ur_robot_driver:/home/vinayak/ws_moveit2/install/ur_moveit_config:/home/vinayak/ws_moveit2/install/ur_bringup:/home/vinayak/ws_moveit2/install/ur_controllers:/home/vinayak/ws_moveit2/install/ur_dashboard_msgs:/home/vinayak/ws_moveit2/install/new_configuration:/home/vinayak/ws_moveit2/install/ur3e:/home/vinayak/ws_moveit2/install/pilz_industrial_motion_planner_testutils:/home/vinayak/ws_moveit2/install/moveit_runtime:/home/vinayak/ws_moveit2/install/moveit2_tutorials:/home/vinayak/ws_moveit2/install/moveit:/home/vinayak/ws_moveit2/install/moveit_planners:/home/vinayak/ws_moveit2/install/pilz_industrial_motion_planner:/home/vinayak/ws_moveit2/install/moveit_visual_tools:/home/vinayak/ws_moveit2/install/moveit_task_constructor_visualization:/home/vinayak/ws_moveit2/install/moveit_task_constructor_demo:/home/vinayak/ws_moveit2/install/moveit_task_constructor_capabilities:/home/vinayak/ws_moveit2/install/moveit_task_constructor_core:/home/vinayak/ws_moveit2/install/moveit_ros_control_interface:/home/vinayak/ws_moveit2/install/moveit_plugins:/home/vinayak/ws_moveit2/install/moveit_simple_controller_manager:/home/vinayak/ws_moveit2/install/moveit_setup_assistant:/home/vinayak/ws_moveit2/install/moveit_setup_srdf_plugins:/home/vinayak/ws_moveit2/install/moveit_setup_core_plugins:/home/vinayak/ws_moveit2/install/moveit_setup_controllers:/home/vinayak/ws_moveit2/install/moveit_setup_app_plugins:/home/vinayak/ws_moveit2/install/moveit_setup_framework:/home/vinayak/ws_moveit2/install/moveit_servo:/home/vinayak/ws_moveit2/install/moveit_ros:/home/vinayak/ws_moveit2/install/moveit_ros_visualization:/home/vinayak/ws_moveit2/install/moveit_hybrid_planning:/home/vinayak/ws_moveit2/install/moveit_ros_planning_interface:/home/vinayak/ws_moveit2/install/moveit_ros_benchmarks:/home/vinayak/ws_moveit2/install/moveit_ros_warehouse:/home/vinayak/ws_moveit2/install/moveit_ros_robot_interaction:/home/vinayak/ws_moveit2/install/moveit_ros_perception:/home/vinayak/ws_moveit2/install/moveit_resources_prbt_pg70_support:/home/vinayak/ws_moveit2/install/moveit_resources_prbt_moveit_config:/home/vinayak/ws_moveit2/install/moveit_ros_move_group:/home/vinayak/ws_moveit2/install/moveit_planners_ompl:/home/vinayak/ws_moveit2/install/moveit_ros_planning:/home/vinayak/ws_moveit2/install/moveit_ros_occupancy_map_monitor:/home/vinayak/ws_moveit2/install/moveit_resources_prbt_ikfast_manipulator_plugin:/home/vinayak/ws_moveit2/install/moveit_planners_chomp:/home/vinayak/ws_moveit2/install/moveit_kinematics:/home/vinayak/ws_moveit2/install/moveit_chomp_optimizer_adapter:/home/vinayak/ws_moveit2/install/chomp_motion_planner:/home/vinayak/ws_moveit2/install/moveit_core:/home/vinayak/ws_moveit2/install/rviz_marker_tools:/home/vinayak/ws_moveit2/install/rosparam_shortcuts:/home/vinayak/ws_moveit2/install/moveit_task_constructor_msgs:/home/vinayak/ws_moveit2/install/moveit_resources_prbt_support:/home/vinayak/ws_moveit2/install/moveit_resources:/home/vinayak/ws_moveit2/install/moveit_resources_pr2_description:/home/vinayak/ws_moveit2/install/moveit_resources_panda_moveit_config:/home/vinayak/ws_moveit2/install/moveit_resources_panda_description:/home/vinayak/ws_moveit2/install/moveit_resources_fanuc_moveit_config:/home/vinayak/ws_moveit2/install/moveit_resources_fanuc_description:/home/vinayak/ws_moveit2/install/moveit_common LD_LIBRARY_PATH=/home/vinayak/ws_moveit2/install/srdfdom/lib:/home/vinayak/ws_moveit2/install/ur_robot_driver/lib:/home/vinayak/ws_moveit2/install/ur_controllers/lib:/home/vinayak/ws_moveit2/install/ur_dashboard_msgs/lib:/home/vinayak/ws_moveit2/install/pilz_industrial_motion_planner_testutils/lib:/home/vinayak/ws_moveit2/install/pilz_industrial_motion_planner/lib:/home/vinayak/ws_moveit2/install/moveit_visual_tools/lib:/home/vinayak/ws_moveit2/install/moveit_task_constructor_visualization/lib:/home/vinayak/ws_moveit2/install/moveit_task_constructor_demo/lib:/home/vinayak/ws_moveit2/install/moveit_task_constructor_capabilities/lib:/home/vinayak/ws_moveit2/install/moveit_task_constructor_core/lib:/home/vinayak/ws_moveit2/install/moveit_ros_control_interface/lib:/home/vinayak/ws_moveit2/install/moveit_simple_controller_manager/lib:/home/vinayak/ws_moveit2/install/moveit_setup_assistant/lib:/home/vinayak/ws_moveit2/install/moveit_setup_srdf_plugins/lib:/home/vinayak/ws_moveit2/install/moveit_setup_core_plugins/lib:/home/vinayak/ws_moveit2/install/moveit_setup_controllers/lib:/home/vinayak/ws_moveit2/install/moveit_setup_app_plugins/lib:/home/vinayak/ws_moveit2/install/moveit_setup_framework/lib:/home/vinayak/ws_moveit2/install/moveit_servo/lib:/home/vinayak/ws_moveit2/install/moveit_ros_visualization/lib:/home/vinayak/ws_moveit2/install/moveit_hybrid_planning/lib:/home/vinayak/ws_moveit2/install/moveit_ros_planning_interface/lib:/home/vinayak/ws_moveit2/install/moveit_ros_benchmarks/lib:/home/vinayak/ws_moveit2/install/moveit_ros_warehouse/lib:/home/vinayak/ws_moveit2/install/moveit_ros_robot_interaction/lib:/home/vinayak/ws_moveit2/install/moveit_ros_perception/lib:/home/vinayak/ws_moveit2/install/moveit_ros_move_group/lib:/home/vinayak/ws_moveit2/install/moveit_planners_ompl/lib:/home/vinayak/ws_moveit2/install/moveit_ros_planning/lib:/home/vinayak/ws_moveit2/install/moveit_ros_occupancy_map_monitor/lib:/home/vinayak/ws_moveit2/install/moveit_resources_prbt_ikfast_manipulator_plugin/lib:/home/vinayak/ws_moveit2/install/moveit_planners_chomp/lib:/home/vinayak/ws_moveit2/install/moveit_kinematics/lib:/home/vinayak/ws_moveit2/install/moveit_chomp_optimizer_adapter/lib:/home/vinayak/ws_moveit2/install/chomp_motion_planner/lib:/home/vinayak/ws_moveit2/install/moveit_core/lib:/home/vinayak/ws_moveit2/install/rviz_marker_tools/lib:/home/vinayak/ws_moveit2/install/rosparam_shortcuts/lib:/home/vinayak/ws_moveit2/install/moveit_task_constructor_msgs/lib:/usr/lib/x86_64-linux-gnu/gazebo-11/plugins:/opt/ros/humble/opt/rviz_ogre_vendor/lib:/opt/ros/humble/lib/x86_64-linux-gnu:/opt/ros/humble/lib:/usr/local/cuda-12.4/lib64 PYTHONPATH=/home/vinayak/ws_moveit2/build/moveit_configs_utils/prefix_override:/usr/lib/python3/dist-packages/colcon_core/task/python/colcon_distutils_commands:/home/vinayak/ws_moveit2/install/moveit_configs_utils/lib/python3.10/site-packages:/home/vinayak/ws_moveit2/install/launch_param_builder/lib/python3.10/site-packages:/home/vinayak/ws_moveit2/install/ur_robot_driver/local/lib/python3.10/dist-packages:/home/vinayak/ws_moveit2/install/ur_moveit_config/local/lib/python3.10/dist-packages:/home/vinayak/ws_moveit2/install/ur_dashboard_msgs/local/lib/python3.10/dist-packages:/home/vinayak/ws_moveit2/install/ur3e_motion_package/lib/python3.10/site-packages:/home/vinayak/ws_moveit2/install/moveit_task_constructor_core/local/lib/python3.10/dist-packages:/home/vinayak/ws_moveit2/install/moveit_configs_utils/lib/python3.10/site-packages:/home/vinayak/ws_moveit2/install/srdfdom/local/lib/python3.10/dist-packages:/home/vinayak/ws_moveit2/install/moveit_task_constructor_msgs/local/lib/python3.10/dist-packages:/opt/ros/humble/lib/python3.10/site-packages:/opt/ros/humble/local/lib/python3.10/dist-packages /usr/bin/python3 -W ignore:setup.py install is deprecated -W ignore:easy_install command is deprecated setup.py egg_info --egg-base ../../../build/moveit_configs_utils build --build-base /home/vinayak/ws_moveit2/build/moveit_configs_utils/build install --record /home/vinayak/ws_moveit2/build/moveit_configs_utils/install.log --single-version-externally-managed install_data
[86.657s] Level 1:colcon.colcon_core.environment:checking '/home/vinayak/ws_moveit2/install/moveit_configs_utils' for CMake config files
[86.658s] Level 1:colcon.colcon_core.environment:checking '/home/vinayak/ws_moveit2/install/moveit_configs_utils/lib'
[86.658s] Level 1:colcon.colcon_core.environment:checking '/home/vinayak/ws_moveit2/install/moveit_configs_utils/bin'
[86.658s] Level 1:colcon.colcon_core.environment:checking '/home/vinayak/ws_moveit2/install/moveit_configs_utils/lib/pkgconfig/moveit_configs_utils.pc'
[86.658s] Level 1:colcon.colcon_core.environment:checking '/home/vinayak/ws_moveit2/install/moveit_configs_utils/lib/python3.10/site-packages'
[86.658s] Level 1:colcon.colcon_core.shell:create_environment_hook('moveit_configs_utils', 'pythonpath')
[86.658s] INFO:colcon.colcon_core.shell:Creating environment hook '/home/vinayak/ws_moveit2/install/moveit_configs_utils/share/moveit_configs_utils/hook/pythonpath.ps1'
[86.659s] INFO:colcon.colcon_core.shell:Creating environment descriptor '/home/vinayak/ws_moveit2/install/moveit_configs_utils/share/moveit_configs_utils/hook/pythonpath.dsv'
[86.659s] INFO:colcon.colcon_core.shell:Creating environment hook '/home/vinayak/ws_moveit2/install/moveit_configs_utils/share/moveit_configs_utils/hook/pythonpath.sh'
[86.659s] Level 1:colcon.colcon_core.environment:checking '/home/vinayak/ws_moveit2/install/moveit_configs_utils/bin'
[86.659s] Level 1:colcon.colcon_core.environment:create_environment_scripts_only(moveit_configs_utils)
[86.660s] INFO:colcon.colcon_core.shell:Creating package script '/home/vinayak/ws_moveit2/install/moveit_configs_utils/share/moveit_configs_utils/package.ps1'
[86.660s] INFO:colcon.colcon_core.shell:Creating package descriptor '/home/vinayak/ws_moveit2/install/moveit_configs_utils/share/moveit_configs_utils/package.dsv'
[86.660s] INFO:colcon.colcon_core.shell:Creating package script '/home/vinayak/ws_moveit2/install/moveit_configs_utils/share/moveit_configs_utils/package.sh'
[86.661s] INFO:colcon.colcon_core.shell:Creating package script '/home/vinayak/ws_moveit2/install/moveit_configs_utils/share/moveit_configs_utils/package.bash'
[86.661s] INFO:colcon.colcon_core.shell:Creating package script '/home/vinayak/ws_moveit2/install/moveit_configs_utils/share/moveit_configs_utils/package.zsh'
[86.661s] Level 1:colcon.colcon_core.environment:create_file_with_runtime_dependencies(/home/vinayak/ws_moveit2/install/moveit_configs_utils/share/colcon-core/packages/moveit_configs_utils)
[86.661s] DEBUG:colcon.colcon_core.executor.sequential:run_until_complete 'moveit_configs_utils' finished with '0'
[86.661s] DEBUG:colcon.colcon_core.executor.sequential:run_until_complete 'moveit_resources_fanuc_moveit_config'
[86.661s] INFO:colcon.colcon_ros.task.ament_cmake.build:Building ROS package in '/home/vinayak/ws_moveit2/src/moveit_resources/fanuc_moveit_config' with build type 'ament_cmake'
[86.662s] INFO:colcon.colcon_cmake.task.cmake.build:Building CMake package in '/home/vinayak/ws_moveit2/src/moveit_resources/fanuc_moveit_config'
[86.662s] INFO:colcon.colcon_core.shell:Skip shell extension 'powershell' for command environment: Not usable outside of PowerShell
[86.662s] DEBUG:colcon.colcon_core.shell:Skip shell extension 'dsv' for command environment
[86.674s] DEBUG:colcon.colcon_core.event_handler.log_command:Invoking command in '/home/vinayak/ws_moveit2/build/moveit_resources_fanuc_moveit_config': CMAKE_PREFIX_PATH=/home/vinayak/ws_moveit2/install/moveit_resources_fanuc_description:/home/vinayak/ws_moveit2/install/ur:/home/vinayak/ws_moveit2/install/ur_calibration:/home/vinayak/ws_moveit2/install/ur_robot_driver:/home/vinayak/ws_moveit2/install/ur_moveit_config:/home/vinayak/ws_moveit2/install/ur_bringup:/home/vinayak/ws_moveit2/install/ur_controllers:/home/vinayak/ws_moveit2/install/ur_dashboard_msgs:/home/vinayak/ws_moveit2/install/new_configuration:/home/vinayak/ws_moveit2/install/ur3e:/home/vinayak/ws_moveit2/install/pilz_industrial_motion_planner_testutils:/home/vinayak/ws_moveit2/install/moveit_runtime:/home/vinayak/ws_moveit2/install/moveit2_tutorials:/home/vinayak/ws_moveit2/install/moveit:/home/vinayak/ws_moveit2/install/moveit_planners:/home/vinayak/ws_moveit2/install/pilz_industrial_motion_planner:/home/vinayak/ws_moveit2/install/moveit_visual_tools:/home/vinayak/ws_moveit2/install/moveit_task_constructor_visualization:/home/vinayak/ws_moveit2/install/moveit_task_constructor_demo:/home/vinayak/ws_moveit2/install/moveit_task_constructor_capabilities:/home/vinayak/ws_moveit2/install/moveit_task_constructor_core:/home/vinayak/ws_moveit2/install/moveit_ros_control_interface:/home/vinayak/ws_moveit2/install/moveit_plugins:/home/vinayak/ws_moveit2/install/moveit_simple_controller_manager:/home/vinayak/ws_moveit2/install/moveit_setup_assistant:/home/vinayak/ws_moveit2/install/moveit_setup_srdf_plugins:/home/vinayak/ws_moveit2/install/moveit_setup_core_plugins:/home/vinayak/ws_moveit2/install/moveit_setup_controllers:/home/vinayak/ws_moveit2/install/moveit_setup_app_plugins:/home/vinayak/ws_moveit2/install/moveit_setup_framework:/home/vinayak/ws_moveit2/install/moveit_servo:/home/vinayak/ws_moveit2/install/moveit_ros:/home/vinayak/ws_moveit2/install/moveit_ros_visualization:/home/vinayak/ws_moveit2/install/moveit_hybrid_planning:/home/vinayak/ws_moveit2/install/moveit_ros_planning_interface:/home/vinayak/ws_moveit2/install/moveit_ros_benchmarks:/home/vinayak/ws_moveit2/install/moveit_ros_warehouse:/home/vinayak/ws_moveit2/install/moveit_ros_robot_interaction:/home/vinayak/ws_moveit2/install/moveit_ros_perception:/home/vinayak/ws_moveit2/install/moveit_resources_prbt_pg70_support:/home/vinayak/ws_moveit2/install/moveit_resources_prbt_moveit_config:/home/vinayak/ws_moveit2/install/moveit_ros_move_group:/home/vinayak/ws_moveit2/install/moveit_planners_ompl:/home/vinayak/ws_moveit2/install/moveit_ros_planning:/home/vinayak/ws_moveit2/install/moveit_ros_occupancy_map_monitor:/home/vinayak/ws_moveit2/install/moveit_resources_prbt_ikfast_manipulator_plugin:/home/vinayak/ws_moveit2/install/moveit_planners_chomp:/home/vinayak/ws_moveit2/install/moveit_kinematics:/home/vinayak/ws_moveit2/install/moveit_chomp_optimizer_adapter:/home/vinayak/ws_moveit2/install/chomp_motion_planner:/home/vinayak/ws_moveit2/install/moveit_core:/home/vinayak/ws_moveit2/install/srdfdom:/home/vinayak/ws_moveit2/install/rviz_marker_tools:/home/vinayak/ws_moveit2/install/rosparam_shortcuts:/home/vinayak/ws_moveit2/install/moveit_task_constructor_msgs:/home/vinayak/ws_moveit2/install/moveit_resources_prbt_support:/home/vinayak/ws_moveit2/install/moveit_resources:/home/vinayak/ws_moveit2/install/moveit_resources_pr2_description:/home/vinayak/ws_moveit2/install/moveit_resources_panda_moveit_config:/home/vinayak/ws_moveit2/install/moveit_resources_panda_description:/home/vinayak/ws_moveit2/install/moveit_resources_fanuc_moveit_config:/home/vinayak/ws_moveit2/install/moveit_common:/home/vinayak/ws_moveit2/install/ur3e_motion_package:/home/vinayak/ws_moveit2/install/moveit_configs_utils:/home/vinayak/ws_moveit2/install/launch_param_builder:/opt/ros/humble /usr/bin/cmake /home/vinayak/ws_moveit2/src/moveit_resources/fanuc_moveit_config -DCMAKE_INSTALL_PREFIX=/home/vinayak/ws_moveit2/install/moveit_resources_fanuc_moveit_config
[87.306s] DEBUG:colcon.colcon_core.event_handler.log_command:Invoked command in '/home/vinayak/ws_moveit2/build/moveit_resources_fanuc_moveit_config' returned '0': CMAKE_PREFIX_PATH=/home/vinayak/ws_moveit2/install/moveit_resources_fanuc_description:/home/vinayak/ws_moveit2/install/ur:/home/vinayak/ws_moveit2/install/ur_calibration:/home/vinayak/ws_moveit2/install/ur_robot_driver:/home/vinayak/ws_moveit2/install/ur_moveit_config:/home/vinayak/ws_moveit2/install/ur_bringup:/home/vinayak/ws_moveit2/install/ur_controllers:/home/vinayak/ws_moveit2/install/ur_dashboard_msgs:/home/vinayak/ws_moveit2/install/new_configuration:/home/vinayak/ws_moveit2/install/ur3e:/home/vinayak/ws_moveit2/install/pilz_industrial_motion_planner_testutils:/home/vinayak/ws_moveit2/install/moveit_runtime:/home/vinayak/ws_moveit2/install/moveit2_tutorials:/home/vinayak/ws_moveit2/install/moveit:/home/vinayak/ws_moveit2/install/moveit_planners:/home/vinayak/ws_moveit2/install/pilz_industrial_motion_planner:/home/vinayak/ws_moveit2/install/moveit_visual_tools:/home/vinayak/ws_moveit2/install/moveit_task_constructor_visualization:/home/vinayak/ws_moveit2/install/moveit_task_constructor_demo:/home/vinayak/ws_moveit2/install/moveit_task_constructor_capabilities:/home/vinayak/ws_moveit2/install/moveit_task_constructor_core:/home/vinayak/ws_moveit2/install/moveit_ros_control_interface:/home/vinayak/ws_moveit2/install/moveit_plugins:/home/vinayak/ws_moveit2/install/moveit_simple_controller_manager:/home/vinayak/ws_moveit2/install/moveit_setup_assistant:/home/vinayak/ws_moveit2/install/moveit_setup_srdf_plugins:/home/vinayak/ws_moveit2/install/moveit_setup_core_plugins:/home/vinayak/ws_moveit2/install/moveit_setup_controllers:/home/vinayak/ws_moveit2/install/moveit_setup_app_plugins:/home/vinayak/ws_moveit2/install/moveit_setup_framework:/home/vinayak/ws_moveit2/install/moveit_servo:/home/vinayak/ws_moveit2/install/moveit_ros:/home/vinayak/ws_moveit2/install/moveit_ros_visualization:/home/vinayak/ws_moveit2/install/moveit_hybrid_planning:/home/vinayak/ws_moveit2/install/moveit_ros_planning_interface:/home/vinayak/ws_moveit2/install/moveit_ros_benchmarks:/home/vinayak/ws_moveit2/install/moveit_ros_warehouse:/home/vinayak/ws_moveit2/install/moveit_ros_robot_interaction:/home/vinayak/ws_moveit2/install/moveit_ros_perception:/home/vinayak/ws_moveit2/install/moveit_resources_prbt_pg70_support:/home/vinayak/ws_moveit2/install/moveit_resources_prbt_moveit_config:/home/vinayak/ws_moveit2/install/moveit_ros_move_group:/home/vinayak/ws_moveit2/install/moveit_planners_ompl:/home/vinayak/ws_moveit2/install/moveit_ros_planning:/home/vinayak/ws_moveit2/install/moveit_ros_occupancy_map_monitor:/home/vinayak/ws_moveit2/install/moveit_resources_prbt_ikfast_manipulator_plugin:/home/vinayak/ws_moveit2/install/moveit_planners_chomp:/home/vinayak/ws_moveit2/install/moveit_kinematics:/home/vinayak/ws_moveit2/install/moveit_chomp_optimizer_adapter:/home/vinayak/ws_moveit2/install/chomp_motion_planner:/home/vinayak/ws_moveit2/install/moveit_core:/home/vinayak/ws_moveit2/install/srdfdom:/home/vinayak/ws_moveit2/install/rviz_marker_tools:/home/vinayak/ws_moveit2/install/rosparam_shortcuts:/home/vinayak/ws_moveit2/install/moveit_task_constructor_msgs:/home/vinayak/ws_moveit2/install/moveit_resources_prbt_support:/home/vinayak/ws_moveit2/install/moveit_resources:/home/vinayak/ws_moveit2/install/moveit_resources_pr2_description:/home/vinayak/ws_moveit2/install/moveit_resources_panda_moveit_config:/home/vinayak/ws_moveit2/install/moveit_resources_panda_description:/home/vinayak/ws_moveit2/install/moveit_resources_fanuc_moveit_config:/home/vinayak/ws_moveit2/install/moveit_common:/home/vinayak/ws_moveit2/install/ur3e_motion_package:/home/vinayak/ws_moveit2/install/moveit_configs_utils:/home/vinayak/ws_moveit2/install/launch_param_builder:/opt/ros/humble /usr/bin/cmake /home/vinayak/ws_moveit2/src/moveit_resources/fanuc_moveit_config -DCMAKE_INSTALL_PREFIX=/home/vinayak/ws_moveit2/install/moveit_resources_fanuc_moveit_config
[87.308s] DEBUG:colcon.colcon_core.event_handler.log_command:Invoking command in '/home/vinayak/ws_moveit2/build/moveit_resources_fanuc_moveit_config': CMAKE_PREFIX_PATH=/home/vinayak/ws_moveit2/install/moveit_resources_fanuc_description:/home/vinayak/ws_moveit2/install/ur:/home/vinayak/ws_moveit2/install/ur_calibration:/home/vinayak/ws_moveit2/install/ur_robot_driver:/home/vinayak/ws_moveit2/install/ur_moveit_config:/home/vinayak/ws_moveit2/install/ur_bringup:/home/vinayak/ws_moveit2/install/ur_controllers:/home/vinayak/ws_moveit2/install/ur_dashboard_msgs:/home/vinayak/ws_moveit2/install/new_configuration:/home/vinayak/ws_moveit2/install/ur3e:/home/vinayak/ws_moveit2/install/pilz_industrial_motion_planner_testutils:/home/vinayak/ws_moveit2/install/moveit_runtime:/home/vinayak/ws_moveit2/install/moveit2_tutorials:/home/vinayak/ws_moveit2/install/moveit:/home/vinayak/ws_moveit2/install/moveit_planners:/home/vinayak/ws_moveit2/install/pilz_industrial_motion_planner:/home/vinayak/ws_moveit2/install/moveit_visual_tools:/home/vinayak/ws_moveit2/install/moveit_task_constructor_visualization:/home/vinayak/ws_moveit2/install/moveit_task_constructor_demo:/home/vinayak/ws_moveit2/install/moveit_task_constructor_capabilities:/home/vinayak/ws_moveit2/install/moveit_task_constructor_core:/home/vinayak/ws_moveit2/install/moveit_ros_control_interface:/home/vinayak/ws_moveit2/install/moveit_plugins:/home/vinayak/ws_moveit2/install/moveit_simple_controller_manager:/home/vinayak/ws_moveit2/install/moveit_setup_assistant:/home/vinayak/ws_moveit2/install/moveit_setup_srdf_plugins:/home/vinayak/ws_moveit2/install/moveit_setup_core_plugins:/home/vinayak/ws_moveit2/install/moveit_setup_controllers:/home/vinayak/ws_moveit2/install/moveit_setup_app_plugins:/home/vinayak/ws_moveit2/install/moveit_setup_framework:/home/vinayak/ws_moveit2/install/moveit_servo:/home/vinayak/ws_moveit2/install/moveit_ros:/home/vinayak/ws_moveit2/install/moveit_ros_visualization:/home/vinayak/ws_moveit2/install/moveit_hybrid_planning:/home/vinayak/ws_moveit2/install/moveit_ros_planning_interface:/home/vinayak/ws_moveit2/install/moveit_ros_benchmarks:/home/vinayak/ws_moveit2/install/moveit_ros_warehouse:/home/vinayak/ws_moveit2/install/moveit_ros_robot_interaction:/home/vinayak/ws_moveit2/install/moveit_ros_perception:/home/vinayak/ws_moveit2/install/moveit_resources_prbt_pg70_support:/home/vinayak/ws_moveit2/install/moveit_resources_prbt_moveit_config:/home/vinayak/ws_moveit2/install/moveit_ros_move_group:/home/vinayak/ws_moveit2/install/moveit_planners_ompl:/home/vinayak/ws_moveit2/install/moveit_ros_planning:/home/vinayak/ws_moveit2/install/moveit_ros_occupancy_map_monitor:/home/vinayak/ws_moveit2/install/moveit_resources_prbt_ikfast_manipulator_plugin:/home/vinayak/ws_moveit2/install/moveit_planners_chomp:/home/vinayak/ws_moveit2/install/moveit_kinematics:/home/vinayak/ws_moveit2/install/moveit_chomp_optimizer_adapter:/home/vinayak/ws_moveit2/install/chomp_motion_planner:/home/vinayak/ws_moveit2/install/moveit_core:/home/vinayak/ws_moveit2/install/srdfdom:/home/vinayak/ws_moveit2/install/rviz_marker_tools:/home/vinayak/ws_moveit2/install/rosparam_shortcuts:/home/vinayak/ws_moveit2/install/moveit_task_constructor_msgs:/home/vinayak/ws_moveit2/install/moveit_resources_prbt_support:/home/vinayak/ws_moveit2/install/moveit_resources:/home/vinayak/ws_moveit2/install/moveit_resources_pr2_description:/home/vinayak/ws_moveit2/install/moveit_resources_panda_moveit_config:/home/vinayak/ws_moveit2/install/moveit_resources_panda_description:/home/vinayak/ws_moveit2/install/moveit_resources_fanuc_moveit_config:/home/vinayak/ws_moveit2/install/moveit_common:/home/vinayak/ws_moveit2/install/ur3e_motion_package:/home/vinayak/ws_moveit2/install/moveit_configs_utils:/home/vinayak/ws_moveit2/install/launch_param_builder:/opt/ros/humble /usr/bin/cmake --build /home/vinayak/ws_moveit2/build/moveit_resources_fanuc_moveit_config
[87.348s] DEBUG:colcon.colcon_core.event_handler.log_command:Invoked command in '/home/vinayak/ws_moveit2/build/moveit_resources_fanuc_moveit_config' returned '0': CMAKE_PREFIX_PATH=/home/vinayak/ws_moveit2/install/moveit_resources_fanuc_description:/home/vinayak/ws_moveit2/install/ur:/home/vinayak/ws_moveit2/install/ur_calibration:/home/vinayak/ws_moveit2/install/ur_robot_driver:/home/vinayak/ws_moveit2/install/ur_moveit_config:/home/vinayak/ws_moveit2/install/ur_bringup:/home/vinayak/ws_moveit2/install/ur_controllers:/home/vinayak/ws_moveit2/install/ur_dashboard_msgs:/home/vinayak/ws_moveit2/install/new_configuration:/home/vinayak/ws_moveit2/install/ur3e:/home/vinayak/ws_moveit2/install/pilz_industrial_motion_planner_testutils:/home/vinayak/ws_moveit2/install/moveit_runtime:/home/vinayak/ws_moveit2/install/moveit2_tutorials:/home/vinayak/ws_moveit2/install/moveit:/home/vinayak/ws_moveit2/install/moveit_planners:/home/vinayak/ws_moveit2/install/pilz_industrial_motion_planner:/home/vinayak/ws_moveit2/install/moveit_visual_tools:/home/vinayak/ws_moveit2/install/moveit_task_constructor_visualization:/home/vinayak/ws_moveit2/install/moveit_task_constructor_demo:/home/vinayak/ws_moveit2/install/moveit_task_constructor_capabilities:/home/vinayak/ws_moveit2/install/moveit_task_constructor_core:/home/vinayak/ws_moveit2/install/moveit_ros_control_interface:/home/vinayak/ws_moveit2/install/moveit_plugins:/home/vinayak/ws_moveit2/install/moveit_simple_controller_manager:/home/vinayak/ws_moveit2/install/moveit_setup_assistant:/home/vinayak/ws_moveit2/install/moveit_setup_srdf_plugins:/home/vinayak/ws_moveit2/install/moveit_setup_core_plugins:/home/vinayak/ws_moveit2/install/moveit_setup_controllers:/home/vinayak/ws_moveit2/install/moveit_setup_app_plugins:/home/vinayak/ws_moveit2/install/moveit_setup_framework:/home/vinayak/ws_moveit2/install/moveit_servo:/home/vinayak/ws_moveit2/install/moveit_ros:/home/vinayak/ws_moveit2/install/moveit_ros_visualization:/home/vinayak/ws_moveit2/install/moveit_hybrid_planning:/home/vinayak/ws_moveit2/install/moveit_ros_planning_interface:/home/vinayak/ws_moveit2/install/moveit_ros_benchmarks:/home/vinayak/ws_moveit2/install/moveit_ros_warehouse:/home/vinayak/ws_moveit2/install/moveit_ros_robot_interaction:/home/vinayak/ws_moveit2/install/moveit_ros_perception:/home/vinayak/ws_moveit2/install/moveit_resources_prbt_pg70_support:/home/vinayak/ws_moveit2/install/moveit_resources_prbt_moveit_config:/home/vinayak/ws_moveit2/install/moveit_ros_move_group:/home/vinayak/ws_moveit2/install/moveit_planners_ompl:/home/vinayak/ws_moveit2/install/moveit_ros_planning:/home/vinayak/ws_moveit2/install/moveit_ros_occupancy_map_monitor:/home/vinayak/ws_moveit2/install/moveit_resources_prbt_ikfast_manipulator_plugin:/home/vinayak/ws_moveit2/install/moveit_planners_chomp:/home/vinayak/ws_moveit2/install/moveit_kinematics:/home/vinayak/ws_moveit2/install/moveit_chomp_optimizer_adapter:/home/vinayak/ws_moveit2/install/chomp_motion_planner:/home/vinayak/ws_moveit2/install/moveit_core:/home/vinayak/ws_moveit2/install/srdfdom:/home/vinayak/ws_moveit2/install/rviz_marker_tools:/home/vinayak/ws_moveit2/install/rosparam_shortcuts:/home/vinayak/ws_moveit2/install/moveit_task_constructor_msgs:/home/vinayak/ws_moveit2/install/moveit_resources_prbt_support:/home/vinayak/ws_moveit2/install/moveit_resources:/home/vinayak/ws_moveit2/install/moveit_resources_pr2_description:/home/vinayak/ws_moveit2/install/moveit_resources_panda_moveit_config:/home/vinayak/ws_moveit2/install/moveit_resources_panda_description:/home/vinayak/ws_moveit2/install/moveit_resources_fanuc_moveit_config:/home/vinayak/ws_moveit2/install/moveit_common:/home/vinayak/ws_moveit2/install/ur3e_motion_package:/home/vinayak/ws_moveit2/install/moveit_configs_utils:/home/vinayak/ws_moveit2/install/launch_param_builder:/opt/ros/humble /usr/bin/cmake --build /home/vinayak/ws_moveit2/build/moveit_resources_fanuc_moveit_config
[87.349s] DEBUG:colcon.colcon_core.event_handler.log_command:Invoking command in '/home/vinayak/ws_moveit2/build/moveit_resources_fanuc_moveit_config': CMAKE_PREFIX_PATH=/home/vinayak/ws_moveit2/install/moveit_resources_fanuc_description:/home/vinayak/ws_moveit2/install/ur:/home/vinayak/ws_moveit2/install/ur_calibration:/home/vinayak/ws_moveit2/install/ur_robot_driver:/home/vinayak/ws_moveit2/install/ur_moveit_config:/home/vinayak/ws_moveit2/install/ur_bringup:/home/vinayak/ws_moveit2/install/ur_controllers:/home/vinayak/ws_moveit2/install/ur_dashboard_msgs:/home/vinayak/ws_moveit2/install/new_configuration:/home/vinayak/ws_moveit2/install/ur3e:/home/vinayak/ws_moveit2/install/pilz_industrial_motion_planner_testutils:/home/vinayak/ws_moveit2/install/moveit_runtime:/home/vinayak/ws_moveit2/install/moveit2_tutorials:/home/vinayak/ws_moveit2/install/moveit:/home/vinayak/ws_moveit2/install/moveit_planners:/home/vinayak/ws_moveit2/install/pilz_industrial_motion_planner:/home/vinayak/ws_moveit2/install/moveit_visual_tools:/home/vinayak/ws_moveit2/install/moveit_task_constructor_visualization:/home/vinayak/ws_moveit2/install/moveit_task_constructor_demo:/home/vinayak/ws_moveit2/install/moveit_task_constructor_capabilities:/home/vinayak/ws_moveit2/install/moveit_task_constructor_core:/home/vinayak/ws_moveit2/install/moveit_ros_control_interface:/home/vinayak/ws_moveit2/install/moveit_plugins:/home/vinayak/ws_moveit2/install/moveit_simple_controller_manager:/home/vinayak/ws_moveit2/install/moveit_setup_assistant:/home/vinayak/ws_moveit2/install/moveit_setup_srdf_plugins:/home/vinayak/ws_moveit2/install/moveit_setup_core_plugins:/home/vinayak/ws_moveit2/install/moveit_setup_controllers:/home/vinayak/ws_moveit2/install/moveit_setup_app_plugins:/home/vinayak/ws_moveit2/install/moveit_setup_framework:/home/vinayak/ws_moveit2/install/moveit_servo:/home/vinayak/ws_moveit2/install/moveit_ros:/home/vinayak/ws_moveit2/install/moveit_ros_visualization:/home/vinayak/ws_moveit2/install/moveit_hybrid_planning:/home/vinayak/ws_moveit2/install/moveit_ros_planning_interface:/home/vinayak/ws_moveit2/install/moveit_ros_benchmarks:/home/vinayak/ws_moveit2/install/moveit_ros_warehouse:/home/vinayak/ws_moveit2/install/moveit_ros_robot_interaction:/home/vinayak/ws_moveit2/install/moveit_ros_perception:/home/vinayak/ws_moveit2/install/moveit_resources_prbt_pg70_support:/home/vinayak/ws_moveit2/install/moveit_resources_prbt_moveit_config:/home/vinayak/ws_moveit2/install/moveit_ros_move_group:/home/vinayak/ws_moveit2/install/moveit_planners_ompl:/home/vinayak/ws_moveit2/install/moveit_ros_planning:/home/vinayak/ws_moveit2/install/moveit_ros_occupancy_map_monitor:/home/vinayak/ws_moveit2/install/moveit_resources_prbt_ikfast_manipulator_plugin:/home/vinayak/ws_moveit2/install/moveit_planners_chomp:/home/vinayak/ws_moveit2/install/moveit_kinematics:/home/vinayak/ws_moveit2/install/moveit_chomp_optimizer_adapter:/home/vinayak/ws_moveit2/install/chomp_motion_planner:/home/vinayak/ws_moveit2/install/moveit_core:/home/vinayak/ws_moveit2/install/srdfdom:/home/vinayak/ws_moveit2/install/rviz_marker_tools:/home/vinayak/ws_moveit2/install/rosparam_shortcuts:/home/vinayak/ws_moveit2/install/moveit_task_constructor_msgs:/home/vinayak/ws_moveit2/install/moveit_resources_prbt_support:/home/vinayak/ws_moveit2/install/moveit_resources:/home/vinayak/ws_moveit2/install/moveit_resources_pr2_description:/home/vinayak/ws_moveit2/install/moveit_resources_panda_moveit_config:/home/vinayak/ws_moveit2/install/moveit_resources_panda_description:/home/vinayak/ws_moveit2/install/moveit_resources_fanuc_moveit_config:/home/vinayak/ws_moveit2/install/moveit_common:/home/vinayak/ws_moveit2/install/ur3e_motion_package:/home/vinayak/ws_moveit2/install/moveit_configs_utils:/home/vinayak/ws_moveit2/install/launch_param_builder:/opt/ros/humble /usr/bin/cmake --install /home/vinayak/ws_moveit2/build/moveit_resources_fanuc_moveit_config
[87.364s] Level 1:colcon.colcon_core.environment:create_environment_scripts_only(moveit_resources_fanuc_moveit_config)
[87.365s] Level 1:colcon.colcon_core.environment:checking '/home/vinayak/ws_moveit2/install/moveit_resources_fanuc_moveit_config' for CMake module files
[87.365s] DEBUG:colcon.colcon_core.event_handler.log_command:Invoked command in '/home/vinayak/ws_moveit2/build/moveit_resources_fanuc_moveit_config' returned '0': CMAKE_PREFIX_PATH=/home/vinayak/ws_moveit2/install/moveit_resources_fanuc_description:/home/vinayak/ws_moveit2/install/ur:/home/vinayak/ws_moveit2/install/ur_calibration:/home/vinayak/ws_moveit2/install/ur_robot_driver:/home/vinayak/ws_moveit2/install/ur_moveit_config:/home/vinayak/ws_moveit2/install/ur_bringup:/home/vinayak/ws_moveit2/install/ur_controllers:/home/vinayak/ws_moveit2/install/ur_dashboard_msgs:/home/vinayak/ws_moveit2/install/new_configuration:/home/vinayak/ws_moveit2/install/ur3e:/home/vinayak/ws_moveit2/install/pilz_industrial_motion_planner_testutils:/home/vinayak/ws_moveit2/install/moveit_runtime:/home/vinayak/ws_moveit2/install/moveit2_tutorials:/home/vinayak/ws_moveit2/install/moveit:/home/vinayak/ws_moveit2/install/moveit_planners:/home/vinayak/ws_moveit2/install/pilz_industrial_motion_planner:/home/vinayak/ws_moveit2/install/moveit_visual_tools:/home/vinayak/ws_moveit2/install/moveit_task_constructor_visualization:/home/vinayak/ws_moveit2/install/moveit_task_constructor_demo:/home/vinayak/ws_moveit2/install/moveit_task_constructor_capabilities:/home/vinayak/ws_moveit2/install/moveit_task_constructor_core:/home/vinayak/ws_moveit2/install/moveit_ros_control_interface:/home/vinayak/ws_moveit2/install/moveit_plugins:/home/vinayak/ws_moveit2/install/moveit_simple_controller_manager:/home/vinayak/ws_moveit2/install/moveit_setup_assistant:/home/vinayak/ws_moveit2/install/moveit_setup_srdf_plugins:/home/vinayak/ws_moveit2/install/moveit_setup_core_plugins:/home/vinayak/ws_moveit2/install/moveit_setup_controllers:/home/vinayak/ws_moveit2/install/moveit_setup_app_plugins:/home/vinayak/ws_moveit2/install/moveit_setup_framework:/home/vinayak/ws_moveit2/install/moveit_servo:/home/vinayak/ws_moveit2/install/moveit_ros:/home/vinayak/ws_moveit2/install/moveit_ros_visualization:/home/vinayak/ws_moveit2/install/moveit_hybrid_planning:/home/vinayak/ws_moveit2/install/moveit_ros_planning_interface:/home/vinayak/ws_moveit2/install/moveit_ros_benchmarks:/home/vinayak/ws_moveit2/install/moveit_ros_warehouse:/home/vinayak/ws_moveit2/install/moveit_ros_robot_interaction:/home/vinayak/ws_moveit2/install/moveit_ros_perception:/home/vinayak/ws_moveit2/install/moveit_resources_prbt_pg70_support:/home/vinayak/ws_moveit2/install/moveit_resources_prbt_moveit_config:/home/vinayak/ws_moveit2/install/moveit_ros_move_group:/home/vinayak/ws_moveit2/install/moveit_planners_ompl:/home/vinayak/ws_moveit2/install/moveit_ros_planning:/home/vinayak/ws_moveit2/install/moveit_ros_occupancy_map_monitor:/home/vinayak/ws_moveit2/install/moveit_resources_prbt_ikfast_manipulator_plugin:/home/vinayak/ws_moveit2/install/moveit_planners_chomp:/home/vinayak/ws_moveit2/install/moveit_kinematics:/home/vinayak/ws_moveit2/install/moveit_chomp_optimizer_adapter:/home/vinayak/ws_moveit2/install/chomp_motion_planner:/home/vinayak/ws_moveit2/install/moveit_core:/home/vinayak/ws_moveit2/install/srdfdom:/home/vinayak/ws_moveit2/install/rviz_marker_tools:/home/vinayak/ws_moveit2/install/rosparam_shortcuts:/home/vinayak/ws_moveit2/install/moveit_task_constructor_msgs:/home/vinayak/ws_moveit2/install/moveit_resources_prbt_support:/home/vinayak/ws_moveit2/install/moveit_resources:/home/vinayak/ws_moveit2/install/moveit_resources_pr2_description:/home/vinayak/ws_moveit2/install/moveit_resources_panda_moveit_config:/home/vinayak/ws_moveit2/install/moveit_resources_panda_description:/home/vinayak/ws_moveit2/install/moveit_resources_fanuc_moveit_config:/home/vinayak/ws_moveit2/install/moveit_common:/home/vinayak/ws_moveit2/install/ur3e_motion_package:/home/vinayak/ws_moveit2/install/moveit_configs_utils:/home/vinayak/ws_moveit2/install/launch_param_builder:/opt/ros/humble /usr/bin/cmake --install /home/vinayak/ws_moveit2/build/moveit_resources_fanuc_moveit_config
[87.365s] Level 1:colcon.colcon_core.environment:checking '/home/vinayak/ws_moveit2/install/moveit_resources_fanuc_moveit_config' for CMake config files
[87.365s] Level 1:colcon.colcon_core.shell:create_environment_hook('moveit_resources_fanuc_moveit_config', 'cmake_prefix_path')
[87.366s] INFO:colcon.colcon_core.shell:Creating environment hook '/home/vinayak/ws_moveit2/install/moveit_resources_fanuc_moveit_config/share/moveit_resources_fanuc_moveit_config/hook/cmake_prefix_path.ps1'
[87.366s] INFO:colcon.colcon_core.shell:Creating environment descriptor '/home/vinayak/ws_moveit2/install/moveit_resources_fanuc_moveit_config/share/moveit_resources_fanuc_moveit_config/hook/cmake_prefix_path.dsv'
[87.366s] INFO:colcon.colcon_core.shell:Creating environment hook '/home/vinayak/ws_moveit2/install/moveit_resources_fanuc_moveit_config/share/moveit_resources_fanuc_moveit_config/hook/cmake_prefix_path.sh'
[87.367s] Level 1:colcon.colcon_core.environment:checking '/home/vinayak/ws_moveit2/install/moveit_resources_fanuc_moveit_config/bin'
[87.367s] Level 1:colcon.colcon_core.environment:checking '/home/vinayak/ws_moveit2/install/moveit_resources_fanuc_moveit_config/lib/pkgconfig/moveit_resources_fanuc_moveit_config.pc'
[87.367s] Level 1:colcon.colcon_core.environment:checking '/home/vinayak/ws_moveit2/install/moveit_resources_fanuc_moveit_config/lib/python3.10/site-packages'
[87.367s] Level 1:colcon.colcon_core.environment:checking '/home/vinayak/ws_moveit2/install/moveit_resources_fanuc_moveit_config/bin'
[87.367s] INFO:colcon.colcon_core.shell:Creating package script '/home/vinayak/ws_moveit2/install/moveit_resources_fanuc_moveit_config/share/moveit_resources_fanuc_moveit_config/package.ps1'
[87.368s] INFO:colcon.colcon_core.shell:Creating package descriptor '/home/vinayak/ws_moveit2/install/moveit_resources_fanuc_moveit_config/share/moveit_resources_fanuc_moveit_config/package.dsv'
[87.368s] INFO:colcon.colcon_core.shell:Creating package script '/home/vinayak/ws_moveit2/install/moveit_resources_fanuc_moveit_config/share/moveit_resources_fanuc_moveit_config/package.sh'
[87.368s] INFO:colcon.colcon_core.shell:Creating package script '/home/vinayak/ws_moveit2/install/moveit_resources_fanuc_moveit_config/share/moveit_resources_fanuc_moveit_config/package.bash'
[87.368s] INFO:colcon.colcon_core.shell:Creating package script '/home/vinayak/ws_moveit2/install/moveit_resources_fanuc_moveit_config/share/moveit_resources_fanuc_moveit_config/package.zsh'
[87.369s] Level 1:colcon.colcon_core.environment:create_file_with_runtime_dependencies(/home/vinayak/ws_moveit2/install/moveit_resources_fanuc_moveit_config/share/colcon-core/packages/moveit_resources_fanuc_moveit_config)
[87.369s] Level 1:colcon.colcon_core.environment:create_environment_scripts_only(moveit_resources_fanuc_moveit_config)
[87.369s] Level 1:colcon.colcon_core.environment:checking '/home/vinayak/ws_moveit2/install/moveit_resources_fanuc_moveit_config' for CMake module files
[87.370s] Level 1:colcon.colcon_core.environment:checking '/home/vinayak/ws_moveit2/install/moveit_resources_fanuc_moveit_config' for CMake config files
[87.370s] Level 1:colcon.colcon_core.shell:create_environment_hook('moveit_resources_fanuc_moveit_config', 'cmake_prefix_path')
[87.370s] INFO:colcon.colcon_core.shell:Creating environment hook '/home/vinayak/ws_moveit2/install/moveit_resources_fanuc_moveit_config/share/moveit_resources_fanuc_moveit_config/hook/cmake_prefix_path.ps1'
[87.370s] INFO:colcon.colcon_core.shell:Creating environment descriptor '/home/vinayak/ws_moveit2/install/moveit_resources_fanuc_moveit_config/share/moveit_resources_fanuc_moveit_config/hook/cmake_prefix_path.dsv'
[87.371s] INFO:colcon.colcon_core.shell:Creating environment hook '/home/vinayak/ws_moveit2/install/moveit_resources_fanuc_moveit_config/share/moveit_resources_fanuc_moveit_config/hook/cmake_prefix_path.sh'
[87.371s] Level 1:colcon.colcon_core.environment:checking '/home/vinayak/ws_moveit2/install/moveit_resources_fanuc_moveit_config/bin'
[87.371s] Level 1:colcon.colcon_core.environment:checking '/home/vinayak/ws_moveit2/install/moveit_resources_fanuc_moveit_config/lib/pkgconfig/moveit_resources_fanuc_moveit_config.pc'
[87.371s] Level 1:colcon.colcon_core.environment:checking '/home/vinayak/ws_moveit2/install/moveit_resources_fanuc_moveit_config/lib/python3.10/site-packages'
[87.371s] Level 1:colcon.colcon_core.environment:checking '/home/vinayak/ws_moveit2/install/moveit_resources_fanuc_moveit_config/bin'
[87.372s] INFO:colcon.colcon_core.shell:Creating package script '/home/vinayak/ws_moveit2/install/moveit_resources_fanuc_moveit_config/share/moveit_resources_fanuc_moveit_config/package.ps1'
[87.372s] INFO:colcon.colcon_core.shell:Creating package descriptor '/home/vinayak/ws_moveit2/install/moveit_resources_fanuc_moveit_config/share/moveit_resources_fanuc_moveit_config/package.dsv'
[87.372s] INFO:colcon.colcon_core.shell:Creating package script '/home/vinayak/ws_moveit2/install/moveit_resources_fanuc_moveit_config/share/moveit_resources_fanuc_moveit_config/package.sh'
[87.373s] INFO:colcon.colcon_core.shell:Creating package script '/home/vinayak/ws_moveit2/install/moveit_resources_fanuc_moveit_config/share/moveit_resources_fanuc_moveit_config/package.bash'
[87.373s] INFO:colcon.colcon_core.shell:Creating package script '/home/vinayak/ws_moveit2/install/moveit_resources_fanuc_moveit_config/share/moveit_resources_fanuc_moveit_config/package.zsh'
[87.373s] Level 1:colcon.colcon_core.environment:create_file_with_runtime_dependencies(/home/vinayak/ws_moveit2/install/moveit_resources_fanuc_moveit_config/share/colcon-core/packages/moveit_resources_fanuc_moveit_config)
[87.374s] DEBUG:colcon.colcon_core.executor.sequential:run_until_complete 'moveit_resources_fanuc_moveit_config' finished with '0'
[87.374s] DEBUG:colcon.colcon_core.executor.sequential:run_until_complete 'moveit_resources_panda_moveit_config'
[87.374s] INFO:colcon.colcon_ros.task.ament_cmake.build:Building ROS package in '/home/vinayak/ws_moveit2/src/moveit_resources/panda_moveit_config' with build type 'ament_cmake'
[87.374s] INFO:colcon.colcon_cmake.task.cmake.build:Building CMake package in '/home/vinayak/ws_moveit2/src/moveit_resources/panda_moveit_config'
[87.374s] INFO:colcon.colcon_core.shell:Skip shell extension 'powershell' for command environment: Not usable outside of PowerShell
[87.374s] DEBUG:colcon.colcon_core.shell:Skip shell extension 'dsv' for command environment
[87.386s] DEBUG:colcon.colcon_core.event_handler.log_command:Invoking command in '/home/vinayak/ws_moveit2/build/moveit_resources_panda_moveit_config': CMAKE_PREFIX_PATH=/home/vinayak/ws_moveit2/install/moveit_resources_panda_description:/home/vinayak/ws_moveit2/install/ur:/home/vinayak/ws_moveit2/install/ur_calibration:/home/vinayak/ws_moveit2/install/ur_robot_driver:/home/vinayak/ws_moveit2/install/ur_moveit_config:/home/vinayak/ws_moveit2/install/ur_bringup:/home/vinayak/ws_moveit2/install/ur_controllers:/home/vinayak/ws_moveit2/install/ur_dashboard_msgs:/home/vinayak/ws_moveit2/install/new_configuration:/home/vinayak/ws_moveit2/install/ur3e:/home/vinayak/ws_moveit2/install/pilz_industrial_motion_planner_testutils:/home/vinayak/ws_moveit2/install/moveit_runtime:/home/vinayak/ws_moveit2/install/moveit2_tutorials:/home/vinayak/ws_moveit2/install/moveit:/home/vinayak/ws_moveit2/install/moveit_planners:/home/vinayak/ws_moveit2/install/pilz_industrial_motion_planner:/home/vinayak/ws_moveit2/install/moveit_visual_tools:/home/vinayak/ws_moveit2/install/moveit_task_constructor_visualization:/home/vinayak/ws_moveit2/install/moveit_task_constructor_demo:/home/vinayak/ws_moveit2/install/moveit_task_constructor_capabilities:/home/vinayak/ws_moveit2/install/moveit_task_constructor_core:/home/vinayak/ws_moveit2/install/moveit_ros_control_interface:/home/vinayak/ws_moveit2/install/moveit_plugins:/home/vinayak/ws_moveit2/install/moveit_simple_controller_manager:/home/vinayak/ws_moveit2/install/moveit_setup_assistant:/home/vinayak/ws_moveit2/install/moveit_setup_srdf_plugins:/home/vinayak/ws_moveit2/install/moveit_setup_core_plugins:/home/vinayak/ws_moveit2/install/moveit_setup_controllers:/home/vinayak/ws_moveit2/install/moveit_setup_app_plugins:/home/vinayak/ws_moveit2/install/moveit_setup_framework:/home/vinayak/ws_moveit2/install/moveit_servo:/home/vinayak/ws_moveit2/install/moveit_ros:/home/vinayak/ws_moveit2/install/moveit_ros_visualization:/home/vinayak/ws_moveit2/install/moveit_hybrid_planning:/home/vinayak/ws_moveit2/install/moveit_ros_planning_interface:/home/vinayak/ws_moveit2/install/moveit_ros_benchmarks:/home/vinayak/ws_moveit2/install/moveit_ros_warehouse:/home/vinayak/ws_moveit2/install/moveit_ros_robot_interaction:/home/vinayak/ws_moveit2/install/moveit_ros_perception:/home/vinayak/ws_moveit2/install/moveit_resources_prbt_pg70_support:/home/vinayak/ws_moveit2/install/moveit_resources_prbt_moveit_config:/home/vinayak/ws_moveit2/install/moveit_ros_move_group:/home/vinayak/ws_moveit2/install/moveit_planners_ompl:/home/vinayak/ws_moveit2/install/moveit_ros_planning:/home/vinayak/ws_moveit2/install/moveit_ros_occupancy_map_monitor:/home/vinayak/ws_moveit2/install/moveit_resources_prbt_ikfast_manipulator_plugin:/home/vinayak/ws_moveit2/install/moveit_planners_chomp:/home/vinayak/ws_moveit2/install/moveit_kinematics:/home/vinayak/ws_moveit2/install/moveit_chomp_optimizer_adapter:/home/vinayak/ws_moveit2/install/chomp_motion_planner:/home/vinayak/ws_moveit2/install/moveit_core:/home/vinayak/ws_moveit2/install/srdfdom:/home/vinayak/ws_moveit2/install/rviz_marker_tools:/home/vinayak/ws_moveit2/install/rosparam_shortcuts:/home/vinayak/ws_moveit2/install/moveit_task_constructor_msgs:/home/vinayak/ws_moveit2/install/moveit_resources_prbt_support:/home/vinayak/ws_moveit2/install/moveit_resources:/home/vinayak/ws_moveit2/install/moveit_resources_pr2_description:/home/vinayak/ws_moveit2/install/moveit_resources_panda_moveit_config:/home/vinayak/ws_moveit2/install/moveit_resources_fanuc_moveit_config:/home/vinayak/ws_moveit2/install/moveit_resources_fanuc_description:/home/vinayak/ws_moveit2/install/moveit_common:/home/vinayak/ws_moveit2/install/ur3e_motion_package:/home/vinayak/ws_moveit2/install/moveit_configs_utils:/home/vinayak/ws_moveit2/install/launch_param_builder:/opt/ros/humble /usr/bin/cmake /home/vinayak/ws_moveit2/src/moveit_resources/panda_moveit_config -DCMAKE_INSTALL_PREFIX=/home/vinayak/ws_moveit2/install/moveit_resources_panda_moveit_config
[88.047s] DEBUG:colcon.colcon_core.event_handler.log_command:Invoked command in '/home/vinayak/ws_moveit2/build/moveit_resources_panda_moveit_config' returned '0': CMAKE_PREFIX_PATH=/home/vinayak/ws_moveit2/install/moveit_resources_panda_description:/home/vinayak/ws_moveit2/install/ur:/home/vinayak/ws_moveit2/install/ur_calibration:/home/vinayak/ws_moveit2/install/ur_robot_driver:/home/vinayak/ws_moveit2/install/ur_moveit_config:/home/vinayak/ws_moveit2/install/ur_bringup:/home/vinayak/ws_moveit2/install/ur_controllers:/home/vinayak/ws_moveit2/install/ur_dashboard_msgs:/home/vinayak/ws_moveit2/install/new_configuration:/home/vinayak/ws_moveit2/install/ur3e:/home/vinayak/ws_moveit2/install/pilz_industrial_motion_planner_testutils:/home/vinayak/ws_moveit2/install/moveit_runtime:/home/vinayak/ws_moveit2/install/moveit2_tutorials:/home/vinayak/ws_moveit2/install/moveit:/home/vinayak/ws_moveit2/install/moveit_planners:/home/vinayak/ws_moveit2/install/pilz_industrial_motion_planner:/home/vinayak/ws_moveit2/install/moveit_visual_tools:/home/vinayak/ws_moveit2/install/moveit_task_constructor_visualization:/home/vinayak/ws_moveit2/install/moveit_task_constructor_demo:/home/vinayak/ws_moveit2/install/moveit_task_constructor_capabilities:/home/vinayak/ws_moveit2/install/moveit_task_constructor_core:/home/vinayak/ws_moveit2/install/moveit_ros_control_interface:/home/vinayak/ws_moveit2/install/moveit_plugins:/home/vinayak/ws_moveit2/install/moveit_simple_controller_manager:/home/vinayak/ws_moveit2/install/moveit_setup_assistant:/home/vinayak/ws_moveit2/install/moveit_setup_srdf_plugins:/home/vinayak/ws_moveit2/install/moveit_setup_core_plugins:/home/vinayak/ws_moveit2/install/moveit_setup_controllers:/home/vinayak/ws_moveit2/install/moveit_setup_app_plugins:/home/vinayak/ws_moveit2/install/moveit_setup_framework:/home/vinayak/ws_moveit2/install/moveit_servo:/home/vinayak/ws_moveit2/install/moveit_ros:/home/vinayak/ws_moveit2/install/moveit_ros_visualization:/home/vinayak/ws_moveit2/install/moveit_hybrid_planning:/home/vinayak/ws_moveit2/install/moveit_ros_planning_interface:/home/vinayak/ws_moveit2/install/moveit_ros_benchmarks:/home/vinayak/ws_moveit2/install/moveit_ros_warehouse:/home/vinayak/ws_moveit2/install/moveit_ros_robot_interaction:/home/vinayak/ws_moveit2/install/moveit_ros_perception:/home/vinayak/ws_moveit2/install/moveit_resources_prbt_pg70_support:/home/vinayak/ws_moveit2/install/moveit_resources_prbt_moveit_config:/home/vinayak/ws_moveit2/install/moveit_ros_move_group:/home/vinayak/ws_moveit2/install/moveit_planners_ompl:/home/vinayak/ws_moveit2/install/moveit_ros_planning:/home/vinayak/ws_moveit2/install/moveit_ros_occupancy_map_monitor:/home/vinayak/ws_moveit2/install/moveit_resources_prbt_ikfast_manipulator_plugin:/home/vinayak/ws_moveit2/install/moveit_planners_chomp:/home/vinayak/ws_moveit2/install/moveit_kinematics:/home/vinayak/ws_moveit2/install/moveit_chomp_optimizer_adapter:/home/vinayak/ws_moveit2/install/chomp_motion_planner:/home/vinayak/ws_moveit2/install/moveit_core:/home/vinayak/ws_moveit2/install/srdfdom:/home/vinayak/ws_moveit2/install/rviz_marker_tools:/home/vinayak/ws_moveit2/install/rosparam_shortcuts:/home/vinayak/ws_moveit2/install/moveit_task_constructor_msgs:/home/vinayak/ws_moveit2/install/moveit_resources_prbt_support:/home/vinayak/ws_moveit2/install/moveit_resources:/home/vinayak/ws_moveit2/install/moveit_resources_pr2_description:/home/vinayak/ws_moveit2/install/moveit_resources_panda_moveit_config:/home/vinayak/ws_moveit2/install/moveit_resources_fanuc_moveit_config:/home/vinayak/ws_moveit2/install/moveit_resources_fanuc_description:/home/vinayak/ws_moveit2/install/moveit_common:/home/vinayak/ws_moveit2/install/ur3e_motion_package:/home/vinayak/ws_moveit2/install/moveit_configs_utils:/home/vinayak/ws_moveit2/install/launch_param_builder:/opt/ros/humble /usr/bin/cmake /home/vinayak/ws_moveit2/src/moveit_resources/panda_moveit_config -DCMAKE_INSTALL_PREFIX=/home/vinayak/ws_moveit2/install/moveit_resources_panda_moveit_config
[88.049s] DEBUG:colcon.colcon_core.event_handler.log_command:Invoking command in '/home/vinayak/ws_moveit2/build/moveit_resources_panda_moveit_config': CMAKE_PREFIX_PATH=/home/vinayak/ws_moveit2/install/moveit_resources_panda_description:/home/vinayak/ws_moveit2/install/ur:/home/vinayak/ws_moveit2/install/ur_calibration:/home/vinayak/ws_moveit2/install/ur_robot_driver:/home/vinayak/ws_moveit2/install/ur_moveit_config:/home/vinayak/ws_moveit2/install/ur_bringup:/home/vinayak/ws_moveit2/install/ur_controllers:/home/vinayak/ws_moveit2/install/ur_dashboard_msgs:/home/vinayak/ws_moveit2/install/new_configuration:/home/vinayak/ws_moveit2/install/ur3e:/home/vinayak/ws_moveit2/install/pilz_industrial_motion_planner_testutils:/home/vinayak/ws_moveit2/install/moveit_runtime:/home/vinayak/ws_moveit2/install/moveit2_tutorials:/home/vinayak/ws_moveit2/install/moveit:/home/vinayak/ws_moveit2/install/moveit_planners:/home/vinayak/ws_moveit2/install/pilz_industrial_motion_planner:/home/vinayak/ws_moveit2/install/moveit_visual_tools:/home/vinayak/ws_moveit2/install/moveit_task_constructor_visualization:/home/vinayak/ws_moveit2/install/moveit_task_constructor_demo:/home/vinayak/ws_moveit2/install/moveit_task_constructor_capabilities:/home/vinayak/ws_moveit2/install/moveit_task_constructor_core:/home/vinayak/ws_moveit2/install/moveit_ros_control_interface:/home/vinayak/ws_moveit2/install/moveit_plugins:/home/vinayak/ws_moveit2/install/moveit_simple_controller_manager:/home/vinayak/ws_moveit2/install/moveit_setup_assistant:/home/vinayak/ws_moveit2/install/moveit_setup_srdf_plugins:/home/vinayak/ws_moveit2/install/moveit_setup_core_plugins:/home/vinayak/ws_moveit2/install/moveit_setup_controllers:/home/vinayak/ws_moveit2/install/moveit_setup_app_plugins:/home/vinayak/ws_moveit2/install/moveit_setup_framework:/home/vinayak/ws_moveit2/install/moveit_servo:/home/vinayak/ws_moveit2/install/moveit_ros:/home/vinayak/ws_moveit2/install/moveit_ros_visualization:/home/vinayak/ws_moveit2/install/moveit_hybrid_planning:/home/vinayak/ws_moveit2/install/moveit_ros_planning_interface:/home/vinayak/ws_moveit2/install/moveit_ros_benchmarks:/home/vinayak/ws_moveit2/install/moveit_ros_warehouse:/home/vinayak/ws_moveit2/install/moveit_ros_robot_interaction:/home/vinayak/ws_moveit2/install/moveit_ros_perception:/home/vinayak/ws_moveit2/install/moveit_resources_prbt_pg70_support:/home/vinayak/ws_moveit2/install/moveit_resources_prbt_moveit_config:/home/vinayak/ws_moveit2/install/moveit_ros_move_group:/home/vinayak/ws_moveit2/install/moveit_planners_ompl:/home/vinayak/ws_moveit2/install/moveit_ros_planning:/home/vinayak/ws_moveit2/install/moveit_ros_occupancy_map_monitor:/home/vinayak/ws_moveit2/install/moveit_resources_prbt_ikfast_manipulator_plugin:/home/vinayak/ws_moveit2/install/moveit_planners_chomp:/home/vinayak/ws_moveit2/install/moveit_kinematics:/home/vinayak/ws_moveit2/install/moveit_chomp_optimizer_adapter:/home/vinayak/ws_moveit2/install/chomp_motion_planner:/home/vinayak/ws_moveit2/install/moveit_core:/home/vinayak/ws_moveit2/install/srdfdom:/home/vinayak/ws_moveit2/install/rviz_marker_tools:/home/vinayak/ws_moveit2/install/rosparam_shortcuts:/home/vinayak/ws_moveit2/install/moveit_task_constructor_msgs:/home/vinayak/ws_moveit2/install/moveit_resources_prbt_support:/home/vinayak/ws_moveit2/install/moveit_resources:/home/vinayak/ws_moveit2/install/moveit_resources_pr2_description:/home/vinayak/ws_moveit2/install/moveit_resources_panda_moveit_config:/home/vinayak/ws_moveit2/install/moveit_resources_fanuc_moveit_config:/home/vinayak/ws_moveit2/install/moveit_resources_fanuc_description:/home/vinayak/ws_moveit2/install/moveit_common:/home/vinayak/ws_moveit2/install/ur3e_motion_package:/home/vinayak/ws_moveit2/install/moveit_configs_utils:/home/vinayak/ws_moveit2/install/launch_param_builder:/opt/ros/humble /usr/bin/cmake --build /home/vinayak/ws_moveit2/build/moveit_resources_panda_moveit_config
[88.092s] DEBUG:colcon.colcon_core.event_handler.log_command:Invoked command in '/home/vinayak/ws_moveit2/build/moveit_resources_panda_moveit_config' returned '0': CMAKE_PREFIX_PATH=/home/vinayak/ws_moveit2/install/moveit_resources_panda_description:/home/vinayak/ws_moveit2/install/ur:/home/vinayak/ws_moveit2/install/ur_calibration:/home/vinayak/ws_moveit2/install/ur_robot_driver:/home/vinayak/ws_moveit2/install/ur_moveit_config:/home/vinayak/ws_moveit2/install/ur_bringup:/home/vinayak/ws_moveit2/install/ur_controllers:/home/vinayak/ws_moveit2/install/ur_dashboard_msgs:/home/vinayak/ws_moveit2/install/new_configuration:/home/vinayak/ws_moveit2/install/ur3e:/home/vinayak/ws_moveit2/install/pilz_industrial_motion_planner_testutils:/home/vinayak/ws_moveit2/install/moveit_runtime:/home/vinayak/ws_moveit2/install/moveit2_tutorials:/home/vinayak/ws_moveit2/install/moveit:/home/vinayak/ws_moveit2/install/moveit_planners:/home/vinayak/ws_moveit2/install/pilz_industrial_motion_planner:/home/vinayak/ws_moveit2/install/moveit_visual_tools:/home/vinayak/ws_moveit2/install/moveit_task_constructor_visualization:/home/vinayak/ws_moveit2/install/moveit_task_constructor_demo:/home/vinayak/ws_moveit2/install/moveit_task_constructor_capabilities:/home/vinayak/ws_moveit2/install/moveit_task_constructor_core:/home/vinayak/ws_moveit2/install/moveit_ros_control_interface:/home/vinayak/ws_moveit2/install/moveit_plugins:/home/vinayak/ws_moveit2/install/moveit_simple_controller_manager:/home/vinayak/ws_moveit2/install/moveit_setup_assistant:/home/vinayak/ws_moveit2/install/moveit_setup_srdf_plugins:/home/vinayak/ws_moveit2/install/moveit_setup_core_plugins:/home/vinayak/ws_moveit2/install/moveit_setup_controllers:/home/vinayak/ws_moveit2/install/moveit_setup_app_plugins:/home/vinayak/ws_moveit2/install/moveit_setup_framework:/home/vinayak/ws_moveit2/install/moveit_servo:/home/vinayak/ws_moveit2/install/moveit_ros:/home/vinayak/ws_moveit2/install/moveit_ros_visualization:/home/vinayak/ws_moveit2/install/moveit_hybrid_planning:/home/vinayak/ws_moveit2/install/moveit_ros_planning_interface:/home/vinayak/ws_moveit2/install/moveit_ros_benchmarks:/home/vinayak/ws_moveit2/install/moveit_ros_warehouse:/home/vinayak/ws_moveit2/install/moveit_ros_robot_interaction:/home/vinayak/ws_moveit2/install/moveit_ros_perception:/home/vinayak/ws_moveit2/install/moveit_resources_prbt_pg70_support:/home/vinayak/ws_moveit2/install/moveit_resources_prbt_moveit_config:/home/vinayak/ws_moveit2/install/moveit_ros_move_group:/home/vinayak/ws_moveit2/install/moveit_planners_ompl:/home/vinayak/ws_moveit2/install/moveit_ros_planning:/home/vinayak/ws_moveit2/install/moveit_ros_occupancy_map_monitor:/home/vinayak/ws_moveit2/install/moveit_resources_prbt_ikfast_manipulator_plugin:/home/vinayak/ws_moveit2/install/moveit_planners_chomp:/home/vinayak/ws_moveit2/install/moveit_kinematics:/home/vinayak/ws_moveit2/install/moveit_chomp_optimizer_adapter:/home/vinayak/ws_moveit2/install/chomp_motion_planner:/home/vinayak/ws_moveit2/install/moveit_core:/home/vinayak/ws_moveit2/install/srdfdom:/home/vinayak/ws_moveit2/install/rviz_marker_tools:/home/vinayak/ws_moveit2/install/rosparam_shortcuts:/home/vinayak/ws_moveit2/install/moveit_task_constructor_msgs:/home/vinayak/ws_moveit2/install/moveit_resources_prbt_support:/home/vinayak/ws_moveit2/install/moveit_resources:/home/vinayak/ws_moveit2/install/moveit_resources_pr2_description:/home/vinayak/ws_moveit2/install/moveit_resources_panda_moveit_config:/home/vinayak/ws_moveit2/install/moveit_resources_fanuc_moveit_config:/home/vinayak/ws_moveit2/install/moveit_resources_fanuc_description:/home/vinayak/ws_moveit2/install/moveit_common:/home/vinayak/ws_moveit2/install/ur3e_motion_package:/home/vinayak/ws_moveit2/install/moveit_configs_utils:/home/vinayak/ws_moveit2/install/launch_param_builder:/opt/ros/humble /usr/bin/cmake --build /home/vinayak/ws_moveit2/build/moveit_resources_panda_moveit_config
[88.094s] DEBUG:colcon.colcon_core.event_handler.log_command:Invoking command in '/home/vinayak/ws_moveit2/build/moveit_resources_panda_moveit_config': CMAKE_PREFIX_PATH=/home/vinayak/ws_moveit2/install/moveit_resources_panda_description:/home/vinayak/ws_moveit2/install/ur:/home/vinayak/ws_moveit2/install/ur_calibration:/home/vinayak/ws_moveit2/install/ur_robot_driver:/home/vinayak/ws_moveit2/install/ur_moveit_config:/home/vinayak/ws_moveit2/install/ur_bringup:/home/vinayak/ws_moveit2/install/ur_controllers:/home/vinayak/ws_moveit2/install/ur_dashboard_msgs:/home/vinayak/ws_moveit2/install/new_configuration:/home/vinayak/ws_moveit2/install/ur3e:/home/vinayak/ws_moveit2/install/pilz_industrial_motion_planner_testutils:/home/vinayak/ws_moveit2/install/moveit_runtime:/home/vinayak/ws_moveit2/install/moveit2_tutorials:/home/vinayak/ws_moveit2/install/moveit:/home/vinayak/ws_moveit2/install/moveit_planners:/home/vinayak/ws_moveit2/install/pilz_industrial_motion_planner:/home/vinayak/ws_moveit2/install/moveit_visual_tools:/home/vinayak/ws_moveit2/install/moveit_task_constructor_visualization:/home/vinayak/ws_moveit2/install/moveit_task_constructor_demo:/home/vinayak/ws_moveit2/install/moveit_task_constructor_capabilities:/home/vinayak/ws_moveit2/install/moveit_task_constructor_core:/home/vinayak/ws_moveit2/install/moveit_ros_control_interface:/home/vinayak/ws_moveit2/install/moveit_plugins:/home/vinayak/ws_moveit2/install/moveit_simple_controller_manager:/home/vinayak/ws_moveit2/install/moveit_setup_assistant:/home/vinayak/ws_moveit2/install/moveit_setup_srdf_plugins:/home/vinayak/ws_moveit2/install/moveit_setup_core_plugins:/home/vinayak/ws_moveit2/install/moveit_setup_controllers:/home/vinayak/ws_moveit2/install/moveit_setup_app_plugins:/home/vinayak/ws_moveit2/install/moveit_setup_framework:/home/vinayak/ws_moveit2/install/moveit_servo:/home/vinayak/ws_moveit2/install/moveit_ros:/home/vinayak/ws_moveit2/install/moveit_ros_visualization:/home/vinayak/ws_moveit2/install/moveit_hybrid_planning:/home/vinayak/ws_moveit2/install/moveit_ros_planning_interface:/home/vinayak/ws_moveit2/install/moveit_ros_benchmarks:/home/vinayak/ws_moveit2/install/moveit_ros_warehouse:/home/vinayak/ws_moveit2/install/moveit_ros_robot_interaction:/home/vinayak/ws_moveit2/install/moveit_ros_perception:/home/vinayak/ws_moveit2/install/moveit_resources_prbt_pg70_support:/home/vinayak/ws_moveit2/install/moveit_resources_prbt_moveit_config:/home/vinayak/ws_moveit2/install/moveit_ros_move_group:/home/vinayak/ws_moveit2/install/moveit_planners_ompl:/home/vinayak/ws_moveit2/install/moveit_ros_planning:/home/vinayak/ws_moveit2/install/moveit_ros_occupancy_map_monitor:/home/vinayak/ws_moveit2/install/moveit_resources_prbt_ikfast_manipulator_plugin:/home/vinayak/ws_moveit2/install/moveit_planners_chomp:/home/vinayak/ws_moveit2/install/moveit_kinematics:/home/vinayak/ws_moveit2/install/moveit_chomp_optimizer_adapter:/home/vinayak/ws_moveit2/install/chomp_motion_planner:/home/vinayak/ws_moveit2/install/moveit_core:/home/vinayak/ws_moveit2/install/srdfdom:/home/vinayak/ws_moveit2/install/rviz_marker_tools:/home/vinayak/ws_moveit2/install/rosparam_shortcuts:/home/vinayak/ws_moveit2/install/moveit_task_constructor_msgs:/home/vinayak/ws_moveit2/install/moveit_resources_prbt_support:/home/vinayak/ws_moveit2/install/moveit_resources:/home/vinayak/ws_moveit2/install/moveit_resources_pr2_description:/home/vinayak/ws_moveit2/install/moveit_resources_panda_moveit_config:/home/vinayak/ws_moveit2/install/moveit_resources_fanuc_moveit_config:/home/vinayak/ws_moveit2/install/moveit_resources_fanuc_description:/home/vinayak/ws_moveit2/install/moveit_common:/home/vinayak/ws_moveit2/install/ur3e_motion_package:/home/vinayak/ws_moveit2/install/moveit_configs_utils:/home/vinayak/ws_moveit2/install/launch_param_builder:/opt/ros/humble /usr/bin/cmake --install /home/vinayak/ws_moveit2/build/moveit_resources_panda_moveit_config
[88.111s] Level 1:colcon.colcon_core.environment:create_environment_scripts_only(moveit_resources_panda_moveit_config)
[88.112s] Level 1:colcon.colcon_core.environment:checking '/home/vinayak/ws_moveit2/install/moveit_resources_panda_moveit_config' for CMake module files
[88.112s] DEBUG:colcon.colcon_core.event_handler.log_command:Invoked command in '/home/vinayak/ws_moveit2/build/moveit_resources_panda_moveit_config' returned '0': CMAKE_PREFIX_PATH=/home/vinayak/ws_moveit2/install/moveit_resources_panda_description:/home/vinayak/ws_moveit2/install/ur:/home/vinayak/ws_moveit2/install/ur_calibration:/home/vinayak/ws_moveit2/install/ur_robot_driver:/home/vinayak/ws_moveit2/install/ur_moveit_config:/home/vinayak/ws_moveit2/install/ur_bringup:/home/vinayak/ws_moveit2/install/ur_controllers:/home/vinayak/ws_moveit2/install/ur_dashboard_msgs:/home/vinayak/ws_moveit2/install/new_configuration:/home/vinayak/ws_moveit2/install/ur3e:/home/vinayak/ws_moveit2/install/pilz_industrial_motion_planner_testutils:/home/vinayak/ws_moveit2/install/moveit_runtime:/home/vinayak/ws_moveit2/install/moveit2_tutorials:/home/vinayak/ws_moveit2/install/moveit:/home/vinayak/ws_moveit2/install/moveit_planners:/home/vinayak/ws_moveit2/install/pilz_industrial_motion_planner:/home/vinayak/ws_moveit2/install/moveit_visual_tools:/home/vinayak/ws_moveit2/install/moveit_task_constructor_visualization:/home/vinayak/ws_moveit2/install/moveit_task_constructor_demo:/home/vinayak/ws_moveit2/install/moveit_task_constructor_capabilities:/home/vinayak/ws_moveit2/install/moveit_task_constructor_core:/home/vinayak/ws_moveit2/install/moveit_ros_control_interface:/home/vinayak/ws_moveit2/install/moveit_plugins:/home/vinayak/ws_moveit2/install/moveit_simple_controller_manager:/home/vinayak/ws_moveit2/install/moveit_setup_assistant:/home/vinayak/ws_moveit2/install/moveit_setup_srdf_plugins:/home/vinayak/ws_moveit2/install/moveit_setup_core_plugins:/home/vinayak/ws_moveit2/install/moveit_setup_controllers:/home/vinayak/ws_moveit2/install/moveit_setup_app_plugins:/home/vinayak/ws_moveit2/install/moveit_setup_framework:/home/vinayak/ws_moveit2/install/moveit_servo:/home/vinayak/ws_moveit2/install/moveit_ros:/home/vinayak/ws_moveit2/install/moveit_ros_visualization:/home/vinayak/ws_moveit2/install/moveit_hybrid_planning:/home/vinayak/ws_moveit2/install/moveit_ros_planning_interface:/home/vinayak/ws_moveit2/install/moveit_ros_benchmarks:/home/vinayak/ws_moveit2/install/moveit_ros_warehouse:/home/vinayak/ws_moveit2/install/moveit_ros_robot_interaction:/home/vinayak/ws_moveit2/install/moveit_ros_perception:/home/vinayak/ws_moveit2/install/moveit_resources_prbt_pg70_support:/home/vinayak/ws_moveit2/install/moveit_resources_prbt_moveit_config:/home/vinayak/ws_moveit2/install/moveit_ros_move_group:/home/vinayak/ws_moveit2/install/moveit_planners_ompl:/home/vinayak/ws_moveit2/install/moveit_ros_planning:/home/vinayak/ws_moveit2/install/moveit_ros_occupancy_map_monitor:/home/vinayak/ws_moveit2/install/moveit_resources_prbt_ikfast_manipulator_plugin:/home/vinayak/ws_moveit2/install/moveit_planners_chomp:/home/vinayak/ws_moveit2/install/moveit_kinematics:/home/vinayak/ws_moveit2/install/moveit_chomp_optimizer_adapter:/home/vinayak/ws_moveit2/install/chomp_motion_planner:/home/vinayak/ws_moveit2/install/moveit_core:/home/vinayak/ws_moveit2/install/srdfdom:/home/vinayak/ws_moveit2/install/rviz_marker_tools:/home/vinayak/ws_moveit2/install/rosparam_shortcuts:/home/vinayak/ws_moveit2/install/moveit_task_constructor_msgs:/home/vinayak/ws_moveit2/install/moveit_resources_prbt_support:/home/vinayak/ws_moveit2/install/moveit_resources:/home/vinayak/ws_moveit2/install/moveit_resources_pr2_description:/home/vinayak/ws_moveit2/install/moveit_resources_panda_moveit_config:/home/vinayak/ws_moveit2/install/moveit_resources_fanuc_moveit_config:/home/vinayak/ws_moveit2/install/moveit_resources_fanuc_description:/home/vinayak/ws_moveit2/install/moveit_common:/home/vinayak/ws_moveit2/install/ur3e_motion_package:/home/vinayak/ws_moveit2/install/moveit_configs_utils:/home/vinayak/ws_moveit2/install/launch_param_builder:/opt/ros/humble /usr/bin/cmake --install /home/vinayak/ws_moveit2/build/moveit_resources_panda_moveit_config
[88.113s] Level 1:colcon.colcon_core.environment:checking '/home/vinayak/ws_moveit2/install/moveit_resources_panda_moveit_config' for CMake config files
[88.113s] Level 1:colcon.colcon_core.shell:create_environment_hook('moveit_resources_panda_moveit_config', 'cmake_prefix_path')
[88.113s] INFO:colcon.colcon_core.shell:Creating environment hook '/home/vinayak/ws_moveit2/install/moveit_resources_panda_moveit_config/share/moveit_resources_panda_moveit_config/hook/cmake_prefix_path.ps1'
[88.113s] INFO:colcon.colcon_core.shell:Creating environment descriptor '/home/vinayak/ws_moveit2/install/moveit_resources_panda_moveit_config/share/moveit_resources_panda_moveit_config/hook/cmake_prefix_path.dsv'
[88.114s] INFO:colcon.colcon_core.shell:Creating environment hook '/home/vinayak/ws_moveit2/install/moveit_resources_panda_moveit_config/share/moveit_resources_panda_moveit_config/hook/cmake_prefix_path.sh'
[88.114s] Level 1:colcon.colcon_core.environment:checking '/home/vinayak/ws_moveit2/install/moveit_resources_panda_moveit_config/bin'
[88.114s] Level 1:colcon.colcon_core.environment:checking '/home/vinayak/ws_moveit2/install/moveit_resources_panda_moveit_config/lib/pkgconfig/moveit_resources_panda_moveit_config.pc'
[88.114s] Level 1:colcon.colcon_core.environment:checking '/home/vinayak/ws_moveit2/install/moveit_resources_panda_moveit_config/lib/python3.10/site-packages'
[88.114s] Level 1:colcon.colcon_core.environment:checking '/home/vinayak/ws_moveit2/install/moveit_resources_panda_moveit_config/bin'
[88.115s] INFO:colcon.colcon_core.shell:Creating package script '/home/vinayak/ws_moveit2/install/moveit_resources_panda_moveit_config/share/moveit_resources_panda_moveit_config/package.ps1'
[88.115s] INFO:colcon.colcon_core.shell:Creating package descriptor '/home/vinayak/ws_moveit2/install/moveit_resources_panda_moveit_config/share/moveit_resources_panda_moveit_config/package.dsv'
[88.115s] INFO:colcon.colcon_core.shell:Creating package script '/home/vinayak/ws_moveit2/install/moveit_resources_panda_moveit_config/share/moveit_resources_panda_moveit_config/package.sh'
[88.116s] INFO:colcon.colcon_core.shell:Creating package script '/home/vinayak/ws_moveit2/install/moveit_resources_panda_moveit_config/share/moveit_resources_panda_moveit_config/package.bash'
[88.116s] INFO:colcon.colcon_core.shell:Creating package script '/home/vinayak/ws_moveit2/install/moveit_resources_panda_moveit_config/share/moveit_resources_panda_moveit_config/package.zsh'
[88.116s] Level 1:colcon.colcon_core.environment:create_file_with_runtime_dependencies(/home/vinayak/ws_moveit2/install/moveit_resources_panda_moveit_config/share/colcon-core/packages/moveit_resources_panda_moveit_config)
[88.117s] Level 1:colcon.colcon_core.environment:create_environment_scripts_only(moveit_resources_panda_moveit_config)
[88.117s] Level 1:colcon.colcon_core.environment:checking '/home/vinayak/ws_moveit2/install/moveit_resources_panda_moveit_config' for CMake module files
[88.117s] Level 1:colcon.colcon_core.environment:checking '/home/vinayak/ws_moveit2/install/moveit_resources_panda_moveit_config' for CMake config files
[88.118s] Level 1:colcon.colcon_core.shell:create_environment_hook('moveit_resources_panda_moveit_config', 'cmake_prefix_path')
[88.118s] INFO:colcon.colcon_core.shell:Creating environment hook '/home/vinayak/ws_moveit2/install/moveit_resources_panda_moveit_config/share/moveit_resources_panda_moveit_config/hook/cmake_prefix_path.ps1'
[88.118s] INFO:colcon.colcon_core.shell:Creating environment descriptor '/home/vinayak/ws_moveit2/install/moveit_resources_panda_moveit_config/share/moveit_resources_panda_moveit_config/hook/cmake_prefix_path.dsv'
[88.118s] INFO:colcon.colcon_core.shell:Creating environment hook '/home/vinayak/ws_moveit2/install/moveit_resources_panda_moveit_config/share/moveit_resources_panda_moveit_config/hook/cmake_prefix_path.sh'
[88.119s] Level 1:colcon.colcon_core.environment:checking '/home/vinayak/ws_moveit2/install/moveit_resources_panda_moveit_config/bin'
[88.119s] Level 1:colcon.colcon_core.environment:checking '/home/vinayak/ws_moveit2/install/moveit_resources_panda_moveit_config/lib/pkgconfig/moveit_resources_panda_moveit_config.pc'
[88.119s] Level 1:colcon.colcon_core.environment:checking '/home/vinayak/ws_moveit2/install/moveit_resources_panda_moveit_config/lib/python3.10/site-packages'
[88.119s] Level 1:colcon.colcon_core.environment:checking '/home/vinayak/ws_moveit2/install/moveit_resources_panda_moveit_config/bin'
[88.119s] INFO:colcon.colcon_core.shell:Creating package script '/home/vinayak/ws_moveit2/install/moveit_resources_panda_moveit_config/share/moveit_resources_panda_moveit_config/package.ps1'
[88.120s] INFO:colcon.colcon_core.shell:Creating package descriptor '/home/vinayak/ws_moveit2/install/moveit_resources_panda_moveit_config/share/moveit_resources_panda_moveit_config/package.dsv'
[88.120s] INFO:colcon.colcon_core.shell:Creating package script '/home/vinayak/ws_moveit2/install/moveit_resources_panda_moveit_config/share/moveit_resources_panda_moveit_config/package.sh'
[88.120s] INFO:colcon.colcon_core.shell:Creating package script '/home/vinayak/ws_moveit2/install/moveit_resources_panda_moveit_config/share/moveit_resources_panda_moveit_config/package.bash'
[88.121s] INFO:colcon.colcon_core.shell:Creating package script '/home/vinayak/ws_moveit2/install/moveit_resources_panda_moveit_config/share/moveit_resources_panda_moveit_config/package.zsh'
[88.121s] Level 1:colcon.colcon_core.environment:create_file_with_runtime_dependencies(/home/vinayak/ws_moveit2/install/moveit_resources_panda_moveit_config/share/colcon-core/packages/moveit_resources_panda_moveit_config)
[88.121s] DEBUG:colcon.colcon_core.executor.sequential:run_until_complete 'moveit_resources_panda_moveit_config' finished with '0'
[88.121s] DEBUG:colcon.colcon_core.executor.sequential:run_until_complete 'rviz_marker_tools'
[88.121s] INFO:colcon.colcon_ros.task.ament_cmake.build:Building ROS package in '/home/vinayak/ws_moveit2/src/moveit_task_constructor/rviz_marker_tools' with build type 'ament_cmake'
[88.121s] INFO:colcon.colcon_cmake.task.cmake.build:Building CMake package in '/home/vinayak/ws_moveit2/src/moveit_task_constructor/rviz_marker_tools'
[88.122s] INFO:colcon.colcon_core.shell:Skip shell extension 'powershell' for command environment: Not usable outside of PowerShell
[88.122s] DEBUG:colcon.colcon_core.shell:Skip shell extension 'dsv' for command environment
[88.134s] DEBUG:colcon.colcon_core.event_handler.log_command:Invoking command in '/home/vinayak/ws_moveit2/build/rviz_marker_tools': CMAKE_PREFIX_PATH=/home/vinayak/ws_moveit2/install/moveit_common:/home/vinayak/ws_moveit2/install/ur:/home/vinayak/ws_moveit2/install/ur_calibration:/home/vinayak/ws_moveit2/install/ur_robot_driver:/home/vinayak/ws_moveit2/install/ur_moveit_config:/home/vinayak/ws_moveit2/install/ur_bringup:/home/vinayak/ws_moveit2/install/ur_controllers:/home/vinayak/ws_moveit2/install/ur_dashboard_msgs:/home/vinayak/ws_moveit2/install/new_configuration:/home/vinayak/ws_moveit2/install/ur3e:/home/vinayak/ws_moveit2/install/pilz_industrial_motion_planner_testutils:/home/vinayak/ws_moveit2/install/moveit_runtime:/home/vinayak/ws_moveit2/install/moveit2_tutorials:/home/vinayak/ws_moveit2/install/moveit:/home/vinayak/ws_moveit2/install/moveit_planners:/home/vinayak/ws_moveit2/install/pilz_industrial_motion_planner:/home/vinayak/ws_moveit2/install/moveit_visual_tools:/home/vinayak/ws_moveit2/install/moveit_task_constructor_visualization:/home/vinayak/ws_moveit2/install/moveit_task_constructor_demo:/home/vinayak/ws_moveit2/install/moveit_task_constructor_capabilities:/home/vinayak/ws_moveit2/install/moveit_task_constructor_core:/home/vinayak/ws_moveit2/install/moveit_ros_control_interface:/home/vinayak/ws_moveit2/install/moveit_plugins:/home/vinayak/ws_moveit2/install/moveit_simple_controller_manager:/home/vinayak/ws_moveit2/install/moveit_setup_assistant:/home/vinayak/ws_moveit2/install/moveit_setup_srdf_plugins:/home/vinayak/ws_moveit2/install/moveit_setup_core_plugins:/home/vinayak/ws_moveit2/install/moveit_setup_controllers:/home/vinayak/ws_moveit2/install/moveit_setup_app_plugins:/home/vinayak/ws_moveit2/install/moveit_setup_framework:/home/vinayak/ws_moveit2/install/moveit_servo:/home/vinayak/ws_moveit2/install/moveit_ros:/home/vinayak/ws_moveit2/install/moveit_ros_visualization:/home/vinayak/ws_moveit2/install/moveit_hybrid_planning:/home/vinayak/ws_moveit2/install/moveit_ros_planning_interface:/home/vinayak/ws_moveit2/install/moveit_ros_benchmarks:/home/vinayak/ws_moveit2/install/moveit_ros_warehouse:/home/vinayak/ws_moveit2/install/moveit_ros_robot_interaction:/home/vinayak/ws_moveit2/install/moveit_ros_perception:/home/vinayak/ws_moveit2/install/moveit_resources_prbt_pg70_support:/home/vinayak/ws_moveit2/install/moveit_resources_prbt_moveit_config:/home/vinayak/ws_moveit2/install/moveit_ros_move_group:/home/vinayak/ws_moveit2/install/moveit_planners_ompl:/home/vinayak/ws_moveit2/install/moveit_ros_planning:/home/vinayak/ws_moveit2/install/moveit_ros_occupancy_map_monitor:/home/vinayak/ws_moveit2/install/moveit_resources_prbt_ikfast_manipulator_plugin:/home/vinayak/ws_moveit2/install/moveit_planners_chomp:/home/vinayak/ws_moveit2/install/moveit_kinematics:/home/vinayak/ws_moveit2/install/moveit_chomp_optimizer_adapter:/home/vinayak/ws_moveit2/install/chomp_motion_planner:/home/vinayak/ws_moveit2/install/moveit_core:/home/vinayak/ws_moveit2/install/srdfdom:/home/vinayak/ws_moveit2/install/rviz_marker_tools:/home/vinayak/ws_moveit2/install/rosparam_shortcuts:/home/vinayak/ws_moveit2/install/moveit_task_constructor_msgs:/home/vinayak/ws_moveit2/install/moveit_resources_prbt_support:/home/vinayak/ws_moveit2/install/moveit_resources:/home/vinayak/ws_moveit2/install/moveit_resources_pr2_description:/home/vinayak/ws_moveit2/install/moveit_resources_panda_moveit_config:/home/vinayak/ws_moveit2/install/moveit_resources_panda_description:/home/vinayak/ws_moveit2/install/moveit_resources_fanuc_moveit_config:/home/vinayak/ws_moveit2/install/moveit_resources_fanuc_description:/home/vinayak/ws_moveit2/install/ur3e_motion_package:/home/vinayak/ws_moveit2/install/moveit_configs_utils:/home/vinayak/ws_moveit2/install/launch_param_builder:/opt/ros/humble /usr/bin/cmake /home/vinayak/ws_moveit2/src/moveit_task_constructor/rviz_marker_tools -DCMAKE_INSTALL_PREFIX=/home/vinayak/ws_moveit2/install/rviz_marker_tools
[89.740s] DEBUG:colcon.colcon_core.event_handler.log_command:Invoked command in '/home/vinayak/ws_moveit2/build/rviz_marker_tools' returned '0': CMAKE_PREFIX_PATH=/home/vinayak/ws_moveit2/install/moveit_common:/home/vinayak/ws_moveit2/install/ur:/home/vinayak/ws_moveit2/install/ur_calibration:/home/vinayak/ws_moveit2/install/ur_robot_driver:/home/vinayak/ws_moveit2/install/ur_moveit_config:/home/vinayak/ws_moveit2/install/ur_bringup:/home/vinayak/ws_moveit2/install/ur_controllers:/home/vinayak/ws_moveit2/install/ur_dashboard_msgs:/home/vinayak/ws_moveit2/install/new_configuration:/home/vinayak/ws_moveit2/install/ur3e:/home/vinayak/ws_moveit2/install/pilz_industrial_motion_planner_testutils:/home/vinayak/ws_moveit2/install/moveit_runtime:/home/vinayak/ws_moveit2/install/moveit2_tutorials:/home/vinayak/ws_moveit2/install/moveit:/home/vinayak/ws_moveit2/install/moveit_planners:/home/vinayak/ws_moveit2/install/pilz_industrial_motion_planner:/home/vinayak/ws_moveit2/install/moveit_visual_tools:/home/vinayak/ws_moveit2/install/moveit_task_constructor_visualization:/home/vinayak/ws_moveit2/install/moveit_task_constructor_demo:/home/vinayak/ws_moveit2/install/moveit_task_constructor_capabilities:/home/vinayak/ws_moveit2/install/moveit_task_constructor_core:/home/vinayak/ws_moveit2/install/moveit_ros_control_interface:/home/vinayak/ws_moveit2/install/moveit_plugins:/home/vinayak/ws_moveit2/install/moveit_simple_controller_manager:/home/vinayak/ws_moveit2/install/moveit_setup_assistant:/home/vinayak/ws_moveit2/install/moveit_setup_srdf_plugins:/home/vinayak/ws_moveit2/install/moveit_setup_core_plugins:/home/vinayak/ws_moveit2/install/moveit_setup_controllers:/home/vinayak/ws_moveit2/install/moveit_setup_app_plugins:/home/vinayak/ws_moveit2/install/moveit_setup_framework:/home/vinayak/ws_moveit2/install/moveit_servo:/home/vinayak/ws_moveit2/install/moveit_ros:/home/vinayak/ws_moveit2/install/moveit_ros_visualization:/home/vinayak/ws_moveit2/install/moveit_hybrid_planning:/home/vinayak/ws_moveit2/install/moveit_ros_planning_interface:/home/vinayak/ws_moveit2/install/moveit_ros_benchmarks:/home/vinayak/ws_moveit2/install/moveit_ros_warehouse:/home/vinayak/ws_moveit2/install/moveit_ros_robot_interaction:/home/vinayak/ws_moveit2/install/moveit_ros_perception:/home/vinayak/ws_moveit2/install/moveit_resources_prbt_pg70_support:/home/vinayak/ws_moveit2/install/moveit_resources_prbt_moveit_config:/home/vinayak/ws_moveit2/install/moveit_ros_move_group:/home/vinayak/ws_moveit2/install/moveit_planners_ompl:/home/vinayak/ws_moveit2/install/moveit_ros_planning:/home/vinayak/ws_moveit2/install/moveit_ros_occupancy_map_monitor:/home/vinayak/ws_moveit2/install/moveit_resources_prbt_ikfast_manipulator_plugin:/home/vinayak/ws_moveit2/install/moveit_planners_chomp:/home/vinayak/ws_moveit2/install/moveit_kinematics:/home/vinayak/ws_moveit2/install/moveit_chomp_optimizer_adapter:/home/vinayak/ws_moveit2/install/chomp_motion_planner:/home/vinayak/ws_moveit2/install/moveit_core:/home/vinayak/ws_moveit2/install/srdfdom:/home/vinayak/ws_moveit2/install/rviz_marker_tools:/home/vinayak/ws_moveit2/install/rosparam_shortcuts:/home/vinayak/ws_moveit2/install/moveit_task_constructor_msgs:/home/vinayak/ws_moveit2/install/moveit_resources_prbt_support:/home/vinayak/ws_moveit2/install/moveit_resources:/home/vinayak/ws_moveit2/install/moveit_resources_pr2_description:/home/vinayak/ws_moveit2/install/moveit_resources_panda_moveit_config:/home/vinayak/ws_moveit2/install/moveit_resources_panda_description:/home/vinayak/ws_moveit2/install/moveit_resources_fanuc_moveit_config:/home/vinayak/ws_moveit2/install/moveit_resources_fanuc_description:/home/vinayak/ws_moveit2/install/ur3e_motion_package:/home/vinayak/ws_moveit2/install/moveit_configs_utils:/home/vinayak/ws_moveit2/install/launch_param_builder:/opt/ros/humble /usr/bin/cmake /home/vinayak/ws_moveit2/src/moveit_task_constructor/rviz_marker_tools -DCMAKE_INSTALL_PREFIX=/home/vinayak/ws_moveit2/install/rviz_marker_tools
[89.741s] DEBUG:colcon.colcon_core.event_handler.log_command:Invoking command in '/home/vinayak/ws_moveit2/build/rviz_marker_tools': CMAKE_PREFIX_PATH=/home/vinayak/ws_moveit2/install/moveit_common:/home/vinayak/ws_moveit2/install/ur:/home/vinayak/ws_moveit2/install/ur_calibration:/home/vinayak/ws_moveit2/install/ur_robot_driver:/home/vinayak/ws_moveit2/install/ur_moveit_config:/home/vinayak/ws_moveit2/install/ur_bringup:/home/vinayak/ws_moveit2/install/ur_controllers:/home/vinayak/ws_moveit2/install/ur_dashboard_msgs:/home/vinayak/ws_moveit2/install/new_configuration:/home/vinayak/ws_moveit2/install/ur3e:/home/vinayak/ws_moveit2/install/pilz_industrial_motion_planner_testutils:/home/vinayak/ws_moveit2/install/moveit_runtime:/home/vinayak/ws_moveit2/install/moveit2_tutorials:/home/vinayak/ws_moveit2/install/moveit:/home/vinayak/ws_moveit2/install/moveit_planners:/home/vinayak/ws_moveit2/install/pilz_industrial_motion_planner:/home/vinayak/ws_moveit2/install/moveit_visual_tools:/home/vinayak/ws_moveit2/install/moveit_task_constructor_visualization:/home/vinayak/ws_moveit2/install/moveit_task_constructor_demo:/home/vinayak/ws_moveit2/install/moveit_task_constructor_capabilities:/home/vinayak/ws_moveit2/install/moveit_task_constructor_core:/home/vinayak/ws_moveit2/install/moveit_ros_control_interface:/home/vinayak/ws_moveit2/install/moveit_plugins:/home/vinayak/ws_moveit2/install/moveit_simple_controller_manager:/home/vinayak/ws_moveit2/install/moveit_setup_assistant:/home/vinayak/ws_moveit2/install/moveit_setup_srdf_plugins:/home/vinayak/ws_moveit2/install/moveit_setup_core_plugins:/home/vinayak/ws_moveit2/install/moveit_setup_controllers:/home/vinayak/ws_moveit2/install/moveit_setup_app_plugins:/home/vinayak/ws_moveit2/install/moveit_setup_framework:/home/vinayak/ws_moveit2/install/moveit_servo:/home/vinayak/ws_moveit2/install/moveit_ros:/home/vinayak/ws_moveit2/install/moveit_ros_visualization:/home/vinayak/ws_moveit2/install/moveit_hybrid_planning:/home/vinayak/ws_moveit2/install/moveit_ros_planning_interface:/home/vinayak/ws_moveit2/install/moveit_ros_benchmarks:/home/vinayak/ws_moveit2/install/moveit_ros_warehouse:/home/vinayak/ws_moveit2/install/moveit_ros_robot_interaction:/home/vinayak/ws_moveit2/install/moveit_ros_perception:/home/vinayak/ws_moveit2/install/moveit_resources_prbt_pg70_support:/home/vinayak/ws_moveit2/install/moveit_resources_prbt_moveit_config:/home/vinayak/ws_moveit2/install/moveit_ros_move_group:/home/vinayak/ws_moveit2/install/moveit_planners_ompl:/home/vinayak/ws_moveit2/install/moveit_ros_planning:/home/vinayak/ws_moveit2/install/moveit_ros_occupancy_map_monitor:/home/vinayak/ws_moveit2/install/moveit_resources_prbt_ikfast_manipulator_plugin:/home/vinayak/ws_moveit2/install/moveit_planners_chomp:/home/vinayak/ws_moveit2/install/moveit_kinematics:/home/vinayak/ws_moveit2/install/moveit_chomp_optimizer_adapter:/home/vinayak/ws_moveit2/install/chomp_motion_planner:/home/vinayak/ws_moveit2/install/moveit_core:/home/vinayak/ws_moveit2/install/srdfdom:/home/vinayak/ws_moveit2/install/rviz_marker_tools:/home/vinayak/ws_moveit2/install/rosparam_shortcuts:/home/vinayak/ws_moveit2/install/moveit_task_constructor_msgs:/home/vinayak/ws_moveit2/install/moveit_resources_prbt_support:/home/vinayak/ws_moveit2/install/moveit_resources:/home/vinayak/ws_moveit2/install/moveit_resources_pr2_description:/home/vinayak/ws_moveit2/install/moveit_resources_panda_moveit_config:/home/vinayak/ws_moveit2/install/moveit_resources_panda_description:/home/vinayak/ws_moveit2/install/moveit_resources_fanuc_moveit_config:/home/vinayak/ws_moveit2/install/moveit_resources_fanuc_description:/home/vinayak/ws_moveit2/install/ur3e_motion_package:/home/vinayak/ws_moveit2/install/moveit_configs_utils:/home/vinayak/ws_moveit2/install/launch_param_builder:/opt/ros/humble /usr/bin/cmake --build /home/vinayak/ws_moveit2/build/rviz_marker_tools
[94.749s] DEBUG:colcon.colcon_core.event_handler.log_command:Invoked command in '/home/vinayak/ws_moveit2/build/rviz_marker_tools' returned '0': CMAKE_PREFIX_PATH=/home/vinayak/ws_moveit2/install/moveit_common:/home/vinayak/ws_moveit2/install/ur:/home/vinayak/ws_moveit2/install/ur_calibration:/home/vinayak/ws_moveit2/install/ur_robot_driver:/home/vinayak/ws_moveit2/install/ur_moveit_config:/home/vinayak/ws_moveit2/install/ur_bringup:/home/vinayak/ws_moveit2/install/ur_controllers:/home/vinayak/ws_moveit2/install/ur_dashboard_msgs:/home/vinayak/ws_moveit2/install/new_configuration:/home/vinayak/ws_moveit2/install/ur3e:/home/vinayak/ws_moveit2/install/pilz_industrial_motion_planner_testutils:/home/vinayak/ws_moveit2/install/moveit_runtime:/home/vinayak/ws_moveit2/install/moveit2_tutorials:/home/vinayak/ws_moveit2/install/moveit:/home/vinayak/ws_moveit2/install/moveit_planners:/home/vinayak/ws_moveit2/install/pilz_industrial_motion_planner:/home/vinayak/ws_moveit2/install/moveit_visual_tools:/home/vinayak/ws_moveit2/install/moveit_task_constructor_visualization:/home/vinayak/ws_moveit2/install/moveit_task_constructor_demo:/home/vinayak/ws_moveit2/install/moveit_task_constructor_capabilities:/home/vinayak/ws_moveit2/install/moveit_task_constructor_core:/home/vinayak/ws_moveit2/install/moveit_ros_control_interface:/home/vinayak/ws_moveit2/install/moveit_plugins:/home/vinayak/ws_moveit2/install/moveit_simple_controller_manager:/home/vinayak/ws_moveit2/install/moveit_setup_assistant:/home/vinayak/ws_moveit2/install/moveit_setup_srdf_plugins:/home/vinayak/ws_moveit2/install/moveit_setup_core_plugins:/home/vinayak/ws_moveit2/install/moveit_setup_controllers:/home/vinayak/ws_moveit2/install/moveit_setup_app_plugins:/home/vinayak/ws_moveit2/install/moveit_setup_framework:/home/vinayak/ws_moveit2/install/moveit_servo:/home/vinayak/ws_moveit2/install/moveit_ros:/home/vinayak/ws_moveit2/install/moveit_ros_visualization:/home/vinayak/ws_moveit2/install/moveit_hybrid_planning:/home/vinayak/ws_moveit2/install/moveit_ros_planning_interface:/home/vinayak/ws_moveit2/install/moveit_ros_benchmarks:/home/vinayak/ws_moveit2/install/moveit_ros_warehouse:/home/vinayak/ws_moveit2/install/moveit_ros_robot_interaction:/home/vinayak/ws_moveit2/install/moveit_ros_perception:/home/vinayak/ws_moveit2/install/moveit_resources_prbt_pg70_support:/home/vinayak/ws_moveit2/install/moveit_resources_prbt_moveit_config:/home/vinayak/ws_moveit2/install/moveit_ros_move_group:/home/vinayak/ws_moveit2/install/moveit_planners_ompl:/home/vinayak/ws_moveit2/install/moveit_ros_planning:/home/vinayak/ws_moveit2/install/moveit_ros_occupancy_map_monitor:/home/vinayak/ws_moveit2/install/moveit_resources_prbt_ikfast_manipulator_plugin:/home/vinayak/ws_moveit2/install/moveit_planners_chomp:/home/vinayak/ws_moveit2/install/moveit_kinematics:/home/vinayak/ws_moveit2/install/moveit_chomp_optimizer_adapter:/home/vinayak/ws_moveit2/install/chomp_motion_planner:/home/vinayak/ws_moveit2/install/moveit_core:/home/vinayak/ws_moveit2/install/srdfdom:/home/vinayak/ws_moveit2/install/rviz_marker_tools:/home/vinayak/ws_moveit2/install/rosparam_shortcuts:/home/vinayak/ws_moveit2/install/moveit_task_constructor_msgs:/home/vinayak/ws_moveit2/install/moveit_resources_prbt_support:/home/vinayak/ws_moveit2/install/moveit_resources:/home/vinayak/ws_moveit2/install/moveit_resources_pr2_description:/home/vinayak/ws_moveit2/install/moveit_resources_panda_moveit_config:/home/vinayak/ws_moveit2/install/moveit_resources_panda_description:/home/vinayak/ws_moveit2/install/moveit_resources_fanuc_moveit_config:/home/vinayak/ws_moveit2/install/moveit_resources_fanuc_description:/home/vinayak/ws_moveit2/install/ur3e_motion_package:/home/vinayak/ws_moveit2/install/moveit_configs_utils:/home/vinayak/ws_moveit2/install/launch_param_builder:/opt/ros/humble /usr/bin/cmake --build /home/vinayak/ws_moveit2/build/rviz_marker_tools
[94.750s] DEBUG:colcon.colcon_core.event_handler.log_command:Invoking command in '/home/vinayak/ws_moveit2/build/rviz_marker_tools': CMAKE_PREFIX_PATH=/home/vinayak/ws_moveit2/install/moveit_common:/home/vinayak/ws_moveit2/install/ur:/home/vinayak/ws_moveit2/install/ur_calibration:/home/vinayak/ws_moveit2/install/ur_robot_driver:/home/vinayak/ws_moveit2/install/ur_moveit_config:/home/vinayak/ws_moveit2/install/ur_bringup:/home/vinayak/ws_moveit2/install/ur_controllers:/home/vinayak/ws_moveit2/install/ur_dashboard_msgs:/home/vinayak/ws_moveit2/install/new_configuration:/home/vinayak/ws_moveit2/install/ur3e:/home/vinayak/ws_moveit2/install/pilz_industrial_motion_planner_testutils:/home/vinayak/ws_moveit2/install/moveit_runtime:/home/vinayak/ws_moveit2/install/moveit2_tutorials:/home/vinayak/ws_moveit2/install/moveit:/home/vinayak/ws_moveit2/install/moveit_planners:/home/vinayak/ws_moveit2/install/pilz_industrial_motion_planner:/home/vinayak/ws_moveit2/install/moveit_visual_tools:/home/vinayak/ws_moveit2/install/moveit_task_constructor_visualization:/home/vinayak/ws_moveit2/install/moveit_task_constructor_demo:/home/vinayak/ws_moveit2/install/moveit_task_constructor_capabilities:/home/vinayak/ws_moveit2/install/moveit_task_constructor_core:/home/vinayak/ws_moveit2/install/moveit_ros_control_interface:/home/vinayak/ws_moveit2/install/moveit_plugins:/home/vinayak/ws_moveit2/install/moveit_simple_controller_manager:/home/vinayak/ws_moveit2/install/moveit_setup_assistant:/home/vinayak/ws_moveit2/install/moveit_setup_srdf_plugins:/home/vinayak/ws_moveit2/install/moveit_setup_core_plugins:/home/vinayak/ws_moveit2/install/moveit_setup_controllers:/home/vinayak/ws_moveit2/install/moveit_setup_app_plugins:/home/vinayak/ws_moveit2/install/moveit_setup_framework:/home/vinayak/ws_moveit2/install/moveit_servo:/home/vinayak/ws_moveit2/install/moveit_ros:/home/vinayak/ws_moveit2/install/moveit_ros_visualization:/home/vinayak/ws_moveit2/install/moveit_hybrid_planning:/home/vinayak/ws_moveit2/install/moveit_ros_planning_interface:/home/vinayak/ws_moveit2/install/moveit_ros_benchmarks:/home/vinayak/ws_moveit2/install/moveit_ros_warehouse:/home/vinayak/ws_moveit2/install/moveit_ros_robot_interaction:/home/vinayak/ws_moveit2/install/moveit_ros_perception:/home/vinayak/ws_moveit2/install/moveit_resources_prbt_pg70_support:/home/vinayak/ws_moveit2/install/moveit_resources_prbt_moveit_config:/home/vinayak/ws_moveit2/install/moveit_ros_move_group:/home/vinayak/ws_moveit2/install/moveit_planners_ompl:/home/vinayak/ws_moveit2/install/moveit_ros_planning:/home/vinayak/ws_moveit2/install/moveit_ros_occupancy_map_monitor:/home/vinayak/ws_moveit2/install/moveit_resources_prbt_ikfast_manipulator_plugin:/home/vinayak/ws_moveit2/install/moveit_planners_chomp:/home/vinayak/ws_moveit2/install/moveit_kinematics:/home/vinayak/ws_moveit2/install/moveit_chomp_optimizer_adapter:/home/vinayak/ws_moveit2/install/chomp_motion_planner:/home/vinayak/ws_moveit2/install/moveit_core:/home/vinayak/ws_moveit2/install/srdfdom:/home/vinayak/ws_moveit2/install/rviz_marker_tools:/home/vinayak/ws_moveit2/install/rosparam_shortcuts:/home/vinayak/ws_moveit2/install/moveit_task_constructor_msgs:/home/vinayak/ws_moveit2/install/moveit_resources_prbt_support:/home/vinayak/ws_moveit2/install/moveit_resources:/home/vinayak/ws_moveit2/install/moveit_resources_pr2_description:/home/vinayak/ws_moveit2/install/moveit_resources_panda_moveit_config:/home/vinayak/ws_moveit2/install/moveit_resources_panda_description:/home/vinayak/ws_moveit2/install/moveit_resources_fanuc_moveit_config:/home/vinayak/ws_moveit2/install/moveit_resources_fanuc_description:/home/vinayak/ws_moveit2/install/ur3e_motion_package:/home/vinayak/ws_moveit2/install/moveit_configs_utils:/home/vinayak/ws_moveit2/install/launch_param_builder:/opt/ros/humble /usr/bin/cmake --install /home/vinayak/ws_moveit2/build/rviz_marker_tools
[94.763s] Level 1:colcon.colcon_core.environment:create_environment_scripts_only(rviz_marker_tools)
[94.763s] Level 1:colcon.colcon_core.environment:checking '/home/vinayak/ws_moveit2/install/rviz_marker_tools' for CMake module files
[94.763s] DEBUG:colcon.colcon_core.event_handler.log_command:Invoked command in '/home/vinayak/ws_moveit2/build/rviz_marker_tools' returned '0': CMAKE_PREFIX_PATH=/home/vinayak/ws_moveit2/install/moveit_common:/home/vinayak/ws_moveit2/install/ur:/home/vinayak/ws_moveit2/install/ur_calibration:/home/vinayak/ws_moveit2/install/ur_robot_driver:/home/vinayak/ws_moveit2/install/ur_moveit_config:/home/vinayak/ws_moveit2/install/ur_bringup:/home/vinayak/ws_moveit2/install/ur_controllers:/home/vinayak/ws_moveit2/install/ur_dashboard_msgs:/home/vinayak/ws_moveit2/install/new_configuration:/home/vinayak/ws_moveit2/install/ur3e:/home/vinayak/ws_moveit2/install/pilz_industrial_motion_planner_testutils:/home/vinayak/ws_moveit2/install/moveit_runtime:/home/vinayak/ws_moveit2/install/moveit2_tutorials:/home/vinayak/ws_moveit2/install/moveit:/home/vinayak/ws_moveit2/install/moveit_planners:/home/vinayak/ws_moveit2/install/pilz_industrial_motion_planner:/home/vinayak/ws_moveit2/install/moveit_visual_tools:/home/vinayak/ws_moveit2/install/moveit_task_constructor_visualization:/home/vinayak/ws_moveit2/install/moveit_task_constructor_demo:/home/vinayak/ws_moveit2/install/moveit_task_constructor_capabilities:/home/vinayak/ws_moveit2/install/moveit_task_constructor_core:/home/vinayak/ws_moveit2/install/moveit_ros_control_interface:/home/vinayak/ws_moveit2/install/moveit_plugins:/home/vinayak/ws_moveit2/install/moveit_simple_controller_manager:/home/vinayak/ws_moveit2/install/moveit_setup_assistant:/home/vinayak/ws_moveit2/install/moveit_setup_srdf_plugins:/home/vinayak/ws_moveit2/install/moveit_setup_core_plugins:/home/vinayak/ws_moveit2/install/moveit_setup_controllers:/home/vinayak/ws_moveit2/install/moveit_setup_app_plugins:/home/vinayak/ws_moveit2/install/moveit_setup_framework:/home/vinayak/ws_moveit2/install/moveit_servo:/home/vinayak/ws_moveit2/install/moveit_ros:/home/vinayak/ws_moveit2/install/moveit_ros_visualization:/home/vinayak/ws_moveit2/install/moveit_hybrid_planning:/home/vinayak/ws_moveit2/install/moveit_ros_planning_interface:/home/vinayak/ws_moveit2/install/moveit_ros_benchmarks:/home/vinayak/ws_moveit2/install/moveit_ros_warehouse:/home/vinayak/ws_moveit2/install/moveit_ros_robot_interaction:/home/vinayak/ws_moveit2/install/moveit_ros_perception:/home/vinayak/ws_moveit2/install/moveit_resources_prbt_pg70_support:/home/vinayak/ws_moveit2/install/moveit_resources_prbt_moveit_config:/home/vinayak/ws_moveit2/install/moveit_ros_move_group:/home/vinayak/ws_moveit2/install/moveit_planners_ompl:/home/vinayak/ws_moveit2/install/moveit_ros_planning:/home/vinayak/ws_moveit2/install/moveit_ros_occupancy_map_monitor:/home/vinayak/ws_moveit2/install/moveit_resources_prbt_ikfast_manipulator_plugin:/home/vinayak/ws_moveit2/install/moveit_planners_chomp:/home/vinayak/ws_moveit2/install/moveit_kinematics:/home/vinayak/ws_moveit2/install/moveit_chomp_optimizer_adapter:/home/vinayak/ws_moveit2/install/chomp_motion_planner:/home/vinayak/ws_moveit2/install/moveit_core:/home/vinayak/ws_moveit2/install/srdfdom:/home/vinayak/ws_moveit2/install/rviz_marker_tools:/home/vinayak/ws_moveit2/install/rosparam_shortcuts:/home/vinayak/ws_moveit2/install/moveit_task_constructor_msgs:/home/vinayak/ws_moveit2/install/moveit_resources_prbt_support:/home/vinayak/ws_moveit2/install/moveit_resources:/home/vinayak/ws_moveit2/install/moveit_resources_pr2_description:/home/vinayak/ws_moveit2/install/moveit_resources_panda_moveit_config:/home/vinayak/ws_moveit2/install/moveit_resources_panda_description:/home/vinayak/ws_moveit2/install/moveit_resources_fanuc_moveit_config:/home/vinayak/ws_moveit2/install/moveit_resources_fanuc_description:/home/vinayak/ws_moveit2/install/ur3e_motion_package:/home/vinayak/ws_moveit2/install/moveit_configs_utils:/home/vinayak/ws_moveit2/install/launch_param_builder:/opt/ros/humble /usr/bin/cmake --install /home/vinayak/ws_moveit2/build/rviz_marker_tools
[94.764s] Level 1:colcon.colcon_core.environment:checking '/home/vinayak/ws_moveit2/install/rviz_marker_tools' for CMake config files
[94.764s] Level 1:colcon.colcon_core.shell:create_environment_hook('rviz_marker_tools', 'cmake_prefix_path')
[94.764s] INFO:colcon.colcon_core.shell:Creating environment hook '/home/vinayak/ws_moveit2/install/rviz_marker_tools/share/rviz_marker_tools/hook/cmake_prefix_path.ps1'
[94.764s] INFO:colcon.colcon_core.shell:Creating environment descriptor '/home/vinayak/ws_moveit2/install/rviz_marker_tools/share/rviz_marker_tools/hook/cmake_prefix_path.dsv'
[94.765s] INFO:colcon.colcon_core.shell:Creating environment hook '/home/vinayak/ws_moveit2/install/rviz_marker_tools/share/rviz_marker_tools/hook/cmake_prefix_path.sh'
[94.765s] Level 1:colcon.colcon_core.environment:checking '/home/vinayak/ws_moveit2/install/rviz_marker_tools/lib'
[94.765s] Level 1:colcon.colcon_core.shell:create_environment_hook('rviz_marker_tools', 'ld_library_path_lib')
[94.765s] INFO:colcon.colcon_core.shell:Creating environment hook '/home/vinayak/ws_moveit2/install/rviz_marker_tools/share/rviz_marker_tools/hook/ld_library_path_lib.ps1'
[94.766s] INFO:colcon.colcon_core.shell:Creating environment descriptor '/home/vinayak/ws_moveit2/install/rviz_marker_tools/share/rviz_marker_tools/hook/ld_library_path_lib.dsv'
[94.766s] INFO:colcon.colcon_core.shell:Creating environment hook '/home/vinayak/ws_moveit2/install/rviz_marker_tools/share/rviz_marker_tools/hook/ld_library_path_lib.sh'
[94.766s] Level 1:colcon.colcon_core.environment:checking '/home/vinayak/ws_moveit2/install/rviz_marker_tools/bin'
[94.766s] Level 1:colcon.colcon_core.environment:checking '/home/vinayak/ws_moveit2/install/rviz_marker_tools/lib/pkgconfig/rviz_marker_tools.pc'
[94.767s] Level 1:colcon.colcon_core.environment:checking '/home/vinayak/ws_moveit2/install/rviz_marker_tools/lib/python3.10/site-packages'
[94.767s] Level 1:colcon.colcon_core.environment:checking '/home/vinayak/ws_moveit2/install/rviz_marker_tools/bin'
[94.767s] INFO:colcon.colcon_core.shell:Creating package script '/home/vinayak/ws_moveit2/install/rviz_marker_tools/share/rviz_marker_tools/package.ps1'
[94.767s] INFO:colcon.colcon_core.shell:Creating package descriptor '/home/vinayak/ws_moveit2/install/rviz_marker_tools/share/rviz_marker_tools/package.dsv'
[94.768s] INFO:colcon.colcon_core.shell:Creating package script '/home/vinayak/ws_moveit2/install/rviz_marker_tools/share/rviz_marker_tools/package.sh'
[94.768s] INFO:colcon.colcon_core.shell:Creating package script '/home/vinayak/ws_moveit2/install/rviz_marker_tools/share/rviz_marker_tools/package.bash'
[94.768s] INFO:colcon.colcon_core.shell:Creating package script '/home/vinayak/ws_moveit2/install/rviz_marker_tools/share/rviz_marker_tools/package.zsh'
[94.769s] Level 1:colcon.colcon_core.environment:create_file_with_runtime_dependencies(/home/vinayak/ws_moveit2/install/rviz_marker_tools/share/colcon-core/packages/rviz_marker_tools)
[94.769s] Level 1:colcon.colcon_core.environment:create_environment_scripts_only(rviz_marker_tools)
[94.769s] Level 1:colcon.colcon_core.environment:checking '/home/vinayak/ws_moveit2/install/rviz_marker_tools' for CMake module files
[94.770s] Level 1:colcon.colcon_core.environment:checking '/home/vinayak/ws_moveit2/install/rviz_marker_tools' for CMake config files
[94.770s] Level 1:colcon.colcon_core.shell:create_environment_hook('rviz_marker_tools', 'cmake_prefix_path')
[94.770s] INFO:colcon.colcon_core.shell:Creating environment hook '/home/vinayak/ws_moveit2/install/rviz_marker_tools/share/rviz_marker_tools/hook/cmake_prefix_path.ps1'
[94.770s] INFO:colcon.colcon_core.shell:Creating environment descriptor '/home/vinayak/ws_moveit2/install/rviz_marker_tools/share/rviz_marker_tools/hook/cmake_prefix_path.dsv'
[94.770s] INFO:colcon.colcon_core.shell:Creating environment hook '/home/vinayak/ws_moveit2/install/rviz_marker_tools/share/rviz_marker_tools/hook/cmake_prefix_path.sh'
[94.771s] Level 1:colcon.colcon_core.environment:checking '/home/vinayak/ws_moveit2/install/rviz_marker_tools/lib'
[94.771s] Level 1:colcon.colcon_core.shell:create_environment_hook('rviz_marker_tools', 'ld_library_path_lib')
[94.771s] INFO:colcon.colcon_core.shell:Creating environment hook '/home/vinayak/ws_moveit2/install/rviz_marker_tools/share/rviz_marker_tools/hook/ld_library_path_lib.ps1'
[94.771s] INFO:colcon.colcon_core.shell:Creating environment descriptor '/home/vinayak/ws_moveit2/install/rviz_marker_tools/share/rviz_marker_tools/hook/ld_library_path_lib.dsv'
[94.772s] INFO:colcon.colcon_core.shell:Creating environment hook '/home/vinayak/ws_moveit2/install/rviz_marker_tools/share/rviz_marker_tools/hook/ld_library_path_lib.sh'
[94.772s] Level 1:colcon.colcon_core.environment:checking '/home/vinayak/ws_moveit2/install/rviz_marker_tools/bin'
[94.772s] Level 1:colcon.colcon_core.environment:checking '/home/vinayak/ws_moveit2/install/rviz_marker_tools/lib/pkgconfig/rviz_marker_tools.pc'
[94.772s] Level 1:colcon.colcon_core.environment:checking '/home/vinayak/ws_moveit2/install/rviz_marker_tools/lib/python3.10/site-packages'
[94.772s] Level 1:colcon.colcon_core.environment:checking '/home/vinayak/ws_moveit2/install/rviz_marker_tools/bin'
[94.773s] INFO:colcon.colcon_core.shell:Creating package script '/home/vinayak/ws_moveit2/install/rviz_marker_tools/share/rviz_marker_tools/package.ps1'
[94.773s] INFO:colcon.colcon_core.shell:Creating package descriptor '/home/vinayak/ws_moveit2/install/rviz_marker_tools/share/rviz_marker_tools/package.dsv'
[94.773s] INFO:colcon.colcon_core.shell:Creating package script '/home/vinayak/ws_moveit2/install/rviz_marker_tools/share/rviz_marker_tools/package.sh'
[94.774s] INFO:colcon.colcon_core.shell:Creating package script '/home/vinayak/ws_moveit2/install/rviz_marker_tools/share/rviz_marker_tools/package.bash'
[94.774s] INFO:colcon.colcon_core.shell:Creating package script '/home/vinayak/ws_moveit2/install/rviz_marker_tools/share/rviz_marker_tools/package.zsh'
[94.774s] Level 1:colcon.colcon_core.environment:create_file_with_runtime_dependencies(/home/vinayak/ws_moveit2/install/rviz_marker_tools/share/colcon-core/packages/rviz_marker_tools)
[94.775s] DEBUG:colcon.colcon_core.executor.sequential:run_until_complete 'rviz_marker_tools' finished with '0'
[94.775s] DEBUG:colcon.colcon_core.executor.sequential:run_until_complete 'ur_controllers'
[94.775s] INFO:colcon.colcon_ros.task.ament_cmake.build:Building ROS package in '/home/vinayak/ws_moveit2/src/Universal_Robots_ROS2_Driver/ur_controllers' with build type 'ament_cmake'
[94.775s] INFO:colcon.colcon_cmake.task.cmake.build:Building CMake package in '/home/vinayak/ws_moveit2/src/Universal_Robots_ROS2_Driver/ur_controllers'
[94.775s] INFO:colcon.colcon_core.shell:Skip shell extension 'powershell' for command environment: Not usable outside of PowerShell
[94.775s] DEBUG:colcon.colcon_core.shell:Skip shell extension 'dsv' for command environment
[94.790s] DEBUG:colcon.colcon_core.event_handler.log_command:Invoking command in '/home/vinayak/ws_moveit2/build/ur_controllers': CMAKE_PREFIX_PATH=/home/vinayak/ws_moveit2/install/ur_dashboard_msgs:/home/vinayak/ws_moveit2/install/ur:/home/vinayak/ws_moveit2/install/ur_calibration:/home/vinayak/ws_moveit2/install/ur_robot_driver:/home/vinayak/ws_moveit2/install/ur_moveit_config:/home/vinayak/ws_moveit2/install/ur_bringup:/home/vinayak/ws_moveit2/install/ur_controllers:/home/vinayak/ws_moveit2/install/new_configuration:/home/vinayak/ws_moveit2/install/ur3e:/home/vinayak/ws_moveit2/install/pilz_industrial_motion_planner_testutils:/home/vinayak/ws_moveit2/install/moveit_runtime:/home/vinayak/ws_moveit2/install/moveit2_tutorials:/home/vinayak/ws_moveit2/install/moveit:/home/vinayak/ws_moveit2/install/moveit_planners:/home/vinayak/ws_moveit2/install/pilz_industrial_motion_planner:/home/vinayak/ws_moveit2/install/moveit_visual_tools:/home/vinayak/ws_moveit2/install/moveit_task_constructor_visualization:/home/vinayak/ws_moveit2/install/moveit_task_constructor_demo:/home/vinayak/ws_moveit2/install/moveit_task_constructor_capabilities:/home/vinayak/ws_moveit2/install/moveit_task_constructor_core:/home/vinayak/ws_moveit2/install/moveit_ros_control_interface:/home/vinayak/ws_moveit2/install/moveit_plugins:/home/vinayak/ws_moveit2/install/moveit_simple_controller_manager:/home/vinayak/ws_moveit2/install/moveit_setup_assistant:/home/vinayak/ws_moveit2/install/moveit_setup_srdf_plugins:/home/vinayak/ws_moveit2/install/moveit_setup_core_plugins:/home/vinayak/ws_moveit2/install/moveit_setup_controllers:/home/vinayak/ws_moveit2/install/moveit_setup_app_plugins:/home/vinayak/ws_moveit2/install/moveit_setup_framework:/home/vinayak/ws_moveit2/install/moveit_servo:/home/vinayak/ws_moveit2/install/moveit_ros:/home/vinayak/ws_moveit2/install/moveit_ros_visualization:/home/vinayak/ws_moveit2/install/moveit_hybrid_planning:/home/vinayak/ws_moveit2/install/moveit_ros_planning_interface:/home/vinayak/ws_moveit2/install/moveit_ros_benchmarks:/home/vinayak/ws_moveit2/install/moveit_ros_warehouse:/home/vinayak/ws_moveit2/install/moveit_ros_robot_interaction:/home/vinayak/ws_moveit2/install/moveit_ros_perception:/home/vinayak/ws_moveit2/install/moveit_resources_prbt_pg70_support:/home/vinayak/ws_moveit2/install/moveit_resources_prbt_moveit_config:/home/vinayak/ws_moveit2/install/moveit_ros_move_group:/home/vinayak/ws_moveit2/install/moveit_planners_ompl:/home/vinayak/ws_moveit2/install/moveit_ros_planning:/home/vinayak/ws_moveit2/install/moveit_ros_occupancy_map_monitor:/home/vinayak/ws_moveit2/install/moveit_resources_prbt_ikfast_manipulator_plugin:/home/vinayak/ws_moveit2/install/moveit_planners_chomp:/home/vinayak/ws_moveit2/install/moveit_kinematics:/home/vinayak/ws_moveit2/install/moveit_chomp_optimizer_adapter:/home/vinayak/ws_moveit2/install/chomp_motion_planner:/home/vinayak/ws_moveit2/install/moveit_core:/home/vinayak/ws_moveit2/install/srdfdom:/home/vinayak/ws_moveit2/install/rviz_marker_tools:/home/vinayak/ws_moveit2/install/rosparam_shortcuts:/home/vinayak/ws_moveit2/install/moveit_task_constructor_msgs:/home/vinayak/ws_moveit2/install/moveit_resources_prbt_support:/home/vinayak/ws_moveit2/install/moveit_resources:/home/vinayak/ws_moveit2/install/moveit_resources_pr2_description:/home/vinayak/ws_moveit2/install/moveit_resources_panda_moveit_config:/home/vinayak/ws_moveit2/install/moveit_resources_panda_description:/home/vinayak/ws_moveit2/install/moveit_resources_fanuc_moveit_config:/home/vinayak/ws_moveit2/install/moveit_resources_fanuc_description:/home/vinayak/ws_moveit2/install/moveit_common:/home/vinayak/ws_moveit2/install/ur3e_motion_package:/home/vinayak/ws_moveit2/install/moveit_configs_utils:/home/vinayak/ws_moveit2/install/launch_param_builder:/opt/ros/humble LD_LIBRARY_PATH=/home/vinayak/ws_moveit2/install/ur_dashboard_msgs/lib:/home/vinayak/ws_moveit2/install/ur_robot_driver/lib:/home/vinayak/ws_moveit2/install/ur_controllers/lib:/home/vinayak/ws_moveit2/install/pilz_industrial_motion_planner_testutils/lib:/home/vinayak/ws_moveit2/install/pilz_industrial_motion_planner/lib:/home/vinayak/ws_moveit2/install/moveit_visual_tools/lib:/home/vinayak/ws_moveit2/install/moveit_task_constructor_visualization/lib:/home/vinayak/ws_moveit2/install/moveit_task_constructor_demo/lib:/home/vinayak/ws_moveit2/install/moveit_task_constructor_capabilities/lib:/home/vinayak/ws_moveit2/install/moveit_task_constructor_core/lib:/home/vinayak/ws_moveit2/install/moveit_ros_control_interface/lib:/home/vinayak/ws_moveit2/install/moveit_simple_controller_manager/lib:/home/vinayak/ws_moveit2/install/moveit_setup_assistant/lib:/home/vinayak/ws_moveit2/install/moveit_setup_srdf_plugins/lib:/home/vinayak/ws_moveit2/install/moveit_setup_core_plugins/lib:/home/vinayak/ws_moveit2/install/moveit_setup_controllers/lib:/home/vinayak/ws_moveit2/install/moveit_setup_app_plugins/lib:/home/vinayak/ws_moveit2/install/moveit_setup_framework/lib:/home/vinayak/ws_moveit2/install/moveit_servo/lib:/home/vinayak/ws_moveit2/install/moveit_ros_visualization/lib:/home/vinayak/ws_moveit2/install/moveit_hybrid_planning/lib:/home/vinayak/ws_moveit2/install/moveit_ros_planning_interface/lib:/home/vinayak/ws_moveit2/install/moveit_ros_benchmarks/lib:/home/vinayak/ws_moveit2/install/moveit_ros_warehouse/lib:/home/vinayak/ws_moveit2/install/moveit_ros_robot_interaction/lib:/home/vinayak/ws_moveit2/install/moveit_ros_perception/lib:/home/vinayak/ws_moveit2/install/moveit_ros_move_group/lib:/home/vinayak/ws_moveit2/install/moveit_planners_ompl/lib:/home/vinayak/ws_moveit2/install/moveit_ros_planning/lib:/home/vinayak/ws_moveit2/install/moveit_ros_occupancy_map_monitor/lib:/home/vinayak/ws_moveit2/install/moveit_resources_prbt_ikfast_manipulator_plugin/lib:/home/vinayak/ws_moveit2/install/moveit_planners_chomp/lib:/home/vinayak/ws_moveit2/install/moveit_kinematics/lib:/home/vinayak/ws_moveit2/install/moveit_chomp_optimizer_adapter/lib:/home/vinayak/ws_moveit2/install/chomp_motion_planner/lib:/home/vinayak/ws_moveit2/install/moveit_core/lib:/home/vinayak/ws_moveit2/install/srdfdom/lib:/home/vinayak/ws_moveit2/install/rviz_marker_tools/lib:/home/vinayak/ws_moveit2/install/rosparam_shortcuts/lib:/home/vinayak/ws_moveit2/install/moveit_task_constructor_msgs/lib:/usr/lib/x86_64-linux-gnu/gazebo-11/plugins:/opt/ros/humble/opt/rviz_ogre_vendor/lib:/opt/ros/humble/lib/x86_64-linux-gnu:/opt/ros/humble/lib:/usr/local/cuda-12.4/lib64 /usr/bin/cmake /home/vinayak/ws_moveit2/src/Universal_Robots_ROS2_Driver/ur_controllers -DCMAKE_INSTALL_PREFIX=/home/vinayak/ws_moveit2/install/ur_controllers
[96.444s] DEBUG:colcon.colcon_core.event_handler.log_command:Invoked command in '/home/vinayak/ws_moveit2/build/ur_controllers' returned '0': CMAKE_PREFIX_PATH=/home/vinayak/ws_moveit2/install/ur_dashboard_msgs:/home/vinayak/ws_moveit2/install/ur:/home/vinayak/ws_moveit2/install/ur_calibration:/home/vinayak/ws_moveit2/install/ur_robot_driver:/home/vinayak/ws_moveit2/install/ur_moveit_config:/home/vinayak/ws_moveit2/install/ur_bringup:/home/vinayak/ws_moveit2/install/ur_controllers:/home/vinayak/ws_moveit2/install/new_configuration:/home/vinayak/ws_moveit2/install/ur3e:/home/vinayak/ws_moveit2/install/pilz_industrial_motion_planner_testutils:/home/vinayak/ws_moveit2/install/moveit_runtime:/home/vinayak/ws_moveit2/install/moveit2_tutorials:/home/vinayak/ws_moveit2/install/moveit:/home/vinayak/ws_moveit2/install/moveit_planners:/home/vinayak/ws_moveit2/install/pilz_industrial_motion_planner:/home/vinayak/ws_moveit2/install/moveit_visual_tools:/home/vinayak/ws_moveit2/install/moveit_task_constructor_visualization:/home/vinayak/ws_moveit2/install/moveit_task_constructor_demo:/home/vinayak/ws_moveit2/install/moveit_task_constructor_capabilities:/home/vinayak/ws_moveit2/install/moveit_task_constructor_core:/home/vinayak/ws_moveit2/install/moveit_ros_control_interface:/home/vinayak/ws_moveit2/install/moveit_plugins:/home/vinayak/ws_moveit2/install/moveit_simple_controller_manager:/home/vinayak/ws_moveit2/install/moveit_setup_assistant:/home/vinayak/ws_moveit2/install/moveit_setup_srdf_plugins:/home/vinayak/ws_moveit2/install/moveit_setup_core_plugins:/home/vinayak/ws_moveit2/install/moveit_setup_controllers:/home/vinayak/ws_moveit2/install/moveit_setup_app_plugins:/home/vinayak/ws_moveit2/install/moveit_setup_framework:/home/vinayak/ws_moveit2/install/moveit_servo:/home/vinayak/ws_moveit2/install/moveit_ros:/home/vinayak/ws_moveit2/install/moveit_ros_visualization:/home/vinayak/ws_moveit2/install/moveit_hybrid_planning:/home/vinayak/ws_moveit2/install/moveit_ros_planning_interface:/home/vinayak/ws_moveit2/install/moveit_ros_benchmarks:/home/vinayak/ws_moveit2/install/moveit_ros_warehouse:/home/vinayak/ws_moveit2/install/moveit_ros_robot_interaction:/home/vinayak/ws_moveit2/install/moveit_ros_perception:/home/vinayak/ws_moveit2/install/moveit_resources_prbt_pg70_support:/home/vinayak/ws_moveit2/install/moveit_resources_prbt_moveit_config:/home/vinayak/ws_moveit2/install/moveit_ros_move_group:/home/vinayak/ws_moveit2/install/moveit_planners_ompl:/home/vinayak/ws_moveit2/install/moveit_ros_planning:/home/vinayak/ws_moveit2/install/moveit_ros_occupancy_map_monitor:/home/vinayak/ws_moveit2/install/moveit_resources_prbt_ikfast_manipulator_plugin:/home/vinayak/ws_moveit2/install/moveit_planners_chomp:/home/vinayak/ws_moveit2/install/moveit_kinematics:/home/vinayak/ws_moveit2/install/moveit_chomp_optimizer_adapter:/home/vinayak/ws_moveit2/install/chomp_motion_planner:/home/vinayak/ws_moveit2/install/moveit_core:/home/vinayak/ws_moveit2/install/srdfdom:/home/vinayak/ws_moveit2/install/rviz_marker_tools:/home/vinayak/ws_moveit2/install/rosparam_shortcuts:/home/vinayak/ws_moveit2/install/moveit_task_constructor_msgs:/home/vinayak/ws_moveit2/install/moveit_resources_prbt_support:/home/vinayak/ws_moveit2/install/moveit_resources:/home/vinayak/ws_moveit2/install/moveit_resources_pr2_description:/home/vinayak/ws_moveit2/install/moveit_resources_panda_moveit_config:/home/vinayak/ws_moveit2/install/moveit_resources_panda_description:/home/vinayak/ws_moveit2/install/moveit_resources_fanuc_moveit_config:/home/vinayak/ws_moveit2/install/moveit_resources_fanuc_description:/home/vinayak/ws_moveit2/install/moveit_common:/home/vinayak/ws_moveit2/install/ur3e_motion_package:/home/vinayak/ws_moveit2/install/moveit_configs_utils:/home/vinayak/ws_moveit2/install/launch_param_builder:/opt/ros/humble LD_LIBRARY_PATH=/home/vinayak/ws_moveit2/install/ur_dashboard_msgs/lib:/home/vinayak/ws_moveit2/install/ur_robot_driver/lib:/home/vinayak/ws_moveit2/install/ur_controllers/lib:/home/vinayak/ws_moveit2/install/pilz_industrial_motion_planner_testutils/lib:/home/vinayak/ws_moveit2/install/pilz_industrial_motion_planner/lib:/home/vinayak/ws_moveit2/install/moveit_visual_tools/lib:/home/vinayak/ws_moveit2/install/moveit_task_constructor_visualization/lib:/home/vinayak/ws_moveit2/install/moveit_task_constructor_demo/lib:/home/vinayak/ws_moveit2/install/moveit_task_constructor_capabilities/lib:/home/vinayak/ws_moveit2/install/moveit_task_constructor_core/lib:/home/vinayak/ws_moveit2/install/moveit_ros_control_interface/lib:/home/vinayak/ws_moveit2/install/moveit_simple_controller_manager/lib:/home/vinayak/ws_moveit2/install/moveit_setup_assistant/lib:/home/vinayak/ws_moveit2/install/moveit_setup_srdf_plugins/lib:/home/vinayak/ws_moveit2/install/moveit_setup_core_plugins/lib:/home/vinayak/ws_moveit2/install/moveit_setup_controllers/lib:/home/vinayak/ws_moveit2/install/moveit_setup_app_plugins/lib:/home/vinayak/ws_moveit2/install/moveit_setup_framework/lib:/home/vinayak/ws_moveit2/install/moveit_servo/lib:/home/vinayak/ws_moveit2/install/moveit_ros_visualization/lib:/home/vinayak/ws_moveit2/install/moveit_hybrid_planning/lib:/home/vinayak/ws_moveit2/install/moveit_ros_planning_interface/lib:/home/vinayak/ws_moveit2/install/moveit_ros_benchmarks/lib:/home/vinayak/ws_moveit2/install/moveit_ros_warehouse/lib:/home/vinayak/ws_moveit2/install/moveit_ros_robot_interaction/lib:/home/vinayak/ws_moveit2/install/moveit_ros_perception/lib:/home/vinayak/ws_moveit2/install/moveit_ros_move_group/lib:/home/vinayak/ws_moveit2/install/moveit_planners_ompl/lib:/home/vinayak/ws_moveit2/install/moveit_ros_planning/lib:/home/vinayak/ws_moveit2/install/moveit_ros_occupancy_map_monitor/lib:/home/vinayak/ws_moveit2/install/moveit_resources_prbt_ikfast_manipulator_plugin/lib:/home/vinayak/ws_moveit2/install/moveit_planners_chomp/lib:/home/vinayak/ws_moveit2/install/moveit_kinematics/lib:/home/vinayak/ws_moveit2/install/moveit_chomp_optimizer_adapter/lib:/home/vinayak/ws_moveit2/install/chomp_motion_planner/lib:/home/vinayak/ws_moveit2/install/moveit_core/lib:/home/vinayak/ws_moveit2/install/srdfdom/lib:/home/vinayak/ws_moveit2/install/rviz_marker_tools/lib:/home/vinayak/ws_moveit2/install/rosparam_shortcuts/lib:/home/vinayak/ws_moveit2/install/moveit_task_constructor_msgs/lib:/usr/lib/x86_64-linux-gnu/gazebo-11/plugins:/opt/ros/humble/opt/rviz_ogre_vendor/lib:/opt/ros/humble/lib/x86_64-linux-gnu:/opt/ros/humble/lib:/usr/local/cuda-12.4/lib64 /usr/bin/cmake /home/vinayak/ws_moveit2/src/Universal_Robots_ROS2_Driver/ur_controllers -DCMAKE_INSTALL_PREFIX=/home/vinayak/ws_moveit2/install/ur_controllers
[96.446s] DEBUG:colcon.colcon_core.event_handler.log_command:Invoking command in '/home/vinayak/ws_moveit2/build/ur_controllers': CMAKE_PREFIX_PATH=/home/vinayak/ws_moveit2/install/ur_dashboard_msgs:/home/vinayak/ws_moveit2/install/ur:/home/vinayak/ws_moveit2/install/ur_calibration:/home/vinayak/ws_moveit2/install/ur_robot_driver:/home/vinayak/ws_moveit2/install/ur_moveit_config:/home/vinayak/ws_moveit2/install/ur_bringup:/home/vinayak/ws_moveit2/install/ur_controllers:/home/vinayak/ws_moveit2/install/new_configuration:/home/vinayak/ws_moveit2/install/ur3e:/home/vinayak/ws_moveit2/install/pilz_industrial_motion_planner_testutils:/home/vinayak/ws_moveit2/install/moveit_runtime:/home/vinayak/ws_moveit2/install/moveit2_tutorials:/home/vinayak/ws_moveit2/install/moveit:/home/vinayak/ws_moveit2/install/moveit_planners:/home/vinayak/ws_moveit2/install/pilz_industrial_motion_planner:/home/vinayak/ws_moveit2/install/moveit_visual_tools:/home/vinayak/ws_moveit2/install/moveit_task_constructor_visualization:/home/vinayak/ws_moveit2/install/moveit_task_constructor_demo:/home/vinayak/ws_moveit2/install/moveit_task_constructor_capabilities:/home/vinayak/ws_moveit2/install/moveit_task_constructor_core:/home/vinayak/ws_moveit2/install/moveit_ros_control_interface:/home/vinayak/ws_moveit2/install/moveit_plugins:/home/vinayak/ws_moveit2/install/moveit_simple_controller_manager:/home/vinayak/ws_moveit2/install/moveit_setup_assistant:/home/vinayak/ws_moveit2/install/moveit_setup_srdf_plugins:/home/vinayak/ws_moveit2/install/moveit_setup_core_plugins:/home/vinayak/ws_moveit2/install/moveit_setup_controllers:/home/vinayak/ws_moveit2/install/moveit_setup_app_plugins:/home/vinayak/ws_moveit2/install/moveit_setup_framework:/home/vinayak/ws_moveit2/install/moveit_servo:/home/vinayak/ws_moveit2/install/moveit_ros:/home/vinayak/ws_moveit2/install/moveit_ros_visualization:/home/vinayak/ws_moveit2/install/moveit_hybrid_planning:/home/vinayak/ws_moveit2/install/moveit_ros_planning_interface:/home/vinayak/ws_moveit2/install/moveit_ros_benchmarks:/home/vinayak/ws_moveit2/install/moveit_ros_warehouse:/home/vinayak/ws_moveit2/install/moveit_ros_robot_interaction:/home/vinayak/ws_moveit2/install/moveit_ros_perception:/home/vinayak/ws_moveit2/install/moveit_resources_prbt_pg70_support:/home/vinayak/ws_moveit2/install/moveit_resources_prbt_moveit_config:/home/vinayak/ws_moveit2/install/moveit_ros_move_group:/home/vinayak/ws_moveit2/install/moveit_planners_ompl:/home/vinayak/ws_moveit2/install/moveit_ros_planning:/home/vinayak/ws_moveit2/install/moveit_ros_occupancy_map_monitor:/home/vinayak/ws_moveit2/install/moveit_resources_prbt_ikfast_manipulator_plugin:/home/vinayak/ws_moveit2/install/moveit_planners_chomp:/home/vinayak/ws_moveit2/install/moveit_kinematics:/home/vinayak/ws_moveit2/install/moveit_chomp_optimizer_adapter:/home/vinayak/ws_moveit2/install/chomp_motion_planner:/home/vinayak/ws_moveit2/install/moveit_core:/home/vinayak/ws_moveit2/install/srdfdom:/home/vinayak/ws_moveit2/install/rviz_marker_tools:/home/vinayak/ws_moveit2/install/rosparam_shortcuts:/home/vinayak/ws_moveit2/install/moveit_task_constructor_msgs:/home/vinayak/ws_moveit2/install/moveit_resources_prbt_support:/home/vinayak/ws_moveit2/install/moveit_resources:/home/vinayak/ws_moveit2/install/moveit_resources_pr2_description:/home/vinayak/ws_moveit2/install/moveit_resources_panda_moveit_config:/home/vinayak/ws_moveit2/install/moveit_resources_panda_description:/home/vinayak/ws_moveit2/install/moveit_resources_fanuc_moveit_config:/home/vinayak/ws_moveit2/install/moveit_resources_fanuc_description:/home/vinayak/ws_moveit2/install/moveit_common:/home/vinayak/ws_moveit2/install/ur3e_motion_package:/home/vinayak/ws_moveit2/install/moveit_configs_utils:/home/vinayak/ws_moveit2/install/launch_param_builder:/opt/ros/humble LD_LIBRARY_PATH=/home/vinayak/ws_moveit2/install/ur_dashboard_msgs/lib:/home/vinayak/ws_moveit2/install/ur_robot_driver/lib:/home/vinayak/ws_moveit2/install/ur_controllers/lib:/home/vinayak/ws_moveit2/install/pilz_industrial_motion_planner_testutils/lib:/home/vinayak/ws_moveit2/install/pilz_industrial_motion_planner/lib:/home/vinayak/ws_moveit2/install/moveit_visual_tools/lib:/home/vinayak/ws_moveit2/install/moveit_task_constructor_visualization/lib:/home/vinayak/ws_moveit2/install/moveit_task_constructor_demo/lib:/home/vinayak/ws_moveit2/install/moveit_task_constructor_capabilities/lib:/home/vinayak/ws_moveit2/install/moveit_task_constructor_core/lib:/home/vinayak/ws_moveit2/install/moveit_ros_control_interface/lib:/home/vinayak/ws_moveit2/install/moveit_simple_controller_manager/lib:/home/vinayak/ws_moveit2/install/moveit_setup_assistant/lib:/home/vinayak/ws_moveit2/install/moveit_setup_srdf_plugins/lib:/home/vinayak/ws_moveit2/install/moveit_setup_core_plugins/lib:/home/vinayak/ws_moveit2/install/moveit_setup_controllers/lib:/home/vinayak/ws_moveit2/install/moveit_setup_app_plugins/lib:/home/vinayak/ws_moveit2/install/moveit_setup_framework/lib:/home/vinayak/ws_moveit2/install/moveit_servo/lib:/home/vinayak/ws_moveit2/install/moveit_ros_visualization/lib:/home/vinayak/ws_moveit2/install/moveit_hybrid_planning/lib:/home/vinayak/ws_moveit2/install/moveit_ros_planning_interface/lib:/home/vinayak/ws_moveit2/install/moveit_ros_benchmarks/lib:/home/vinayak/ws_moveit2/install/moveit_ros_warehouse/lib:/home/vinayak/ws_moveit2/install/moveit_ros_robot_interaction/lib:/home/vinayak/ws_moveit2/install/moveit_ros_perception/lib:/home/vinayak/ws_moveit2/install/moveit_ros_move_group/lib:/home/vinayak/ws_moveit2/install/moveit_planners_ompl/lib:/home/vinayak/ws_moveit2/install/moveit_ros_planning/lib:/home/vinayak/ws_moveit2/install/moveit_ros_occupancy_map_monitor/lib:/home/vinayak/ws_moveit2/install/moveit_resources_prbt_ikfast_manipulator_plugin/lib:/home/vinayak/ws_moveit2/install/moveit_planners_chomp/lib:/home/vinayak/ws_moveit2/install/moveit_kinematics/lib:/home/vinayak/ws_moveit2/install/moveit_chomp_optimizer_adapter/lib:/home/vinayak/ws_moveit2/install/chomp_motion_planner/lib:/home/vinayak/ws_moveit2/install/moveit_core/lib:/home/vinayak/ws_moveit2/install/srdfdom/lib:/home/vinayak/ws_moveit2/install/rviz_marker_tools/lib:/home/vinayak/ws_moveit2/install/rosparam_shortcuts/lib:/home/vinayak/ws_moveit2/install/moveit_task_constructor_msgs/lib:/usr/lib/x86_64-linux-gnu/gazebo-11/plugins:/opt/ros/humble/opt/rviz_ogre_vendor/lib:/opt/ros/humble/lib/x86_64-linux-gnu:/opt/ros/humble/lib:/usr/local/cuda-12.4/lib64 /usr/bin/cmake --build /home/vinayak/ws_moveit2/build/ur_controllers
[124.966s] DEBUG:colcon.colcon_core.event_handler.log_command:Invoked command in '/home/vinayak/ws_moveit2/build/ur_controllers' returned '0': CMAKE_PREFIX_PATH=/home/vinayak/ws_moveit2/install/ur_dashboard_msgs:/home/vinayak/ws_moveit2/install/ur:/home/vinayak/ws_moveit2/install/ur_calibration:/home/vinayak/ws_moveit2/install/ur_robot_driver:/home/vinayak/ws_moveit2/install/ur_moveit_config:/home/vinayak/ws_moveit2/install/ur_bringup:/home/vinayak/ws_moveit2/install/ur_controllers:/home/vinayak/ws_moveit2/install/new_configuration:/home/vinayak/ws_moveit2/install/ur3e:/home/vinayak/ws_moveit2/install/pilz_industrial_motion_planner_testutils:/home/vinayak/ws_moveit2/install/moveit_runtime:/home/vinayak/ws_moveit2/install/moveit2_tutorials:/home/vinayak/ws_moveit2/install/moveit:/home/vinayak/ws_moveit2/install/moveit_planners:/home/vinayak/ws_moveit2/install/pilz_industrial_motion_planner:/home/vinayak/ws_moveit2/install/moveit_visual_tools:/home/vinayak/ws_moveit2/install/moveit_task_constructor_visualization:/home/vinayak/ws_moveit2/install/moveit_task_constructor_demo:/home/vinayak/ws_moveit2/install/moveit_task_constructor_capabilities:/home/vinayak/ws_moveit2/install/moveit_task_constructor_core:/home/vinayak/ws_moveit2/install/moveit_ros_control_interface:/home/vinayak/ws_moveit2/install/moveit_plugins:/home/vinayak/ws_moveit2/install/moveit_simple_controller_manager:/home/vinayak/ws_moveit2/install/moveit_setup_assistant:/home/vinayak/ws_moveit2/install/moveit_setup_srdf_plugins:/home/vinayak/ws_moveit2/install/moveit_setup_core_plugins:/home/vinayak/ws_moveit2/install/moveit_setup_controllers:/home/vinayak/ws_moveit2/install/moveit_setup_app_plugins:/home/vinayak/ws_moveit2/install/moveit_setup_framework:/home/vinayak/ws_moveit2/install/moveit_servo:/home/vinayak/ws_moveit2/install/moveit_ros:/home/vinayak/ws_moveit2/install/moveit_ros_visualization:/home/vinayak/ws_moveit2/install/moveit_hybrid_planning:/home/vinayak/ws_moveit2/install/moveit_ros_planning_interface:/home/vinayak/ws_moveit2/install/moveit_ros_benchmarks:/home/vinayak/ws_moveit2/install/moveit_ros_warehouse:/home/vinayak/ws_moveit2/install/moveit_ros_robot_interaction:/home/vinayak/ws_moveit2/install/moveit_ros_perception:/home/vinayak/ws_moveit2/install/moveit_resources_prbt_pg70_support:/home/vinayak/ws_moveit2/install/moveit_resources_prbt_moveit_config:/home/vinayak/ws_moveit2/install/moveit_ros_move_group:/home/vinayak/ws_moveit2/install/moveit_planners_ompl:/home/vinayak/ws_moveit2/install/moveit_ros_planning:/home/vinayak/ws_moveit2/install/moveit_ros_occupancy_map_monitor:/home/vinayak/ws_moveit2/install/moveit_resources_prbt_ikfast_manipulator_plugin:/home/vinayak/ws_moveit2/install/moveit_planners_chomp:/home/vinayak/ws_moveit2/install/moveit_kinematics:/home/vinayak/ws_moveit2/install/moveit_chomp_optimizer_adapter:/home/vinayak/ws_moveit2/install/chomp_motion_planner:/home/vinayak/ws_moveit2/install/moveit_core:/home/vinayak/ws_moveit2/install/srdfdom:/home/vinayak/ws_moveit2/install/rviz_marker_tools:/home/vinayak/ws_moveit2/install/rosparam_shortcuts:/home/vinayak/ws_moveit2/install/moveit_task_constructor_msgs:/home/vinayak/ws_moveit2/install/moveit_resources_prbt_support:/home/vinayak/ws_moveit2/install/moveit_resources:/home/vinayak/ws_moveit2/install/moveit_resources_pr2_description:/home/vinayak/ws_moveit2/install/moveit_resources_panda_moveit_config:/home/vinayak/ws_moveit2/install/moveit_resources_panda_description:/home/vinayak/ws_moveit2/install/moveit_resources_fanuc_moveit_config:/home/vinayak/ws_moveit2/install/moveit_resources_fanuc_description:/home/vinayak/ws_moveit2/install/moveit_common:/home/vinayak/ws_moveit2/install/ur3e_motion_package:/home/vinayak/ws_moveit2/install/moveit_configs_utils:/home/vinayak/ws_moveit2/install/launch_param_builder:/opt/ros/humble LD_LIBRARY_PATH=/home/vinayak/ws_moveit2/install/ur_dashboard_msgs/lib:/home/vinayak/ws_moveit2/install/ur_robot_driver/lib:/home/vinayak/ws_moveit2/install/ur_controllers/lib:/home/vinayak/ws_moveit2/install/pilz_industrial_motion_planner_testutils/lib:/home/vinayak/ws_moveit2/install/pilz_industrial_motion_planner/lib:/home/vinayak/ws_moveit2/install/moveit_visual_tools/lib:/home/vinayak/ws_moveit2/install/moveit_task_constructor_visualization/lib:/home/vinayak/ws_moveit2/install/moveit_task_constructor_demo/lib:/home/vinayak/ws_moveit2/install/moveit_task_constructor_capabilities/lib:/home/vinayak/ws_moveit2/install/moveit_task_constructor_core/lib:/home/vinayak/ws_moveit2/install/moveit_ros_control_interface/lib:/home/vinayak/ws_moveit2/install/moveit_simple_controller_manager/lib:/home/vinayak/ws_moveit2/install/moveit_setup_assistant/lib:/home/vinayak/ws_moveit2/install/moveit_setup_srdf_plugins/lib:/home/vinayak/ws_moveit2/install/moveit_setup_core_plugins/lib:/home/vinayak/ws_moveit2/install/moveit_setup_controllers/lib:/home/vinayak/ws_moveit2/install/moveit_setup_app_plugins/lib:/home/vinayak/ws_moveit2/install/moveit_setup_framework/lib:/home/vinayak/ws_moveit2/install/moveit_servo/lib:/home/vinayak/ws_moveit2/install/moveit_ros_visualization/lib:/home/vinayak/ws_moveit2/install/moveit_hybrid_planning/lib:/home/vinayak/ws_moveit2/install/moveit_ros_planning_interface/lib:/home/vinayak/ws_moveit2/install/moveit_ros_benchmarks/lib:/home/vinayak/ws_moveit2/install/moveit_ros_warehouse/lib:/home/vinayak/ws_moveit2/install/moveit_ros_robot_interaction/lib:/home/vinayak/ws_moveit2/install/moveit_ros_perception/lib:/home/vinayak/ws_moveit2/install/moveit_ros_move_group/lib:/home/vinayak/ws_moveit2/install/moveit_planners_ompl/lib:/home/vinayak/ws_moveit2/install/moveit_ros_planning/lib:/home/vinayak/ws_moveit2/install/moveit_ros_occupancy_map_monitor/lib:/home/vinayak/ws_moveit2/install/moveit_resources_prbt_ikfast_manipulator_plugin/lib:/home/vinayak/ws_moveit2/install/moveit_planners_chomp/lib:/home/vinayak/ws_moveit2/install/moveit_kinematics/lib:/home/vinayak/ws_moveit2/install/moveit_chomp_optimizer_adapter/lib:/home/vinayak/ws_moveit2/install/chomp_motion_planner/lib:/home/vinayak/ws_moveit2/install/moveit_core/lib:/home/vinayak/ws_moveit2/install/srdfdom/lib:/home/vinayak/ws_moveit2/install/rviz_marker_tools/lib:/home/vinayak/ws_moveit2/install/rosparam_shortcuts/lib:/home/vinayak/ws_moveit2/install/moveit_task_constructor_msgs/lib:/usr/lib/x86_64-linux-gnu/gazebo-11/plugins:/opt/ros/humble/opt/rviz_ogre_vendor/lib:/opt/ros/humble/lib/x86_64-linux-gnu:/opt/ros/humble/lib:/usr/local/cuda-12.4/lib64 /usr/bin/cmake --build /home/vinayak/ws_moveit2/build/ur_controllers
[124.967s] DEBUG:colcon.colcon_core.event_handler.log_command:Invoking command in '/home/vinayak/ws_moveit2/build/ur_controllers': CMAKE_PREFIX_PATH=/home/vinayak/ws_moveit2/install/ur_dashboard_msgs:/home/vinayak/ws_moveit2/install/ur:/home/vinayak/ws_moveit2/install/ur_calibration:/home/vinayak/ws_moveit2/install/ur_robot_driver:/home/vinayak/ws_moveit2/install/ur_moveit_config:/home/vinayak/ws_moveit2/install/ur_bringup:/home/vinayak/ws_moveit2/install/ur_controllers:/home/vinayak/ws_moveit2/install/new_configuration:/home/vinayak/ws_moveit2/install/ur3e:/home/vinayak/ws_moveit2/install/pilz_industrial_motion_planner_testutils:/home/vinayak/ws_moveit2/install/moveit_runtime:/home/vinayak/ws_moveit2/install/moveit2_tutorials:/home/vinayak/ws_moveit2/install/moveit:/home/vinayak/ws_moveit2/install/moveit_planners:/home/vinayak/ws_moveit2/install/pilz_industrial_motion_planner:/home/vinayak/ws_moveit2/install/moveit_visual_tools:/home/vinayak/ws_moveit2/install/moveit_task_constructor_visualization:/home/vinayak/ws_moveit2/install/moveit_task_constructor_demo:/home/vinayak/ws_moveit2/install/moveit_task_constructor_capabilities:/home/vinayak/ws_moveit2/install/moveit_task_constructor_core:/home/vinayak/ws_moveit2/install/moveit_ros_control_interface:/home/vinayak/ws_moveit2/install/moveit_plugins:/home/vinayak/ws_moveit2/install/moveit_simple_controller_manager:/home/vinayak/ws_moveit2/install/moveit_setup_assistant:/home/vinayak/ws_moveit2/install/moveit_setup_srdf_plugins:/home/vinayak/ws_moveit2/install/moveit_setup_core_plugins:/home/vinayak/ws_moveit2/install/moveit_setup_controllers:/home/vinayak/ws_moveit2/install/moveit_setup_app_plugins:/home/vinayak/ws_moveit2/install/moveit_setup_framework:/home/vinayak/ws_moveit2/install/moveit_servo:/home/vinayak/ws_moveit2/install/moveit_ros:/home/vinayak/ws_moveit2/install/moveit_ros_visualization:/home/vinayak/ws_moveit2/install/moveit_hybrid_planning:/home/vinayak/ws_moveit2/install/moveit_ros_planning_interface:/home/vinayak/ws_moveit2/install/moveit_ros_benchmarks:/home/vinayak/ws_moveit2/install/moveit_ros_warehouse:/home/vinayak/ws_moveit2/install/moveit_ros_robot_interaction:/home/vinayak/ws_moveit2/install/moveit_ros_perception:/home/vinayak/ws_moveit2/install/moveit_resources_prbt_pg70_support:/home/vinayak/ws_moveit2/install/moveit_resources_prbt_moveit_config:/home/vinayak/ws_moveit2/install/moveit_ros_move_group:/home/vinayak/ws_moveit2/install/moveit_planners_ompl:/home/vinayak/ws_moveit2/install/moveit_ros_planning:/home/vinayak/ws_moveit2/install/moveit_ros_occupancy_map_monitor:/home/vinayak/ws_moveit2/install/moveit_resources_prbt_ikfast_manipulator_plugin:/home/vinayak/ws_moveit2/install/moveit_planners_chomp:/home/vinayak/ws_moveit2/install/moveit_kinematics:/home/vinayak/ws_moveit2/install/moveit_chomp_optimizer_adapter:/home/vinayak/ws_moveit2/install/chomp_motion_planner:/home/vinayak/ws_moveit2/install/moveit_core:/home/vinayak/ws_moveit2/install/srdfdom:/home/vinayak/ws_moveit2/install/rviz_marker_tools:/home/vinayak/ws_moveit2/install/rosparam_shortcuts:/home/vinayak/ws_moveit2/install/moveit_task_constructor_msgs:/home/vinayak/ws_moveit2/install/moveit_resources_prbt_support:/home/vinayak/ws_moveit2/install/moveit_resources:/home/vinayak/ws_moveit2/install/moveit_resources_pr2_description:/home/vinayak/ws_moveit2/install/moveit_resources_panda_moveit_config:/home/vinayak/ws_moveit2/install/moveit_resources_panda_description:/home/vinayak/ws_moveit2/install/moveit_resources_fanuc_moveit_config:/home/vinayak/ws_moveit2/install/moveit_resources_fanuc_description:/home/vinayak/ws_moveit2/install/moveit_common:/home/vinayak/ws_moveit2/install/ur3e_motion_package:/home/vinayak/ws_moveit2/install/moveit_configs_utils:/home/vinayak/ws_moveit2/install/launch_param_builder:/opt/ros/humble LD_LIBRARY_PATH=/home/vinayak/ws_moveit2/install/ur_dashboard_msgs/lib:/home/vinayak/ws_moveit2/install/ur_robot_driver/lib:/home/vinayak/ws_moveit2/install/ur_controllers/lib:/home/vinayak/ws_moveit2/install/pilz_industrial_motion_planner_testutils/lib:/home/vinayak/ws_moveit2/install/pilz_industrial_motion_planner/lib:/home/vinayak/ws_moveit2/install/moveit_visual_tools/lib:/home/vinayak/ws_moveit2/install/moveit_task_constructor_visualization/lib:/home/vinayak/ws_moveit2/install/moveit_task_constructor_demo/lib:/home/vinayak/ws_moveit2/install/moveit_task_constructor_capabilities/lib:/home/vinayak/ws_moveit2/install/moveit_task_constructor_core/lib:/home/vinayak/ws_moveit2/install/moveit_ros_control_interface/lib:/home/vinayak/ws_moveit2/install/moveit_simple_controller_manager/lib:/home/vinayak/ws_moveit2/install/moveit_setup_assistant/lib:/home/vinayak/ws_moveit2/install/moveit_setup_srdf_plugins/lib:/home/vinayak/ws_moveit2/install/moveit_setup_core_plugins/lib:/home/vinayak/ws_moveit2/install/moveit_setup_controllers/lib:/home/vinayak/ws_moveit2/install/moveit_setup_app_plugins/lib:/home/vinayak/ws_moveit2/install/moveit_setup_framework/lib:/home/vinayak/ws_moveit2/install/moveit_servo/lib:/home/vinayak/ws_moveit2/install/moveit_ros_visualization/lib:/home/vinayak/ws_moveit2/install/moveit_hybrid_planning/lib:/home/vinayak/ws_moveit2/install/moveit_ros_planning_interface/lib:/home/vinayak/ws_moveit2/install/moveit_ros_benchmarks/lib:/home/vinayak/ws_moveit2/install/moveit_ros_warehouse/lib:/home/vinayak/ws_moveit2/install/moveit_ros_robot_interaction/lib:/home/vinayak/ws_moveit2/install/moveit_ros_perception/lib:/home/vinayak/ws_moveit2/install/moveit_ros_move_group/lib:/home/vinayak/ws_moveit2/install/moveit_planners_ompl/lib:/home/vinayak/ws_moveit2/install/moveit_ros_planning/lib:/home/vinayak/ws_moveit2/install/moveit_ros_occupancy_map_monitor/lib:/home/vinayak/ws_moveit2/install/moveit_resources_prbt_ikfast_manipulator_plugin/lib:/home/vinayak/ws_moveit2/install/moveit_planners_chomp/lib:/home/vinayak/ws_moveit2/install/moveit_kinematics/lib:/home/vinayak/ws_moveit2/install/moveit_chomp_optimizer_adapter/lib:/home/vinayak/ws_moveit2/install/chomp_motion_planner/lib:/home/vinayak/ws_moveit2/install/moveit_core/lib:/home/vinayak/ws_moveit2/install/srdfdom/lib:/home/vinayak/ws_moveit2/install/rviz_marker_tools/lib:/home/vinayak/ws_moveit2/install/rosparam_shortcuts/lib:/home/vinayak/ws_moveit2/install/moveit_task_constructor_msgs/lib:/usr/lib/x86_64-linux-gnu/gazebo-11/plugins:/opt/ros/humble/opt/rviz_ogre_vendor/lib:/opt/ros/humble/lib/x86_64-linux-gnu:/opt/ros/humble/lib:/usr/local/cuda-12.4/lib64 /usr/bin/cmake --install /home/vinayak/ws_moveit2/build/ur_controllers
[124.990s] Level 1:colcon.colcon_core.environment:create_environment_scripts_only(ur_controllers)
[124.990s] DEBUG:colcon.colcon_core.event_handler.log_command:Invoked command in '/home/vinayak/ws_moveit2/build/ur_controllers' returned '0': CMAKE_PREFIX_PATH=/home/vinayak/ws_moveit2/install/ur_dashboard_msgs:/home/vinayak/ws_moveit2/install/ur:/home/vinayak/ws_moveit2/install/ur_calibration:/home/vinayak/ws_moveit2/install/ur_robot_driver:/home/vinayak/ws_moveit2/install/ur_moveit_config:/home/vinayak/ws_moveit2/install/ur_bringup:/home/vinayak/ws_moveit2/install/ur_controllers:/home/vinayak/ws_moveit2/install/new_configuration:/home/vinayak/ws_moveit2/install/ur3e:/home/vinayak/ws_moveit2/install/pilz_industrial_motion_planner_testutils:/home/vinayak/ws_moveit2/install/moveit_runtime:/home/vinayak/ws_moveit2/install/moveit2_tutorials:/home/vinayak/ws_moveit2/install/moveit:/home/vinayak/ws_moveit2/install/moveit_planners:/home/vinayak/ws_moveit2/install/pilz_industrial_motion_planner:/home/vinayak/ws_moveit2/install/moveit_visual_tools:/home/vinayak/ws_moveit2/install/moveit_task_constructor_visualization:/home/vinayak/ws_moveit2/install/moveit_task_constructor_demo:/home/vinayak/ws_moveit2/install/moveit_task_constructor_capabilities:/home/vinayak/ws_moveit2/install/moveit_task_constructor_core:/home/vinayak/ws_moveit2/install/moveit_ros_control_interface:/home/vinayak/ws_moveit2/install/moveit_plugins:/home/vinayak/ws_moveit2/install/moveit_simple_controller_manager:/home/vinayak/ws_moveit2/install/moveit_setup_assistant:/home/vinayak/ws_moveit2/install/moveit_setup_srdf_plugins:/home/vinayak/ws_moveit2/install/moveit_setup_core_plugins:/home/vinayak/ws_moveit2/install/moveit_setup_controllers:/home/vinayak/ws_moveit2/install/moveit_setup_app_plugins:/home/vinayak/ws_moveit2/install/moveit_setup_framework:/home/vinayak/ws_moveit2/install/moveit_servo:/home/vinayak/ws_moveit2/install/moveit_ros:/home/vinayak/ws_moveit2/install/moveit_ros_visualization:/home/vinayak/ws_moveit2/install/moveit_hybrid_planning:/home/vinayak/ws_moveit2/install/moveit_ros_planning_interface:/home/vinayak/ws_moveit2/install/moveit_ros_benchmarks:/home/vinayak/ws_moveit2/install/moveit_ros_warehouse:/home/vinayak/ws_moveit2/install/moveit_ros_robot_interaction:/home/vinayak/ws_moveit2/install/moveit_ros_perception:/home/vinayak/ws_moveit2/install/moveit_resources_prbt_pg70_support:/home/vinayak/ws_moveit2/install/moveit_resources_prbt_moveit_config:/home/vinayak/ws_moveit2/install/moveit_ros_move_group:/home/vinayak/ws_moveit2/install/moveit_planners_ompl:/home/vinayak/ws_moveit2/install/moveit_ros_planning:/home/vinayak/ws_moveit2/install/moveit_ros_occupancy_map_monitor:/home/vinayak/ws_moveit2/install/moveit_resources_prbt_ikfast_manipulator_plugin:/home/vinayak/ws_moveit2/install/moveit_planners_chomp:/home/vinayak/ws_moveit2/install/moveit_kinematics:/home/vinayak/ws_moveit2/install/moveit_chomp_optimizer_adapter:/home/vinayak/ws_moveit2/install/chomp_motion_planner:/home/vinayak/ws_moveit2/install/moveit_core:/home/vinayak/ws_moveit2/install/srdfdom:/home/vinayak/ws_moveit2/install/rviz_marker_tools:/home/vinayak/ws_moveit2/install/rosparam_shortcuts:/home/vinayak/ws_moveit2/install/moveit_task_constructor_msgs:/home/vinayak/ws_moveit2/install/moveit_resources_prbt_support:/home/vinayak/ws_moveit2/install/moveit_resources:/home/vinayak/ws_moveit2/install/moveit_resources_pr2_description:/home/vinayak/ws_moveit2/install/moveit_resources_panda_moveit_config:/home/vinayak/ws_moveit2/install/moveit_resources_panda_description:/home/vinayak/ws_moveit2/install/moveit_resources_fanuc_moveit_config:/home/vinayak/ws_moveit2/install/moveit_resources_fanuc_description:/home/vinayak/ws_moveit2/install/moveit_common:/home/vinayak/ws_moveit2/install/ur3e_motion_package:/home/vinayak/ws_moveit2/install/moveit_configs_utils:/home/vinayak/ws_moveit2/install/launch_param_builder:/opt/ros/humble LD_LIBRARY_PATH=/home/vinayak/ws_moveit2/install/ur_dashboard_msgs/lib:/home/vinayak/ws_moveit2/install/ur_robot_driver/lib:/home/vinayak/ws_moveit2/install/ur_controllers/lib:/home/vinayak/ws_moveit2/install/pilz_industrial_motion_planner_testutils/lib:/home/vinayak/ws_moveit2/install/pilz_industrial_motion_planner/lib:/home/vinayak/ws_moveit2/install/moveit_visual_tools/lib:/home/vinayak/ws_moveit2/install/moveit_task_constructor_visualization/lib:/home/vinayak/ws_moveit2/install/moveit_task_constructor_demo/lib:/home/vinayak/ws_moveit2/install/moveit_task_constructor_capabilities/lib:/home/vinayak/ws_moveit2/install/moveit_task_constructor_core/lib:/home/vinayak/ws_moveit2/install/moveit_ros_control_interface/lib:/home/vinayak/ws_moveit2/install/moveit_simple_controller_manager/lib:/home/vinayak/ws_moveit2/install/moveit_setup_assistant/lib:/home/vinayak/ws_moveit2/install/moveit_setup_srdf_plugins/lib:/home/vinayak/ws_moveit2/install/moveit_setup_core_plugins/lib:/home/vinayak/ws_moveit2/install/moveit_setup_controllers/lib:/home/vinayak/ws_moveit2/install/moveit_setup_app_plugins/lib:/home/vinayak/ws_moveit2/install/moveit_setup_framework/lib:/home/vinayak/ws_moveit2/install/moveit_servo/lib:/home/vinayak/ws_moveit2/install/moveit_ros_visualization/lib:/home/vinayak/ws_moveit2/install/moveit_hybrid_planning/lib:/home/vinayak/ws_moveit2/install/moveit_ros_planning_interface/lib:/home/vinayak/ws_moveit2/install/moveit_ros_benchmarks/lib:/home/vinayak/ws_moveit2/install/moveit_ros_warehouse/lib:/home/vinayak/ws_moveit2/install/moveit_ros_robot_interaction/lib:/home/vinayak/ws_moveit2/install/moveit_ros_perception/lib:/home/vinayak/ws_moveit2/install/moveit_ros_move_group/lib:/home/vinayak/ws_moveit2/install/moveit_planners_ompl/lib:/home/vinayak/ws_moveit2/install/moveit_ros_planning/lib:/home/vinayak/ws_moveit2/install/moveit_ros_occupancy_map_monitor/lib:/home/vinayak/ws_moveit2/install/moveit_resources_prbt_ikfast_manipulator_plugin/lib:/home/vinayak/ws_moveit2/install/moveit_planners_chomp/lib:/home/vinayak/ws_moveit2/install/moveit_kinematics/lib:/home/vinayak/ws_moveit2/install/moveit_chomp_optimizer_adapter/lib:/home/vinayak/ws_moveit2/install/chomp_motion_planner/lib:/home/vinayak/ws_moveit2/install/moveit_core/lib:/home/vinayak/ws_moveit2/install/srdfdom/lib:/home/vinayak/ws_moveit2/install/rviz_marker_tools/lib:/home/vinayak/ws_moveit2/install/rosparam_shortcuts/lib:/home/vinayak/ws_moveit2/install/moveit_task_constructor_msgs/lib:/usr/lib/x86_64-linux-gnu/gazebo-11/plugins:/opt/ros/humble/opt/rviz_ogre_vendor/lib:/opt/ros/humble/lib/x86_64-linux-gnu:/opt/ros/humble/lib:/usr/local/cuda-12.4/lib64 /usr/bin/cmake --install /home/vinayak/ws_moveit2/build/ur_controllers
[124.990s] Level 1:colcon.colcon_core.environment:checking '/home/vinayak/ws_moveit2/install/ur_controllers' for CMake module files
[124.991s] Level 1:colcon.colcon_core.environment:checking '/home/vinayak/ws_moveit2/install/ur_controllers' for CMake config files
[124.991s] Level 1:colcon.colcon_core.shell:create_environment_hook('ur_controllers', 'cmake_prefix_path')
[124.991s] INFO:colcon.colcon_core.shell:Creating environment hook '/home/vinayak/ws_moveit2/install/ur_controllers/share/ur_controllers/hook/cmake_prefix_path.ps1'
[124.991s] INFO:colcon.colcon_core.shell:Creating environment descriptor '/home/vinayak/ws_moveit2/install/ur_controllers/share/ur_controllers/hook/cmake_prefix_path.dsv'
[124.992s] INFO:colcon.colcon_core.shell:Creating environment hook '/home/vinayak/ws_moveit2/install/ur_controllers/share/ur_controllers/hook/cmake_prefix_path.sh'
[124.992s] Level 1:colcon.colcon_core.environment:checking '/home/vinayak/ws_moveit2/install/ur_controllers/lib'
[124.992s] Level 1:colcon.colcon_core.shell:create_environment_hook('ur_controllers', 'ld_library_path_lib')
[124.992s] INFO:colcon.colcon_core.shell:Creating environment hook '/home/vinayak/ws_moveit2/install/ur_controllers/share/ur_controllers/hook/ld_library_path_lib.ps1'
[124.993s] INFO:colcon.colcon_core.shell:Creating environment descriptor '/home/vinayak/ws_moveit2/install/ur_controllers/share/ur_controllers/hook/ld_library_path_lib.dsv'
[124.993s] INFO:colcon.colcon_core.shell:Creating environment hook '/home/vinayak/ws_moveit2/install/ur_controllers/share/ur_controllers/hook/ld_library_path_lib.sh'
[124.993s] Level 1:colcon.colcon_core.environment:checking '/home/vinayak/ws_moveit2/install/ur_controllers/bin'
[124.993s] Level 1:colcon.colcon_core.environment:checking '/home/vinayak/ws_moveit2/install/ur_controllers/lib/pkgconfig/ur_controllers.pc'
[124.993s] Level 1:colcon.colcon_core.environment:checking '/home/vinayak/ws_moveit2/install/ur_controllers/lib/python3.10/site-packages'
[124.994s] Level 1:colcon.colcon_core.environment:checking '/home/vinayak/ws_moveit2/install/ur_controllers/bin'
[124.994s] INFO:colcon.colcon_core.shell:Creating package script '/home/vinayak/ws_moveit2/install/ur_controllers/share/ur_controllers/package.ps1'
[124.994s] INFO:colcon.colcon_core.shell:Creating package descriptor '/home/vinayak/ws_moveit2/install/ur_controllers/share/ur_controllers/package.dsv'
[124.995s] INFO:colcon.colcon_core.shell:Creating package script '/home/vinayak/ws_moveit2/install/ur_controllers/share/ur_controllers/package.sh'
[124.995s] INFO:colcon.colcon_core.shell:Creating package script '/home/vinayak/ws_moveit2/install/ur_controllers/share/ur_controllers/package.bash'
[124.995s] INFO:colcon.colcon_core.shell:Creating package script '/home/vinayak/ws_moveit2/install/ur_controllers/share/ur_controllers/package.zsh'
[124.995s] Level 1:colcon.colcon_core.environment:create_file_with_runtime_dependencies(/home/vinayak/ws_moveit2/install/ur_controllers/share/colcon-core/packages/ur_controllers)
[124.996s] Level 1:colcon.colcon_core.environment:create_environment_scripts_only(ur_controllers)
[124.996s] Level 1:colcon.colcon_core.environment:checking '/home/vinayak/ws_moveit2/install/ur_controllers' for CMake module files
[124.996s] Level 1:colcon.colcon_core.environment:checking '/home/vinayak/ws_moveit2/install/ur_controllers' for CMake config files
[124.997s] Level 1:colcon.colcon_core.shell:create_environment_hook('ur_controllers', 'cmake_prefix_path')
[124.997s] INFO:colcon.colcon_core.shell:Creating environment hook '/home/vinayak/ws_moveit2/install/ur_controllers/share/ur_controllers/hook/cmake_prefix_path.ps1'
[124.997s] INFO:colcon.colcon_core.shell:Creating environment descriptor '/home/vinayak/ws_moveit2/install/ur_controllers/share/ur_controllers/hook/cmake_prefix_path.dsv'
[124.997s] INFO:colcon.colcon_core.shell:Creating environment hook '/home/vinayak/ws_moveit2/install/ur_controllers/share/ur_controllers/hook/cmake_prefix_path.sh'
[124.998s] Level 1:colcon.colcon_core.environment:checking '/home/vinayak/ws_moveit2/install/ur_controllers/lib'
[124.998s] Level 1:colcon.colcon_core.shell:create_environment_hook('ur_controllers', 'ld_library_path_lib')
[124.998s] INFO:colcon.colcon_core.shell:Creating environment hook '/home/vinayak/ws_moveit2/install/ur_controllers/share/ur_controllers/hook/ld_library_path_lib.ps1'
[124.998s] INFO:colcon.colcon_core.shell:Creating environment descriptor '/home/vinayak/ws_moveit2/install/ur_controllers/share/ur_controllers/hook/ld_library_path_lib.dsv'
[124.999s] INFO:colcon.colcon_core.shell:Creating environment hook '/home/vinayak/ws_moveit2/install/ur_controllers/share/ur_controllers/hook/ld_library_path_lib.sh'
[124.999s] Level 1:colcon.colcon_core.environment:checking '/home/vinayak/ws_moveit2/install/ur_controllers/bin'
[124.999s] Level 1:colcon.colcon_core.environment:checking '/home/vinayak/ws_moveit2/install/ur_controllers/lib/pkgconfig/ur_controllers.pc'
[124.999s] Level 1:colcon.colcon_core.environment:checking '/home/vinayak/ws_moveit2/install/ur_controllers/lib/python3.10/site-packages'
[124.999s] Level 1:colcon.colcon_core.environment:checking '/home/vinayak/ws_moveit2/install/ur_controllers/bin'
[125.000s] INFO:colcon.colcon_core.shell:Creating package script '/home/vinayak/ws_moveit2/install/ur_controllers/share/ur_controllers/package.ps1'
[125.000s] INFO:colcon.colcon_core.shell:Creating package descriptor '/home/vinayak/ws_moveit2/install/ur_controllers/share/ur_controllers/package.dsv'
[125.000s] INFO:colcon.colcon_core.shell:Creating package script '/home/vinayak/ws_moveit2/install/ur_controllers/share/ur_controllers/package.sh'
[125.001s] INFO:colcon.colcon_core.shell:Creating package script '/home/vinayak/ws_moveit2/install/ur_controllers/share/ur_controllers/package.bash'
[125.001s] INFO:colcon.colcon_core.shell:Creating package script '/home/vinayak/ws_moveit2/install/ur_controllers/share/ur_controllers/package.zsh'
[125.001s] Level 1:colcon.colcon_core.environment:create_file_with_runtime_dependencies(/home/vinayak/ws_moveit2/install/ur_controllers/share/colcon-core/packages/ur_controllers)
[125.002s] DEBUG:colcon.colcon_core.executor.sequential:run_until_complete 'ur_controllers' finished with '0'
[125.002s] DEBUG:colcon.colcon_core.executor.sequential:run_until_complete 'moveit_core'
[125.002s] INFO:colcon.colcon_ros.task.ament_cmake.build:Building ROS package in '/home/vinayak/ws_moveit2/src/moveit2/moveit_core' with build type 'ament_cmake'
[125.002s] INFO:colcon.colcon_cmake.task.cmake.build:Building CMake package in '/home/vinayak/ws_moveit2/src/moveit2/moveit_core'
[125.002s] INFO:colcon.colcon_core.shell:Skip shell extension 'powershell' for command environment: Not usable outside of PowerShell
[125.002s] DEBUG:colcon.colcon_core.shell:Skip shell extension 'dsv' for command environment
[125.021s] DEBUG:colcon.colcon_core.event_handler.log_command:Invoking command in '/home/vinayak/ws_moveit2/build/moveit_core': CMAKE_PREFIX_PATH=/home/vinayak/ws_moveit2/install/moveit_resources_panda_moveit_config:/home/vinayak/ws_moveit2/install/srdfdom:/home/vinayak/ws_moveit2/install/moveit_resources_pr2_description:/home/vinayak/ws_moveit2/install/moveit_resources_panda_description:/home/vinayak/ws_moveit2/install/moveit_common:/home/vinayak/ws_moveit2/install/ur:/home/vinayak/ws_moveit2/install/ur_calibration:/home/vinayak/ws_moveit2/install/ur_robot_driver:/home/vinayak/ws_moveit2/install/ur_moveit_config:/home/vinayak/ws_moveit2/install/ur_bringup:/home/vinayak/ws_moveit2/install/ur_controllers:/home/vinayak/ws_moveit2/install/ur_dashboard_msgs:/home/vinayak/ws_moveit2/install/new_configuration:/home/vinayak/ws_moveit2/install/ur3e:/home/vinayak/ws_moveit2/install/pilz_industrial_motion_planner_testutils:/home/vinayak/ws_moveit2/install/moveit_runtime:/home/vinayak/ws_moveit2/install/moveit2_tutorials:/home/vinayak/ws_moveit2/install/moveit:/home/vinayak/ws_moveit2/install/moveit_planners:/home/vinayak/ws_moveit2/install/pilz_industrial_motion_planner:/home/vinayak/ws_moveit2/install/moveit_visual_tools:/home/vinayak/ws_moveit2/install/moveit_task_constructor_visualization:/home/vinayak/ws_moveit2/install/moveit_task_constructor_demo:/home/vinayak/ws_moveit2/install/moveit_task_constructor_capabilities:/home/vinayak/ws_moveit2/install/moveit_task_constructor_core:/home/vinayak/ws_moveit2/install/moveit_ros_control_interface:/home/vinayak/ws_moveit2/install/moveit_plugins:/home/vinayak/ws_moveit2/install/moveit_simple_controller_manager:/home/vinayak/ws_moveit2/install/moveit_setup_assistant:/home/vinayak/ws_moveit2/install/moveit_setup_srdf_plugins:/home/vinayak/ws_moveit2/install/moveit_setup_core_plugins:/home/vinayak/ws_moveit2/install/moveit_setup_controllers:/home/vinayak/ws_moveit2/install/moveit_setup_app_plugins:/home/vinayak/ws_moveit2/install/moveit_setup_framework:/home/vinayak/ws_moveit2/install/moveit_servo:/home/vinayak/ws_moveit2/install/moveit_ros:/home/vinayak/ws_moveit2/install/moveit_ros_visualization:/home/vinayak/ws_moveit2/install/moveit_hybrid_planning:/home/vinayak/ws_moveit2/install/moveit_ros_planning_interface:/home/vinayak/ws_moveit2/install/moveit_ros_benchmarks:/home/vinayak/ws_moveit2/install/moveit_ros_warehouse:/home/vinayak/ws_moveit2/install/moveit_ros_robot_interaction:/home/vinayak/ws_moveit2/install/moveit_ros_perception:/home/vinayak/ws_moveit2/install/moveit_resources_prbt_pg70_support:/home/vinayak/ws_moveit2/install/moveit_resources_prbt_moveit_config:/home/vinayak/ws_moveit2/install/moveit_ros_move_group:/home/vinayak/ws_moveit2/install/moveit_planners_ompl:/home/vinayak/ws_moveit2/install/moveit_ros_planning:/home/vinayak/ws_moveit2/install/moveit_ros_occupancy_map_monitor:/home/vinayak/ws_moveit2/install/moveit_resources_prbt_ikfast_manipulator_plugin:/home/vinayak/ws_moveit2/install/moveit_planners_chomp:/home/vinayak/ws_moveit2/install/moveit_kinematics:/home/vinayak/ws_moveit2/install/moveit_chomp_optimizer_adapter:/home/vinayak/ws_moveit2/install/chomp_motion_planner:/home/vinayak/ws_moveit2/install/moveit_core:/home/vinayak/ws_moveit2/install/rviz_marker_tools:/home/vinayak/ws_moveit2/install/rosparam_shortcuts:/home/vinayak/ws_moveit2/install/moveit_task_constructor_msgs:/home/vinayak/ws_moveit2/install/moveit_resources_prbt_support:/home/vinayak/ws_moveit2/install/moveit_resources:/home/vinayak/ws_moveit2/install/moveit_resources_fanuc_moveit_config:/home/vinayak/ws_moveit2/install/moveit_resources_fanuc_description:/home/vinayak/ws_moveit2/install/ur3e_motion_package:/home/vinayak/ws_moveit2/install/moveit_configs_utils:/home/vinayak/ws_moveit2/install/launch_param_builder:/opt/ros/humble LD_LIBRARY_PATH=/home/vinayak/ws_moveit2/install/srdfdom/lib:/home/vinayak/ws_moveit2/install/ur_robot_driver/lib:/home/vinayak/ws_moveit2/install/ur_controllers/lib:/home/vinayak/ws_moveit2/install/ur_dashboard_msgs/lib:/home/vinayak/ws_moveit2/install/pilz_industrial_motion_planner_testutils/lib:/home/vinayak/ws_moveit2/install/pilz_industrial_motion_planner/lib:/home/vinayak/ws_moveit2/install/moveit_visual_tools/lib:/home/vinayak/ws_moveit2/install/moveit_task_constructor_visualization/lib:/home/vinayak/ws_moveit2/install/moveit_task_constructor_demo/lib:/home/vinayak/ws_moveit2/install/moveit_task_constructor_capabilities/lib:/home/vinayak/ws_moveit2/install/moveit_task_constructor_core/lib:/home/vinayak/ws_moveit2/install/moveit_ros_control_interface/lib:/home/vinayak/ws_moveit2/install/moveit_simple_controller_manager/lib:/home/vinayak/ws_moveit2/install/moveit_setup_assistant/lib:/home/vinayak/ws_moveit2/install/moveit_setup_srdf_plugins/lib:/home/vinayak/ws_moveit2/install/moveit_setup_core_plugins/lib:/home/vinayak/ws_moveit2/install/moveit_setup_controllers/lib:/home/vinayak/ws_moveit2/install/moveit_setup_app_plugins/lib:/home/vinayak/ws_moveit2/install/moveit_setup_framework/lib:/home/vinayak/ws_moveit2/install/moveit_servo/lib:/home/vinayak/ws_moveit2/install/moveit_ros_visualization/lib:/home/vinayak/ws_moveit2/install/moveit_hybrid_planning/lib:/home/vinayak/ws_moveit2/install/moveit_ros_planning_interface/lib:/home/vinayak/ws_moveit2/install/moveit_ros_benchmarks/lib:/home/vinayak/ws_moveit2/install/moveit_ros_warehouse/lib:/home/vinayak/ws_moveit2/install/moveit_ros_robot_interaction/lib:/home/vinayak/ws_moveit2/install/moveit_ros_perception/lib:/home/vinayak/ws_moveit2/install/moveit_ros_move_group/lib:/home/vinayak/ws_moveit2/install/moveit_planners_ompl/lib:/home/vinayak/ws_moveit2/install/moveit_ros_planning/lib:/home/vinayak/ws_moveit2/install/moveit_ros_occupancy_map_monitor/lib:/home/vinayak/ws_moveit2/install/moveit_resources_prbt_ikfast_manipulator_plugin/lib:/home/vinayak/ws_moveit2/install/moveit_planners_chomp/lib:/home/vinayak/ws_moveit2/install/moveit_kinematics/lib:/home/vinayak/ws_moveit2/install/moveit_chomp_optimizer_adapter/lib:/home/vinayak/ws_moveit2/install/chomp_motion_planner/lib:/home/vinayak/ws_moveit2/install/moveit_core/lib:/home/vinayak/ws_moveit2/install/rviz_marker_tools/lib:/home/vinayak/ws_moveit2/install/rosparam_shortcuts/lib:/home/vinayak/ws_moveit2/install/moveit_task_constructor_msgs/lib:/usr/lib/x86_64-linux-gnu/gazebo-11/plugins:/opt/ros/humble/opt/rviz_ogre_vendor/lib:/opt/ros/humble/lib/x86_64-linux-gnu:/opt/ros/humble/lib:/usr/local/cuda-12.4/lib64 /usr/bin/cmake /home/vinayak/ws_moveit2/src/moveit2/moveit_core -DCMAKE_INSTALL_PREFIX=/home/vinayak/ws_moveit2/install/moveit_core
[129.075s] DEBUG:colcon.colcon_core.event_handler.log_command:Invoked command in '/home/vinayak/ws_moveit2/build/moveit_core' returned '0': CMAKE_PREFIX_PATH=/home/vinayak/ws_moveit2/install/moveit_resources_panda_moveit_config:/home/vinayak/ws_moveit2/install/srdfdom:/home/vinayak/ws_moveit2/install/moveit_resources_pr2_description:/home/vinayak/ws_moveit2/install/moveit_resources_panda_description:/home/vinayak/ws_moveit2/install/moveit_common:/home/vinayak/ws_moveit2/install/ur:/home/vinayak/ws_moveit2/install/ur_calibration:/home/vinayak/ws_moveit2/install/ur_robot_driver:/home/vinayak/ws_moveit2/install/ur_moveit_config:/home/vinayak/ws_moveit2/install/ur_bringup:/home/vinayak/ws_moveit2/install/ur_controllers:/home/vinayak/ws_moveit2/install/ur_dashboard_msgs:/home/vinayak/ws_moveit2/install/new_configuration:/home/vinayak/ws_moveit2/install/ur3e:/home/vinayak/ws_moveit2/install/pilz_industrial_motion_planner_testutils:/home/vinayak/ws_moveit2/install/moveit_runtime:/home/vinayak/ws_moveit2/install/moveit2_tutorials:/home/vinayak/ws_moveit2/install/moveit:/home/vinayak/ws_moveit2/install/moveit_planners:/home/vinayak/ws_moveit2/install/pilz_industrial_motion_planner:/home/vinayak/ws_moveit2/install/moveit_visual_tools:/home/vinayak/ws_moveit2/install/moveit_task_constructor_visualization:/home/vinayak/ws_moveit2/install/moveit_task_constructor_demo:/home/vinayak/ws_moveit2/install/moveit_task_constructor_capabilities:/home/vinayak/ws_moveit2/install/moveit_task_constructor_core:/home/vinayak/ws_moveit2/install/moveit_ros_control_interface:/home/vinayak/ws_moveit2/install/moveit_plugins:/home/vinayak/ws_moveit2/install/moveit_simple_controller_manager:/home/vinayak/ws_moveit2/install/moveit_setup_assistant:/home/vinayak/ws_moveit2/install/moveit_setup_srdf_plugins:/home/vinayak/ws_moveit2/install/moveit_setup_core_plugins:/home/vinayak/ws_moveit2/install/moveit_setup_controllers:/home/vinayak/ws_moveit2/install/moveit_setup_app_plugins:/home/vinayak/ws_moveit2/install/moveit_setup_framework:/home/vinayak/ws_moveit2/install/moveit_servo:/home/vinayak/ws_moveit2/install/moveit_ros:/home/vinayak/ws_moveit2/install/moveit_ros_visualization:/home/vinayak/ws_moveit2/install/moveit_hybrid_planning:/home/vinayak/ws_moveit2/install/moveit_ros_planning_interface:/home/vinayak/ws_moveit2/install/moveit_ros_benchmarks:/home/vinayak/ws_moveit2/install/moveit_ros_warehouse:/home/vinayak/ws_moveit2/install/moveit_ros_robot_interaction:/home/vinayak/ws_moveit2/install/moveit_ros_perception:/home/vinayak/ws_moveit2/install/moveit_resources_prbt_pg70_support:/home/vinayak/ws_moveit2/install/moveit_resources_prbt_moveit_config:/home/vinayak/ws_moveit2/install/moveit_ros_move_group:/home/vinayak/ws_moveit2/install/moveit_planners_ompl:/home/vinayak/ws_moveit2/install/moveit_ros_planning:/home/vinayak/ws_moveit2/install/moveit_ros_occupancy_map_monitor:/home/vinayak/ws_moveit2/install/moveit_resources_prbt_ikfast_manipulator_plugin:/home/vinayak/ws_moveit2/install/moveit_planners_chomp:/home/vinayak/ws_moveit2/install/moveit_kinematics:/home/vinayak/ws_moveit2/install/moveit_chomp_optimizer_adapter:/home/vinayak/ws_moveit2/install/chomp_motion_planner:/home/vinayak/ws_moveit2/install/moveit_core:/home/vinayak/ws_moveit2/install/rviz_marker_tools:/home/vinayak/ws_moveit2/install/rosparam_shortcuts:/home/vinayak/ws_moveit2/install/moveit_task_constructor_msgs:/home/vinayak/ws_moveit2/install/moveit_resources_prbt_support:/home/vinayak/ws_moveit2/install/moveit_resources:/home/vinayak/ws_moveit2/install/moveit_resources_fanuc_moveit_config:/home/vinayak/ws_moveit2/install/moveit_resources_fanuc_description:/home/vinayak/ws_moveit2/install/ur3e_motion_package:/home/vinayak/ws_moveit2/install/moveit_configs_utils:/home/vinayak/ws_moveit2/install/launch_param_builder:/opt/ros/humble LD_LIBRARY_PATH=/home/vinayak/ws_moveit2/install/srdfdom/lib:/home/vinayak/ws_moveit2/install/ur_robot_driver/lib:/home/vinayak/ws_moveit2/install/ur_controllers/lib:/home/vinayak/ws_moveit2/install/ur_dashboard_msgs/lib:/home/vinayak/ws_moveit2/install/pilz_industrial_motion_planner_testutils/lib:/home/vinayak/ws_moveit2/install/pilz_industrial_motion_planner/lib:/home/vinayak/ws_moveit2/install/moveit_visual_tools/lib:/home/vinayak/ws_moveit2/install/moveit_task_constructor_visualization/lib:/home/vinayak/ws_moveit2/install/moveit_task_constructor_demo/lib:/home/vinayak/ws_moveit2/install/moveit_task_constructor_capabilities/lib:/home/vinayak/ws_moveit2/install/moveit_task_constructor_core/lib:/home/vinayak/ws_moveit2/install/moveit_ros_control_interface/lib:/home/vinayak/ws_moveit2/install/moveit_simple_controller_manager/lib:/home/vinayak/ws_moveit2/install/moveit_setup_assistant/lib:/home/vinayak/ws_moveit2/install/moveit_setup_srdf_plugins/lib:/home/vinayak/ws_moveit2/install/moveit_setup_core_plugins/lib:/home/vinayak/ws_moveit2/install/moveit_setup_controllers/lib:/home/vinayak/ws_moveit2/install/moveit_setup_app_plugins/lib:/home/vinayak/ws_moveit2/install/moveit_setup_framework/lib:/home/vinayak/ws_moveit2/install/moveit_servo/lib:/home/vinayak/ws_moveit2/install/moveit_ros_visualization/lib:/home/vinayak/ws_moveit2/install/moveit_hybrid_planning/lib:/home/vinayak/ws_moveit2/install/moveit_ros_planning_interface/lib:/home/vinayak/ws_moveit2/install/moveit_ros_benchmarks/lib:/home/vinayak/ws_moveit2/install/moveit_ros_warehouse/lib:/home/vinayak/ws_moveit2/install/moveit_ros_robot_interaction/lib:/home/vinayak/ws_moveit2/install/moveit_ros_perception/lib:/home/vinayak/ws_moveit2/install/moveit_ros_move_group/lib:/home/vinayak/ws_moveit2/install/moveit_planners_ompl/lib:/home/vinayak/ws_moveit2/install/moveit_ros_planning/lib:/home/vinayak/ws_moveit2/install/moveit_ros_occupancy_map_monitor/lib:/home/vinayak/ws_moveit2/install/moveit_resources_prbt_ikfast_manipulator_plugin/lib:/home/vinayak/ws_moveit2/install/moveit_planners_chomp/lib:/home/vinayak/ws_moveit2/install/moveit_kinematics/lib:/home/vinayak/ws_moveit2/install/moveit_chomp_optimizer_adapter/lib:/home/vinayak/ws_moveit2/install/chomp_motion_planner/lib:/home/vinayak/ws_moveit2/install/moveit_core/lib:/home/vinayak/ws_moveit2/install/rviz_marker_tools/lib:/home/vinayak/ws_moveit2/install/rosparam_shortcuts/lib:/home/vinayak/ws_moveit2/install/moveit_task_constructor_msgs/lib:/usr/lib/x86_64-linux-gnu/gazebo-11/plugins:/opt/ros/humble/opt/rviz_ogre_vendor/lib:/opt/ros/humble/lib/x86_64-linux-gnu:/opt/ros/humble/lib:/usr/local/cuda-12.4/lib64 /usr/bin/cmake /home/vinayak/ws_moveit2/src/moveit2/moveit_core -DCMAKE_INSTALL_PREFIX=/home/vinayak/ws_moveit2/install/moveit_core
[129.076s] DEBUG:colcon.colcon_core.event_handler.log_command:Invoking command in '/home/vinayak/ws_moveit2/build/moveit_core': CMAKE_PREFIX_PATH=/home/vinayak/ws_moveit2/install/moveit_resources_panda_moveit_config:/home/vinayak/ws_moveit2/install/srdfdom:/home/vinayak/ws_moveit2/install/moveit_resources_pr2_description:/home/vinayak/ws_moveit2/install/moveit_resources_panda_description:/home/vinayak/ws_moveit2/install/moveit_common:/home/vinayak/ws_moveit2/install/ur:/home/vinayak/ws_moveit2/install/ur_calibration:/home/vinayak/ws_moveit2/install/ur_robot_driver:/home/vinayak/ws_moveit2/install/ur_moveit_config:/home/vinayak/ws_moveit2/install/ur_bringup:/home/vinayak/ws_moveit2/install/ur_controllers:/home/vinayak/ws_moveit2/install/ur_dashboard_msgs:/home/vinayak/ws_moveit2/install/new_configuration:/home/vinayak/ws_moveit2/install/ur3e:/home/vinayak/ws_moveit2/install/pilz_industrial_motion_planner_testutils:/home/vinayak/ws_moveit2/install/moveit_runtime:/home/vinayak/ws_moveit2/install/moveit2_tutorials:/home/vinayak/ws_moveit2/install/moveit:/home/vinayak/ws_moveit2/install/moveit_planners:/home/vinayak/ws_moveit2/install/pilz_industrial_motion_planner:/home/vinayak/ws_moveit2/install/moveit_visual_tools:/home/vinayak/ws_moveit2/install/moveit_task_constructor_visualization:/home/vinayak/ws_moveit2/install/moveit_task_constructor_demo:/home/vinayak/ws_moveit2/install/moveit_task_constructor_capabilities:/home/vinayak/ws_moveit2/install/moveit_task_constructor_core:/home/vinayak/ws_moveit2/install/moveit_ros_control_interface:/home/vinayak/ws_moveit2/install/moveit_plugins:/home/vinayak/ws_moveit2/install/moveit_simple_controller_manager:/home/vinayak/ws_moveit2/install/moveit_setup_assistant:/home/vinayak/ws_moveit2/install/moveit_setup_srdf_plugins:/home/vinayak/ws_moveit2/install/moveit_setup_core_plugins:/home/vinayak/ws_moveit2/install/moveit_setup_controllers:/home/vinayak/ws_moveit2/install/moveit_setup_app_plugins:/home/vinayak/ws_moveit2/install/moveit_setup_framework:/home/vinayak/ws_moveit2/install/moveit_servo:/home/vinayak/ws_moveit2/install/moveit_ros:/home/vinayak/ws_moveit2/install/moveit_ros_visualization:/home/vinayak/ws_moveit2/install/moveit_hybrid_planning:/home/vinayak/ws_moveit2/install/moveit_ros_planning_interface:/home/vinayak/ws_moveit2/install/moveit_ros_benchmarks:/home/vinayak/ws_moveit2/install/moveit_ros_warehouse:/home/vinayak/ws_moveit2/install/moveit_ros_robot_interaction:/home/vinayak/ws_moveit2/install/moveit_ros_perception:/home/vinayak/ws_moveit2/install/moveit_resources_prbt_pg70_support:/home/vinayak/ws_moveit2/install/moveit_resources_prbt_moveit_config:/home/vinayak/ws_moveit2/install/moveit_ros_move_group:/home/vinayak/ws_moveit2/install/moveit_planners_ompl:/home/vinayak/ws_moveit2/install/moveit_ros_planning:/home/vinayak/ws_moveit2/install/moveit_ros_occupancy_map_monitor:/home/vinayak/ws_moveit2/install/moveit_resources_prbt_ikfast_manipulator_plugin:/home/vinayak/ws_moveit2/install/moveit_planners_chomp:/home/vinayak/ws_moveit2/install/moveit_kinematics:/home/vinayak/ws_moveit2/install/moveit_chomp_optimizer_adapter:/home/vinayak/ws_moveit2/install/chomp_motion_planner:/home/vinayak/ws_moveit2/install/moveit_core:/home/vinayak/ws_moveit2/install/rviz_marker_tools:/home/vinayak/ws_moveit2/install/rosparam_shortcuts:/home/vinayak/ws_moveit2/install/moveit_task_constructor_msgs:/home/vinayak/ws_moveit2/install/moveit_resources_prbt_support:/home/vinayak/ws_moveit2/install/moveit_resources:/home/vinayak/ws_moveit2/install/moveit_resources_fanuc_moveit_config:/home/vinayak/ws_moveit2/install/moveit_resources_fanuc_description:/home/vinayak/ws_moveit2/install/ur3e_motion_package:/home/vinayak/ws_moveit2/install/moveit_configs_utils:/home/vinayak/ws_moveit2/install/launch_param_builder:/opt/ros/humble LD_LIBRARY_PATH=/home/vinayak/ws_moveit2/install/srdfdom/lib:/home/vinayak/ws_moveit2/install/ur_robot_driver/lib:/home/vinayak/ws_moveit2/install/ur_controllers/lib:/home/vinayak/ws_moveit2/install/ur_dashboard_msgs/lib:/home/vinayak/ws_moveit2/install/pilz_industrial_motion_planner_testutils/lib:/home/vinayak/ws_moveit2/install/pilz_industrial_motion_planner/lib:/home/vinayak/ws_moveit2/install/moveit_visual_tools/lib:/home/vinayak/ws_moveit2/install/moveit_task_constructor_visualization/lib:/home/vinayak/ws_moveit2/install/moveit_task_constructor_demo/lib:/home/vinayak/ws_moveit2/install/moveit_task_constructor_capabilities/lib:/home/vinayak/ws_moveit2/install/moveit_task_constructor_core/lib:/home/vinayak/ws_moveit2/install/moveit_ros_control_interface/lib:/home/vinayak/ws_moveit2/install/moveit_simple_controller_manager/lib:/home/vinayak/ws_moveit2/install/moveit_setup_assistant/lib:/home/vinayak/ws_moveit2/install/moveit_setup_srdf_plugins/lib:/home/vinayak/ws_moveit2/install/moveit_setup_core_plugins/lib:/home/vinayak/ws_moveit2/install/moveit_setup_controllers/lib:/home/vinayak/ws_moveit2/install/moveit_setup_app_plugins/lib:/home/vinayak/ws_moveit2/install/moveit_setup_framework/lib:/home/vinayak/ws_moveit2/install/moveit_servo/lib:/home/vinayak/ws_moveit2/install/moveit_ros_visualization/lib:/home/vinayak/ws_moveit2/install/moveit_hybrid_planning/lib:/home/vinayak/ws_moveit2/install/moveit_ros_planning_interface/lib:/home/vinayak/ws_moveit2/install/moveit_ros_benchmarks/lib:/home/vinayak/ws_moveit2/install/moveit_ros_warehouse/lib:/home/vinayak/ws_moveit2/install/moveit_ros_robot_interaction/lib:/home/vinayak/ws_moveit2/install/moveit_ros_perception/lib:/home/vinayak/ws_moveit2/install/moveit_ros_move_group/lib:/home/vinayak/ws_moveit2/install/moveit_planners_ompl/lib:/home/vinayak/ws_moveit2/install/moveit_ros_planning/lib:/home/vinayak/ws_moveit2/install/moveit_ros_occupancy_map_monitor/lib:/home/vinayak/ws_moveit2/install/moveit_resources_prbt_ikfast_manipulator_plugin/lib:/home/vinayak/ws_moveit2/install/moveit_planners_chomp/lib:/home/vinayak/ws_moveit2/install/moveit_kinematics/lib:/home/vinayak/ws_moveit2/install/moveit_chomp_optimizer_adapter/lib:/home/vinayak/ws_moveit2/install/chomp_motion_planner/lib:/home/vinayak/ws_moveit2/install/moveit_core/lib:/home/vinayak/ws_moveit2/install/rviz_marker_tools/lib:/home/vinayak/ws_moveit2/install/rosparam_shortcuts/lib:/home/vinayak/ws_moveit2/install/moveit_task_constructor_msgs/lib:/usr/lib/x86_64-linux-gnu/gazebo-11/plugins:/opt/ros/humble/opt/rviz_ogre_vendor/lib:/opt/ros/humble/lib/x86_64-linux-gnu:/opt/ros/humble/lib:/usr/local/cuda-12.4/lib64 /usr/bin/cmake --build /home/vinayak/ws_moveit2/build/moveit_core
[262.642s] DEBUG:colcon.colcon_core.executor.sequential:run_until_complete 'moveit_core' was interrupted
[262.642s] DEBUG:colcon.colcon_core.executor.sequential:run_until_complete 'moveit_core' again
[262.656s] DEBUG:colcon.colcon_core.event_handler.log_command:Invoked command in '/home/vinayak/ws_moveit2/build/moveit_core' returned '-2': CMAKE_PREFIX_PATH=/home/vinayak/ws_moveit2/install/moveit_resources_panda_moveit_config:/home/vinayak/ws_moveit2/install/srdfdom:/home/vinayak/ws_moveit2/install/moveit_resources_pr2_description:/home/vinayak/ws_moveit2/install/moveit_resources_panda_description:/home/vinayak/ws_moveit2/install/moveit_common:/home/vinayak/ws_moveit2/install/ur:/home/vinayak/ws_moveit2/install/ur_calibration:/home/vinayak/ws_moveit2/install/ur_robot_driver:/home/vinayak/ws_moveit2/install/ur_moveit_config:/home/vinayak/ws_moveit2/install/ur_bringup:/home/vinayak/ws_moveit2/install/ur_controllers:/home/vinayak/ws_moveit2/install/ur_dashboard_msgs:/home/vinayak/ws_moveit2/install/new_configuration:/home/vinayak/ws_moveit2/install/ur3e:/home/vinayak/ws_moveit2/install/pilz_industrial_motion_planner_testutils:/home/vinayak/ws_moveit2/install/moveit_runtime:/home/vinayak/ws_moveit2/install/moveit2_tutorials:/home/vinayak/ws_moveit2/install/moveit:/home/vinayak/ws_moveit2/install/moveit_planners:/home/vinayak/ws_moveit2/install/pilz_industrial_motion_planner:/home/vinayak/ws_moveit2/install/moveit_visual_tools:/home/vinayak/ws_moveit2/install/moveit_task_constructor_visualization:/home/vinayak/ws_moveit2/install/moveit_task_constructor_demo:/home/vinayak/ws_moveit2/install/moveit_task_constructor_capabilities:/home/vinayak/ws_moveit2/install/moveit_task_constructor_core:/home/vinayak/ws_moveit2/install/moveit_ros_control_interface:/home/vinayak/ws_moveit2/install/moveit_plugins:/home/vinayak/ws_moveit2/install/moveit_simple_controller_manager:/home/vinayak/ws_moveit2/install/moveit_setup_assistant:/home/vinayak/ws_moveit2/install/moveit_setup_srdf_plugins:/home/vinayak/ws_moveit2/install/moveit_setup_core_plugins:/home/vinayak/ws_moveit2/install/moveit_setup_controllers:/home/vinayak/ws_moveit2/install/moveit_setup_app_plugins:/home/vinayak/ws_moveit2/install/moveit_setup_framework:/home/vinayak/ws_moveit2/install/moveit_servo:/home/vinayak/ws_moveit2/install/moveit_ros:/home/vinayak/ws_moveit2/install/moveit_ros_visualization:/home/vinayak/ws_moveit2/install/moveit_hybrid_planning:/home/vinayak/ws_moveit2/install/moveit_ros_planning_interface:/home/vinayak/ws_moveit2/install/moveit_ros_benchmarks:/home/vinayak/ws_moveit2/install/moveit_ros_warehouse:/home/vinayak/ws_moveit2/install/moveit_ros_robot_interaction:/home/vinayak/ws_moveit2/install/moveit_ros_perception:/home/vinayak/ws_moveit2/install/moveit_resources_prbt_pg70_support:/home/vinayak/ws_moveit2/install/moveit_resources_prbt_moveit_config:/home/vinayak/ws_moveit2/install/moveit_ros_move_group:/home/vinayak/ws_moveit2/install/moveit_planners_ompl:/home/vinayak/ws_moveit2/install/moveit_ros_planning:/home/vinayak/ws_moveit2/install/moveit_ros_occupancy_map_monitor:/home/vinayak/ws_moveit2/install/moveit_resources_prbt_ikfast_manipulator_plugin:/home/vinayak/ws_moveit2/install/moveit_planners_chomp:/home/vinayak/ws_moveit2/install/moveit_kinematics:/home/vinayak/ws_moveit2/install/moveit_chomp_optimizer_adapter:/home/vinayak/ws_moveit2/install/chomp_motion_planner:/home/vinayak/ws_moveit2/install/moveit_core:/home/vinayak/ws_moveit2/install/rviz_marker_tools:/home/vinayak/ws_moveit2/install/rosparam_shortcuts:/home/vinayak/ws_moveit2/install/moveit_task_constructor_msgs:/home/vinayak/ws_moveit2/install/moveit_resources_prbt_support:/home/vinayak/ws_moveit2/install/moveit_resources:/home/vinayak/ws_moveit2/install/moveit_resources_fanuc_moveit_config:/home/vinayak/ws_moveit2/install/moveit_resources_fanuc_description:/home/vinayak/ws_moveit2/install/ur3e_motion_package:/home/vinayak/ws_moveit2/install/moveit_configs_utils:/home/vinayak/ws_moveit2/install/launch_param_builder:/opt/ros/humble LD_LIBRARY_PATH=/home/vinayak/ws_moveit2/install/srdfdom/lib:/home/vinayak/ws_moveit2/install/ur_robot_driver/lib:/home/vinayak/ws_moveit2/install/ur_controllers/lib:/home/vinayak/ws_moveit2/install/ur_dashboard_msgs/lib:/home/vinayak/ws_moveit2/install/pilz_industrial_motion_planner_testutils/lib:/home/vinayak/ws_moveit2/install/pilz_industrial_motion_planner/lib:/home/vinayak/ws_moveit2/install/moveit_visual_tools/lib:/home/vinayak/ws_moveit2/install/moveit_task_constructor_visualization/lib:/home/vinayak/ws_moveit2/install/moveit_task_constructor_demo/lib:/home/vinayak/ws_moveit2/install/moveit_task_constructor_capabilities/lib:/home/vinayak/ws_moveit2/install/moveit_task_constructor_core/lib:/home/vinayak/ws_moveit2/install/moveit_ros_control_interface/lib:/home/vinayak/ws_moveit2/install/moveit_simple_controller_manager/lib:/home/vinayak/ws_moveit2/install/moveit_setup_assistant/lib:/home/vinayak/ws_moveit2/install/moveit_setup_srdf_plugins/lib:/home/vinayak/ws_moveit2/install/moveit_setup_core_plugins/lib:/home/vinayak/ws_moveit2/install/moveit_setup_controllers/lib:/home/vinayak/ws_moveit2/install/moveit_setup_app_plugins/lib:/home/vinayak/ws_moveit2/install/moveit_setup_framework/lib:/home/vinayak/ws_moveit2/install/moveit_servo/lib:/home/vinayak/ws_moveit2/install/moveit_ros_visualization/lib:/home/vinayak/ws_moveit2/install/moveit_hybrid_planning/lib:/home/vinayak/ws_moveit2/install/moveit_ros_planning_interface/lib:/home/vinayak/ws_moveit2/install/moveit_ros_benchmarks/lib:/home/vinayak/ws_moveit2/install/moveit_ros_warehouse/lib:/home/vinayak/ws_moveit2/install/moveit_ros_robot_interaction/lib:/home/vinayak/ws_moveit2/install/moveit_ros_perception/lib:/home/vinayak/ws_moveit2/install/moveit_ros_move_group/lib:/home/vinayak/ws_moveit2/install/moveit_planners_ompl/lib:/home/vinayak/ws_moveit2/install/moveit_ros_planning/lib:/home/vinayak/ws_moveit2/install/moveit_ros_occupancy_map_monitor/lib:/home/vinayak/ws_moveit2/install/moveit_resources_prbt_ikfast_manipulator_plugin/lib:/home/vinayak/ws_moveit2/install/moveit_planners_chomp/lib:/home/vinayak/ws_moveit2/install/moveit_kinematics/lib:/home/vinayak/ws_moveit2/install/moveit_chomp_optimizer_adapter/lib:/home/vinayak/ws_moveit2/install/chomp_motion_planner/lib:/home/vinayak/ws_moveit2/install/moveit_core/lib:/home/vinayak/ws_moveit2/install/rviz_marker_tools/lib:/home/vinayak/ws_moveit2/install/rosparam_shortcuts/lib:/home/vinayak/ws_moveit2/install/moveit_task_constructor_msgs/lib:/usr/lib/x86_64-linux-gnu/gazebo-11/plugins:/opt/ros/humble/opt/rviz_ogre_vendor/lib:/opt/ros/humble/lib/x86_64-linux-gnu:/opt/ros/humble/lib:/usr/local/cuda-12.4/lib64 /usr/bin/cmake --build /home/vinayak/ws_moveit2/build/moveit_core
[262.656s] Level 1:colcon.colcon_core.environment:create_environment_scripts_only(moveit_core)
[262.657s] Level 1:colcon.colcon_core.environment:checking '/home/vinayak/ws_moveit2/install/moveit_core' for CMake module files
[262.657s] Level 1:colcon.colcon_core.environment:checking '/home/vinayak/ws_moveit2/install/moveit_core' for CMake config files
[262.657s] Level 1:colcon.colcon_core.environment:checking '/home/vinayak/ws_moveit2/install/moveit_core/bin'
[262.657s] Level 1:colcon.colcon_core.environment:checking '/home/vinayak/ws_moveit2/install/moveit_core/lib/pkgconfig/moveit_core.pc'
[262.657s] Level 1:colcon.colcon_core.environment:checking '/home/vinayak/ws_moveit2/install/moveit_core/lib/python3.10/site-packages'
[262.658s] Level 1:colcon.colcon_core.environment:checking '/home/vinayak/ws_moveit2/install/moveit_core/bin'
[262.658s] INFO:colcon.colcon_core.shell:Creating package script '/home/vinayak/ws_moveit2/install/moveit_core/share/moveit_core/package.ps1'
[262.658s] INFO:colcon.colcon_core.shell:Creating package descriptor '/home/vinayak/ws_moveit2/install/moveit_core/share/moveit_core/package.dsv'
[262.659s] INFO:colcon.colcon_core.shell:Creating package script '/home/vinayak/ws_moveit2/install/moveit_core/share/moveit_core/package.sh'
[262.659s] INFO:colcon.colcon_core.shell:Creating package script '/home/vinayak/ws_moveit2/install/moveit_core/share/moveit_core/package.bash'
[262.659s] INFO:colcon.colcon_core.shell:Creating package script '/home/vinayak/ws_moveit2/install/moveit_core/share/moveit_core/package.zsh'
[262.660s] Level 1:colcon.colcon_core.environment:create_file_with_runtime_dependencies(/home/vinayak/ws_moveit2/install/moveit_core/share/colcon-core/packages/moveit_core)
[262.660s] DEBUG:colcon.colcon_core.executor.sequential:run_until_complete 'moveit_core' finished
[262.660s] DEBUG:colcon.colcon_core.executor.sequential:closing loop
[262.660s] DEBUG:colcon.colcon_core.executor.sequential:loop closed
[262.661s] DEBUG:colcon.colcon_core.event_reactor:joining thread
[262.676s] INFO:colcon.colcon_core.plugin_system:Skipping extension 'colcon_notification.desktop_notification.terminal_notifier': Not used on non-Darwin systems
[262.676s] INFO:colcon.colcon_core.plugin_system:Skipping extension 'colcon_notification.desktop_notification.win32': Not used on non-Windows systems
[262.676s] INFO:colcon.colcon_notification.desktop_notification:Sending desktop notification using 'notify2'
[262.690s] DEBUG:colcon.colcon_core.event_reactor:joined thread
[262.691s] INFO:colcon.colcon_core.shell:Creating prefix script '/home/vinayak/ws_moveit2/install/local_setup.ps1'
[262.692s] INFO:colcon.colcon_core.shell:Creating prefix util module '/home/vinayak/ws_moveit2/install/_local_setup_util_ps1.py'
[262.693s] INFO:colcon.colcon_core.shell:Creating prefix chain script '/home/vinayak/ws_moveit2/install/setup.ps1'
[262.696s] INFO:colcon.colcon_core.shell:Creating prefix script '/home/vinayak/ws_moveit2/install/local_setup.sh'
[262.696s] INFO:colcon.colcon_core.shell:Creating prefix util module '/home/vinayak/ws_moveit2/install/_local_setup_util_sh.py'
[262.697s] INFO:colcon.colcon_core.shell:Creating prefix chain script '/home/vinayak/ws_moveit2/install/setup.sh'
[262.699s] INFO:colcon.colcon_core.shell:Creating prefix script '/home/vinayak/ws_moveit2/install/local_setup.bash'
[262.699s] INFO:colcon.colcon_core.shell:Creating prefix chain script '/home/vinayak/ws_moveit2/install/setup.bash'
[262.701s] INFO:colcon.colcon_core.shell:Creating prefix script '/home/vinayak/ws_moveit2/install/local_setup.zsh'
[262.701s] INFO:colcon.colcon_core.shell:Creating prefix chain script '/home/vinayak/ws_moveit2/install/setup.zsh'
