[0.000000] (-) TimerEvent: {}
[0.000590] (-) JobUnselected: {'identifier': 'chomp_motion_planner'}
[0.000914] (-) JobUnselected: {'identifier': 'launch_param_builder'}
[0.000951] (-) JobUnselected: {'identifier': 'moveit'}
[0.000979] (-) JobUnselected: {'identifier': 'moveit2_tutorials'}
[0.001005] (-) JobUnselected: {'identifier': 'moveit_chomp_optimizer_adapter'}
[0.001033] (-) JobUnselected: {'identifier': 'moveit_common'}
[0.001098] (-) JobUnselected: {'identifier': 'moveit_configs_utils'}
[0.001112] (-) JobUnselected: {'identifier': 'moveit_core'}
[0.001126] (-) JobUnselected: {'identifier': 'moveit_hybrid_planning'}
[0.001139] (-) JobUnselected: {'identifier': 'moveit_kinematics'}
[0.001152] (-) JobUnselected: {'identifier': 'moveit_planners'}
[0.001166] (-) JobUnselected: {'identifier': 'moveit_planners_chomp'}
[0.001179] (-) JobUnselected: {'identifier': 'moveit_planners_ompl'}
[0.001192] (-) JobUnselected: {'identifier': 'moveit_plugins'}
[0.001205] (-) JobUnselected: {'identifier': 'moveit_resources'}
[0.001219] (-) JobUnselected: {'identifier': 'moveit_resources_fanuc_description'}
[0.001233] (-) JobUnselected: {'identifier': 'moveit_resources_fanuc_moveit_config'}
[0.001247] (-) JobUnselected: {'identifier': 'moveit_resources_panda_description'}
[0.001261] (-) JobUnselected: {'identifier': 'moveit_resources_panda_moveit_config'}
[0.001275] (-) JobUnselected: {'identifier': 'moveit_resources_pr2_description'}
[0.001288] (-) JobUnselected: {'identifier': 'moveit_resources_prbt_ikfast_manipulator_plugin'}
[0.001301] (-) JobUnselected: {'identifier': 'moveit_resources_prbt_moveit_config'}
[0.001314] (-) JobUnselected: {'identifier': 'moveit_resources_prbt_pg70_support'}
[0.001327] (-) JobUnselected: {'identifier': 'moveit_resources_prbt_support'}
[0.001341] (-) JobUnselected: {'identifier': 'moveit_ros'}
[0.001354] (-) JobUnselected: {'identifier': 'moveit_ros_benchmarks'}
[0.001367] (-) JobUnselected: {'identifier': 'moveit_ros_control_interface'}
[0.001380] (-) JobUnselected: {'identifier': 'moveit_ros_move_group'}
[0.001393] (-) JobUnselected: {'identifier': 'moveit_ros_occupancy_map_monitor'}
[0.001406] (-) JobUnselected: {'identifier': 'moveit_ros_perception'}
[0.001420] (-) JobUnselected: {'identifier': 'moveit_ros_planning'}
[0.001433] (-) JobUnselected: {'identifier': 'moveit_ros_planning_interface'}
[0.001446] (-) JobUnselected: {'identifier': 'moveit_ros_robot_interaction'}
[0.001459] (-) JobUnselected: {'identifier': 'moveit_ros_visualization'}
[0.001472] (-) JobUnselected: {'identifier': 'moveit_ros_warehouse'}
[0.001485] (-) JobUnselected: {'identifier': 'moveit_runtime'}
[0.001498] (-) JobUnselected: {'identifier': 'moveit_servo'}
[0.001511] (-) JobUnselected: {'identifier': 'moveit_setup_app_plugins'}
[0.001524] (-) JobUnselected: {'identifier': 'moveit_setup_assistant'}
[0.001537] (-) JobUnselected: {'identifier': 'moveit_setup_controllers'}
[0.001550] (-) JobUnselected: {'identifier': 'moveit_setup_core_plugins'}
[0.001563] (-) JobUnselected: {'identifier': 'moveit_setup_framework'}
[0.001575] (-) JobUnselected: {'identifier': 'moveit_setup_srdf_plugins'}
[0.001589] (-) JobUnselected: {'identifier': 'moveit_simple_controller_manager'}
[0.001601] (-) JobUnselected: {'identifier': 'moveit_task_constructor_capabilities'}
[0.001614] (-) JobUnselected: {'identifier': 'moveit_task_constructor_core'}
[0.001627] (-) JobUnselected: {'identifier': 'moveit_task_constructor_demo'}
[0.001640] (-) JobUnselected: {'identifier': 'moveit_task_constructor_visualization'}
[0.001653] (-) JobUnselected: {'identifier': 'moveit_visual_tools'}
[0.001666] (-) JobUnselected: {'identifier': 'new_configuration'}
[0.001679] (-) JobUnselected: {'identifier': 'pilz_industrial_motion_planner'}
[0.001692] (-) JobUnselected: {'identifier': 'pilz_industrial_motion_planner_testutils'}
[0.001705] (-) JobUnselected: {'identifier': 'rosparam_shortcuts'}
[0.001718] (-) JobUnselected: {'identifier': 'rviz_marker_tools'}
[0.001730] (-) JobUnselected: {'identifier': 'srdfdom'}
[0.001743] (-) JobUnselected: {'identifier': 'ur'}
[0.001756] (-) JobUnselected: {'identifier': 'ur3e'}
[0.001787] (-) JobUnselected: {'identifier': 'ur3e_motion_package'}
[0.001801] (-) JobUnselected: {'identifier': 'ur_bringup'}
[0.001814] (-) JobUnselected: {'identifier': 'ur_calibration'}
[0.001827] (-) JobUnselected: {'identifier': 'ur_controllers'}
[0.001840] (-) JobUnselected: {'identifier': 'ur_dashboard_msgs'}
[0.001853] (-) JobUnselected: {'identifier': 'ur_moveit_config'}
[0.001866] (-) JobUnselected: {'identifier': 'ur_robot_driver'}
[0.001881] (moveit_task_constructor_msgs) JobQueued: {'identifier': 'moveit_task_constructor_msgs', 'dependencies': OrderedDict()}
[0.001898] (moveit_task_constructor_msgs) JobStarted: {'identifier': 'moveit_task_constructor_msgs'}
[0.011260] (moveit_task_constructor_msgs) JobProgress: {'identifier': 'moveit_task_constructor_msgs', 'progress': 'cmake'}
[0.011684] (moveit_task_constructor_msgs) Command: {'cmd': ['/usr/bin/cmake', '/home/vinayak/ws_moveit2/src/moveit_task_constructor/msgs', '-DCMAKE_INSTALL_PREFIX=/home/vinayak/ws_moveit2/install/moveit_task_constructor_msgs'], 'cwd': '/home/vinayak/ws_moveit2/build/moveit_task_constructor_msgs', 'env': OrderedDict([('LESSOPEN', '| /usr/bin/lesspipe %s'), ('USER', 'vinayak'), ('LC_TIME', 'en_IN.UTF-8'), ('XDG_SESSION_TYPE', 'wayland'), ('SHLVL', '1'), ('LD_LIBRARY_PATH', '/home/vinayak/ws_moveit2/install/ur_robot_driver/lib:/home/vinayak/ws_moveit2/install/ur_controllers/lib:/home/vinayak/ws_moveit2/install/ur_dashboard_msgs/lib:/home/vinayak/ws_moveit2/install/pilz_industrial_motion_planner_testutils/lib:/home/vinayak/ws_moveit2/install/pilz_industrial_motion_planner/lib:/home/vinayak/ws_moveit2/install/moveit_visual_tools/lib:/home/vinayak/ws_moveit2/install/moveit_task_constructor_visualization/lib:/home/vinayak/ws_moveit2/install/moveit_task_constructor_demo/lib:/home/vinayak/ws_moveit2/install/moveit_task_constructor_capabilities/lib:/home/vinayak/ws_moveit2/install/moveit_task_constructor_core/lib:/home/vinayak/ws_moveit2/install/moveit_ros_control_interface/lib:/home/vinayak/ws_moveit2/install/moveit_simple_controller_manager/lib:/home/vinayak/ws_moveit2/install/moveit_setup_assistant/lib:/home/vinayak/ws_moveit2/install/moveit_setup_srdf_plugins/lib:/home/vinayak/ws_moveit2/install/moveit_setup_core_plugins/lib:/home/vinayak/ws_moveit2/install/moveit_setup_controllers/lib:/home/vinayak/ws_moveit2/install/moveit_setup_app_plugins/lib:/home/vinayak/ws_moveit2/install/moveit_setup_framework/lib:/home/vinayak/ws_moveit2/install/moveit_servo/lib:/home/vinayak/ws_moveit2/install/moveit_ros_visualization/lib:/home/vinayak/ws_moveit2/install/moveit_hybrid_planning/lib:/home/vinayak/ws_moveit2/install/moveit_ros_planning_interface/lib:/home/vinayak/ws_moveit2/install/moveit_ros_benchmarks/lib:/home/vinayak/ws_moveit2/install/moveit_ros_warehouse/lib:/home/vinayak/ws_moveit2/install/moveit_ros_robot_interaction/lib:/home/vinayak/ws_moveit2/install/moveit_ros_perception/lib:/home/vinayak/ws_moveit2/install/moveit_ros_move_group/lib:/home/vinayak/ws_moveit2/install/moveit_planners_ompl/lib:/home/vinayak/ws_moveit2/install/moveit_ros_planning/lib:/home/vinayak/ws_moveit2/install/moveit_ros_occupancy_map_monitor/lib:/home/vinayak/ws_moveit2/install/moveit_resources_prbt_ikfast_manipulator_plugin/lib:/home/vinayak/ws_moveit2/install/moveit_planners_chomp/lib:/home/vinayak/ws_moveit2/install/moveit_kinematics/lib:/home/vinayak/ws_moveit2/install/moveit_chomp_optimizer_adapter/lib:/home/vinayak/ws_moveit2/install/chomp_motion_planner/lib:/home/vinayak/ws_moveit2/install/moveit_core/lib:/home/vinayak/ws_moveit2/install/srdfdom/lib:/home/vinayak/ws_moveit2/install/rviz_marker_tools/lib:/home/vinayak/ws_moveit2/install/rosparam_shortcuts/lib:/home/vinayak/ws_moveit2/install/moveit_task_constructor_msgs/lib:/usr/lib/x86_64-linux-gnu/gazebo-11/plugins:/opt/ros/humble/opt/rviz_ogre_vendor/lib:/opt/ros/humble/lib/x86_64-linux-gnu:/opt/ros/humble/lib:/usr/local/cuda-12.4/lib64'), ('HOME', '/home/vinayak'), ('OLDPWD', '/home/vinayak/ws_moveit2/src'), ('DESKTOP_SESSION', 'ubuntu'), ('ROS_PYTHON_VERSION', '3'), ('GNOME_SHELL_SESSION_MODE', 'ubuntu'), ('GTK_MODULES', 'gail:atk-bridge'), ('LC_MONETARY', 'en_IN.UTF-8'), ('SYSTEMD_EXEC_PID', '2822'), ('DBUS_SESSION_BUS_ADDRESS', 'unix:path=/run/user/1000/bus'), ('COLORTERM', 'truecolor'), ('IM_CONFIG_PHASE', '1'), ('WAYLAND_DISPLAY', 'wayland-0'), ('COLCON_PREFIX_PATH', '/home/vinayak/ws_moveit2/install'), ('ROS_DISTRO', 'humble'), ('LOGNAME', 'vinayak'), ('_', '/usr/bin/colcon'), ('ROS_VERSION', '2'), ('XDG_SESSION_CLASS', 'user'), ('USERNAME', 'vinayak'), ('TERM', 'xterm-256color'), ('GNOME_DESKTOP_SESSION_ID', 'this-is-deprecated'), ('ROS_LOCALHOST_ONLY', '0'), ('PATH', '/home/vinayak/ws_moveit2/install/ur_robot_driver/bin:/home/vinayak/ws_moveit2/install/moveit_core/bin:/opt/ros/humble/bin:/usr/local/cuda-12.4/bin:/home/vinayak/.local/bin:/usr/local/sbin:/usr/local/bin:/usr/sbin:/usr/bin:/sbin:/bin:/usr/games:/usr/local/games:/snap/bin:/snap/bin'), ('SESSION_MANAGER', 'local/Vinayak:@/tmp/.ICE-unix/2600,unix/Vinayak:/tmp/.ICE-unix/2600'), ('PAPERSIZE', 'a4'), ('XDG_MENU_PREFIX', 'gnome-'), ('LC_ADDRESS', 'en_IN.UTF-8'), ('GNOME_TERMINAL_SCREEN', '/org/gnome/Terminal/screen/bce04f5b_c87b_49b6_95ff_6cd41b99bb4d'), ('GNOME_SETUP_DISPLAY', ':1'), ('XDG_RUNTIME_DIR', '/run/user/1000'), ('DISPLAY', ':0'), ('LANG', 'en_US.UTF-8'), ('XDG_CURRENT_DESKTOP', 'ubuntu:GNOME'), ('LC_TELEPHONE', 'en_IN.UTF-8'), ('XMODIFIERS', '@im=ibus'), ('XDG_SESSION_DESKTOP', 'ubuntu'), ('XAUTHORITY', '/run/user/1000/.mutter-Xwaylandauth.TRDL82'), ('LS_COLORS', 'rs=0:di=01;34:ln=01;36:mh=00:pi=40;33:so=01;35:do=01;35:bd=40;33;01:cd=40;33;01:or=40;31;01:mi=00:su=37;41:sg=30;43:ca=30;41:tw=30;42:ow=34;42:st=37;44:ex=01;32:*.tar=01;31:*.tgz=01;31:*.arc=01;31:*.arj=01;31:*.taz=01;31:*.lha=01;31:*.lz4=01;31:*.lzh=01;31:*.lzma=01;31:*.tlz=01;31:*.txz=01;31:*.tzo=01;31:*.t7z=01;31:*.zip=01;31:*.z=01;31:*.dz=01;31:*.gz=01;31:*.lrz=01;31:*.lz=01;31:*.lzo=01;31:*.xz=01;31:*.zst=01;31:*.tzst=01;31:*.bz2=01;31:*.bz=01;31:*.tbz=01;31:*.tbz2=01;31:*.tz=01;31:*.deb=01;31:*.rpm=01;31:*.jar=01;31:*.war=01;31:*.ear=01;31:*.sar=01;31:*.rar=01;31:*.alz=01;31:*.ace=01;31:*.zoo=01;31:*.cpio=01;31:*.7z=01;31:*.rz=01;31:*.cab=01;31:*.wim=01;31:*.swm=01;31:*.dwm=01;31:*.esd=01;31:*.jpg=01;35:*.jpeg=01;35:*.mjpg=01;35:*.mjpeg=01;35:*.gif=01;35:*.bmp=01;35:*.pbm=01;35:*.pgm=01;35:*.ppm=01;35:*.tga=01;35:*.xbm=01;35:*.xpm=01;35:*.tif=01;35:*.tiff=01;35:*.png=01;35:*.svg=01;35:*.svgz=01;35:*.mng=01;35:*.pcx=01;35:*.mov=01;35:*.mpg=01;35:*.mpeg=01;35:*.m2v=01;35:*.mkv=01;35:*.webm=01;35:*.webp=01;35:*.ogm=01;35:*.mp4=01;35:*.m4v=01;35:*.mp4v=01;35:*.vob=01;35:*.qt=01;35:*.nuv=01;35:*.wmv=01;35:*.asf=01;35:*.rm=01;35:*.rmvb=01;35:*.flc=01;35:*.avi=01;35:*.fli=01;35:*.flv=01;35:*.gl=01;35:*.dl=01;35:*.xcf=01;35:*.xwd=01;35:*.yuv=01;35:*.cgm=01;35:*.emf=01;35:*.ogv=01;35:*.ogx=01;35:*.aac=00;36:*.au=00;36:*.flac=00;36:*.m4a=00;36:*.mid=00;36:*.midi=00;36:*.mka=00;36:*.mp3=00;36:*.mpc=00;36:*.ogg=00;36:*.ra=00;36:*.wav=00;36:*.oga=00;36:*.opus=00;36:*.spx=00;36:*.xspf=00;36:'), ('GNOME_TERMINAL_SERVICE', ':1.597'), ('SSH_AGENT_LAUNCHER', 'gnome-keyring'), ('SSH_AUTH_SOCK', '/run/user/1000/keyring/ssh'), ('AMENT_PREFIX_PATH', '/home/vinayak/ws_moveit2/install/ur:/home/vinayak/ws_moveit2/install/ur_calibration:/home/vinayak/ws_moveit2/install/ur_robot_driver:/home/vinayak/ws_moveit2/install/ur_moveit_config:/home/vinayak/ws_moveit2/install/ur_bringup:/home/vinayak/ws_moveit2/install/ur_controllers:/home/vinayak/ws_moveit2/install/ur_dashboard_msgs:/home/vinayak/ws_moveit2/install/ur3e_motion_package:/home/vinayak/ws_moveit2/install/new_configuration:/home/vinayak/ws_moveit2/install/ur3e:/home/vinayak/ws_moveit2/install/pilz_industrial_motion_planner_testutils:/home/vinayak/ws_moveit2/install/moveit_runtime:/home/vinayak/ws_moveit2/install/moveit2_tutorials:/home/vinayak/ws_moveit2/install/moveit:/home/vinayak/ws_moveit2/install/moveit_planners:/home/vinayak/ws_moveit2/install/pilz_industrial_motion_planner:/home/vinayak/ws_moveit2/install/moveit_visual_tools:/home/vinayak/ws_moveit2/install/moveit_task_constructor_visualization:/home/vinayak/ws_moveit2/install/moveit_task_constructor_demo:/home/vinayak/ws_moveit2/install/moveit_task_constructor_capabilities:/home/vinayak/ws_moveit2/install/moveit_task_constructor_core:/home/vinayak/ws_moveit2/install/moveit_ros_control_interface:/home/vinayak/ws_moveit2/install/moveit_plugins:/home/vinayak/ws_moveit2/install/moveit_simple_controller_manager:/home/vinayak/ws_moveit2/install/moveit_setup_assistant:/home/vinayak/ws_moveit2/install/moveit_setup_srdf_plugins:/home/vinayak/ws_moveit2/install/moveit_setup_core_plugins:/home/vinayak/ws_moveit2/install/moveit_setup_controllers:/home/vinayak/ws_moveit2/install/moveit_setup_app_plugins:/home/vinayak/ws_moveit2/install/moveit_setup_framework:/home/vinayak/ws_moveit2/install/moveit_servo:/home/vinayak/ws_moveit2/install/moveit_ros:/home/vinayak/ws_moveit2/install/moveit_ros_visualization:/home/vinayak/ws_moveit2/install/moveit_hybrid_planning:/home/vinayak/ws_moveit2/install/moveit_ros_planning_interface:/home/vinayak/ws_moveit2/install/moveit_ros_benchmarks:/home/vinayak/ws_moveit2/install/moveit_ros_warehouse:/home/vinayak/ws_moveit2/install/moveit_ros_robot_interaction:/home/vinayak/ws_moveit2/install/moveit_ros_perception:/home/vinayak/ws_moveit2/install/moveit_resources_prbt_pg70_support:/home/vinayak/ws_moveit2/install/moveit_resources_prbt_moveit_config:/home/vinayak/ws_moveit2/install/moveit_ros_move_group:/home/vinayak/ws_moveit2/install/moveit_planners_ompl:/home/vinayak/ws_moveit2/install/moveit_ros_planning:/home/vinayak/ws_moveit2/install/moveit_ros_occupancy_map_monitor:/home/vinayak/ws_moveit2/install/moveit_resources_prbt_ikfast_manipulator_plugin:/home/vinayak/ws_moveit2/install/moveit_planners_chomp:/home/vinayak/ws_moveit2/install/moveit_kinematics:/home/vinayak/ws_moveit2/install/moveit_chomp_optimizer_adapter:/home/vinayak/ws_moveit2/install/chomp_motion_planner:/home/vinayak/ws_moveit2/install/moveit_core:/home/vinayak/ws_moveit2/install/moveit_configs_utils:/home/vinayak/ws_moveit2/install/srdfdom:/home/vinayak/ws_moveit2/install/rviz_marker_tools:/home/vinayak/ws_moveit2/install/rosparam_shortcuts:/home/vinayak/ws_moveit2/install/moveit_task_constructor_msgs:/home/vinayak/ws_moveit2/install/moveit_resources_prbt_support:/home/vinayak/ws_moveit2/install/moveit_resources:/home/vinayak/ws_moveit2/install/moveit_resources_pr2_description:/home/vinayak/ws_moveit2/install/moveit_resources_panda_moveit_config:/home/vinayak/ws_moveit2/install/moveit_resources_panda_description:/home/vinayak/ws_moveit2/install/moveit_resources_fanuc_moveit_config:/home/vinayak/ws_moveit2/install/moveit_resources_fanuc_description:/home/vinayak/ws_moveit2/install/moveit_common:/home/vinayak/ws_moveit2/install/launch_param_builder:/opt/ros/humble'), ('SHELL', '/bin/bash'), ('LC_NAME', 'en_IN.UTF-8'), ('QT_ACCESSIBILITY', '1'), ('ROS_MASTER_URI', 'http://localhost:11311'), ('GDMSESSION', 'ubuntu'), ('LESSCLOSE', '/usr/bin/lesspipe %s %s'), ('CMAKE_MODULE_PATH', '/home/vinayak/ws_moveit2/install/moveit_task_constructor_core/share/moveit_task_constructor_core/cmake'), ('LC_MEASUREMENT', 'en_IN.UTF-8'), ('LC_IDENTIFICATION', 'en_IN.UTF-8'), ('QT_IM_MODULE', 'ibus'), ('PWD', '/home/vinayak/ws_moveit2/build/moveit_task_constructor_msgs'), ('XDG_CONFIG_DIRS', '/etc/xdg/xdg-ubuntu:/etc/xdg'), ('XDG_DATA_DIRS', '/usr/share/ubuntu:/usr/local/share/:/usr/share/:/var/lib/snapd/desktop'), ('PYTHONPATH', '/home/vinayak/ws_moveit2/install/ur_robot_driver/local/lib/python3.10/dist-packages:/home/vinayak/ws_moveit2/install/ur_moveit_config/local/lib/python3.10/dist-packages:/home/vinayak/ws_moveit2/install/ur_dashboard_msgs/local/lib/python3.10/dist-packages:/home/vinayak/ws_moveit2/install/ur3e_motion_package/lib/python3.10/site-packages:/home/vinayak/ws_moveit2/install/moveit_task_constructor_core/local/lib/python3.10/dist-packages:/home/vinayak/ws_moveit2/install/moveit_configs_utils/lib/python3.10/site-packages:/home/vinayak/ws_moveit2/install/srdfdom/local/lib/python3.10/dist-packages:/home/vinayak/ws_moveit2/install/moveit_task_constructor_msgs/local/lib/python3.10/dist-packages:/home/vinayak/ws_moveit2/install/launch_param_builder/lib/python3.10/site-packages:/opt/ros/humble/lib/python3.10/site-packages:/opt/ros/humble/local/lib/python3.10/dist-packages'), ('ROS_HOSTNAME', 'localhost'), ('LC_NUMERIC', 'en_IN.UTF-8'), ('LC_PAPER', 'en_IN.UTF-8'), ('COLCON', '1'), ('VTE_VERSION', '6800'), ('CMAKE_PREFIX_PATH', '/home/vinayak/ws_moveit2/install/ur:/home/vinayak/ws_moveit2/install/ur_calibration:/home/vinayak/ws_moveit2/install/ur_robot_driver:/home/vinayak/ws_moveit2/install/ur_moveit_config:/home/vinayak/ws_moveit2/install/ur_bringup:/home/vinayak/ws_moveit2/install/ur_controllers:/home/vinayak/ws_moveit2/install/ur_dashboard_msgs:/home/vinayak/ws_moveit2/install/new_configuration:/home/vinayak/ws_moveit2/install/ur3e:/home/vinayak/ws_moveit2/install/pilz_industrial_motion_planner_testutils:/home/vinayak/ws_moveit2/install/moveit_runtime:/home/vinayak/ws_moveit2/install/moveit2_tutorials:/home/vinayak/ws_moveit2/install/moveit:/home/vinayak/ws_moveit2/install/moveit_planners:/home/vinayak/ws_moveit2/install/pilz_industrial_motion_planner:/home/vinayak/ws_moveit2/install/moveit_visual_tools:/home/vinayak/ws_moveit2/install/moveit_task_constructor_visualization:/home/vinayak/ws_moveit2/install/moveit_task_constructor_demo:/home/vinayak/ws_moveit2/install/moveit_task_constructor_capabilities:/home/vinayak/ws_moveit2/install/moveit_task_constructor_core:/home/vinayak/ws_moveit2/install/moveit_ros_control_interface:/home/vinayak/ws_moveit2/install/moveit_plugins:/home/vinayak/ws_moveit2/install/moveit_simple_controller_manager:/home/vinayak/ws_moveit2/install/moveit_setup_assistant:/home/vinayak/ws_moveit2/install/moveit_setup_srdf_plugins:/home/vinayak/ws_moveit2/install/moveit_setup_core_plugins:/home/vinayak/ws_moveit2/install/moveit_setup_controllers:/home/vinayak/ws_moveit2/install/moveit_setup_app_plugins:/home/vinayak/ws_moveit2/install/moveit_setup_framework:/home/vinayak/ws_moveit2/install/moveit_servo:/home/vinayak/ws_moveit2/install/moveit_ros:/home/vinayak/ws_moveit2/install/moveit_ros_visualization:/home/vinayak/ws_moveit2/install/moveit_hybrid_planning:/home/vinayak/ws_moveit2/install/moveit_ros_planning_interface:/home/vinayak/ws_moveit2/install/moveit_ros_benchmarks:/home/vinayak/ws_moveit2/install/moveit_ros_warehouse:/home/vinayak/ws_moveit2/install/moveit_ros_robot_interaction:/home/vinayak/ws_moveit2/install/moveit_ros_perception:/home/vinayak/ws_moveit2/install/moveit_resources_prbt_pg70_support:/home/vinayak/ws_moveit2/install/moveit_resources_prbt_moveit_config:/home/vinayak/ws_moveit2/install/moveit_ros_move_group:/home/vinayak/ws_moveit2/install/moveit_planners_ompl:/home/vinayak/ws_moveit2/install/moveit_ros_planning:/home/vinayak/ws_moveit2/install/moveit_ros_occupancy_map_monitor:/home/vinayak/ws_moveit2/install/moveit_resources_prbt_ikfast_manipulator_plugin:/home/vinayak/ws_moveit2/install/moveit_planners_chomp:/home/vinayak/ws_moveit2/install/moveit_kinematics:/home/vinayak/ws_moveit2/install/moveit_chomp_optimizer_adapter:/home/vinayak/ws_moveit2/install/chomp_motion_planner:/home/vinayak/ws_moveit2/install/moveit_core:/home/vinayak/ws_moveit2/install/srdfdom:/home/vinayak/ws_moveit2/install/rviz_marker_tools:/home/vinayak/ws_moveit2/install/rosparam_shortcuts:/home/vinayak/ws_moveit2/install/moveit_task_constructor_msgs:/home/vinayak/ws_moveit2/install/moveit_resources_prbt_support:/home/vinayak/ws_moveit2/install/moveit_resources:/home/vinayak/ws_moveit2/install/moveit_resources_pr2_description:/home/vinayak/ws_moveit2/install/moveit_resources_panda_moveit_config:/home/vinayak/ws_moveit2/install/moveit_resources_panda_description:/home/vinayak/ws_moveit2/install/moveit_resources_fanuc_moveit_config:/home/vinayak/ws_moveit2/install/moveit_resources_fanuc_description:/home/vinayak/ws_moveit2/install/moveit_common:/home/vinayak/ws_moveit2/install/ur3e_motion_package:/home/vinayak/ws_moveit2/install/moveit_configs_utils:/home/vinayak/ws_moveit2/install/launch_param_builder:/opt/ros/humble')]), 'shell': False}
[0.085830] (moveit_task_constructor_msgs) StdoutLine: {'line': b'-- The C compiler identification is GNU 11.4.0\n'}
[0.099649] (-) TimerEvent: {}
[0.147696] (moveit_task_constructor_msgs) StdoutLine: {'line': b'-- The CXX compiler identification is GNU 11.4.0\n'}
[0.155979] (moveit_task_constructor_msgs) StdoutLine: {'line': b'-- Detecting C compiler ABI info\n'}
[0.199769] (-) TimerEvent: {}
[0.228716] (moveit_task_constructor_msgs) StdoutLine: {'line': b'-- Detecting C compiler ABI info - done\n'}
[0.235352] (moveit_task_constructor_msgs) StdoutLine: {'line': b'-- Check for working C compiler: /usr/bin/cc - skipped\n'}
[0.235889] (moveit_task_constructor_msgs) StdoutLine: {'line': b'-- Detecting C compile features\n'}
[0.236370] (moveit_task_constructor_msgs) StdoutLine: {'line': b'-- Detecting C compile features - done\n'}
[0.238973] (moveit_task_constructor_msgs) StdoutLine: {'line': b'-- Detecting CXX compiler ABI info\n'}
[0.299887] (-) TimerEvent: {}
[0.321377] (moveit_task_constructor_msgs) StdoutLine: {'line': b'-- Detecting CXX compiler ABI info - done\n'}
[0.329097] (moveit_task_constructor_msgs) StdoutLine: {'line': b'-- Check for working CXX compiler: /usr/bin/c++ - skipped\n'}
[0.329404] (moveit_task_constructor_msgs) StdoutLine: {'line': b'-- Detecting CXX compile features\n'}
[0.329764] (moveit_task_constructor_msgs) StdoutLine: {'line': b'-- Detecting CXX compile features - done\n'}
[0.332793] (moveit_task_constructor_msgs) StdoutLine: {'line': b'-- Found ament_cmake: 1.3.11 (/opt/ros/humble/share/ament_cmake/cmake)\n'}
[0.399991] (-) TimerEvent: {}
[0.474950] (moveit_task_constructor_msgs) StdoutLine: {'line': b'-- Found Python3: /usr/bin/python3 (found version "3.10.12") found components: Interpreter \n'}
[0.500100] (-) TimerEvent: {}
[0.567703] (moveit_task_constructor_msgs) StdoutLine: {'line': b'-- Found builtin_interfaces: 1.2.1 (/opt/ros/humble/share/builtin_interfaces/cmake)\n'}
[0.600202] (-) TimerEvent: {}
[0.601961] (moveit_task_constructor_msgs) StdoutLine: {'line': b'-- Found rosidl_generator_c: 3.1.6 (/opt/ros/humble/share/rosidl_generator_c/cmake)\n'}
[0.607505] (moveit_task_constructor_msgs) StdoutLine: {'line': b'-- Found rosidl_adapter: 3.1.6 (/opt/ros/humble/share/rosidl_adapter/cmake)\n'}
[0.616484] (moveit_task_constructor_msgs) StdoutLine: {'line': b'-- Found rosidl_generator_cpp: 3.1.6 (/opt/ros/humble/share/rosidl_generator_cpp/cmake)\n'}
[0.630558] (moveit_task_constructor_msgs) StdoutLine: {'line': b'-- Using all available rosidl_typesupport_c: rosidl_typesupport_fastrtps_c;rosidl_typesupport_introspection_c\n'}
[0.648376] (moveit_task_constructor_msgs) StdoutLine: {'line': b'-- Using all available rosidl_typesupport_cpp: rosidl_typesupport_fastrtps_cpp;rosidl_typesupport_introspection_cpp\n'}
[0.665433] (moveit_task_constructor_msgs) StdoutLine: {'line': b'-- Found moveit_msgs: 2.2.1 (/opt/ros/humble/share/moveit_msgs/cmake)\n'}
[0.700257] (-) TimerEvent: {}
[0.800466] (-) TimerEvent: {}
[0.855033] (moveit_task_constructor_msgs) StdoutLine: {'line': b'-- Found rosidl_default_generators: 1.2.0 (/opt/ros/humble/share/rosidl_default_generators/cmake)\n'}
[0.872551] (moveit_task_constructor_msgs) StdoutLine: {'line': b'-- Found visualization_msgs: 4.2.4 (/opt/ros/humble/share/visualization_msgs/cmake)\n'}
[0.900560] (-) TimerEvent: {}
[1.000786] (-) TimerEvent: {}
[1.101039] (-) TimerEvent: {}
[1.201303] (-) TimerEvent: {}
[1.292267] (moveit_task_constructor_msgs) StdoutLine: {'line': b'-- Found ament_cmake_ros: 0.10.0 (/opt/ros/humble/share/ament_cmake_ros/cmake)\n'}
[1.301365] (-) TimerEvent: {}
[1.401562] (-) TimerEvent: {}
[1.501791] (-) TimerEvent: {}
[1.602027] (-) TimerEvent: {}
[1.702228] (-) TimerEvent: {}
[1.802476] (-) TimerEvent: {}
[1.902688] (-) TimerEvent: {}
[2.002729] (moveit_task_constructor_msgs) StdoutLine: {'line': b'-- Using all available rosidl_typesupport_c: rosidl_typesupport_fastrtps_c;rosidl_typesupport_introspection_c\n'}
[2.002868] (-) TimerEvent: {}
[2.103045] (-) TimerEvent: {}
[2.203280] (-) TimerEvent: {}
[2.272692] (moveit_task_constructor_msgs) StdoutLine: {'line': b'-- Using all available rosidl_typesupport_cpp: rosidl_typesupport_fastrtps_cpp;rosidl_typesupport_introspection_cpp\n'}
[2.300602] (moveit_task_constructor_msgs) StdoutLine: {'line': b'-- Found PythonInterp: /usr/bin/python3 (found suitable version "3.10.12", minimum required is "3.6") \n'}
[2.302518] (moveit_task_constructor_msgs) StdoutLine: {'line': b'-- Found python_cmake_module: 0.10.0 (/opt/ros/humble/share/python_cmake_module/cmake)\n'}
[2.303340] (-) TimerEvent: {}
[2.329767] (moveit_task_constructor_msgs) StdoutLine: {'line': b'-- Found PythonLibs: /usr/lib/x86_64-linux-gnu/libpython3.10.so (found suitable version "3.10.12", minimum required is "3.5") \n'}
[2.329942] (moveit_task_constructor_msgs) StdoutLine: {'line': b'-- Using PYTHON_EXECUTABLE: /usr/bin/python3\n'}
[2.330001] (moveit_task_constructor_msgs) StdoutLine: {'line': b'-- Using PYTHON_INCLUDE_DIRS: /usr/include/python3.10\n'}
[2.330080] (moveit_task_constructor_msgs) StdoutLine: {'line': b'-- Using PYTHON_LIBRARIES: /usr/lib/x86_64-linux-gnu/libpython3.10.so\n'}
[2.351041] (moveit_task_constructor_msgs) StdoutLine: {'line': b'-- Found PythonExtra: .so  \n'}
[2.403417] (-) TimerEvent: {}
[2.503607] (-) TimerEvent: {}
[2.587395] (moveit_task_constructor_msgs) StdoutLine: {'line': b'-- Configuring done\n'}
[2.603680] (-) TimerEvent: {}
[2.653759] (moveit_task_constructor_msgs) StdoutLine: {'line': b'-- Generating done\n'}
[2.670696] (moveit_task_constructor_msgs) StdoutLine: {'line': b'-- Build files have been written to: /home/vinayak/ws_moveit2/build/moveit_task_constructor_msgs\n'}
[2.679235] (moveit_task_constructor_msgs) CommandEnded: {'returncode': 0}
[2.679931] (moveit_task_constructor_msgs) JobProgress: {'identifier': 'moveit_task_constructor_msgs', 'progress': 'build'}
[2.680678] (moveit_task_constructor_msgs) Command: {'cmd': ['/usr/bin/cmake', '--build', '/home/vinayak/ws_moveit2/build/moveit_task_constructor_msgs', '--', '-j8', '-l8'], 'cwd': '/home/vinayak/ws_moveit2/build/moveit_task_constructor_msgs', 'env': OrderedDict([('LESSOPEN', '| /usr/bin/lesspipe %s'), ('USER', 'vinayak'), ('LC_TIME', 'en_IN.UTF-8'), ('XDG_SESSION_TYPE', 'wayland'), ('SHLVL', '1'), ('LD_LIBRARY_PATH', '/home/vinayak/ws_moveit2/install/ur_robot_driver/lib:/home/vinayak/ws_moveit2/install/ur_controllers/lib:/home/vinayak/ws_moveit2/install/ur_dashboard_msgs/lib:/home/vinayak/ws_moveit2/install/pilz_industrial_motion_planner_testutils/lib:/home/vinayak/ws_moveit2/install/pilz_industrial_motion_planner/lib:/home/vinayak/ws_moveit2/install/moveit_visual_tools/lib:/home/vinayak/ws_moveit2/install/moveit_task_constructor_visualization/lib:/home/vinayak/ws_moveit2/install/moveit_task_constructor_demo/lib:/home/vinayak/ws_moveit2/install/moveit_task_constructor_capabilities/lib:/home/vinayak/ws_moveit2/install/moveit_task_constructor_core/lib:/home/vinayak/ws_moveit2/install/moveit_ros_control_interface/lib:/home/vinayak/ws_moveit2/install/moveit_simple_controller_manager/lib:/home/vinayak/ws_moveit2/install/moveit_setup_assistant/lib:/home/vinayak/ws_moveit2/install/moveit_setup_srdf_plugins/lib:/home/vinayak/ws_moveit2/install/moveit_setup_core_plugins/lib:/home/vinayak/ws_moveit2/install/moveit_setup_controllers/lib:/home/vinayak/ws_moveit2/install/moveit_setup_app_plugins/lib:/home/vinayak/ws_moveit2/install/moveit_setup_framework/lib:/home/vinayak/ws_moveit2/install/moveit_servo/lib:/home/vinayak/ws_moveit2/install/moveit_ros_visualization/lib:/home/vinayak/ws_moveit2/install/moveit_hybrid_planning/lib:/home/vinayak/ws_moveit2/install/moveit_ros_planning_interface/lib:/home/vinayak/ws_moveit2/install/moveit_ros_benchmarks/lib:/home/vinayak/ws_moveit2/install/moveit_ros_warehouse/lib:/home/vinayak/ws_moveit2/install/moveit_ros_robot_interaction/lib:/home/vinayak/ws_moveit2/install/moveit_ros_perception/lib:/home/vinayak/ws_moveit2/install/moveit_ros_move_group/lib:/home/vinayak/ws_moveit2/install/moveit_planners_ompl/lib:/home/vinayak/ws_moveit2/install/moveit_ros_planning/lib:/home/vinayak/ws_moveit2/install/moveit_ros_occupancy_map_monitor/lib:/home/vinayak/ws_moveit2/install/moveit_resources_prbt_ikfast_manipulator_plugin/lib:/home/vinayak/ws_moveit2/install/moveit_planners_chomp/lib:/home/vinayak/ws_moveit2/install/moveit_kinematics/lib:/home/vinayak/ws_moveit2/install/moveit_chomp_optimizer_adapter/lib:/home/vinayak/ws_moveit2/install/chomp_motion_planner/lib:/home/vinayak/ws_moveit2/install/moveit_core/lib:/home/vinayak/ws_moveit2/install/srdfdom/lib:/home/vinayak/ws_moveit2/install/rviz_marker_tools/lib:/home/vinayak/ws_moveit2/install/rosparam_shortcuts/lib:/home/vinayak/ws_moveit2/install/moveit_task_constructor_msgs/lib:/usr/lib/x86_64-linux-gnu/gazebo-11/plugins:/opt/ros/humble/opt/rviz_ogre_vendor/lib:/opt/ros/humble/lib/x86_64-linux-gnu:/opt/ros/humble/lib:/usr/local/cuda-12.4/lib64'), ('HOME', '/home/vinayak'), ('OLDPWD', '/home/vinayak/ws_moveit2/src'), ('DESKTOP_SESSION', 'ubuntu'), ('ROS_PYTHON_VERSION', '3'), ('GNOME_SHELL_SESSION_MODE', 'ubuntu'), ('GTK_MODULES', 'gail:atk-bridge'), ('LC_MONETARY', 'en_IN.UTF-8'), ('SYSTEMD_EXEC_PID', '2822'), ('DBUS_SESSION_BUS_ADDRESS', 'unix:path=/run/user/1000/bus'), ('COLORTERM', 'truecolor'), ('IM_CONFIG_PHASE', '1'), ('WAYLAND_DISPLAY', 'wayland-0'), ('COLCON_PREFIX_PATH', '/home/vinayak/ws_moveit2/install'), ('ROS_DISTRO', 'humble'), ('LOGNAME', 'vinayak'), ('_', '/usr/bin/colcon'), ('ROS_VERSION', '2'), ('XDG_SESSION_CLASS', 'user'), ('USERNAME', 'vinayak'), ('TERM', 'xterm-256color'), ('GNOME_DESKTOP_SESSION_ID', 'this-is-deprecated'), ('ROS_LOCALHOST_ONLY', '0'), ('PATH', '/home/vinayak/ws_moveit2/install/ur_robot_driver/bin:/home/vinayak/ws_moveit2/install/moveit_core/bin:/opt/ros/humble/bin:/usr/local/cuda-12.4/bin:/home/vinayak/.local/bin:/usr/local/sbin:/usr/local/bin:/usr/sbin:/usr/bin:/sbin:/bin:/usr/games:/usr/local/games:/snap/bin:/snap/bin'), ('SESSION_MANAGER', 'local/Vinayak:@/tmp/.ICE-unix/2600,unix/Vinayak:/tmp/.ICE-unix/2600'), ('PAPERSIZE', 'a4'), ('XDG_MENU_PREFIX', 'gnome-'), ('LC_ADDRESS', 'en_IN.UTF-8'), ('GNOME_TERMINAL_SCREEN', '/org/gnome/Terminal/screen/bce04f5b_c87b_49b6_95ff_6cd41b99bb4d'), ('GNOME_SETUP_DISPLAY', ':1'), ('XDG_RUNTIME_DIR', '/run/user/1000'), ('DISPLAY', ':0'), ('LANG', 'en_US.UTF-8'), ('XDG_CURRENT_DESKTOP', 'ubuntu:GNOME'), ('LC_TELEPHONE', 'en_IN.UTF-8'), ('XMODIFIERS', '@im=ibus'), ('XDG_SESSION_DESKTOP', 'ubuntu'), ('XAUTHORITY', '/run/user/1000/.mutter-Xwaylandauth.TRDL82'), ('LS_COLORS', 'rs=0:di=01;34:ln=01;36:mh=00:pi=40;33:so=01;35:do=01;35:bd=40;33;01:cd=40;33;01:or=40;31;01:mi=00:su=37;41:sg=30;43:ca=30;41:tw=30;42:ow=34;42:st=37;44:ex=01;32:*.tar=01;31:*.tgz=01;31:*.arc=01;31:*.arj=01;31:*.taz=01;31:*.lha=01;31:*.lz4=01;31:*.lzh=01;31:*.lzma=01;31:*.tlz=01;31:*.txz=01;31:*.tzo=01;31:*.t7z=01;31:*.zip=01;31:*.z=01;31:*.dz=01;31:*.gz=01;31:*.lrz=01;31:*.lz=01;31:*.lzo=01;31:*.xz=01;31:*.zst=01;31:*.tzst=01;31:*.bz2=01;31:*.bz=01;31:*.tbz=01;31:*.tbz2=01;31:*.tz=01;31:*.deb=01;31:*.rpm=01;31:*.jar=01;31:*.war=01;31:*.ear=01;31:*.sar=01;31:*.rar=01;31:*.alz=01;31:*.ace=01;31:*.zoo=01;31:*.cpio=01;31:*.7z=01;31:*.rz=01;31:*.cab=01;31:*.wim=01;31:*.swm=01;31:*.dwm=01;31:*.esd=01;31:*.jpg=01;35:*.jpeg=01;35:*.mjpg=01;35:*.mjpeg=01;35:*.gif=01;35:*.bmp=01;35:*.pbm=01;35:*.pgm=01;35:*.ppm=01;35:*.tga=01;35:*.xbm=01;35:*.xpm=01;35:*.tif=01;35:*.tiff=01;35:*.png=01;35:*.svg=01;35:*.svgz=01;35:*.mng=01;35:*.pcx=01;35:*.mov=01;35:*.mpg=01;35:*.mpeg=01;35:*.m2v=01;35:*.mkv=01;35:*.webm=01;35:*.webp=01;35:*.ogm=01;35:*.mp4=01;35:*.m4v=01;35:*.mp4v=01;35:*.vob=01;35:*.qt=01;35:*.nuv=01;35:*.wmv=01;35:*.asf=01;35:*.rm=01;35:*.rmvb=01;35:*.flc=01;35:*.avi=01;35:*.fli=01;35:*.flv=01;35:*.gl=01;35:*.dl=01;35:*.xcf=01;35:*.xwd=01;35:*.yuv=01;35:*.cgm=01;35:*.emf=01;35:*.ogv=01;35:*.ogx=01;35:*.aac=00;36:*.au=00;36:*.flac=00;36:*.m4a=00;36:*.mid=00;36:*.midi=00;36:*.mka=00;36:*.mp3=00;36:*.mpc=00;36:*.ogg=00;36:*.ra=00;36:*.wav=00;36:*.oga=00;36:*.opus=00;36:*.spx=00;36:*.xspf=00;36:'), ('GNOME_TERMINAL_SERVICE', ':1.597'), ('SSH_AGENT_LAUNCHER', 'gnome-keyring'), ('SSH_AUTH_SOCK', '/run/user/1000/keyring/ssh'), ('AMENT_PREFIX_PATH', '/home/vinayak/ws_moveit2/install/ur:/home/vinayak/ws_moveit2/install/ur_calibration:/home/vinayak/ws_moveit2/install/ur_robot_driver:/home/vinayak/ws_moveit2/install/ur_moveit_config:/home/vinayak/ws_moveit2/install/ur_bringup:/home/vinayak/ws_moveit2/install/ur_controllers:/home/vinayak/ws_moveit2/install/ur_dashboard_msgs:/home/vinayak/ws_moveit2/install/ur3e_motion_package:/home/vinayak/ws_moveit2/install/new_configuration:/home/vinayak/ws_moveit2/install/ur3e:/home/vinayak/ws_moveit2/install/pilz_industrial_motion_planner_testutils:/home/vinayak/ws_moveit2/install/moveit_runtime:/home/vinayak/ws_moveit2/install/moveit2_tutorials:/home/vinayak/ws_moveit2/install/moveit:/home/vinayak/ws_moveit2/install/moveit_planners:/home/vinayak/ws_moveit2/install/pilz_industrial_motion_planner:/home/vinayak/ws_moveit2/install/moveit_visual_tools:/home/vinayak/ws_moveit2/install/moveit_task_constructor_visualization:/home/vinayak/ws_moveit2/install/moveit_task_constructor_demo:/home/vinayak/ws_moveit2/install/moveit_task_constructor_capabilities:/home/vinayak/ws_moveit2/install/moveit_task_constructor_core:/home/vinayak/ws_moveit2/install/moveit_ros_control_interface:/home/vinayak/ws_moveit2/install/moveit_plugins:/home/vinayak/ws_moveit2/install/moveit_simple_controller_manager:/home/vinayak/ws_moveit2/install/moveit_setup_assistant:/home/vinayak/ws_moveit2/install/moveit_setup_srdf_plugins:/home/vinayak/ws_moveit2/install/moveit_setup_core_plugins:/home/vinayak/ws_moveit2/install/moveit_setup_controllers:/home/vinayak/ws_moveit2/install/moveit_setup_app_plugins:/home/vinayak/ws_moveit2/install/moveit_setup_framework:/home/vinayak/ws_moveit2/install/moveit_servo:/home/vinayak/ws_moveit2/install/moveit_ros:/home/vinayak/ws_moveit2/install/moveit_ros_visualization:/home/vinayak/ws_moveit2/install/moveit_hybrid_planning:/home/vinayak/ws_moveit2/install/moveit_ros_planning_interface:/home/vinayak/ws_moveit2/install/moveit_ros_benchmarks:/home/vinayak/ws_moveit2/install/moveit_ros_warehouse:/home/vinayak/ws_moveit2/install/moveit_ros_robot_interaction:/home/vinayak/ws_moveit2/install/moveit_ros_perception:/home/vinayak/ws_moveit2/install/moveit_resources_prbt_pg70_support:/home/vinayak/ws_moveit2/install/moveit_resources_prbt_moveit_config:/home/vinayak/ws_moveit2/install/moveit_ros_move_group:/home/vinayak/ws_moveit2/install/moveit_planners_ompl:/home/vinayak/ws_moveit2/install/moveit_ros_planning:/home/vinayak/ws_moveit2/install/moveit_ros_occupancy_map_monitor:/home/vinayak/ws_moveit2/install/moveit_resources_prbt_ikfast_manipulator_plugin:/home/vinayak/ws_moveit2/install/moveit_planners_chomp:/home/vinayak/ws_moveit2/install/moveit_kinematics:/home/vinayak/ws_moveit2/install/moveit_chomp_optimizer_adapter:/home/vinayak/ws_moveit2/install/chomp_motion_planner:/home/vinayak/ws_moveit2/install/moveit_core:/home/vinayak/ws_moveit2/install/moveit_configs_utils:/home/vinayak/ws_moveit2/install/srdfdom:/home/vinayak/ws_moveit2/install/rviz_marker_tools:/home/vinayak/ws_moveit2/install/rosparam_shortcuts:/home/vinayak/ws_moveit2/install/moveit_task_constructor_msgs:/home/vinayak/ws_moveit2/install/moveit_resources_prbt_support:/home/vinayak/ws_moveit2/install/moveit_resources:/home/vinayak/ws_moveit2/install/moveit_resources_pr2_description:/home/vinayak/ws_moveit2/install/moveit_resources_panda_moveit_config:/home/vinayak/ws_moveit2/install/moveit_resources_panda_description:/home/vinayak/ws_moveit2/install/moveit_resources_fanuc_moveit_config:/home/vinayak/ws_moveit2/install/moveit_resources_fanuc_description:/home/vinayak/ws_moveit2/install/moveit_common:/home/vinayak/ws_moveit2/install/launch_param_builder:/opt/ros/humble'), ('SHELL', '/bin/bash'), ('LC_NAME', 'en_IN.UTF-8'), ('QT_ACCESSIBILITY', '1'), ('ROS_MASTER_URI', 'http://localhost:11311'), ('GDMSESSION', 'ubuntu'), ('LESSCLOSE', '/usr/bin/lesspipe %s %s'), ('CMAKE_MODULE_PATH', '/home/vinayak/ws_moveit2/install/moveit_task_constructor_core/share/moveit_task_constructor_core/cmake'), ('LC_MEASUREMENT', 'en_IN.UTF-8'), ('LC_IDENTIFICATION', 'en_IN.UTF-8'), ('QT_IM_MODULE', 'ibus'), ('PWD', '/home/vinayak/ws_moveit2/build/moveit_task_constructor_msgs'), ('XDG_CONFIG_DIRS', '/etc/xdg/xdg-ubuntu:/etc/xdg'), ('XDG_DATA_DIRS', '/usr/share/ubuntu:/usr/local/share/:/usr/share/:/var/lib/snapd/desktop'), ('PYTHONPATH', '/home/vinayak/ws_moveit2/install/ur_robot_driver/local/lib/python3.10/dist-packages:/home/vinayak/ws_moveit2/install/ur_moveit_config/local/lib/python3.10/dist-packages:/home/vinayak/ws_moveit2/install/ur_dashboard_msgs/local/lib/python3.10/dist-packages:/home/vinayak/ws_moveit2/install/ur3e_motion_package/lib/python3.10/site-packages:/home/vinayak/ws_moveit2/install/moveit_task_constructor_core/local/lib/python3.10/dist-packages:/home/vinayak/ws_moveit2/install/moveit_configs_utils/lib/python3.10/site-packages:/home/vinayak/ws_moveit2/install/srdfdom/local/lib/python3.10/dist-packages:/home/vinayak/ws_moveit2/install/moveit_task_constructor_msgs/local/lib/python3.10/dist-packages:/home/vinayak/ws_moveit2/install/launch_param_builder/lib/python3.10/site-packages:/opt/ros/humble/lib/python3.10/site-packages:/opt/ros/humble/local/lib/python3.10/dist-packages'), ('ROS_HOSTNAME', 'localhost'), ('LC_NUMERIC', 'en_IN.UTF-8'), ('LC_PAPER', 'en_IN.UTF-8'), ('COLCON', '1'), ('VTE_VERSION', '6800'), ('CMAKE_PREFIX_PATH', '/home/vinayak/ws_moveit2/install/ur:/home/vinayak/ws_moveit2/install/ur_calibration:/home/vinayak/ws_moveit2/install/ur_robot_driver:/home/vinayak/ws_moveit2/install/ur_moveit_config:/home/vinayak/ws_moveit2/install/ur_bringup:/home/vinayak/ws_moveit2/install/ur_controllers:/home/vinayak/ws_moveit2/install/ur_dashboard_msgs:/home/vinayak/ws_moveit2/install/new_configuration:/home/vinayak/ws_moveit2/install/ur3e:/home/vinayak/ws_moveit2/install/pilz_industrial_motion_planner_testutils:/home/vinayak/ws_moveit2/install/moveit_runtime:/home/vinayak/ws_moveit2/install/moveit2_tutorials:/home/vinayak/ws_moveit2/install/moveit:/home/vinayak/ws_moveit2/install/moveit_planners:/home/vinayak/ws_moveit2/install/pilz_industrial_motion_planner:/home/vinayak/ws_moveit2/install/moveit_visual_tools:/home/vinayak/ws_moveit2/install/moveit_task_constructor_visualization:/home/vinayak/ws_moveit2/install/moveit_task_constructor_demo:/home/vinayak/ws_moveit2/install/moveit_task_constructor_capabilities:/home/vinayak/ws_moveit2/install/moveit_task_constructor_core:/home/vinayak/ws_moveit2/install/moveit_ros_control_interface:/home/vinayak/ws_moveit2/install/moveit_plugins:/home/vinayak/ws_moveit2/install/moveit_simple_controller_manager:/home/vinayak/ws_moveit2/install/moveit_setup_assistant:/home/vinayak/ws_moveit2/install/moveit_setup_srdf_plugins:/home/vinayak/ws_moveit2/install/moveit_setup_core_plugins:/home/vinayak/ws_moveit2/install/moveit_setup_controllers:/home/vinayak/ws_moveit2/install/moveit_setup_app_plugins:/home/vinayak/ws_moveit2/install/moveit_setup_framework:/home/vinayak/ws_moveit2/install/moveit_servo:/home/vinayak/ws_moveit2/install/moveit_ros:/home/vinayak/ws_moveit2/install/moveit_ros_visualization:/home/vinayak/ws_moveit2/install/moveit_hybrid_planning:/home/vinayak/ws_moveit2/install/moveit_ros_planning_interface:/home/vinayak/ws_moveit2/install/moveit_ros_benchmarks:/home/vinayak/ws_moveit2/install/moveit_ros_warehouse:/home/vinayak/ws_moveit2/install/moveit_ros_robot_interaction:/home/vinayak/ws_moveit2/install/moveit_ros_perception:/home/vinayak/ws_moveit2/install/moveit_resources_prbt_pg70_support:/home/vinayak/ws_moveit2/install/moveit_resources_prbt_moveit_config:/home/vinayak/ws_moveit2/install/moveit_ros_move_group:/home/vinayak/ws_moveit2/install/moveit_planners_ompl:/home/vinayak/ws_moveit2/install/moveit_ros_planning:/home/vinayak/ws_moveit2/install/moveit_ros_occupancy_map_monitor:/home/vinayak/ws_moveit2/install/moveit_resources_prbt_ikfast_manipulator_plugin:/home/vinayak/ws_moveit2/install/moveit_planners_chomp:/home/vinayak/ws_moveit2/install/moveit_kinematics:/home/vinayak/ws_moveit2/install/moveit_chomp_optimizer_adapter:/home/vinayak/ws_moveit2/install/chomp_motion_planner:/home/vinayak/ws_moveit2/install/moveit_core:/home/vinayak/ws_moveit2/install/srdfdom:/home/vinayak/ws_moveit2/install/rviz_marker_tools:/home/vinayak/ws_moveit2/install/rosparam_shortcuts:/home/vinayak/ws_moveit2/install/moveit_task_constructor_msgs:/home/vinayak/ws_moveit2/install/moveit_resources_prbt_support:/home/vinayak/ws_moveit2/install/moveit_resources:/home/vinayak/ws_moveit2/install/moveit_resources_pr2_description:/home/vinayak/ws_moveit2/install/moveit_resources_panda_moveit_config:/home/vinayak/ws_moveit2/install/moveit_resources_panda_description:/home/vinayak/ws_moveit2/install/moveit_resources_fanuc_moveit_config:/home/vinayak/ws_moveit2/install/moveit_resources_fanuc_description:/home/vinayak/ws_moveit2/install/moveit_common:/home/vinayak/ws_moveit2/install/ur3e_motion_package:/home/vinayak/ws_moveit2/install/moveit_configs_utils:/home/vinayak/ws_moveit2/install/launch_param_builder:/opt/ros/humble')]), 'shell': False}
[2.703812] (-) TimerEvent: {}
[2.729395] (moveit_task_constructor_msgs) StdoutLine: {'line': b'[  1%] \x1b[34m\x1b[1mGenerating C code for ROS interfaces\x1b[0m\n'}
[2.743538] (moveit_task_constructor_msgs) StdoutLine: {'line': b'[  1%] \x1b[34m\x1b[1mGenerating C++ code for ROS interfaces\x1b[0m\n'}
[2.749986] (moveit_task_constructor_msgs) StdoutLine: {'line': b'[  1%] Built target ament_cmake_python_copy_moveit_task_constructor_msgs\n'}
[2.803900] (-) TimerEvent: {}
[2.904119] (-) TimerEvent: {}
[3.004333] (-) TimerEvent: {}
[3.028010] (moveit_task_constructor_msgs) StdoutLine: {'line': b'running egg_info\n'}
[3.028530] (moveit_task_constructor_msgs) StdoutLine: {'line': b'creating moveit_task_constructor_msgs.egg-info\n'}
[3.028731] (moveit_task_constructor_msgs) StdoutLine: {'line': b'writing moveit_task_constructor_msgs.egg-info/PKG-INFO\n'}
[3.028932] (moveit_task_constructor_msgs) StdoutLine: {'line': b'writing dependency_links to moveit_task_constructor_msgs.egg-info/dependency_links.txt\n'}
[3.029105] (moveit_task_constructor_msgs) StdoutLine: {'line': b'writing top-level names to moveit_task_constructor_msgs.egg-info/top_level.txt\n'}
[3.029287] (moveit_task_constructor_msgs) StdoutLine: {'line': b"writing manifest file 'moveit_task_constructor_msgs.egg-info/SOURCES.txt'\n"}
[3.031393] (moveit_task_constructor_msgs) StdoutLine: {'line': b"reading manifest file 'moveit_task_constructor_msgs.egg-info/SOURCES.txt'\n"}
[3.031873] (moveit_task_constructor_msgs) StdoutLine: {'line': b"writing manifest file 'moveit_task_constructor_msgs.egg-info/SOURCES.txt'\n"}
[3.058379] (moveit_task_constructor_msgs) StdoutLine: {'line': b'[  1%] Built target ament_cmake_python_build_moveit_task_constructor_msgs_egg\n'}
[3.104421] (-) TimerEvent: {}
[3.204622] (-) TimerEvent: {}
[3.304827] (-) TimerEvent: {}
[3.405079] (-) TimerEvent: {}
[3.505277] (-) TimerEvent: {}
[3.605475] (-) TimerEvent: {}
[3.705670] (-) TimerEvent: {}
[3.805866] (-) TimerEvent: {}
[3.906170] (-) TimerEvent: {}
[4.007094] (-) TimerEvent: {}
[4.092663] (moveit_task_constructor_msgs) StdoutLine: {'line': b'[  1%] Built target moveit_task_constructor_msgs__cpp\n'}
[4.109096] (-) TimerEvent: {}
[4.111232] (moveit_task_constructor_msgs) StdoutLine: {'line': b'[  3%] \x1b[32mBuilding C object CMakeFiles/moveit_task_constructor_msgs__rosidl_generator_c.dir/rosidl_generator_c/moveit_task_constructor_msgs/msg/detail/property__functions.c.o\x1b[0m\n'}
[4.111505] (moveit_task_constructor_msgs) StdoutLine: {'line': b'[  3%] \x1b[32mBuilding C object CMakeFiles/moveit_task_constructor_msgs__rosidl_generator_c.dir/rosidl_generator_c/moveit_task_constructor_msgs/msg/detail/solution__functions.c.o\x1b[0m\n'}
[4.111651] (moveit_task_constructor_msgs) StdoutLine: {'line': b'[  4%] \x1b[32mBuilding C object CMakeFiles/moveit_task_constructor_msgs__rosidl_generator_c.dir/rosidl_generator_c/moveit_task_constructor_msgs/msg/detail/solution_info__functions.c.o\x1b[0m\n'}
[4.111793] (moveit_task_constructor_msgs) StdoutLine: {'line': b'[  4%] \x1b[32mBuilding C object CMakeFiles/moveit_task_constructor_msgs__rosidl_generator_c.dir/rosidl_generator_c/moveit_task_constructor_msgs/msg/detail/stage_description__functions.c.o\x1b[0m\n'}
[4.112847] (moveit_task_constructor_msgs) StdoutLine: {'line': b'[  5%] \x1b[34m\x1b[1mGenerating C++ type support dispatch for ROS interfaces\x1b[0m\n'}
[4.113218] (moveit_task_constructor_msgs) StdoutLine: {'line': b'[  6%] \x1b[32mBuilding C object CMakeFiles/moveit_task_constructor_msgs__rosidl_generator_c.dir/rosidl_generator_c/moveit_task_constructor_msgs/msg/detail/stage_statistics__functions.c.o\x1b[0m\n'}
[4.116230] (moveit_task_constructor_msgs) StdoutLine: {'line': b'[  6%] \x1b[34m\x1b[1mGenerating C++ type support for eProsima Fast-RTPS\x1b[0m\n'}
[4.118372] (moveit_task_constructor_msgs) StdoutLine: {'line': b'[  7%] \x1b[34m\x1b[1mGenerating C++ introspection for ROS interfaces\x1b[0m\n'}
[4.209179] (moveit_task_constructor_msgs) StdoutLine: {'line': b'[  9%] \x1b[32mBuilding C object CMakeFiles/moveit_task_constructor_msgs__rosidl_generator_c.dir/rosidl_generator_c/moveit_task_constructor_msgs/msg/detail/sub_trajectory__functions.c.o\x1b[0m\n'}
[4.209425] (-) TimerEvent: {}
[4.210917] (moveit_task_constructor_msgs) StdoutLine: {'line': b'[  9%] \x1b[32mBuilding C object CMakeFiles/moveit_task_constructor_msgs__rosidl_generator_c.dir/rosidl_generator_c/moveit_task_constructor_msgs/msg/detail/sub_solution__functions.c.o\x1b[0m\n'}
[4.211268] (moveit_task_constructor_msgs) StdoutLine: {'line': b'[ 10%] \x1b[32mBuilding C object CMakeFiles/moveit_task_constructor_msgs__rosidl_generator_c.dir/rosidl_generator_c/moveit_task_constructor_msgs/msg/detail/task_description__functions.c.o\x1b[0m\n'}
[4.222085] (moveit_task_constructor_msgs) StdoutLine: {'line': b'[ 11%] \x1b[32mBuilding C object CMakeFiles/moveit_task_constructor_msgs__rosidl_generator_c.dir/rosidl_generator_c/moveit_task_constructor_msgs/msg/detail/task_statistics__functions.c.o\x1b[0m\n'}
[4.231879] (moveit_task_constructor_msgs) StdoutLine: {'line': b'[ 11%] \x1b[32mBuilding C object CMakeFiles/moveit_task_constructor_msgs__rosidl_generator_c.dir/rosidl_generator_c/moveit_task_constructor_msgs/msg/detail/trajectory_execution_info__functions.c.o\x1b[0m\n'}
[4.307809] (moveit_task_constructor_msgs) StdoutLine: {'line': b'[ 12%] \x1b[32mBuilding C object CMakeFiles/moveit_task_constructor_msgs__rosidl_generator_c.dir/rosidl_generator_c/moveit_task_constructor_msgs/action/detail/execute_task_solution__functions.c.o\x1b[0m\n'}
[4.308064] (moveit_task_constructor_msgs) StdoutLine: {'line': b'[ 13%] \x1b[32mBuilding C object CMakeFiles/moveit_task_constructor_msgs__rosidl_generator_c.dir/rosidl_generator_c/moveit_task_constructor_msgs/srv/detail/get_solution__functions.c.o\x1b[0m\n'}
[4.309510] (-) TimerEvent: {}
[4.409792] (-) TimerEvent: {}
[4.493883] (moveit_task_constructor_msgs) StdoutLine: {'line': b'[ 14%] \x1b[32m\x1b[1mLinking C shared library libmoveit_task_constructor_msgs__rosidl_generator_c.so\x1b[0m\n'}
[4.509883] (-) TimerEvent: {}
[4.546876] (moveit_task_constructor_msgs) StdoutLine: {'line': b'[ 14%] Built target moveit_task_constructor_msgs__rosidl_generator_c\n'}
[4.568532] (moveit_task_constructor_msgs) StdoutLine: {'line': b'[ 17%] \x1b[34m\x1b[1mGenerating C introspection for ROS interfaces\x1b[0m\n'}
[4.570225] (moveit_task_constructor_msgs) StdoutLine: {'line': b'[ 17%] \x1b[34m\x1b[1mGenerating C type support dispatch for ROS interfaces\x1b[0m\n'}
[4.570378] (moveit_task_constructor_msgs) StdoutLine: {'line': b'[ 17%] \x1b[34m\x1b[1mGenerating C type support for eProsima Fast-RTPS\x1b[0m\n'}
[4.609970] (-) TimerEvent: {}
[4.710227] (-) TimerEvent: {}
[4.810499] (-) TimerEvent: {}
[4.910757] (-) TimerEvent: {}
[5.011049] (-) TimerEvent: {}
[5.112869] (-) TimerEvent: {}
[5.186650] (moveit_task_constructor_msgs) StdoutLine: {'line': b'[ 19%] \x1b[32mBuilding CXX object CMakeFiles/moveit_task_constructor_msgs__rosidl_typesupport_cpp.dir/rosidl_typesupport_cpp/moveit_task_constructor_msgs/msg/property__type_support.cpp.o\x1b[0m\n'}
[5.188002] (moveit_task_constructor_msgs) StdoutLine: {'line': b'[ 19%] \x1b[32mBuilding CXX object CMakeFiles/moveit_task_constructor_msgs__rosidl_typesupport_cpp.dir/rosidl_typesupport_cpp/moveit_task_constructor_msgs/msg/solution__type_support.cpp.o\x1b[0m\n'}
[5.188261] (moveit_task_constructor_msgs) StdoutLine: {'line': b'[ 20%] \x1b[32mBuilding CXX object CMakeFiles/moveit_task_constructor_msgs__rosidl_typesupport_cpp.dir/rosidl_typesupport_cpp/moveit_task_constructor_msgs/msg/solution_info__type_support.cpp.o\x1b[0m\n'}
[5.215064] (-) TimerEvent: {}
[5.315334] (-) TimerEvent: {}
[5.415641] (-) TimerEvent: {}
[5.515949] (-) TimerEvent: {}
[5.616312] (-) TimerEvent: {}
[5.672907] (moveit_task_constructor_msgs) StdoutLine: {'line': b'[ 21%] \x1b[32mBuilding CXX object CMakeFiles/moveit_task_constructor_msgs__rosidl_typesupport_cpp.dir/rosidl_typesupport_cpp/moveit_task_constructor_msgs/msg/stage_description__type_support.cpp.o\x1b[0m\n'}
[5.677988] (moveit_task_constructor_msgs) StdoutLine: {'line': b'[ 21%] \x1b[32mBuilding CXX object CMakeFiles/moveit_task_constructor_msgs__rosidl_typesupport_cpp.dir/rosidl_typesupport_cpp/moveit_task_constructor_msgs/msg/stage_statistics__type_support.cpp.o\x1b[0m\n'}
[5.716431] (-) TimerEvent: {}
[5.734593] (moveit_task_constructor_msgs) StdoutLine: {'line': b'[ 22%] \x1b[32mBuilding CXX object CMakeFiles/moveit_task_constructor_msgs__rosidl_typesupport_cpp.dir/rosidl_typesupport_cpp/moveit_task_constructor_msgs/msg/sub_solution__type_support.cpp.o\x1b[0m\n'}
[5.816558] (-) TimerEvent: {}
[5.919088] (-) TimerEvent: {}
[5.968634] (moveit_task_constructor_msgs) StdoutLine: {'line': b'[ 23%] \x1b[32mBuilding CXX object CMakeFiles/moveit_task_constructor_msgs__rosidl_typesupport_c.dir/rosidl_typesupport_c/moveit_task_constructor_msgs/msg/property__type_support.cpp.o\x1b[0m\n'}
[6.019193] (-) TimerEvent: {}
[6.031076] (moveit_task_constructor_msgs) StdoutLine: {'line': b'[ 23%] \x1b[32mBuilding CXX object CMakeFiles/moveit_task_constructor_msgs__rosidl_typesupport_c.dir/rosidl_typesupport_c/moveit_task_constructor_msgs/msg/solution__type_support.cpp.o\x1b[0m\n'}
[6.114143] (moveit_task_constructor_msgs) StdoutLine: {'line': b'[ 23%] \x1b[32mBuilding CXX object CMakeFiles/moveit_task_constructor_msgs__rosidl_typesupport_introspection_cpp.dir/rosidl_typesupport_introspection_cpp/moveit_task_constructor_msgs/msg/detail/property__type_support.cpp.o\x1b[0m\n'}
[6.114409] (moveit_task_constructor_msgs) StdoutLine: {'line': b'[ 24%] \x1b[32mBuilding CXX object CMakeFiles/moveit_task_constructor_msgs__rosidl_typesupport_c.dir/rosidl_typesupport_c/moveit_task_constructor_msgs/msg/solution_info__type_support.cpp.o\x1b[0m\n'}
[6.119293] (-) TimerEvent: {}
[6.162986] (moveit_task_constructor_msgs) StdoutLine: {'line': b'[ 25%] \x1b[32mBuilding CXX object CMakeFiles/moveit_task_constructor_msgs__rosidl_typesupport_c.dir/rosidl_typesupport_c/moveit_task_constructor_msgs/msg/stage_description__type_support.cpp.o\x1b[0m\n'}
[6.177923] (moveit_task_constructor_msgs) StdoutLine: {'line': b'[ 26%] \x1b[32mBuilding CXX object CMakeFiles/moveit_task_constructor_msgs__rosidl_typesupport_introspection_cpp.dir/rosidl_typesupport_introspection_cpp/moveit_task_constructor_msgs/msg/detail/solution__type_support.cpp.o\x1b[0m\n'}
[6.180293] (moveit_task_constructor_msgs) StdoutLine: {'line': b'[ 27%] \x1b[32mBuilding CXX object CMakeFiles/moveit_task_constructor_msgs__rosidl_typesupport_introspection_cpp.dir/rosidl_typesupport_introspection_cpp/moveit_task_constructor_msgs/msg/detail/solution_info__type_support.cpp.o\x1b[0m\n'}
[6.219394] (-) TimerEvent: {}
[6.229417] (moveit_task_constructor_msgs) StdoutLine: {'line': b'[ 28%] \x1b[32mBuilding CXX object CMakeFiles/moveit_task_constructor_msgs__rosidl_typesupport_c.dir/rosidl_typesupport_c/moveit_task_constructor_msgs/msg/stage_statistics__type_support.cpp.o\x1b[0m\n'}
[6.245270] (moveit_task_constructor_msgs) StdoutLine: {'line': b'[ 29%] \x1b[32mBuilding CXX object CMakeFiles/moveit_task_constructor_msgs__rosidl_typesupport_cpp.dir/rosidl_typesupport_cpp/moveit_task_constructor_msgs/msg/sub_trajectory__type_support.cpp.o\x1b[0m\n'}
[6.299137] (moveit_task_constructor_msgs) StdoutLine: {'line': b'[ 30%] \x1b[32mBuilding CXX object CMakeFiles/moveit_task_constructor_msgs__rosidl_typesupport_c.dir/rosidl_typesupport_c/moveit_task_constructor_msgs/msg/sub_solution__type_support.cpp.o\x1b[0m\n'}
[6.319493] (-) TimerEvent: {}
[6.366060] (moveit_task_constructor_msgs) StdoutLine: {'line': b'[ 31%] \x1b[32mBuilding CXX object CMakeFiles/moveit_task_constructor_msgs__rosidl_typesupport_c.dir/rosidl_typesupport_c/moveit_task_constructor_msgs/msg/sub_trajectory__type_support.cpp.o\x1b[0m\n'}
[6.419592] (-) TimerEvent: {}
[6.429328] (moveit_task_constructor_msgs) StdoutLine: {'line': b'[ 32%] \x1b[32mBuilding CXX object CMakeFiles/moveit_task_constructor_msgs__rosidl_typesupport_fastrtps_cpp.dir/rosidl_typesupport_fastrtps_cpp/moveit_task_constructor_msgs/msg/detail/dds_fastrtps/property__type_support.cpp.o\x1b[0m\n'}
[6.446500] (moveit_task_constructor_msgs) StdoutLine: {'line': b'[ 32%] \x1b[32mBuilding CXX object CMakeFiles/moveit_task_constructor_msgs__rosidl_typesupport_c.dir/rosidl_typesupport_c/moveit_task_constructor_msgs/msg/task_description__type_support.cpp.o\x1b[0m\n'}
[6.508458] (moveit_task_constructor_msgs) StdoutLine: {'line': b'[ 33%] \x1b[32mBuilding CXX object CMakeFiles/moveit_task_constructor_msgs__rosidl_typesupport_c.dir/rosidl_typesupport_c/moveit_task_constructor_msgs/msg/task_statistics__type_support.cpp.o\x1b[0m\n'}
[6.519698] (-) TimerEvent: {}
[6.570588] (moveit_task_constructor_msgs) StdoutLine: {'line': b'[ 34%] \x1b[32mBuilding CXX object CMakeFiles/moveit_task_constructor_msgs__rosidl_typesupport_c.dir/rosidl_typesupport_c/moveit_task_constructor_msgs/msg/trajectory_execution_info__type_support.cpp.o\x1b[0m\n'}
[6.619825] (-) TimerEvent: {}
[6.658909] (moveit_task_constructor_msgs) StdoutLine: {'line': b'[ 35%] \x1b[32mBuilding CXX object CMakeFiles/moveit_task_constructor_msgs__rosidl_typesupport_c.dir/rosidl_typesupport_c/moveit_task_constructor_msgs/srv/get_solution__type_support.cpp.o\x1b[0m\n'}
[6.719940] (-) TimerEvent: {}
[6.751392] (moveit_task_constructor_msgs) StdoutLine: {'line': b'[ 36%] \x1b[32mBuilding CXX object CMakeFiles/moveit_task_constructor_msgs__rosidl_typesupport_c.dir/rosidl_typesupport_c/moveit_task_constructor_msgs/action/execute_task_solution__type_support.cpp.o\x1b[0m\n'}
[6.789116] (moveit_task_constructor_msgs) StdoutLine: {'line': b'[ 37%] \x1b[32mBuilding CXX object CMakeFiles/moveit_task_constructor_msgs__rosidl_typesupport_fastrtps_cpp.dir/rosidl_typesupport_fastrtps_cpp/moveit_task_constructor_msgs/msg/detail/dds_fastrtps/solution__type_support.cpp.o\x1b[0m\n'}
[6.817436] (moveit_task_constructor_msgs) StdoutLine: {'line': b'[ 38%] \x1b[32mBuilding CXX object CMakeFiles/moveit_task_constructor_msgs__rosidl_typesupport_cpp.dir/rosidl_typesupport_cpp/moveit_task_constructor_msgs/msg/task_description__type_support.cpp.o\x1b[0m\n'}
[6.823088] (-) TimerEvent: {}
[6.881051] (moveit_task_constructor_msgs) StdoutLine: {'line': b'[ 39%] \x1b[32m\x1b[1mLinking CXX shared library libmoveit_task_constructor_msgs__rosidl_typesupport_c.so\x1b[0m\n'}
[6.923194] (-) TimerEvent: {}
[6.976414] (moveit_task_constructor_msgs) StdoutLine: {'line': b'[ 39%] Built target moveit_task_constructor_msgs__rosidl_typesupport_c\n'}
[6.995804] (moveit_task_constructor_msgs) StdoutLine: {'line': b'[ 40%] \x1b[32mBuilding CXX object CMakeFiles/moveit_task_constructor_msgs__rosidl_typesupport_introspection_cpp.dir/rosidl_typesupport_introspection_cpp/moveit_task_constructor_msgs/msg/detail/stage_description__type_support.cpp.o\x1b[0m\n'}
[7.023301] (-) TimerEvent: {}
[7.094056] (moveit_task_constructor_msgs) StdoutLine: {'line': b'[ 41%] \x1b[32mBuilding C object CMakeFiles/moveit_task_constructor_msgs__rosidl_typesupport_introspection_c.dir/rosidl_typesupport_introspection_c/moveit_task_constructor_msgs/msg/detail/property__type_support.c.o\x1b[0m\n'}
[7.123442] (-) TimerEvent: {}
[7.148755] (moveit_task_constructor_msgs) StdoutLine: {'line': b'[ 42%] \x1b[32mBuilding CXX object CMakeFiles/moveit_task_constructor_msgs__rosidl_typesupport_introspection_cpp.dir/rosidl_typesupport_introspection_cpp/moveit_task_constructor_msgs/msg/detail/stage_statistics__type_support.cpp.o\x1b[0m\n'}
[7.166873] (moveit_task_constructor_msgs) StdoutLine: {'line': b'[ 43%] \x1b[32mBuilding C object CMakeFiles/moveit_task_constructor_msgs__rosidl_typesupport_introspection_c.dir/rosidl_typesupport_introspection_c/moveit_task_constructor_msgs/msg/detail/solution__type_support.c.o\x1b[0m\n'}
[7.173088] (moveit_task_constructor_msgs) StdoutLine: {'line': b'[ 44%] \x1b[32mBuilding CXX object CMakeFiles/moveit_task_constructor_msgs__rosidl_typesupport_fastrtps_c.dir/rosidl_typesupport_fastrtps_c/moveit_task_constructor_msgs/msg/detail/property__type_support_c.cpp.o\x1b[0m\n'}
[7.223560] (-) TimerEvent: {}
[7.270545] (moveit_task_constructor_msgs) StdoutLine: {'line': b'[ 45%] \x1b[32mBuilding C object CMakeFiles/moveit_task_constructor_msgs__rosidl_typesupport_introspection_c.dir/rosidl_typesupport_introspection_c/moveit_task_constructor_msgs/msg/detail/solution_info__type_support.c.o\x1b[0m\n'}
[7.316573] (moveit_task_constructor_msgs) StdoutLine: {'line': b'[ 46%] \x1b[32mBuilding CXX object CMakeFiles/moveit_task_constructor_msgs__rosidl_typesupport_cpp.dir/rosidl_typesupport_cpp/moveit_task_constructor_msgs/msg/task_statistics__type_support.cpp.o\x1b[0m\n'}
[7.319344] (moveit_task_constructor_msgs) StdoutLine: {'line': b'[ 47%] \x1b[32mBuilding CXX object CMakeFiles/moveit_task_constructor_msgs__rosidl_typesupport_fastrtps_c.dir/rosidl_typesupport_fastrtps_c/moveit_task_constructor_msgs/msg/detail/solution__type_support_c.cpp.o\x1b[0m\n'}
[7.323662] (-) TimerEvent: {}
[7.355879] (moveit_task_constructor_msgs) StdoutLine: {'line': b'[ 47%] \x1b[32mBuilding C object CMakeFiles/moveit_task_constructor_msgs__rosidl_typesupport_introspection_c.dir/rosidl_typesupport_introspection_c/moveit_task_constructor_msgs/msg/detail/stage_description__type_support.c.o\x1b[0m\n'}
[7.427087] (-) TimerEvent: {}
[7.435497] (moveit_task_constructor_msgs) StdoutLine: {'line': b'[ 48%] \x1b[32mBuilding C object CMakeFiles/moveit_task_constructor_msgs__rosidl_typesupport_introspection_c.dir/rosidl_typesupport_introspection_c/moveit_task_constructor_msgs/msg/detail/stage_statistics__type_support.c.o\x1b[0m\n'}
[7.519092] (moveit_task_constructor_msgs) StdoutLine: {'line': b'[ 49%] \x1b[32mBuilding C object CMakeFiles/moveit_task_constructor_msgs__rosidl_typesupport_introspection_c.dir/rosidl_typesupport_introspection_c/moveit_task_constructor_msgs/msg/detail/sub_solution__type_support.c.o\x1b[0m\n'}
[7.527208] (-) TimerEvent: {}
[7.601367] (moveit_task_constructor_msgs) StdoutLine: {'line': b'[ 50%] \x1b[32mBuilding C object CMakeFiles/moveit_task_constructor_msgs__rosidl_typesupport_introspection_c.dir/rosidl_typesupport_introspection_c/moveit_task_constructor_msgs/msg/detail/sub_trajectory__type_support.c.o\x1b[0m\n'}
[7.627307] (-) TimerEvent: {}
[7.696787] (moveit_task_constructor_msgs) StdoutLine: {'line': b'[ 51%] \x1b[32mBuilding C object CMakeFiles/moveit_task_constructor_msgs__rosidl_typesupport_introspection_c.dir/rosidl_typesupport_introspection_c/moveit_task_constructor_msgs/msg/detail/task_description__type_support.c.o\x1b[0m\n'}
[7.727413] (-) TimerEvent: {}
[7.759124] (moveit_task_constructor_msgs) StdoutLine: {'line': b'[ 52%] \x1b[32mBuilding CXX object CMakeFiles/moveit_task_constructor_msgs__rosidl_typesupport_fastrtps_cpp.dir/rosidl_typesupport_fastrtps_cpp/moveit_task_constructor_msgs/msg/detail/dds_fastrtps/solution_info__type_support.cpp.o\x1b[0m\n'}
[7.775446] (moveit_task_constructor_msgs) StdoutLine: {'line': b'[ 53%] \x1b[32mBuilding C object CMakeFiles/moveit_task_constructor_msgs__rosidl_typesupport_introspection_c.dir/rosidl_typesupport_introspection_c/moveit_task_constructor_msgs/msg/detail/task_statistics__type_support.c.o\x1b[0m\n'}
[7.801689] (moveit_task_constructor_msgs) StdoutLine: {'line': b'[ 54%] \x1b[32mBuilding C object CMakeFiles/moveit_task_constructor_msgs__rosidl_typesupport_introspection_c.dir/rosidl_typesupport_introspection_c/moveit_task_constructor_msgs/msg/detail/trajectory_execution_info__type_support.c.o\x1b[0m\n'}
[7.817622] (moveit_task_constructor_msgs) StdoutLine: {'line': b'[ 55%] \x1b[32mBuilding CXX object CMakeFiles/moveit_task_constructor_msgs__rosidl_typesupport_cpp.dir/rosidl_typesupport_cpp/moveit_task_constructor_msgs/msg/trajectory_execution_info__type_support.cpp.o\x1b[0m\n'}
[7.829136] (-) TimerEvent: {}
[7.856324] (moveit_task_constructor_msgs) StdoutLine: {'line': b'[ 56%] \x1b[32mBuilding CXX object CMakeFiles/moveit_task_constructor_msgs__rosidl_typesupport_introspection_cpp.dir/rosidl_typesupport_introspection_cpp/moveit_task_constructor_msgs/msg/detail/sub_solution__type_support.cpp.o\x1b[0m\n'}
[7.881111] (moveit_task_constructor_msgs) StdoutLine: {'line': b'[ 56%] \x1b[32mBuilding C object CMakeFiles/moveit_task_constructor_msgs__rosidl_typesupport_introspection_c.dir/rosidl_typesupport_introspection_c/moveit_task_constructor_msgs/srv/detail/get_solution__type_support.c.o\x1b[0m\n'}
[7.914651] (moveit_task_constructor_msgs) StdoutLine: {'line': b'[ 57%] \x1b[32mBuilding CXX object CMakeFiles/moveit_task_constructor_msgs__rosidl_typesupport_fastrtps_cpp.dir/rosidl_typesupport_fastrtps_cpp/moveit_task_constructor_msgs/msg/detail/dds_fastrtps/stage_description__type_support.cpp.o\x1b[0m\n'}
[7.929244] (-) TimerEvent: {}
[7.973359] (moveit_task_constructor_msgs) StdoutLine: {'line': b'[ 58%] \x1b[32mBuilding C object CMakeFiles/moveit_task_constructor_msgs__rosidl_typesupport_introspection_c.dir/rosidl_typesupport_introspection_c/moveit_task_constructor_msgs/action/detail/execute_task_solution__type_support.c.o\x1b[0m\n'}
[7.992775] (moveit_task_constructor_msgs) StdoutLine: {'line': b'[ 58%] \x1b[32mBuilding CXX object CMakeFiles/moveit_task_constructor_msgs__rosidl_typesupport_fastrtps_c.dir/rosidl_typesupport_fastrtps_c/moveit_task_constructor_msgs/msg/detail/solution_info__type_support_c.cpp.o\x1b[0m\n'}
[8.029347] (-) TimerEvent: {}
[8.104690] (moveit_task_constructor_msgs) StdoutLine: {'line': b'[ 59%] \x1b[32m\x1b[1mLinking C shared library libmoveit_task_constructor_msgs__rosidl_typesupport_introspection_c.so\x1b[0m\n'}
[8.129798] (-) TimerEvent: {}
[8.191702] (moveit_task_constructor_msgs) StdoutLine: {'line': b'[ 59%] Built target moveit_task_constructor_msgs__rosidl_typesupport_introspection_c\n'}
[8.209769] (moveit_task_constructor_msgs) StdoutLine: {'line': b'[ 60%] \x1b[32mBuilding CXX object CMakeFiles/moveit_task_constructor_msgs__rosidl_typesupport_fastrtps_cpp.dir/rosidl_typesupport_fastrtps_cpp/moveit_task_constructor_msgs/msg/detail/dds_fastrtps/stage_statistics__type_support.cpp.o\x1b[0m\n'}
[8.229926] (-) TimerEvent: {}
[8.323840] (moveit_task_constructor_msgs) StdoutLine: {'line': b'[ 60%] \x1b[32mBuilding CXX object CMakeFiles/moveit_task_constructor_msgs__rosidl_typesupport_cpp.dir/rosidl_typesupport_cpp/moveit_task_constructor_msgs/srv/get_solution__type_support.cpp.o\x1b[0m\n'}
[8.330041] (-) TimerEvent: {}
[8.421208] (moveit_task_constructor_msgs) StdoutLine: {'line': b'[ 61%] \x1b[32mBuilding CXX object CMakeFiles/moveit_task_constructor_msgs__rosidl_typesupport_cpp.dir/rosidl_typesupport_cpp/moveit_task_constructor_msgs/action/execute_task_solution__type_support.cpp.o\x1b[0m\n'}
[8.430092] (-) TimerEvent: {}
[8.533300] (-) TimerEvent: {}
[8.633629] (-) TimerEvent: {}
[8.652667] (moveit_task_constructor_msgs) StdoutLine: {'line': b'[ 62%] \x1b[32mBuilding CXX object CMakeFiles/moveit_task_constructor_msgs__rosidl_typesupport_fastrtps_c.dir/rosidl_typesupport_fastrtps_c/moveit_task_constructor_msgs/msg/detail/stage_description__type_support_c.cpp.o\x1b[0m\n'}
[8.714782] (moveit_task_constructor_msgs) StdoutLine: {'line': b'[ 63%] \x1b[32mBuilding CXX object CMakeFiles/moveit_task_constructor_msgs__rosidl_typesupport_fastrtps_c.dir/rosidl_typesupport_fastrtps_c/moveit_task_constructor_msgs/msg/detail/stage_statistics__type_support_c.cpp.o\x1b[0m\n'}
[8.719925] (moveit_task_constructor_msgs) StdoutLine: {'line': b'[ 64%] \x1b[32mBuilding CXX object CMakeFiles/moveit_task_constructor_msgs__rosidl_typesupport_fastrtps_c.dir/rosidl_typesupport_fastrtps_c/moveit_task_constructor_msgs/msg/detail/sub_solution__type_support_c.cpp.o\x1b[0m\n'}
[8.727377] (moveit_task_constructor_msgs) StdoutLine: {'line': b'[ 64%] \x1b[32mBuilding CXX object CMakeFiles/moveit_task_constructor_msgs__rosidl_typesupport_introspection_cpp.dir/rosidl_typesupport_introspection_cpp/moveit_task_constructor_msgs/msg/detail/sub_trajectory__type_support.cpp.o\x1b[0m\n'}
[8.733738] (-) TimerEvent: {}
[8.834249] (-) TimerEvent: {}
[8.896075] (moveit_task_constructor_msgs) StdoutLine: {'line': b'[ 65%] \x1b[32mBuilding CXX object CMakeFiles/moveit_task_constructor_msgs__rosidl_typesupport_fastrtps_c.dir/rosidl_typesupport_fastrtps_c/moveit_task_constructor_msgs/msg/detail/sub_trajectory__type_support_c.cpp.o\x1b[0m\n'}
[8.938093] (-) TimerEvent: {}
[9.038424] (-) TimerEvent: {}
[9.064329] (moveit_task_constructor_msgs) StdoutLine: {'line': b'[ 65%] \x1b[32mBuilding CXX object CMakeFiles/moveit_task_constructor_msgs__rosidl_typesupport_fastrtps_cpp.dir/rosidl_typesupport_fastrtps_cpp/moveit_task_constructor_msgs/msg/detail/dds_fastrtps/sub_solution__type_support.cpp.o\x1b[0m\n'}
[9.138540] (-) TimerEvent: {}
[9.238906] (-) TimerEvent: {}
[9.299906] (moveit_task_constructor_msgs) StdoutLine: {'line': b'[ 66%] \x1b[32mBuilding CXX object CMakeFiles/moveit_task_constructor_msgs__rosidl_typesupport_fastrtps_c.dir/rosidl_typesupport_fastrtps_c/moveit_task_constructor_msgs/msg/detail/task_description__type_support_c.cpp.o\x1b[0m\n'}
[9.307785] (moveit_task_constructor_msgs) StdoutLine: {'line': b'[ 67%] \x1b[32m\x1b[1mLinking CXX shared library libmoveit_task_constructor_msgs__rosidl_typesupport_cpp.so\x1b[0m\n'}
[9.339011] (-) TimerEvent: {}
[9.341163] (moveit_task_constructor_msgs) StdoutLine: {'line': b'[ 67%] \x1b[32mBuilding CXX object CMakeFiles/moveit_task_constructor_msgs__rosidl_typesupport_fastrtps_c.dir/rosidl_typesupport_fastrtps_c/moveit_task_constructor_msgs/msg/detail/task_statistics__type_support_c.cpp.o\x1b[0m\n'}
[9.354406] (moveit_task_constructor_msgs) StdoutLine: {'line': b'[ 68%] \x1b[32mBuilding CXX object CMakeFiles/moveit_task_constructor_msgs__rosidl_typesupport_introspection_cpp.dir/rosidl_typesupport_introspection_cpp/moveit_task_constructor_msgs/msg/detail/task_description__type_support.cpp.o\x1b[0m\n'}
[9.402076] (moveit_task_constructor_msgs) StdoutLine: {'line': b'[ 68%] Built target moveit_task_constructor_msgs__rosidl_typesupport_cpp\n'}
[9.420697] (moveit_task_constructor_msgs) StdoutLine: {'line': b'[ 69%] \x1b[32mBuilding CXX object CMakeFiles/moveit_task_constructor_msgs__rosidl_typesupport_introspection_cpp.dir/rosidl_typesupport_introspection_cpp/moveit_task_constructor_msgs/msg/detail/task_statistics__type_support.cpp.o\x1b[0m\n'}
[9.439088] (-) TimerEvent: {}
[9.543225] (-) TimerEvent: {}
[9.558064] (moveit_task_constructor_msgs) StdoutLine: {'line': b'[ 70%] \x1b[32mBuilding CXX object CMakeFiles/moveit_task_constructor_msgs__rosidl_typesupport_introspection_cpp.dir/rosidl_typesupport_introspection_cpp/moveit_task_constructor_msgs/msg/detail/trajectory_execution_info__type_support.cpp.o\x1b[0m\n'}
[9.643351] (-) TimerEvent: {}
[9.692117] (moveit_task_constructor_msgs) StdoutLine: {'line': b'[ 71%] \x1b[32mBuilding CXX object CMakeFiles/moveit_task_constructor_msgs__rosidl_typesupport_introspection_cpp.dir/rosidl_typesupport_introspection_cpp/moveit_task_constructor_msgs/srv/detail/get_solution__type_support.cpp.o\x1b[0m\n'}
[9.743482] (-) TimerEvent: {}
[9.843866] (-) TimerEvent: {}
[9.876780] (moveit_task_constructor_msgs) StdoutLine: {'line': b'[ 72%] \x1b[32mBuilding CXX object CMakeFiles/moveit_task_constructor_msgs__rosidl_typesupport_fastrtps_cpp.dir/rosidl_typesupport_fastrtps_cpp/moveit_task_constructor_msgs/msg/detail/dds_fastrtps/sub_trajectory__type_support.cpp.o\x1b[0m\n'}
[9.923961] (moveit_task_constructor_msgs) StdoutLine: {'line': b'[ 73%] \x1b[32mBuilding CXX object CMakeFiles/moveit_task_constructor_msgs__rosidl_typesupport_introspection_cpp.dir/rosidl_typesupport_introspection_cpp/moveit_task_constructor_msgs/action/detail/execute_task_solution__type_support.cpp.o\x1b[0m\n'}
[9.943985] (-) TimerEvent: {}
[9.975290] (moveit_task_constructor_msgs) StdoutLine: {'line': b'[ 74%] \x1b[32mBuilding CXX object CMakeFiles/moveit_task_constructor_msgs__rosidl_typesupport_fastrtps_c.dir/rosidl_typesupport_fastrtps_c/moveit_task_constructor_msgs/msg/detail/trajectory_execution_info__type_support_c.cpp.o\x1b[0m\n'}
[9.983931] (moveit_task_constructor_msgs) StdoutLine: {'line': b'[ 75%] \x1b[32mBuilding CXX object CMakeFiles/moveit_task_constructor_msgs__rosidl_typesupport_fastrtps_cpp.dir/rosidl_typesupport_fastrtps_cpp/moveit_task_constructor_msgs/msg/detail/dds_fastrtps/task_description__type_support.cpp.o\x1b[0m\n'}
[10.047087] (-) TimerEvent: {}
[10.147413] (-) TimerEvent: {}
[10.211179] (moveit_task_constructor_msgs) StdoutLine: {'line': b'[ 76%] \x1b[32mBuilding CXX object CMakeFiles/moveit_task_constructor_msgs__rosidl_typesupport_fastrtps_cpp.dir/rosidl_typesupport_fastrtps_cpp/moveit_task_constructor_msgs/msg/detail/dds_fastrtps/task_statistics__type_support.cpp.o\x1b[0m\n'}
[10.247537] (-) TimerEvent: {}
[10.257147] (moveit_task_constructor_msgs) StdoutLine: {'line': b'[ 77%] \x1b[32mBuilding CXX object CMakeFiles/moveit_task_constructor_msgs__rosidl_typesupport_fastrtps_c.dir/rosidl_typesupport_fastrtps_c/moveit_task_constructor_msgs/srv/detail/get_solution__type_support_c.cpp.o\x1b[0m\n'}
[10.313893] (moveit_task_constructor_msgs) StdoutLine: {'line': b'[ 78%] \x1b[32mBuilding CXX object CMakeFiles/moveit_task_constructor_msgs__rosidl_typesupport_fastrtps_c.dir/rosidl_typesupport_fastrtps_c/moveit_task_constructor_msgs/action/detail/execute_task_solution__type_support_c.cpp.o\x1b[0m\n'}
[10.347644] (-) TimerEvent: {}
[10.448014] (-) TimerEvent: {}
[10.548407] (-) TimerEvent: {}
[10.609459] (moveit_task_constructor_msgs) StdoutLine: {'line': b'[ 79%] \x1b[32mBuilding CXX object CMakeFiles/moveit_task_constructor_msgs__rosidl_typesupport_fastrtps_cpp.dir/rosidl_typesupport_fastrtps_cpp/moveit_task_constructor_msgs/msg/detail/dds_fastrtps/trajectory_execution_info__type_support.cpp.o\x1b[0m\n'}
[10.648541] (-) TimerEvent: {}
[10.743006] (moveit_task_constructor_msgs) StdoutLine: {'line': b'[ 80%] \x1b[32mBuilding CXX object CMakeFiles/moveit_task_constructor_msgs__rosidl_typesupport_fastrtps_cpp.dir/rosidl_typesupport_fastrtps_cpp/moveit_task_constructor_msgs/srv/detail/dds_fastrtps/get_solution__type_support.cpp.o\x1b[0m\n'}
[10.748664] (-) TimerEvent: {}
[10.788498] (moveit_task_constructor_msgs) StdoutLine: {'line': b'[ 80%] \x1b[32mBuilding CXX object CMakeFiles/moveit_task_constructor_msgs__rosidl_typesupport_fastrtps_cpp.dir/rosidl_typesupport_fastrtps_cpp/moveit_task_constructor_msgs/action/detail/dds_fastrtps/execute_task_solution__type_support.cpp.o\x1b[0m\n'}
[10.848772] (-) TimerEvent: {}
[10.949112] (-) TimerEvent: {}
[11.047966] (moveit_task_constructor_msgs) StdoutLine: {'line': b'[ 81%] \x1b[32m\x1b[1mLinking CXX shared library libmoveit_task_constructor_msgs__rosidl_typesupport_fastrtps_c.so\x1b[0m\n'}
[11.049182] (-) TimerEvent: {}
[11.149457] (-) TimerEvent: {}
[11.166075] (moveit_task_constructor_msgs) StdoutLine: {'line': b'[ 81%] Built target moveit_task_constructor_msgs__rosidl_typesupport_fastrtps_c\n'}
[11.249569] (-) TimerEvent: {}
[11.349870] (-) TimerEvent: {}
[11.401969] (moveit_task_constructor_msgs) StdoutLine: {'line': b'[ 82%] \x1b[32m\x1b[1mLinking CXX shared library libmoveit_task_constructor_msgs__rosidl_typesupport_introspection_cpp.so\x1b[0m\n'}
[11.449976] (-) TimerEvent: {}
[11.550326] (-) TimerEvent: {}
[11.576510] (moveit_task_constructor_msgs) StdoutLine: {'line': b'[ 83%] \x1b[32m\x1b[1mLinking CXX shared library libmoveit_task_constructor_msgs__rosidl_typesupport_fastrtps_cpp.so\x1b[0m\n'}
[11.583919] (moveit_task_constructor_msgs) StdoutLine: {'line': b'[ 83%] Built target moveit_task_constructor_msgs__rosidl_typesupport_introspection_cpp\n'}
[11.650410] (-) TimerEvent: {}
[11.695902] (moveit_task_constructor_msgs) StdoutLine: {'line': b'[ 83%] Built target moveit_task_constructor_msgs__rosidl_typesupport_fastrtps_cpp\n'}
[11.720684] (moveit_task_constructor_msgs) StdoutLine: {'line': b'[ 83%] Built target moveit_task_constructor_msgs\n'}
[11.747280] (moveit_task_constructor_msgs) StdoutLine: {'line': b'[ 84%] \x1b[34m\x1b[1mGenerating Python code for ROS interfaces\x1b[0m\n'}
[11.750479] (-) TimerEvent: {}
[11.850667] (-) TimerEvent: {}
[11.950889] (-) TimerEvent: {}
[12.051104] (-) TimerEvent: {}
[12.151297] (-) TimerEvent: {}
[12.251489] (-) TimerEvent: {}
[12.351689] (-) TimerEvent: {}
[12.451905] (-) TimerEvent: {}
[12.552160] (-) TimerEvent: {}
[12.652357] (-) TimerEvent: {}
[12.752557] (-) TimerEvent: {}
[12.852753] (-) TimerEvent: {}
[12.952949] (-) TimerEvent: {}
[13.053183] (-) TimerEvent: {}
[13.153379] (-) TimerEvent: {}
[13.253580] (-) TimerEvent: {}
[13.353787] (-) TimerEvent: {}
[13.454041] (-) TimerEvent: {}
[13.554245] (-) TimerEvent: {}
[13.654462] (-) TimerEvent: {}
[13.754663] (-) TimerEvent: {}
[13.857094] (-) TimerEvent: {}
[13.898734] (moveit_task_constructor_msgs) StdoutLine: {'line': b'[ 84%] Built target moveit_task_constructor_msgs__py\n'}
[13.930872] (moveit_task_constructor_msgs) StdoutLine: {'line': b'[ 87%] \x1b[32mBuilding C object CMakeFiles/moveit_task_constructor_msgs__rosidl_generator_py.dir/rosidl_generator_py/moveit_task_constructor_msgs/msg/_stage_description_s.c.o\x1b[0m\n'}
[13.931149] (moveit_task_constructor_msgs) StdoutLine: {'line': b'[ 87%] \x1b[32mBuilding C object CMakeFiles/moveit_task_constructor_msgs__rosidl_generator_py.dir/rosidl_generator_py/moveit_task_constructor_msgs/msg/_property_s.c.o\x1b[0m\n'}
[13.931296] (moveit_task_constructor_msgs) StdoutLine: {'line': b'[ 87%] \x1b[32mBuilding C object CMakeFiles/moveit_task_constructor_msgs__rosidl_generator_py.dir/rosidl_generator_py/moveit_task_constructor_msgs/msg/_solution_info_s.c.o\x1b[0m\n'}
[13.931438] (moveit_task_constructor_msgs) StdoutLine: {'line': b'[ 87%] \x1b[32mBuilding C object CMakeFiles/moveit_task_constructor_msgs__rosidl_generator_py.dir/rosidl_generator_py/moveit_task_constructor_msgs/msg/_solution_s.c.o\x1b[0m\n'}
[13.931556] (moveit_task_constructor_msgs) StdoutLine: {'line': b'[ 88%] \x1b[32mBuilding C object CMakeFiles/moveit_task_constructor_msgs__rosidl_generator_py.dir/rosidl_generator_py/moveit_task_constructor_msgs/msg/_stage_statistics_s.c.o\x1b[0m\n'}
[13.931730] (moveit_task_constructor_msgs) StdoutLine: {'line': b'[ 89%] \x1b[32mBuilding C object CMakeFiles/moveit_task_constructor_msgs__rosidl_generator_py.dir/rosidl_generator_py/moveit_task_constructor_msgs/msg/_sub_solution_s.c.o\x1b[0m\n'}
[13.931904] (moveit_task_constructor_msgs) StdoutLine: {'line': b'[ 90%] \x1b[32mBuilding C object CMakeFiles/moveit_task_constructor_msgs__rosidl_generator_py.dir/rosidl_generator_py/moveit_task_constructor_msgs/msg/_sub_trajectory_s.c.o\x1b[0m\n'}
[13.932719] (moveit_task_constructor_msgs) StdoutLine: {'line': b'[ 91%] \x1b[32mBuilding C object CMakeFiles/moveit_task_constructor_msgs__rosidl_generator_py.dir/rosidl_generator_py/moveit_task_constructor_msgs/msg/_task_description_s.c.o\x1b[0m\n'}
[13.957221] (-) TimerEvent: {}
[14.060087] (-) TimerEvent: {}
[14.145226] (moveit_task_constructor_msgs) StdoutLine: {'line': b'[ 92%] \x1b[32mBuilding C object CMakeFiles/moveit_task_constructor_msgs__rosidl_generator_py.dir/rosidl_generator_py/moveit_task_constructor_msgs/msg/_task_statistics_s.c.o\x1b[0m\n'}
[14.150505] (moveit_task_constructor_msgs) StdoutLine: {'line': b'[ 92%] \x1b[32mBuilding C object CMakeFiles/moveit_task_constructor_msgs__rosidl_generator_py.dir/rosidl_generator_py/moveit_task_constructor_msgs/msg/_trajectory_execution_info_s.c.o\x1b[0m\n'}
[14.153741] (moveit_task_constructor_msgs) StdoutLine: {'line': b'[ 93%] \x1b[32mBuilding C object CMakeFiles/moveit_task_constructor_msgs__rosidl_generator_py.dir/rosidl_generator_py/moveit_task_constructor_msgs/srv/_get_solution_s.c.o\x1b[0m\n'}
[14.159567] (moveit_task_constructor_msgs) StdoutLine: {'line': b'[ 94%] \x1b[32mBuilding C object CMakeFiles/moveit_task_constructor_msgs__rosidl_generator_py.dir/rosidl_generator_py/moveit_task_constructor_msgs/action/_execute_task_solution_s.c.o\x1b[0m\n'}
[14.160154] (-) TimerEvent: {}
[14.260471] (-) TimerEvent: {}
[14.329905] (moveit_task_constructor_msgs) StdoutLine: {'line': b'[ 95%] \x1b[32m\x1b[1mLinking C shared library rosidl_generator_py/moveit_task_constructor_msgs/libmoveit_task_constructor_msgs__rosidl_generator_py.so\x1b[0m\n'}
[14.360548] (-) TimerEvent: {}
[14.386235] (moveit_task_constructor_msgs) StdoutLine: {'line': b'[ 95%] Built target moveit_task_constructor_msgs__rosidl_generator_py\n'}
[14.411757] (moveit_task_constructor_msgs) StdoutLine: {'line': b'[ 97%] \x1b[32mBuilding C object CMakeFiles/moveit_task_constructor_msgs__rosidl_typesupport_fastrtps_c__pyext.dir/rosidl_generator_py/moveit_task_constructor_msgs/_moveit_task_constructor_msgs_s.ep.rosidl_typesupport_fastrtps_c.c.o\x1b[0m\n'}
[14.411978] (moveit_task_constructor_msgs) StdoutLine: {'line': b'[ 97%] \x1b[32mBuilding C object CMakeFiles/moveit_task_constructor_msgs__rosidl_typesupport_introspection_c__pyext.dir/rosidl_generator_py/moveit_task_constructor_msgs/_moveit_task_constructor_msgs_s.ep.rosidl_typesupport_introspection_c.c.o\x1b[0m\n'}
[14.412136] (moveit_task_constructor_msgs) StdoutLine: {'line': b'[ 97%] \x1b[32mBuilding C object CMakeFiles/moveit_task_constructor_msgs__rosidl_typesupport_c__pyext.dir/rosidl_generator_py/moveit_task_constructor_msgs/_moveit_task_constructor_msgs_s.ep.rosidl_typesupport_c.c.o\x1b[0m\n'}
[14.460657] (-) TimerEvent: {}
[14.560979] (-) TimerEvent: {}
[14.588702] (moveit_task_constructor_msgs) StdoutLine: {'line': b'[ 98%] \x1b[32m\x1b[1mLinking C shared library rosidl_generator_py/moveit_task_constructor_msgs/moveit_task_constructor_msgs_s__rosidl_typesupport_c.cpython-310-x86_64-linux-gnu.so\x1b[0m\n'}
[14.589040] (moveit_task_constructor_msgs) StdoutLine: {'line': b'[ 99%] \x1b[32m\x1b[1mLinking C shared library rosidl_generator_py/moveit_task_constructor_msgs/moveit_task_constructor_msgs_s__rosidl_typesupport_fastrtps_c.cpython-310-x86_64-linux-gnu.so\x1b[0m\n'}
[14.590688] (moveit_task_constructor_msgs) StdoutLine: {'line': b'[100%] \x1b[32m\x1b[1mLinking C shared library rosidl_generator_py/moveit_task_constructor_msgs/moveit_task_constructor_msgs_s__rosidl_typesupport_introspection_c.cpython-310-x86_64-linux-gnu.so\x1b[0m\n'}
[14.658797] (moveit_task_constructor_msgs) StdoutLine: {'line': b'[100%] Built target moveit_task_constructor_msgs__rosidl_typesupport_c__pyext\n'}
[14.659033] (moveit_task_constructor_msgs) StdoutLine: {'line': b'[100%] Built target moveit_task_constructor_msgs__rosidl_typesupport_fastrtps_c__pyext\n'}
[14.659191] (moveit_task_constructor_msgs) StdoutLine: {'line': b'[100%] Built target moveit_task_constructor_msgs__rosidl_typesupport_introspection_c__pyext\n'}
[14.661060] (-) TimerEvent: {}
[14.671959] (moveit_task_constructor_msgs) CommandEnded: {'returncode': 0}
[14.672556] (moveit_task_constructor_msgs) JobProgress: {'identifier': 'moveit_task_constructor_msgs', 'progress': 'install'}
[14.681952] (moveit_task_constructor_msgs) Command: {'cmd': ['/usr/bin/cmake', '--install', '/home/vinayak/ws_moveit2/build/moveit_task_constructor_msgs'], 'cwd': '/home/vinayak/ws_moveit2/build/moveit_task_constructor_msgs', 'env': OrderedDict([('LESSOPEN', '| /usr/bin/lesspipe %s'), ('USER', 'vinayak'), ('LC_TIME', 'en_IN.UTF-8'), ('XDG_SESSION_TYPE', 'wayland'), ('SHLVL', '1'), ('LD_LIBRARY_PATH', '/home/vinayak/ws_moveit2/install/ur_robot_driver/lib:/home/vinayak/ws_moveit2/install/ur_controllers/lib:/home/vinayak/ws_moveit2/install/ur_dashboard_msgs/lib:/home/vinayak/ws_moveit2/install/pilz_industrial_motion_planner_testutils/lib:/home/vinayak/ws_moveit2/install/pilz_industrial_motion_planner/lib:/home/vinayak/ws_moveit2/install/moveit_visual_tools/lib:/home/vinayak/ws_moveit2/install/moveit_task_constructor_visualization/lib:/home/vinayak/ws_moveit2/install/moveit_task_constructor_demo/lib:/home/vinayak/ws_moveit2/install/moveit_task_constructor_capabilities/lib:/home/vinayak/ws_moveit2/install/moveit_task_constructor_core/lib:/home/vinayak/ws_moveit2/install/moveit_ros_control_interface/lib:/home/vinayak/ws_moveit2/install/moveit_simple_controller_manager/lib:/home/vinayak/ws_moveit2/install/moveit_setup_assistant/lib:/home/vinayak/ws_moveit2/install/moveit_setup_srdf_plugins/lib:/home/vinayak/ws_moveit2/install/moveit_setup_core_plugins/lib:/home/vinayak/ws_moveit2/install/moveit_setup_controllers/lib:/home/vinayak/ws_moveit2/install/moveit_setup_app_plugins/lib:/home/vinayak/ws_moveit2/install/moveit_setup_framework/lib:/home/vinayak/ws_moveit2/install/moveit_servo/lib:/home/vinayak/ws_moveit2/install/moveit_ros_visualization/lib:/home/vinayak/ws_moveit2/install/moveit_hybrid_planning/lib:/home/vinayak/ws_moveit2/install/moveit_ros_planning_interface/lib:/home/vinayak/ws_moveit2/install/moveit_ros_benchmarks/lib:/home/vinayak/ws_moveit2/install/moveit_ros_warehouse/lib:/home/vinayak/ws_moveit2/install/moveit_ros_robot_interaction/lib:/home/vinayak/ws_moveit2/install/moveit_ros_perception/lib:/home/vinayak/ws_moveit2/install/moveit_ros_move_group/lib:/home/vinayak/ws_moveit2/install/moveit_planners_ompl/lib:/home/vinayak/ws_moveit2/install/moveit_ros_planning/lib:/home/vinayak/ws_moveit2/install/moveit_ros_occupancy_map_monitor/lib:/home/vinayak/ws_moveit2/install/moveit_resources_prbt_ikfast_manipulator_plugin/lib:/home/vinayak/ws_moveit2/install/moveit_planners_chomp/lib:/home/vinayak/ws_moveit2/install/moveit_kinematics/lib:/home/vinayak/ws_moveit2/install/moveit_chomp_optimizer_adapter/lib:/home/vinayak/ws_moveit2/install/chomp_motion_planner/lib:/home/vinayak/ws_moveit2/install/moveit_core/lib:/home/vinayak/ws_moveit2/install/srdfdom/lib:/home/vinayak/ws_moveit2/install/rviz_marker_tools/lib:/home/vinayak/ws_moveit2/install/rosparam_shortcuts/lib:/home/vinayak/ws_moveit2/install/moveit_task_constructor_msgs/lib:/usr/lib/x86_64-linux-gnu/gazebo-11/plugins:/opt/ros/humble/opt/rviz_ogre_vendor/lib:/opt/ros/humble/lib/x86_64-linux-gnu:/opt/ros/humble/lib:/usr/local/cuda-12.4/lib64'), ('HOME', '/home/vinayak'), ('OLDPWD', '/home/vinayak/ws_moveit2/src'), ('DESKTOP_SESSION', 'ubuntu'), ('ROS_PYTHON_VERSION', '3'), ('GNOME_SHELL_SESSION_MODE', 'ubuntu'), ('GTK_MODULES', 'gail:atk-bridge'), ('LC_MONETARY', 'en_IN.UTF-8'), ('SYSTEMD_EXEC_PID', '2822'), ('DBUS_SESSION_BUS_ADDRESS', 'unix:path=/run/user/1000/bus'), ('COLORTERM', 'truecolor'), ('IM_CONFIG_PHASE', '1'), ('WAYLAND_DISPLAY', 'wayland-0'), ('COLCON_PREFIX_PATH', '/home/vinayak/ws_moveit2/install'), ('ROS_DISTRO', 'humble'), ('LOGNAME', 'vinayak'), ('_', '/usr/bin/colcon'), ('ROS_VERSION', '2'), ('XDG_SESSION_CLASS', 'user'), ('USERNAME', 'vinayak'), ('TERM', 'xterm-256color'), ('GNOME_DESKTOP_SESSION_ID', 'this-is-deprecated'), ('ROS_LOCALHOST_ONLY', '0'), ('PATH', '/home/vinayak/ws_moveit2/install/ur_robot_driver/bin:/home/vinayak/ws_moveit2/install/moveit_core/bin:/opt/ros/humble/bin:/usr/local/cuda-12.4/bin:/home/vinayak/.local/bin:/usr/local/sbin:/usr/local/bin:/usr/sbin:/usr/bin:/sbin:/bin:/usr/games:/usr/local/games:/snap/bin:/snap/bin'), ('SESSION_MANAGER', 'local/Vinayak:@/tmp/.ICE-unix/2600,unix/Vinayak:/tmp/.ICE-unix/2600'), ('PAPERSIZE', 'a4'), ('XDG_MENU_PREFIX', 'gnome-'), ('LC_ADDRESS', 'en_IN.UTF-8'), ('GNOME_TERMINAL_SCREEN', '/org/gnome/Terminal/screen/bce04f5b_c87b_49b6_95ff_6cd41b99bb4d'), ('GNOME_SETUP_DISPLAY', ':1'), ('XDG_RUNTIME_DIR', '/run/user/1000'), ('DISPLAY', ':0'), ('LANG', 'en_US.UTF-8'), ('XDG_CURRENT_DESKTOP', 'ubuntu:GNOME'), ('LC_TELEPHONE', 'en_IN.UTF-8'), ('XMODIFIERS', '@im=ibus'), ('XDG_SESSION_DESKTOP', 'ubuntu'), ('XAUTHORITY', '/run/user/1000/.mutter-Xwaylandauth.TRDL82'), ('LS_COLORS', 'rs=0:di=01;34:ln=01;36:mh=00:pi=40;33:so=01;35:do=01;35:bd=40;33;01:cd=40;33;01:or=40;31;01:mi=00:su=37;41:sg=30;43:ca=30;41:tw=30;42:ow=34;42:st=37;44:ex=01;32:*.tar=01;31:*.tgz=01;31:*.arc=01;31:*.arj=01;31:*.taz=01;31:*.lha=01;31:*.lz4=01;31:*.lzh=01;31:*.lzma=01;31:*.tlz=01;31:*.txz=01;31:*.tzo=01;31:*.t7z=01;31:*.zip=01;31:*.z=01;31:*.dz=01;31:*.gz=01;31:*.lrz=01;31:*.lz=01;31:*.lzo=01;31:*.xz=01;31:*.zst=01;31:*.tzst=01;31:*.bz2=01;31:*.bz=01;31:*.tbz=01;31:*.tbz2=01;31:*.tz=01;31:*.deb=01;31:*.rpm=01;31:*.jar=01;31:*.war=01;31:*.ear=01;31:*.sar=01;31:*.rar=01;31:*.alz=01;31:*.ace=01;31:*.zoo=01;31:*.cpio=01;31:*.7z=01;31:*.rz=01;31:*.cab=01;31:*.wim=01;31:*.swm=01;31:*.dwm=01;31:*.esd=01;31:*.jpg=01;35:*.jpeg=01;35:*.mjpg=01;35:*.mjpeg=01;35:*.gif=01;35:*.bmp=01;35:*.pbm=01;35:*.pgm=01;35:*.ppm=01;35:*.tga=01;35:*.xbm=01;35:*.xpm=01;35:*.tif=01;35:*.tiff=01;35:*.png=01;35:*.svg=01;35:*.svgz=01;35:*.mng=01;35:*.pcx=01;35:*.mov=01;35:*.mpg=01;35:*.mpeg=01;35:*.m2v=01;35:*.mkv=01;35:*.webm=01;35:*.webp=01;35:*.ogm=01;35:*.mp4=01;35:*.m4v=01;35:*.mp4v=01;35:*.vob=01;35:*.qt=01;35:*.nuv=01;35:*.wmv=01;35:*.asf=01;35:*.rm=01;35:*.rmvb=01;35:*.flc=01;35:*.avi=01;35:*.fli=01;35:*.flv=01;35:*.gl=01;35:*.dl=01;35:*.xcf=01;35:*.xwd=01;35:*.yuv=01;35:*.cgm=01;35:*.emf=01;35:*.ogv=01;35:*.ogx=01;35:*.aac=00;36:*.au=00;36:*.flac=00;36:*.m4a=00;36:*.mid=00;36:*.midi=00;36:*.mka=00;36:*.mp3=00;36:*.mpc=00;36:*.ogg=00;36:*.ra=00;36:*.wav=00;36:*.oga=00;36:*.opus=00;36:*.spx=00;36:*.xspf=00;36:'), ('GNOME_TERMINAL_SERVICE', ':1.597'), ('SSH_AGENT_LAUNCHER', 'gnome-keyring'), ('SSH_AUTH_SOCK', '/run/user/1000/keyring/ssh'), ('AMENT_PREFIX_PATH', '/home/vinayak/ws_moveit2/install/ur:/home/vinayak/ws_moveit2/install/ur_calibration:/home/vinayak/ws_moveit2/install/ur_robot_driver:/home/vinayak/ws_moveit2/install/ur_moveit_config:/home/vinayak/ws_moveit2/install/ur_bringup:/home/vinayak/ws_moveit2/install/ur_controllers:/home/vinayak/ws_moveit2/install/ur_dashboard_msgs:/home/vinayak/ws_moveit2/install/ur3e_motion_package:/home/vinayak/ws_moveit2/install/new_configuration:/home/vinayak/ws_moveit2/install/ur3e:/home/vinayak/ws_moveit2/install/pilz_industrial_motion_planner_testutils:/home/vinayak/ws_moveit2/install/moveit_runtime:/home/vinayak/ws_moveit2/install/moveit2_tutorials:/home/vinayak/ws_moveit2/install/moveit:/home/vinayak/ws_moveit2/install/moveit_planners:/home/vinayak/ws_moveit2/install/pilz_industrial_motion_planner:/home/vinayak/ws_moveit2/install/moveit_visual_tools:/home/vinayak/ws_moveit2/install/moveit_task_constructor_visualization:/home/vinayak/ws_moveit2/install/moveit_task_constructor_demo:/home/vinayak/ws_moveit2/install/moveit_task_constructor_capabilities:/home/vinayak/ws_moveit2/install/moveit_task_constructor_core:/home/vinayak/ws_moveit2/install/moveit_ros_control_interface:/home/vinayak/ws_moveit2/install/moveit_plugins:/home/vinayak/ws_moveit2/install/moveit_simple_controller_manager:/home/vinayak/ws_moveit2/install/moveit_setup_assistant:/home/vinayak/ws_moveit2/install/moveit_setup_srdf_plugins:/home/vinayak/ws_moveit2/install/moveit_setup_core_plugins:/home/vinayak/ws_moveit2/install/moveit_setup_controllers:/home/vinayak/ws_moveit2/install/moveit_setup_app_plugins:/home/vinayak/ws_moveit2/install/moveit_setup_framework:/home/vinayak/ws_moveit2/install/moveit_servo:/home/vinayak/ws_moveit2/install/moveit_ros:/home/vinayak/ws_moveit2/install/moveit_ros_visualization:/home/vinayak/ws_moveit2/install/moveit_hybrid_planning:/home/vinayak/ws_moveit2/install/moveit_ros_planning_interface:/home/vinayak/ws_moveit2/install/moveit_ros_benchmarks:/home/vinayak/ws_moveit2/install/moveit_ros_warehouse:/home/vinayak/ws_moveit2/install/moveit_ros_robot_interaction:/home/vinayak/ws_moveit2/install/moveit_ros_perception:/home/vinayak/ws_moveit2/install/moveit_resources_prbt_pg70_support:/home/vinayak/ws_moveit2/install/moveit_resources_prbt_moveit_config:/home/vinayak/ws_moveit2/install/moveit_ros_move_group:/home/vinayak/ws_moveit2/install/moveit_planners_ompl:/home/vinayak/ws_moveit2/install/moveit_ros_planning:/home/vinayak/ws_moveit2/install/moveit_ros_occupancy_map_monitor:/home/vinayak/ws_moveit2/install/moveit_resources_prbt_ikfast_manipulator_plugin:/home/vinayak/ws_moveit2/install/moveit_planners_chomp:/home/vinayak/ws_moveit2/install/moveit_kinematics:/home/vinayak/ws_moveit2/install/moveit_chomp_optimizer_adapter:/home/vinayak/ws_moveit2/install/chomp_motion_planner:/home/vinayak/ws_moveit2/install/moveit_core:/home/vinayak/ws_moveit2/install/moveit_configs_utils:/home/vinayak/ws_moveit2/install/srdfdom:/home/vinayak/ws_moveit2/install/rviz_marker_tools:/home/vinayak/ws_moveit2/install/rosparam_shortcuts:/home/vinayak/ws_moveit2/install/moveit_task_constructor_msgs:/home/vinayak/ws_moveit2/install/moveit_resources_prbt_support:/home/vinayak/ws_moveit2/install/moveit_resources:/home/vinayak/ws_moveit2/install/moveit_resources_pr2_description:/home/vinayak/ws_moveit2/install/moveit_resources_panda_moveit_config:/home/vinayak/ws_moveit2/install/moveit_resources_panda_description:/home/vinayak/ws_moveit2/install/moveit_resources_fanuc_moveit_config:/home/vinayak/ws_moveit2/install/moveit_resources_fanuc_description:/home/vinayak/ws_moveit2/install/moveit_common:/home/vinayak/ws_moveit2/install/launch_param_builder:/opt/ros/humble'), ('SHELL', '/bin/bash'), ('LC_NAME', 'en_IN.UTF-8'), ('QT_ACCESSIBILITY', '1'), ('ROS_MASTER_URI', 'http://localhost:11311'), ('GDMSESSION', 'ubuntu'), ('LESSCLOSE', '/usr/bin/lesspipe %s %s'), ('CMAKE_MODULE_PATH', '/home/vinayak/ws_moveit2/install/moveit_task_constructor_core/share/moveit_task_constructor_core/cmake'), ('LC_MEASUREMENT', 'en_IN.UTF-8'), ('LC_IDENTIFICATION', 'en_IN.UTF-8'), ('QT_IM_MODULE', 'ibus'), ('PWD', '/home/vinayak/ws_moveit2/build/moveit_task_constructor_msgs'), ('XDG_CONFIG_DIRS', '/etc/xdg/xdg-ubuntu:/etc/xdg'), ('XDG_DATA_DIRS', '/usr/share/ubuntu:/usr/local/share/:/usr/share/:/var/lib/snapd/desktop'), ('PYTHONPATH', '/home/vinayak/ws_moveit2/install/ur_robot_driver/local/lib/python3.10/dist-packages:/home/vinayak/ws_moveit2/install/ur_moveit_config/local/lib/python3.10/dist-packages:/home/vinayak/ws_moveit2/install/ur_dashboard_msgs/local/lib/python3.10/dist-packages:/home/vinayak/ws_moveit2/install/ur3e_motion_package/lib/python3.10/site-packages:/home/vinayak/ws_moveit2/install/moveit_task_constructor_core/local/lib/python3.10/dist-packages:/home/vinayak/ws_moveit2/install/moveit_configs_utils/lib/python3.10/site-packages:/home/vinayak/ws_moveit2/install/srdfdom/local/lib/python3.10/dist-packages:/home/vinayak/ws_moveit2/install/moveit_task_constructor_msgs/local/lib/python3.10/dist-packages:/home/vinayak/ws_moveit2/install/launch_param_builder/lib/python3.10/site-packages:/opt/ros/humble/lib/python3.10/site-packages:/opt/ros/humble/local/lib/python3.10/dist-packages'), ('ROS_HOSTNAME', 'localhost'), ('LC_NUMERIC', 'en_IN.UTF-8'), ('LC_PAPER', 'en_IN.UTF-8'), ('COLCON', '1'), ('VTE_VERSION', '6800'), ('CMAKE_PREFIX_PATH', '/home/vinayak/ws_moveit2/install/ur:/home/vinayak/ws_moveit2/install/ur_calibration:/home/vinayak/ws_moveit2/install/ur_robot_driver:/home/vinayak/ws_moveit2/install/ur_moveit_config:/home/vinayak/ws_moveit2/install/ur_bringup:/home/vinayak/ws_moveit2/install/ur_controllers:/home/vinayak/ws_moveit2/install/ur_dashboard_msgs:/home/vinayak/ws_moveit2/install/new_configuration:/home/vinayak/ws_moveit2/install/ur3e:/home/vinayak/ws_moveit2/install/pilz_industrial_motion_planner_testutils:/home/vinayak/ws_moveit2/install/moveit_runtime:/home/vinayak/ws_moveit2/install/moveit2_tutorials:/home/vinayak/ws_moveit2/install/moveit:/home/vinayak/ws_moveit2/install/moveit_planners:/home/vinayak/ws_moveit2/install/pilz_industrial_motion_planner:/home/vinayak/ws_moveit2/install/moveit_visual_tools:/home/vinayak/ws_moveit2/install/moveit_task_constructor_visualization:/home/vinayak/ws_moveit2/install/moveit_task_constructor_demo:/home/vinayak/ws_moveit2/install/moveit_task_constructor_capabilities:/home/vinayak/ws_moveit2/install/moveit_task_constructor_core:/home/vinayak/ws_moveit2/install/moveit_ros_control_interface:/home/vinayak/ws_moveit2/install/moveit_plugins:/home/vinayak/ws_moveit2/install/moveit_simple_controller_manager:/home/vinayak/ws_moveit2/install/moveit_setup_assistant:/home/vinayak/ws_moveit2/install/moveit_setup_srdf_plugins:/home/vinayak/ws_moveit2/install/moveit_setup_core_plugins:/home/vinayak/ws_moveit2/install/moveit_setup_controllers:/home/vinayak/ws_moveit2/install/moveit_setup_app_plugins:/home/vinayak/ws_moveit2/install/moveit_setup_framework:/home/vinayak/ws_moveit2/install/moveit_servo:/home/vinayak/ws_moveit2/install/moveit_ros:/home/vinayak/ws_moveit2/install/moveit_ros_visualization:/home/vinayak/ws_moveit2/install/moveit_hybrid_planning:/home/vinayak/ws_moveit2/install/moveit_ros_planning_interface:/home/vinayak/ws_moveit2/install/moveit_ros_benchmarks:/home/vinayak/ws_moveit2/install/moveit_ros_warehouse:/home/vinayak/ws_moveit2/install/moveit_ros_robot_interaction:/home/vinayak/ws_moveit2/install/moveit_ros_perception:/home/vinayak/ws_moveit2/install/moveit_resources_prbt_pg70_support:/home/vinayak/ws_moveit2/install/moveit_resources_prbt_moveit_config:/home/vinayak/ws_moveit2/install/moveit_ros_move_group:/home/vinayak/ws_moveit2/install/moveit_planners_ompl:/home/vinayak/ws_moveit2/install/moveit_ros_planning:/home/vinayak/ws_moveit2/install/moveit_ros_occupancy_map_monitor:/home/vinayak/ws_moveit2/install/moveit_resources_prbt_ikfast_manipulator_plugin:/home/vinayak/ws_moveit2/install/moveit_planners_chomp:/home/vinayak/ws_moveit2/install/moveit_kinematics:/home/vinayak/ws_moveit2/install/moveit_chomp_optimizer_adapter:/home/vinayak/ws_moveit2/install/chomp_motion_planner:/home/vinayak/ws_moveit2/install/moveit_core:/home/vinayak/ws_moveit2/install/srdfdom:/home/vinayak/ws_moveit2/install/rviz_marker_tools:/home/vinayak/ws_moveit2/install/rosparam_shortcuts:/home/vinayak/ws_moveit2/install/moveit_task_constructor_msgs:/home/vinayak/ws_moveit2/install/moveit_resources_prbt_support:/home/vinayak/ws_moveit2/install/moveit_resources:/home/vinayak/ws_moveit2/install/moveit_resources_pr2_description:/home/vinayak/ws_moveit2/install/moveit_resources_panda_moveit_config:/home/vinayak/ws_moveit2/install/moveit_resources_panda_description:/home/vinayak/ws_moveit2/install/moveit_resources_fanuc_moveit_config:/home/vinayak/ws_moveit2/install/moveit_resources_fanuc_description:/home/vinayak/ws_moveit2/install/moveit_common:/home/vinayak/ws_moveit2/install/ur3e_motion_package:/home/vinayak/ws_moveit2/install/moveit_configs_utils:/home/vinayak/ws_moveit2/install/launch_param_builder:/opt/ros/humble')]), 'shell': False}
[14.689980] (moveit_task_constructor_msgs) StdoutLine: {'line': b'-- Install configuration: ""\n'}
[14.690255] (moveit_task_constructor_msgs) StdoutLine: {'line': b'-- Installing: /home/vinayak/ws_moveit2/install/moveit_task_constructor_msgs/share/ament_index/resource_index/rosidl_interfaces/moveit_task_constructor_msgs\n'}
[14.690373] (moveit_task_constructor_msgs) StdoutLine: {'line': b'-- Installing: /home/vinayak/ws_moveit2/install/moveit_task_constructor_msgs/include/moveit_task_constructor_msgs/moveit_task_constructor_msgs\n'}
[14.690515] (moveit_task_constructor_msgs) StdoutLine: {'line': b'-- Installing: /home/vinayak/ws_moveit2/install/moveit_task_constructor_msgs/include/moveit_task_constructor_msgs/moveit_task_constructor_msgs/action\n'}
[14.690653] (moveit_task_constructor_msgs) StdoutLine: {'line': b'-- Installing: /home/vinayak/ws_moveit2/install/moveit_task_constructor_msgs/include/moveit_task_constructor_msgs/moveit_task_constructor_msgs/action/execute_task_solution.h\n'}
[14.690811] (moveit_task_constructor_msgs) StdoutLine: {'line': b'-- Installing: /home/vinayak/ws_moveit2/install/moveit_task_constructor_msgs/include/moveit_task_constructor_msgs/moveit_task_constructor_msgs/action/detail\n'}
[14.690922] (moveit_task_constructor_msgs) StdoutLine: {'line': b'-- Installing: /home/vinayak/ws_moveit2/install/moveit_task_constructor_msgs/include/moveit_task_constructor_msgs/moveit_task_constructor_msgs/action/detail/execute_task_solution__struct.h\n'}
[14.691011] (moveit_task_constructor_msgs) StdoutLine: {'line': b'-- Installing: /home/vinayak/ws_moveit2/install/moveit_task_constructor_msgs/include/moveit_task_constructor_msgs/moveit_task_constructor_msgs/action/detail/execute_task_solution__functions.c\n'}
[14.691109] (moveit_task_constructor_msgs) StdoutLine: {'line': b'-- Installing: /home/vinayak/ws_moveit2/install/moveit_task_constructor_msgs/include/moveit_task_constructor_msgs/moveit_task_constructor_msgs/action/detail/execute_task_solution__functions.h\n'}
[14.691242] (moveit_task_constructor_msgs) StdoutLine: {'line': b'-- Installing: /home/vinayak/ws_moveit2/install/moveit_task_constructor_msgs/include/moveit_task_constructor_msgs/moveit_task_constructor_msgs/action/detail/execute_task_solution__type_support.h\n'}
[14.691373] (moveit_task_constructor_msgs) StdoutLine: {'line': b'-- Installing: /home/vinayak/ws_moveit2/install/moveit_task_constructor_msgs/include/moveit_task_constructor_msgs/moveit_task_constructor_msgs/msg\n'}
[14.691501] (moveit_task_constructor_msgs) StdoutLine: {'line': b'-- Installing: /home/vinayak/ws_moveit2/install/moveit_task_constructor_msgs/include/moveit_task_constructor_msgs/moveit_task_constructor_msgs/msg/sub_trajectory.h\n'}
[14.691639] (moveit_task_constructor_msgs) StdoutLine: {'line': b'-- Installing: /home/vinayak/ws_moveit2/install/moveit_task_constructor_msgs/include/moveit_task_constructor_msgs/moveit_task_constructor_msgs/msg/sub_solution.h\n'}
[14.691762] (moveit_task_constructor_msgs) StdoutLine: {'line': b'-- Installing: /home/vinayak/ws_moveit2/install/moveit_task_constructor_msgs/include/moveit_task_constructor_msgs/moveit_task_constructor_msgs/msg/solution_info.h\n'}
[14.691866] (moveit_task_constructor_msgs) StdoutLine: {'line': b'-- Installing: /home/vinayak/ws_moveit2/install/moveit_task_constructor_msgs/include/moveit_task_constructor_msgs/moveit_task_constructor_msgs/msg/rosidl_generator_c__visibility_control.h\n'}
[14.691968] (moveit_task_constructor_msgs) StdoutLine: {'line': b'-- Installing: /home/vinayak/ws_moveit2/install/moveit_task_constructor_msgs/include/moveit_task_constructor_msgs/moveit_task_constructor_msgs/msg/task_statistics.h\n'}
[14.692114] (moveit_task_constructor_msgs) StdoutLine: {'line': b'-- Installing: /home/vinayak/ws_moveit2/install/moveit_task_constructor_msgs/include/moveit_task_constructor_msgs/moveit_task_constructor_msgs/msg/task_description.h\n'}
[14.692233] (moveit_task_constructor_msgs) StdoutLine: {'line': b'-- Installing: /home/vinayak/ws_moveit2/install/moveit_task_constructor_msgs/include/moveit_task_constructor_msgs/moveit_task_constructor_msgs/msg/solution.h\n'}
[14.692335] (moveit_task_constructor_msgs) StdoutLine: {'line': b'-- Installing: /home/vinayak/ws_moveit2/install/moveit_task_constructor_msgs/include/moveit_task_constructor_msgs/moveit_task_constructor_msgs/msg/stage_description.h\n'}
[14.692436] (moveit_task_constructor_msgs) StdoutLine: {'line': b'-- Installing: /home/vinayak/ws_moveit2/install/moveit_task_constructor_msgs/include/moveit_task_constructor_msgs/moveit_task_constructor_msgs/msg/property.h\n'}
[14.692537] (moveit_task_constructor_msgs) StdoutLine: {'line': b'-- Installing: /home/vinayak/ws_moveit2/install/moveit_task_constructor_msgs/include/moveit_task_constructor_msgs/moveit_task_constructor_msgs/msg/detail\n'}
[14.692664] (moveit_task_constructor_msgs) StdoutLine: {'line': b'-- Installing: /home/vinayak/ws_moveit2/install/moveit_task_constructor_msgs/include/moveit_task_constructor_msgs/moveit_task_constructor_msgs/msg/detail/task_statistics__functions.c\n'}
[14.692826] (moveit_task_constructor_msgs) StdoutLine: {'line': b'-- Installing: /home/vinayak/ws_moveit2/install/moveit_task_constructor_msgs/include/moveit_task_constructor_msgs/moveit_task_constructor_msgs/msg/detail/task_description__functions.h\n'}
[14.692921] (moveit_task_constructor_msgs) StdoutLine: {'line': b'-- Installing: /home/vinayak/ws_moveit2/install/moveit_task_constructor_msgs/include/moveit_task_constructor_msgs/moveit_task_constructor_msgs/msg/detail/solution_info__functions.c\n'}
[14.693028] (moveit_task_constructor_msgs) StdoutLine: {'line': b'-- Installing: /home/vinayak/ws_moveit2/install/moveit_task_constructor_msgs/include/moveit_task_constructor_msgs/moveit_task_constructor_msgs/msg/detail/property__functions.c\n'}
[14.693180] (moveit_task_constructor_msgs) StdoutLine: {'line': b'-- Installing: /home/vinayak/ws_moveit2/install/moveit_task_constructor_msgs/include/moveit_task_constructor_msgs/moveit_task_constructor_msgs/msg/detail/stage_statistics__type_support.h\n'}
[14.693279] (moveit_task_constructor_msgs) StdoutLine: {'line': b'-- Installing: /home/vinayak/ws_moveit2/install/moveit_task_constructor_msgs/include/moveit_task_constructor_msgs/moveit_task_constructor_msgs/msg/detail/solution_info__functions.h\n'}
[14.693381] (moveit_task_constructor_msgs) StdoutLine: {'line': b'-- Installing: /home/vinayak/ws_moveit2/install/moveit_task_constructor_msgs/include/moveit_task_constructor_msgs/moveit_task_constructor_msgs/msg/detail/solution__functions.c\n'}
[14.693531] (moveit_task_constructor_msgs) StdoutLine: {'line': b'-- Installing: /home/vinayak/ws_moveit2/install/moveit_task_constructor_msgs/include/moveit_task_constructor_msgs/moveit_task_constructor_msgs/msg/detail/sub_solution__functions.c\n'}
[14.693625] (moveit_task_constructor_msgs) StdoutLine: {'line': b'-- Installing: /home/vinayak/ws_moveit2/install/moveit_task_constructor_msgs/include/moveit_task_constructor_msgs/moveit_task_constructor_msgs/msg/detail/task_description__type_support.h\n'}
[14.693727] (moveit_task_constructor_msgs) StdoutLine: {'line': b'-- Installing: /home/vinayak/ws_moveit2/install/moveit_task_constructor_msgs/include/moveit_task_constructor_msgs/moveit_task_constructor_msgs/msg/detail/sub_solution__struct.h\n'}
[14.693828] (moveit_task_constructor_msgs) StdoutLine: {'line': b'-- Installing: /home/vinayak/ws_moveit2/install/moveit_task_constructor_msgs/include/moveit_task_constructor_msgs/moveit_task_constructor_msgs/msg/detail/task_description__functions.c\n'}
[14.693928] (moveit_task_constructor_msgs) StdoutLine: {'line': b'-- Installing: /home/vinayak/ws_moveit2/install/moveit_task_constructor_msgs/include/moveit_task_constructor_msgs/moveit_task_constructor_msgs/msg/detail/sub_trajectory__functions.c\n'}
[14.694037] (moveit_task_constructor_msgs) StdoutLine: {'line': b'-- Installing: /home/vinayak/ws_moveit2/install/moveit_task_constructor_msgs/include/moveit_task_constructor_msgs/moveit_task_constructor_msgs/msg/detail/stage_description__struct.h\n'}
[14.694128] (moveit_task_constructor_msgs) StdoutLine: {'line': b'-- Installing: /home/vinayak/ws_moveit2/install/moveit_task_constructor_msgs/include/moveit_task_constructor_msgs/moveit_task_constructor_msgs/msg/detail/trajectory_execution_info__functions.h\n'}
[14.694248] (moveit_task_constructor_msgs) StdoutLine: {'line': b'-- Installing: /home/vinayak/ws_moveit2/install/moveit_task_constructor_msgs/include/moveit_task_constructor_msgs/moveit_task_constructor_msgs/msg/detail/solution__struct.h\n'}
[14.694386] (moveit_task_constructor_msgs) StdoutLine: {'line': b'-- Installing: /home/vinayak/ws_moveit2/install/moveit_task_constructor_msgs/include/moveit_task_constructor_msgs/moveit_task_constructor_msgs/msg/detail/trajectory_execution_info__struct.h\n'}
[14.694488] (moveit_task_constructor_msgs) StdoutLine: {'line': b'-- Installing: /home/vinayak/ws_moveit2/install/moveit_task_constructor_msgs/include/moveit_task_constructor_msgs/moveit_task_constructor_msgs/msg/detail/property__type_support.h\n'}
[14.694587] (moveit_task_constructor_msgs) StdoutLine: {'line': b'-- Installing: /home/vinayak/ws_moveit2/install/moveit_task_constructor_msgs/include/moveit_task_constructor_msgs/moveit_task_constructor_msgs/msg/detail/task_statistics__functions.h\n'}
[14.694710] (moveit_task_constructor_msgs) StdoutLine: {'line': b'-- Installing: /home/vinayak/ws_moveit2/install/moveit_task_constructor_msgs/include/moveit_task_constructor_msgs/moveit_task_constructor_msgs/msg/detail/solution__functions.h\n'}
[14.694839] (moveit_task_constructor_msgs) StdoutLine: {'line': b'-- Installing: /home/vinayak/ws_moveit2/install/moveit_task_constructor_msgs/include/moveit_task_constructor_msgs/moveit_task_constructor_msgs/msg/detail/stage_description__functions.h\n'}
[14.694957] (moveit_task_constructor_msgs) StdoutLine: {'line': b'-- Installing: /home/vinayak/ws_moveit2/install/moveit_task_constructor_msgs/include/moveit_task_constructor_msgs/moveit_task_constructor_msgs/msg/detail/property__struct.h\n'}
[14.695092] (moveit_task_constructor_msgs) StdoutLine: {'line': b'-- Installing: /home/vinayak/ws_moveit2/install/moveit_task_constructor_msgs/include/moveit_task_constructor_msgs/moveit_task_constructor_msgs/msg/detail/trajectory_execution_info__type_support.h\n'}
[14.695198] (moveit_task_constructor_msgs) StdoutLine: {'line': b'-- Installing: /home/vinayak/ws_moveit2/install/moveit_task_constructor_msgs/include/moveit_task_constructor_msgs/moveit_task_constructor_msgs/msg/detail/stage_description__type_support.h\n'}
[14.695341] (moveit_task_constructor_msgs) StdoutLine: {'line': b'-- Installing: /home/vinayak/ws_moveit2/install/moveit_task_constructor_msgs/include/moveit_task_constructor_msgs/moveit_task_constructor_msgs/msg/detail/stage_description__functions.c\n'}
[14.695443] (moveit_task_constructor_msgs) StdoutLine: {'line': b'-- Installing: /home/vinayak/ws_moveit2/install/moveit_task_constructor_msgs/include/moveit_task_constructor_msgs/moveit_task_constructor_msgs/msg/detail/solution_info__type_support.h\n'}
[14.695545] (moveit_task_constructor_msgs) StdoutLine: {'line': b'-- Installing: /home/vinayak/ws_moveit2/install/moveit_task_constructor_msgs/include/moveit_task_constructor_msgs/moveit_task_constructor_msgs/msg/detail/sub_trajectory__struct.h\n'}
[14.695646] (moveit_task_constructor_msgs) StdoutLine: {'line': b'-- Installing: /home/vinayak/ws_moveit2/install/moveit_task_constructor_msgs/include/moveit_task_constructor_msgs/moveit_task_constructor_msgs/msg/detail/sub_trajectory__functions.h\n'}
[14.695747] (moveit_task_constructor_msgs) StdoutLine: {'line': b'-- Installing: /home/vinayak/ws_moveit2/install/moveit_task_constructor_msgs/include/moveit_task_constructor_msgs/moveit_task_constructor_msgs/msg/detail/sub_trajectory__type_support.h\n'}
[14.695848] (moveit_task_constructor_msgs) StdoutLine: {'line': b'-- Installing: /home/vinayak/ws_moveit2/install/moveit_task_constructor_msgs/include/moveit_task_constructor_msgs/moveit_task_constructor_msgs/msg/detail/task_statistics__type_support.h\n'}
[14.695949] (moveit_task_constructor_msgs) StdoutLine: {'line': b'-- Installing: /home/vinayak/ws_moveit2/install/moveit_task_constructor_msgs/include/moveit_task_constructor_msgs/moveit_task_constructor_msgs/msg/detail/solution__type_support.h\n'}
[14.696123] (moveit_task_constructor_msgs) StdoutLine: {'line': b'-- Installing: /home/vinayak/ws_moveit2/install/moveit_task_constructor_msgs/include/moveit_task_constructor_msgs/moveit_task_constructor_msgs/msg/detail/solution_info__struct.h\n'}
[14.696236] (moveit_task_constructor_msgs) StdoutLine: {'line': b'-- Installing: /home/vinayak/ws_moveit2/install/moveit_task_constructor_msgs/include/moveit_task_constructor_msgs/moveit_task_constructor_msgs/msg/detail/sub_solution__functions.h\n'}
[14.696346] (moveit_task_constructor_msgs) StdoutLine: {'line': b'-- Installing: /home/vinayak/ws_moveit2/install/moveit_task_constructor_msgs/include/moveit_task_constructor_msgs/moveit_task_constructor_msgs/msg/detail/property__functions.h\n'}
[14.696447] (moveit_task_constructor_msgs) StdoutLine: {'line': b'-- Installing: /home/vinayak/ws_moveit2/install/moveit_task_constructor_msgs/include/moveit_task_constructor_msgs/moveit_task_constructor_msgs/msg/detail/trajectory_execution_info__functions.c\n'}
[14.696549] (moveit_task_constructor_msgs) StdoutLine: {'line': b'-- Installing: /home/vinayak/ws_moveit2/install/moveit_task_constructor_msgs/include/moveit_task_constructor_msgs/moveit_task_constructor_msgs/msg/detail/task_description__struct.h\n'}
[14.696650] (moveit_task_constructor_msgs) StdoutLine: {'line': b'-- Installing: /home/vinayak/ws_moveit2/install/moveit_task_constructor_msgs/include/moveit_task_constructor_msgs/moveit_task_constructor_msgs/msg/detail/sub_solution__type_support.h\n'}
[14.696802] (moveit_task_constructor_msgs) StdoutLine: {'line': b'-- Installing: /home/vinayak/ws_moveit2/install/moveit_task_constructor_msgs/include/moveit_task_constructor_msgs/moveit_task_constructor_msgs/msg/detail/stage_statistics__struct.h\n'}
[14.696930] (moveit_task_constructor_msgs) StdoutLine: {'line': b'-- Installing: /home/vinayak/ws_moveit2/install/moveit_task_constructor_msgs/include/moveit_task_constructor_msgs/moveit_task_constructor_msgs/msg/detail/stage_statistics__functions.h\n'}
[14.697041] (moveit_task_constructor_msgs) StdoutLine: {'line': b'-- Installing: /home/vinayak/ws_moveit2/install/moveit_task_constructor_msgs/include/moveit_task_constructor_msgs/moveit_task_constructor_msgs/msg/detail/stage_statistics__functions.c\n'}
[14.697161] (moveit_task_constructor_msgs) StdoutLine: {'line': b'-- Installing: /home/vinayak/ws_moveit2/install/moveit_task_constructor_msgs/include/moveit_task_constructor_msgs/moveit_task_constructor_msgs/msg/detail/task_statistics__struct.h\n'}
[14.697264] (moveit_task_constructor_msgs) StdoutLine: {'line': b'-- Installing: /home/vinayak/ws_moveit2/install/moveit_task_constructor_msgs/include/moveit_task_constructor_msgs/moveit_task_constructor_msgs/msg/trajectory_execution_info.h\n'}
[14.697366] (moveit_task_constructor_msgs) StdoutLine: {'line': b'-- Installing: /home/vinayak/ws_moveit2/install/moveit_task_constructor_msgs/include/moveit_task_constructor_msgs/moveit_task_constructor_msgs/msg/stage_statistics.h\n'}
[14.697466] (moveit_task_constructor_msgs) StdoutLine: {'line': b'-- Installing: /home/vinayak/ws_moveit2/install/moveit_task_constructor_msgs/include/moveit_task_constructor_msgs/moveit_task_constructor_msgs/srv\n'}
[14.697567] (moveit_task_constructor_msgs) StdoutLine: {'line': b'-- Installing: /home/vinayak/ws_moveit2/install/moveit_task_constructor_msgs/include/moveit_task_constructor_msgs/moveit_task_constructor_msgs/srv/get_solution.h\n'}
[14.697668] (moveit_task_constructor_msgs) StdoutLine: {'line': b'-- Installing: /home/vinayak/ws_moveit2/install/moveit_task_constructor_msgs/include/moveit_task_constructor_msgs/moveit_task_constructor_msgs/srv/detail\n'}
[14.697768] (moveit_task_constructor_msgs) StdoutLine: {'line': b'-- Installing: /home/vinayak/ws_moveit2/install/moveit_task_constructor_msgs/include/moveit_task_constructor_msgs/moveit_task_constructor_msgs/srv/detail/get_solution__struct.h\n'}
[14.697869] (moveit_task_constructor_msgs) StdoutLine: {'line': b'-- Installing: /home/vinayak/ws_moveit2/install/moveit_task_constructor_msgs/include/moveit_task_constructor_msgs/moveit_task_constructor_msgs/srv/detail/get_solution__type_support.h\n'}
[14.697969] (moveit_task_constructor_msgs) StdoutLine: {'line': b'-- Installing: /home/vinayak/ws_moveit2/install/moveit_task_constructor_msgs/include/moveit_task_constructor_msgs/moveit_task_constructor_msgs/srv/detail/get_solution__functions.h\n'}
[14.698149] (moveit_task_constructor_msgs) StdoutLine: {'line': b'-- Installing: /home/vinayak/ws_moveit2/install/moveit_task_constructor_msgs/include/moveit_task_constructor_msgs/moveit_task_constructor_msgs/srv/detail/get_solution__functions.c\n'}
[14.698245] (moveit_task_constructor_msgs) StdoutLine: {'line': b'-- Installing: /home/vinayak/ws_moveit2/install/moveit_task_constructor_msgs/share/moveit_task_constructor_msgs/environment/library_path.sh\n'}
[14.698347] (moveit_task_constructor_msgs) StdoutLine: {'line': b'-- Installing: /home/vinayak/ws_moveit2/install/moveit_task_constructor_msgs/share/moveit_task_constructor_msgs/environment/library_path.dsv\n'}
[14.698447] (moveit_task_constructor_msgs) StdoutLine: {'line': b'-- Installing: /home/vinayak/ws_moveit2/install/moveit_task_constructor_msgs/lib/libmoveit_task_constructor_msgs__rosidl_generator_c.so\n'}
[14.698548] (moveit_task_constructor_msgs) StdoutLine: {'line': b'-- Set runtime path of "/home/vinayak/ws_moveit2/install/moveit_task_constructor_msgs/lib/libmoveit_task_constructor_msgs__rosidl_generator_c.so" to ""\n'}
[14.698648] (moveit_task_constructor_msgs) StdoutLine: {'line': b'-- Up-to-date: /home/vinayak/ws_moveit2/install/moveit_task_constructor_msgs/include/moveit_task_constructor_msgs/moveit_task_constructor_msgs\n'}
[14.698749] (moveit_task_constructor_msgs) StdoutLine: {'line': b'-- Up-to-date: /home/vinayak/ws_moveit2/install/moveit_task_constructor_msgs/include/moveit_task_constructor_msgs/moveit_task_constructor_msgs/action\n'}
[14.698849] (moveit_task_constructor_msgs) StdoutLine: {'line': b'-- Up-to-date: /home/vinayak/ws_moveit2/install/moveit_task_constructor_msgs/include/moveit_task_constructor_msgs/moveit_task_constructor_msgs/action/detail\n'}
[14.698949] (moveit_task_constructor_msgs) StdoutLine: {'line': b'-- Installing: /home/vinayak/ws_moveit2/install/moveit_task_constructor_msgs/include/moveit_task_constructor_msgs/moveit_task_constructor_msgs/action/detail/execute_task_solution__rosidl_typesupport_fastrtps_c.h\n'}
[14.699144] (moveit_task_constructor_msgs) StdoutLine: {'line': b'-- Up-to-date: /home/vinayak/ws_moveit2/install/moveit_task_constructor_msgs/include/moveit_task_constructor_msgs/moveit_task_constructor_msgs/msg\n'}
[14.699243] (moveit_task_constructor_msgs) StdoutLine: {'line': b'-- Up-to-date: /home/vinayak/ws_moveit2/install/moveit_task_constructor_msgs/include/moveit_task_constructor_msgs/moveit_task_constructor_msgs/msg/detail\n'}
[14.699378] (moveit_task_constructor_msgs) StdoutLine: {'line': b'-- Installing: /home/vinayak/ws_moveit2/install/moveit_task_constructor_msgs/include/moveit_task_constructor_msgs/moveit_task_constructor_msgs/msg/detail/task_statistics__rosidl_typesupport_fastrtps_c.h\n'}
[14.699484] (moveit_task_constructor_msgs) StdoutLine: {'line': b'-- Installing: /home/vinayak/ws_moveit2/install/moveit_task_constructor_msgs/include/moveit_task_constructor_msgs/moveit_task_constructor_msgs/msg/detail/sub_solution__rosidl_typesupport_fastrtps_c.h\n'}
[14.699585] (moveit_task_constructor_msgs) StdoutLine: {'line': b'-- Installing: /home/vinayak/ws_moveit2/install/moveit_task_constructor_msgs/include/moveit_task_constructor_msgs/moveit_task_constructor_msgs/msg/detail/solution__rosidl_typesupport_fastrtps_c.h\n'}
[14.699724] (moveit_task_constructor_msgs) StdoutLine: {'line': b'-- Installing: /home/vinayak/ws_moveit2/install/moveit_task_constructor_msgs/include/moveit_task_constructor_msgs/moveit_task_constructor_msgs/msg/detail/property__rosidl_typesupport_fastrtps_c.h\n'}
[14.699809] (moveit_task_constructor_msgs) StdoutLine: {'line': b'-- Installing: /home/vinayak/ws_moveit2/install/moveit_task_constructor_msgs/include/moveit_task_constructor_msgs/moveit_task_constructor_msgs/msg/detail/stage_description__rosidl_typesupport_fastrtps_c.h\n'}
[14.699894] (moveit_task_constructor_msgs) StdoutLine: {'line': b'-- Installing: /home/vinayak/ws_moveit2/install/moveit_task_constructor_msgs/include/moveit_task_constructor_msgs/moveit_task_constructor_msgs/msg/detail/stage_statistics__rosidl_typesupport_fastrtps_c.h\n'}
[14.699977] (moveit_task_constructor_msgs) StdoutLine: {'line': b'-- Installing: /home/vinayak/ws_moveit2/install/moveit_task_constructor_msgs/include/moveit_task_constructor_msgs/moveit_task_constructor_msgs/msg/detail/sub_trajectory__rosidl_typesupport_fastrtps_c.h\n'}
[14.700098] (moveit_task_constructor_msgs) StdoutLine: {'line': b'-- Installing: /home/vinayak/ws_moveit2/install/moveit_task_constructor_msgs/include/moveit_task_constructor_msgs/moveit_task_constructor_msgs/msg/detail/task_description__rosidl_typesupport_fastrtps_c.h\n'}
[14.700223] (moveit_task_constructor_msgs) StdoutLine: {'line': b'-- Installing: /home/vinayak/ws_moveit2/install/moveit_task_constructor_msgs/include/moveit_task_constructor_msgs/moveit_task_constructor_msgs/msg/detail/solution_info__rosidl_typesupport_fastrtps_c.h\n'}
[14.700325] (moveit_task_constructor_msgs) StdoutLine: {'line': b'-- Installing: /home/vinayak/ws_moveit2/install/moveit_task_constructor_msgs/include/moveit_task_constructor_msgs/moveit_task_constructor_msgs/msg/detail/trajectory_execution_info__rosidl_typesupport_fastrtps_c.h\n'}
[14.700426] (moveit_task_constructor_msgs) StdoutLine: {'line': b'-- Installing: /home/vinayak/ws_moveit2/install/moveit_task_constructor_msgs/include/moveit_task_constructor_msgs/moveit_task_constructor_msgs/msg/rosidl_typesupport_fastrtps_c__visibility_control.h\n'}
[14.700527] (moveit_task_constructor_msgs) StdoutLine: {'line': b'-- Up-to-date: /home/vinayak/ws_moveit2/install/moveit_task_constructor_msgs/include/moveit_task_constructor_msgs/moveit_task_constructor_msgs/srv\n'}
[14.700628] (moveit_task_constructor_msgs) StdoutLine: {'line': b'-- Up-to-date: /home/vinayak/ws_moveit2/install/moveit_task_constructor_msgs/include/moveit_task_constructor_msgs/moveit_task_constructor_msgs/srv/detail\n'}
[14.700728] (moveit_task_constructor_msgs) StdoutLine: {'line': b'-- Installing: /home/vinayak/ws_moveit2/install/moveit_task_constructor_msgs/include/moveit_task_constructor_msgs/moveit_task_constructor_msgs/srv/detail/get_solution__rosidl_typesupport_fastrtps_c.h\n'}
[14.700880] (moveit_task_constructor_msgs) StdoutLine: {'line': b'-- Installing: /home/vinayak/ws_moveit2/install/moveit_task_constructor_msgs/lib/libmoveit_task_constructor_msgs__rosidl_typesupport_fastrtps_c.so\n'}
[14.700982] (moveit_task_constructor_msgs) StdoutLine: {'line': b'-- Set runtime path of "/home/vinayak/ws_moveit2/install/moveit_task_constructor_msgs/lib/libmoveit_task_constructor_msgs__rosidl_typesupport_fastrtps_c.so" to ""\n'}
[14.701121] (moveit_task_constructor_msgs) StdoutLine: {'line': b'-- Up-to-date: /home/vinayak/ws_moveit2/install/moveit_task_constructor_msgs/include/moveit_task_constructor_msgs/moveit_task_constructor_msgs\n'}
[14.701219] (moveit_task_constructor_msgs) StdoutLine: {'line': b'-- Up-to-date: /home/vinayak/ws_moveit2/install/moveit_task_constructor_msgs/include/moveit_task_constructor_msgs/moveit_task_constructor_msgs/action\n'}
[14.701320] (moveit_task_constructor_msgs) StdoutLine: {'line': b'-- Installing: /home/vinayak/ws_moveit2/install/moveit_task_constructor_msgs/include/moveit_task_constructor_msgs/moveit_task_constructor_msgs/action/execute_task_solution.hpp\n'}
[14.701420] (moveit_task_constructor_msgs) StdoutLine: {'line': b'-- Up-to-date: /home/vinayak/ws_moveit2/install/moveit_task_constructor_msgs/include/moveit_task_constructor_msgs/moveit_task_constructor_msgs/action/detail\n'}
[14.701521] (moveit_task_constructor_msgs) StdoutLine: {'line': b'-- Installing: /home/vinayak/ws_moveit2/install/moveit_task_constructor_msgs/include/moveit_task_constructor_msgs/moveit_task_constructor_msgs/action/detail/execute_task_solution__traits.hpp\n'}
[14.701685] (moveit_task_constructor_msgs) StdoutLine: {'line': b'-- Installing: /home/vinayak/ws_moveit2/install/moveit_task_constructor_msgs/include/moveit_task_constructor_msgs/moveit_task_constructor_msgs/action/detail/execute_task_solution__type_support.hpp\n'}
[14.701777] (moveit_task_constructor_msgs) StdoutLine: {'line': b'-- Installing: /home/vinayak/ws_moveit2/install/moveit_task_constructor_msgs/include/moveit_task_constructor_msgs/moveit_task_constructor_msgs/action/detail/execute_task_solution__builder.hpp\n'}
[14.701883] (moveit_task_constructor_msgs) StdoutLine: {'line': b'-- Installing: /home/vinayak/ws_moveit2/install/moveit_task_constructor_msgs/include/moveit_task_constructor_msgs/moveit_task_constructor_msgs/action/detail/execute_task_solution__struct.hpp\n'}
[14.701984] (moveit_task_constructor_msgs) StdoutLine: {'line': b'-- Up-to-date: /home/vinayak/ws_moveit2/install/moveit_task_constructor_msgs/include/moveit_task_constructor_msgs/moveit_task_constructor_msgs/msg\n'}
[14.702149] (moveit_task_constructor_msgs) StdoutLine: {'line': b'-- Installing: /home/vinayak/ws_moveit2/install/moveit_task_constructor_msgs/include/moveit_task_constructor_msgs/moveit_task_constructor_msgs/msg/task_description.hpp\n'}
[14.702252] (moveit_task_constructor_msgs) StdoutLine: {'line': b'-- Installing: /home/vinayak/ws_moveit2/install/moveit_task_constructor_msgs/include/moveit_task_constructor_msgs/moveit_task_constructor_msgs/msg/sub_solution.hpp\n'}
[14.702352] (moveit_task_constructor_msgs) StdoutLine: {'line': b'-- Installing: /home/vinayak/ws_moveit2/install/moveit_task_constructor_msgs/include/moveit_task_constructor_msgs/moveit_task_constructor_msgs/msg/task_statistics.hpp\n'}
[14.702452] (moveit_task_constructor_msgs) StdoutLine: {'line': b'-- Installing: /home/vinayak/ws_moveit2/install/moveit_task_constructor_msgs/include/moveit_task_constructor_msgs/moveit_task_constructor_msgs/msg/rosidl_generator_cpp__visibility_control.hpp\n'}
[14.702553] (moveit_task_constructor_msgs) StdoutLine: {'line': b'-- Installing: /home/vinayak/ws_moveit2/install/moveit_task_constructor_msgs/include/moveit_task_constructor_msgs/moveit_task_constructor_msgs/msg/solution_info.hpp\n'}
[14.702653] (moveit_task_constructor_msgs) StdoutLine: {'line': b'-- Installing: /home/vinayak/ws_moveit2/install/moveit_task_constructor_msgs/include/moveit_task_constructor_msgs/moveit_task_constructor_msgs/msg/trajectory_execution_info.hpp\n'}
[14.702805] (moveit_task_constructor_msgs) StdoutLine: {'line': b'-- Installing: /home/vinayak/ws_moveit2/install/moveit_task_constructor_msgs/include/moveit_task_constructor_msgs/moveit_task_constructor_msgs/msg/solution.hpp\n'}
[14.702907] (moveit_task_constructor_msgs) StdoutLine: {'line': b'-- Installing: /home/vinayak/ws_moveit2/install/moveit_task_constructor_msgs/include/moveit_task_constructor_msgs/moveit_task_constructor_msgs/msg/stage_statistics.hpp\n'}
[14.703008] (moveit_task_constructor_msgs) StdoutLine: {'line': b'-- Installing: /home/vinayak/ws_moveit2/install/moveit_task_constructor_msgs/include/moveit_task_constructor_msgs/moveit_task_constructor_msgs/msg/property.hpp\n'}
[14.703167] (moveit_task_constructor_msgs) StdoutLine: {'line': b'-- Up-to-date: /home/vinayak/ws_moveit2/install/moveit_task_constructor_msgs/include/moveit_task_constructor_msgs/moveit_task_constructor_msgs/msg/detail\n'}
[14.703270] (moveit_task_constructor_msgs) StdoutLine: {'line': b'-- Installing: /home/vinayak/ws_moveit2/install/moveit_task_constructor_msgs/include/moveit_task_constructor_msgs/moveit_task_constructor_msgs/msg/detail/task_statistics__struct.hpp\n'}
[14.703371] (moveit_task_constructor_msgs) StdoutLine: {'line': b'-- Installing: /home/vinayak/ws_moveit2/install/moveit_task_constructor_msgs/include/moveit_task_constructor_msgs/moveit_task_constructor_msgs/msg/detail/stage_description__traits.hpp\n'}
[14.703471] (moveit_task_constructor_msgs) StdoutLine: {'line': b'-- Installing: /home/vinayak/ws_moveit2/install/moveit_task_constructor_msgs/include/moveit_task_constructor_msgs/moveit_task_constructor_msgs/msg/detail/sub_solution__traits.hpp\n'}
[14.703571] (moveit_task_constructor_msgs) StdoutLine: {'line': b'-- Installing: /home/vinayak/ws_moveit2/install/moveit_task_constructor_msgs/include/moveit_task_constructor_msgs/moveit_task_constructor_msgs/msg/detail/solution__builder.hpp\n'}
[14.703672] (moveit_task_constructor_msgs) StdoutLine: {'line': b'-- Installing: /home/vinayak/ws_moveit2/install/moveit_task_constructor_msgs/include/moveit_task_constructor_msgs/moveit_task_constructor_msgs/msg/detail/trajectory_execution_info__type_support.hpp\n'}
[14.703773] (moveit_task_constructor_msgs) StdoutLine: {'line': b'-- Installing: /home/vinayak/ws_moveit2/install/moveit_task_constructor_msgs/include/moveit_task_constructor_msgs/moveit_task_constructor_msgs/msg/detail/sub_trajectory__traits.hpp\n'}
[14.703873] (moveit_task_constructor_msgs) StdoutLine: {'line': b'-- Installing: /home/vinayak/ws_moveit2/install/moveit_task_constructor_msgs/include/moveit_task_constructor_msgs/moveit_task_constructor_msgs/msg/detail/stage_description__struct.hpp\n'}
[14.703973] (moveit_task_constructor_msgs) StdoutLine: {'line': b'-- Installing: /home/vinayak/ws_moveit2/install/moveit_task_constructor_msgs/include/moveit_task_constructor_msgs/moveit_task_constructor_msgs/msg/detail/trajectory_execution_info__builder.hpp\n'}
[14.704140] (moveit_task_constructor_msgs) StdoutLine: {'line': b'-- Installing: /home/vinayak/ws_moveit2/install/moveit_task_constructor_msgs/include/moveit_task_constructor_msgs/moveit_task_constructor_msgs/msg/detail/stage_statistics__traits.hpp\n'}
[14.704273] (moveit_task_constructor_msgs) StdoutLine: {'line': b'-- Installing: /home/vinayak/ws_moveit2/install/moveit_task_constructor_msgs/include/moveit_task_constructor_msgs/moveit_task_constructor_msgs/msg/detail/task_description__traits.hpp\n'}
[14.704368] (moveit_task_constructor_msgs) StdoutLine: {'line': b'-- Installing: /home/vinayak/ws_moveit2/install/moveit_task_constructor_msgs/include/moveit_task_constructor_msgs/moveit_task_constructor_msgs/msg/detail/trajectory_execution_info__traits.hpp\n'}
[14.704469] (moveit_task_constructor_msgs) StdoutLine: {'line': b'-- Installing: /home/vinayak/ws_moveit2/install/moveit_task_constructor_msgs/include/moveit_task_constructor_msgs/moveit_task_constructor_msgs/msg/detail/property__type_support.hpp\n'}
[14.704605] (moveit_task_constructor_msgs) StdoutLine: {'line': b'-- Installing: /home/vinayak/ws_moveit2/install/moveit_task_constructor_msgs/include/moveit_task_constructor_msgs/moveit_task_constructor_msgs/msg/detail/task_description__type_support.hpp\n'}
[14.704734] (moveit_task_constructor_msgs) StdoutLine: {'line': b'-- Installing: /home/vinayak/ws_moveit2/install/moveit_task_constructor_msgs/include/moveit_task_constructor_msgs/moveit_task_constructor_msgs/msg/detail/task_description__builder.hpp\n'}
[14.704835] (moveit_task_constructor_msgs) StdoutLine: {'line': b'-- Installing: /home/vinayak/ws_moveit2/install/moveit_task_constructor_msgs/include/moveit_task_constructor_msgs/moveit_task_constructor_msgs/msg/detail/trajectory_execution_info__struct.hpp\n'}
[14.704937] (moveit_task_constructor_msgs) StdoutLine: {'line': b'-- Installing: /home/vinayak/ws_moveit2/install/moveit_task_constructor_msgs/include/moveit_task_constructor_msgs/moveit_task_constructor_msgs/msg/detail/solution_info__traits.hpp\n'}
[14.705043] (moveit_task_constructor_msgs) StdoutLine: {'line': b'-- Installing: /home/vinayak/ws_moveit2/install/moveit_task_constructor_msgs/include/moveit_task_constructor_msgs/moveit_task_constructor_msgs/msg/detail/solution_info__type_support.hpp\n'}
[14.705177] (moveit_task_constructor_msgs) StdoutLine: {'line': b'-- Installing: /home/vinayak/ws_moveit2/install/moveit_task_constructor_msgs/include/moveit_task_constructor_msgs/moveit_task_constructor_msgs/msg/detail/stage_description__builder.hpp\n'}
[14.705277] (moveit_task_constructor_msgs) StdoutLine: {'line': b'-- Installing: /home/vinayak/ws_moveit2/install/moveit_task_constructor_msgs/include/moveit_task_constructor_msgs/moveit_task_constructor_msgs/msg/detail/solution__traits.hpp\n'}
[14.705378] (moveit_task_constructor_msgs) StdoutLine: {'line': b'-- Installing: /home/vinayak/ws_moveit2/install/moveit_task_constructor_msgs/include/moveit_task_constructor_msgs/moveit_task_constructor_msgs/msg/detail/property__traits.hpp\n'}
[14.705478] (moveit_task_constructor_msgs) StdoutLine: {'line': b'-- Installing: /home/vinayak/ws_moveit2/install/moveit_task_constructor_msgs/include/moveit_task_constructor_msgs/moveit_task_constructor_msgs/msg/detail/property__struct.hpp\n'}
[14.705578] (moveit_task_constructor_msgs) StdoutLine: {'line': b'-- Installing: /home/vinayak/ws_moveit2/install/moveit_task_constructor_msgs/include/moveit_task_constructor_msgs/moveit_task_constructor_msgs/msg/detail/task_statistics__builder.hpp\n'}
[14.705678] (moveit_task_constructor_msgs) StdoutLine: {'line': b'-- Installing: /home/vinayak/ws_moveit2/install/moveit_task_constructor_msgs/include/moveit_task_constructor_msgs/moveit_task_constructor_msgs/msg/detail/sub_solution__builder.hpp\n'}
[14.705778] (moveit_task_constructor_msgs) StdoutLine: {'line': b'-- Installing: /home/vinayak/ws_moveit2/install/moveit_task_constructor_msgs/include/moveit_task_constructor_msgs/moveit_task_constructor_msgs/msg/detail/task_statistics__traits.hpp\n'}
[14.705878] (moveit_task_constructor_msgs) StdoutLine: {'line': b'-- Installing: /home/vinayak/ws_moveit2/install/moveit_task_constructor_msgs/include/moveit_task_constructor_msgs/moveit_task_constructor_msgs/msg/detail/sub_trajectory__builder.hpp\n'}
[14.705978] (moveit_task_constructor_msgs) StdoutLine: {'line': b'-- Installing: /home/vinayak/ws_moveit2/install/moveit_task_constructor_msgs/include/moveit_task_constructor_msgs/moveit_task_constructor_msgs/msg/detail/stage_statistics__builder.hpp\n'}
[14.706112] (moveit_task_constructor_msgs) StdoutLine: {'line': b'-- Installing: /home/vinayak/ws_moveit2/install/moveit_task_constructor_msgs/include/moveit_task_constructor_msgs/moveit_task_constructor_msgs/msg/detail/property__builder.hpp\n'}
[14.706215] (moveit_task_constructor_msgs) StdoutLine: {'line': b'-- Installing: /home/vinayak/ws_moveit2/install/moveit_task_constructor_msgs/include/moveit_task_constructor_msgs/moveit_task_constructor_msgs/msg/detail/sub_solution__type_support.hpp\n'}
[14.706377] (moveit_task_constructor_msgs) StdoutLine: {'line': b'-- Installing: /home/vinayak/ws_moveit2/install/moveit_task_constructor_msgs/include/moveit_task_constructor_msgs/moveit_task_constructor_msgs/msg/detail/solution_info__builder.hpp\n'}
[14.706480] (moveit_task_constructor_msgs) StdoutLine: {'line': b'-- Installing: /home/vinayak/ws_moveit2/install/moveit_task_constructor_msgs/include/moveit_task_constructor_msgs/moveit_task_constructor_msgs/msg/detail/stage_statistics__struct.hpp\n'}
[14.706618] (moveit_task_constructor_msgs) StdoutLine: {'line': b'-- Installing: /home/vinayak/ws_moveit2/install/moveit_task_constructor_msgs/include/moveit_task_constructor_msgs/moveit_task_constructor_msgs/msg/detail/solution__type_support.hpp\n'}
[14.706721] (moveit_task_constructor_msgs) StdoutLine: {'line': b'-- Installing: /home/vinayak/ws_moveit2/install/moveit_task_constructor_msgs/include/moveit_task_constructor_msgs/moveit_task_constructor_msgs/msg/detail/stage_description__type_support.hpp\n'}
[14.706822] (moveit_task_constructor_msgs) StdoutLine: {'line': b'-- Installing: /home/vinayak/ws_moveit2/install/moveit_task_constructor_msgs/include/moveit_task_constructor_msgs/moveit_task_constructor_msgs/msg/detail/sub_trajectory__struct.hpp\n'}
[14.706923] (moveit_task_constructor_msgs) StdoutLine: {'line': b'-- Installing: /home/vinayak/ws_moveit2/install/moveit_task_constructor_msgs/include/moveit_task_constructor_msgs/moveit_task_constructor_msgs/msg/detail/sub_trajectory__type_support.hpp\n'}
[14.707029] (moveit_task_constructor_msgs) StdoutLine: {'line': b'-- Installing: /home/vinayak/ws_moveit2/install/moveit_task_constructor_msgs/include/moveit_task_constructor_msgs/moveit_task_constructor_msgs/msg/detail/task_statistics__type_support.hpp\n'}
[14.707179] (moveit_task_constructor_msgs) StdoutLine: {'line': b'-- Installing: /home/vinayak/ws_moveit2/install/moveit_task_constructor_msgs/include/moveit_task_constructor_msgs/moveit_task_constructor_msgs/msg/detail/solution__struct.hpp\n'}
[14.707301] (moveit_task_constructor_msgs) StdoutLine: {'line': b'-- Installing: /home/vinayak/ws_moveit2/install/moveit_task_constructor_msgs/include/moveit_task_constructor_msgs/moveit_task_constructor_msgs/msg/detail/sub_solution__struct.hpp\n'}
[14.707403] (moveit_task_constructor_msgs) StdoutLine: {'line': b'-- Installing: /home/vinayak/ws_moveit2/install/moveit_task_constructor_msgs/include/moveit_task_constructor_msgs/moveit_task_constructor_msgs/msg/detail/task_description__struct.hpp\n'}
[14.707504] (moveit_task_constructor_msgs) StdoutLine: {'line': b'-- Installing: /home/vinayak/ws_moveit2/install/moveit_task_constructor_msgs/include/moveit_task_constructor_msgs/moveit_task_constructor_msgs/msg/detail/solution_info__struct.hpp\n'}
[14.707605] (moveit_task_constructor_msgs) StdoutLine: {'line': b'-- Installing: /home/vinayak/ws_moveit2/install/moveit_task_constructor_msgs/include/moveit_task_constructor_msgs/moveit_task_constructor_msgs/msg/detail/stage_statistics__type_support.hpp\n'}
[14.707705] (moveit_task_constructor_msgs) StdoutLine: {'line': b'-- Installing: /home/vinayak/ws_moveit2/install/moveit_task_constructor_msgs/include/moveit_task_constructor_msgs/moveit_task_constructor_msgs/msg/stage_description.hpp\n'}
[14.707805] (moveit_task_constructor_msgs) StdoutLine: {'line': b'-- Installing: /home/vinayak/ws_moveit2/install/moveit_task_constructor_msgs/include/moveit_task_constructor_msgs/moveit_task_constructor_msgs/msg/sub_trajectory.hpp\n'}
[14.707919] (moveit_task_constructor_msgs) StdoutLine: {'line': b'-- Up-to-date: /home/vinayak/ws_moveit2/install/moveit_task_constructor_msgs/include/moveit_task_constructor_msgs/moveit_task_constructor_msgs/srv\n'}
[14.708028] (moveit_task_constructor_msgs) StdoutLine: {'line': b'-- Installing: /home/vinayak/ws_moveit2/install/moveit_task_constructor_msgs/include/moveit_task_constructor_msgs/moveit_task_constructor_msgs/srv/get_solution.hpp\n'}
[14.708184] (moveit_task_constructor_msgs) StdoutLine: {'line': b'-- Up-to-date: /home/vinayak/ws_moveit2/install/moveit_task_constructor_msgs/include/moveit_task_constructor_msgs/moveit_task_constructor_msgs/srv/detail\n'}
[14.708304] (moveit_task_constructor_msgs) StdoutLine: {'line': b'-- Installing: /home/vinayak/ws_moveit2/install/moveit_task_constructor_msgs/include/moveit_task_constructor_msgs/moveit_task_constructor_msgs/srv/detail/get_solution__type_support.hpp\n'}
[14.708408] (moveit_task_constructor_msgs) StdoutLine: {'line': b'-- Installing: /home/vinayak/ws_moveit2/install/moveit_task_constructor_msgs/include/moveit_task_constructor_msgs/moveit_task_constructor_msgs/srv/detail/get_solution__builder.hpp\n'}
[14.708511] (moveit_task_constructor_msgs) StdoutLine: {'line': b'-- Installing: /home/vinayak/ws_moveit2/install/moveit_task_constructor_msgs/include/moveit_task_constructor_msgs/moveit_task_constructor_msgs/srv/detail/get_solution__traits.hpp\n'}
[14.708614] (moveit_task_constructor_msgs) StdoutLine: {'line': b'-- Installing: /home/vinayak/ws_moveit2/install/moveit_task_constructor_msgs/include/moveit_task_constructor_msgs/moveit_task_constructor_msgs/srv/detail/get_solution__struct.hpp\n'}
[14.708716] (moveit_task_constructor_msgs) StdoutLine: {'line': b'-- Up-to-date: /home/vinayak/ws_moveit2/install/moveit_task_constructor_msgs/include/moveit_task_constructor_msgs/moveit_task_constructor_msgs\n'}
[14.708819] (moveit_task_constructor_msgs) StdoutLine: {'line': b'-- Up-to-date: /home/vinayak/ws_moveit2/install/moveit_task_constructor_msgs/include/moveit_task_constructor_msgs/moveit_task_constructor_msgs/action\n'}
[14.708922] (moveit_task_constructor_msgs) StdoutLine: {'line': b'-- Up-to-date: /home/vinayak/ws_moveit2/install/moveit_task_constructor_msgs/include/moveit_task_constructor_msgs/moveit_task_constructor_msgs/action/detail\n'}
[14.709077] (moveit_task_constructor_msgs) StdoutLine: {'line': b'-- Installing: /home/vinayak/ws_moveit2/install/moveit_task_constructor_msgs/include/moveit_task_constructor_msgs/moveit_task_constructor_msgs/action/detail/execute_task_solution__rosidl_typesupport_fastrtps_cpp.hpp\n'}
[14.709172] (moveit_task_constructor_msgs) StdoutLine: {'line': b'-- Installing: /home/vinayak/ws_moveit2/install/moveit_task_constructor_msgs/include/moveit_task_constructor_msgs/moveit_task_constructor_msgs/action/detail/dds_fastrtps\n'}
[14.709257] (moveit_task_constructor_msgs) StdoutLine: {'line': b'-- Up-to-date: /home/vinayak/ws_moveit2/install/moveit_task_constructor_msgs/include/moveit_task_constructor_msgs/moveit_task_constructor_msgs/msg\n'}
[14.709342] (moveit_task_constructor_msgs) StdoutLine: {'line': b'-- Installing: /home/vinayak/ws_moveit2/install/moveit_task_constructor_msgs/include/moveit_task_constructor_msgs/moveit_task_constructor_msgs/msg/rosidl_typesupport_fastrtps_cpp__visibility_control.h\n'}
[14.709427] (moveit_task_constructor_msgs) StdoutLine: {'line': b'-- Up-to-date: /home/vinayak/ws_moveit2/install/moveit_task_constructor_msgs/include/moveit_task_constructor_msgs/moveit_task_constructor_msgs/msg/detail\n'}
[14.709545] (moveit_task_constructor_msgs) StdoutLine: {'line': b'-- Installing: /home/vinayak/ws_moveit2/install/moveit_task_constructor_msgs/include/moveit_task_constructor_msgs/moveit_task_constructor_msgs/msg/detail/trajectory_execution_info__rosidl_typesupport_fastrtps_cpp.hpp\n'}
[14.709649] (moveit_task_constructor_msgs) StdoutLine: {'line': b'-- Installing: /home/vinayak/ws_moveit2/install/moveit_task_constructor_msgs/include/moveit_task_constructor_msgs/moveit_task_constructor_msgs/msg/detail/solution_info__rosidl_typesupport_fastrtps_cpp.hpp\n'}
[14.709796] (moveit_task_constructor_msgs) StdoutLine: {'line': b'-- Installing: /home/vinayak/ws_moveit2/install/moveit_task_constructor_msgs/include/moveit_task_constructor_msgs/moveit_task_constructor_msgs/msg/detail/task_description__rosidl_typesupport_fastrtps_cpp.hpp\n'}
[14.709901] (moveit_task_constructor_msgs) StdoutLine: {'line': b'-- Installing: /home/vinayak/ws_moveit2/install/moveit_task_constructor_msgs/include/moveit_task_constructor_msgs/moveit_task_constructor_msgs/msg/detail/property__rosidl_typesupport_fastrtps_cpp.hpp\n'}
[14.710071] (moveit_task_constructor_msgs) StdoutLine: {'line': b'-- Installing: /home/vinayak/ws_moveit2/install/moveit_task_constructor_msgs/include/moveit_task_constructor_msgs/moveit_task_constructor_msgs/msg/detail/sub_trajectory__rosidl_typesupport_fastrtps_cpp.hpp\n'}
[14.710190] (moveit_task_constructor_msgs) StdoutLine: {'line': b'-- Installing: /home/vinayak/ws_moveit2/install/moveit_task_constructor_msgs/include/moveit_task_constructor_msgs/moveit_task_constructor_msgs/msg/detail/stage_description__rosidl_typesupport_fastrtps_cpp.hpp\n'}
[14.710294] (moveit_task_constructor_msgs) StdoutLine: {'line': b'-- Installing: /home/vinayak/ws_moveit2/install/moveit_task_constructor_msgs/include/moveit_task_constructor_msgs/moveit_task_constructor_msgs/msg/detail/task_statistics__rosidl_typesupport_fastrtps_cpp.hpp\n'}
[14.710397] (moveit_task_constructor_msgs) StdoutLine: {'line': b'-- Installing: /home/vinayak/ws_moveit2/install/moveit_task_constructor_msgs/include/moveit_task_constructor_msgs/moveit_task_constructor_msgs/msg/detail/sub_solution__rosidl_typesupport_fastrtps_cpp.hpp\n'}
[14.710500] (moveit_task_constructor_msgs) StdoutLine: {'line': b'-- Installing: /home/vinayak/ws_moveit2/install/moveit_task_constructor_msgs/include/moveit_task_constructor_msgs/moveit_task_constructor_msgs/msg/detail/dds_fastrtps\n'}
[14.710602] (moveit_task_constructor_msgs) StdoutLine: {'line': b'-- Installing: /home/vinayak/ws_moveit2/install/moveit_task_constructor_msgs/include/moveit_task_constructor_msgs/moveit_task_constructor_msgs/msg/detail/solution__rosidl_typesupport_fastrtps_cpp.hpp\n'}
[14.710705] (moveit_task_constructor_msgs) StdoutLine: {'line': b'-- Installing: /home/vinayak/ws_moveit2/install/moveit_task_constructor_msgs/include/moveit_task_constructor_msgs/moveit_task_constructor_msgs/msg/detail/stage_statistics__rosidl_typesupport_fastrtps_cpp.hpp\n'}
[14.710808] (moveit_task_constructor_msgs) StdoutLine: {'line': b'-- Up-to-date: /home/vinayak/ws_moveit2/install/moveit_task_constructor_msgs/include/moveit_task_constructor_msgs/moveit_task_constructor_msgs/srv\n'}
[14.710911] (moveit_task_constructor_msgs) StdoutLine: {'line': b'-- Up-to-date: /home/vinayak/ws_moveit2/install/moveit_task_constructor_msgs/include/moveit_task_constructor_msgs/moveit_task_constructor_msgs/srv/detail\n'}
[14.711035] (moveit_task_constructor_msgs) StdoutLine: {'line': b'-- Installing: /home/vinayak/ws_moveit2/install/moveit_task_constructor_msgs/include/moveit_task_constructor_msgs/moveit_task_constructor_msgs/srv/detail/get_solution__rosidl_typesupport_fastrtps_cpp.hpp\n'}
[14.711204] (moveit_task_constructor_msgs) StdoutLine: {'line': b'-- Installing: /home/vinayak/ws_moveit2/install/moveit_task_constructor_msgs/include/moveit_task_constructor_msgs/moveit_task_constructor_msgs/srv/detail/dds_fastrtps\n'}
[14.711309] (moveit_task_constructor_msgs) StdoutLine: {'line': b'-- Installing: /home/vinayak/ws_moveit2/install/moveit_task_constructor_msgs/lib/libmoveit_task_constructor_msgs__rosidl_typesupport_fastrtps_cpp.so\n'}
[14.711450] (moveit_task_constructor_msgs) StdoutLine: {'line': b'-- Set runtime path of "/home/vinayak/ws_moveit2/install/moveit_task_constructor_msgs/lib/libmoveit_task_constructor_msgs__rosidl_typesupport_fastrtps_cpp.so" to ""\n'}
[14.711558] (moveit_task_constructor_msgs) StdoutLine: {'line': b'-- Up-to-date: /home/vinayak/ws_moveit2/install/moveit_task_constructor_msgs/include/moveit_task_constructor_msgs/moveit_task_constructor_msgs\n'}
[14.711663] (moveit_task_constructor_msgs) StdoutLine: {'line': b'-- Up-to-date: /home/vinayak/ws_moveit2/install/moveit_task_constructor_msgs/include/moveit_task_constructor_msgs/moveit_task_constructor_msgs/action\n'}
[14.711769] (moveit_task_constructor_msgs) StdoutLine: {'line': b'-- Up-to-date: /home/vinayak/ws_moveit2/install/moveit_task_constructor_msgs/include/moveit_task_constructor_msgs/moveit_task_constructor_msgs/action/detail\n'}
[14.711874] (moveit_task_constructor_msgs) StdoutLine: {'line': b'-- Installing: /home/vinayak/ws_moveit2/install/moveit_task_constructor_msgs/include/moveit_task_constructor_msgs/moveit_task_constructor_msgs/action/detail/execute_task_solution__type_support.c\n'}
[14.712035] (moveit_task_constructor_msgs) StdoutLine: {'line': b'-- Installing: /home/vinayak/ws_moveit2/install/moveit_task_constructor_msgs/include/moveit_task_constructor_msgs/moveit_task_constructor_msgs/action/detail/execute_task_solution__rosidl_typesupport_introspection_c.h\n'}
[14.712184] (moveit_task_constructor_msgs) StdoutLine: {'line': b'-- Up-to-date: /home/vinayak/ws_moveit2/install/moveit_task_constructor_msgs/include/moveit_task_constructor_msgs/moveit_task_constructor_msgs/msg\n'}
[14.712290] (moveit_task_constructor_msgs) StdoutLine: {'line': b'-- Up-to-date: /home/vinayak/ws_moveit2/install/moveit_task_constructor_msgs/include/moveit_task_constructor_msgs/moveit_task_constructor_msgs/msg/detail\n'}
[14.712396] (moveit_task_constructor_msgs) StdoutLine: {'line': b'-- Installing: /home/vinayak/ws_moveit2/install/moveit_task_constructor_msgs/include/moveit_task_constructor_msgs/moveit_task_constructor_msgs/msg/detail/solution__rosidl_typesupport_introspection_c.h\n'}
[14.712561] (moveit_task_constructor_msgs) StdoutLine: {'line': b'-- Installing: /home/vinayak/ws_moveit2/install/moveit_task_constructor_msgs/include/moveit_task_constructor_msgs/moveit_task_constructor_msgs/msg/detail/solution_info__type_support.c\n'}
[14.712650] (moveit_task_constructor_msgs) StdoutLine: {'line': b'-- Installing: /home/vinayak/ws_moveit2/install/moveit_task_constructor_msgs/include/moveit_task_constructor_msgs/moveit_task_constructor_msgs/msg/detail/sub_trajectory__type_support.c\n'}
[14.712756] (moveit_task_constructor_msgs) StdoutLine: {'line': b'-- Installing: /home/vinayak/ws_moveit2/install/moveit_task_constructor_msgs/include/moveit_task_constructor_msgs/moveit_task_constructor_msgs/msg/detail/task_description__type_support.c\n'}
[14.712862] (moveit_task_constructor_msgs) StdoutLine: {'line': b'-- Installing: /home/vinayak/ws_moveit2/install/moveit_task_constructor_msgs/include/moveit_task_constructor_msgs/moveit_task_constructor_msgs/msg/detail/trajectory_execution_info__type_support.c\n'}
[14.712979] (moveit_task_constructor_msgs) StdoutLine: {'line': b'-- Installing: /home/vinayak/ws_moveit2/install/moveit_task_constructor_msgs/include/moveit_task_constructor_msgs/moveit_task_constructor_msgs/msg/detail/solution_info__rosidl_typesupport_introspection_c.h\n'}
[14.713106] (moveit_task_constructor_msgs) StdoutLine: {'line': b'-- Installing: /home/vinayak/ws_moveit2/install/moveit_task_constructor_msgs/include/moveit_task_constructor_msgs/moveit_task_constructor_msgs/msg/detail/stage_description__type_support.c\n'}
[14.713211] (moveit_task_constructor_msgs) StdoutLine: {'line': b'-- Installing: /home/vinayak/ws_moveit2/install/moveit_task_constructor_msgs/include/moveit_task_constructor_msgs/moveit_task_constructor_msgs/msg/detail/task_statistics__type_support.c\n'}
[14.713313] (moveit_task_constructor_msgs) StdoutLine: {'line': b'-- Installing: /home/vinayak/ws_moveit2/install/moveit_task_constructor_msgs/include/moveit_task_constructor_msgs/moveit_task_constructor_msgs/msg/detail/sub_solution__type_support.c\n'}
[14.713415] (moveit_task_constructor_msgs) StdoutLine: {'line': b'-- Installing: /home/vinayak/ws_moveit2/install/moveit_task_constructor_msgs/include/moveit_task_constructor_msgs/moveit_task_constructor_msgs/msg/detail/sub_trajectory__rosidl_typesupport_introspection_c.h\n'}
[14.713518] (moveit_task_constructor_msgs) StdoutLine: {'line': b'-- Installing: /home/vinayak/ws_moveit2/install/moveit_task_constructor_msgs/include/moveit_task_constructor_msgs/moveit_task_constructor_msgs/msg/detail/sub_solution__rosidl_typesupport_introspection_c.h\n'}
[14.713621] (moveit_task_constructor_msgs) StdoutLine: {'line': b'-- Installing: /home/vinayak/ws_moveit2/install/moveit_task_constructor_msgs/include/moveit_task_constructor_msgs/moveit_task_constructor_msgs/msg/detail/task_description__rosidl_typesupport_introspection_c.h\n'}
[14.713728] (moveit_task_constructor_msgs) StdoutLine: {'line': b'-- Installing: /home/vinayak/ws_moveit2/install/moveit_task_constructor_msgs/include/moveit_task_constructor_msgs/moveit_task_constructor_msgs/msg/detail/solution__type_support.c\n'}
[14.713884] (moveit_task_constructor_msgs) StdoutLine: {'line': b'-- Installing: /home/vinayak/ws_moveit2/install/moveit_task_constructor_msgs/include/moveit_task_constructor_msgs/moveit_task_constructor_msgs/msg/detail/stage_statistics__type_support.c\n'}
[14.713980] (moveit_task_constructor_msgs) StdoutLine: {'line': b'-- Installing: /home/vinayak/ws_moveit2/install/moveit_task_constructor_msgs/include/moveit_task_constructor_msgs/moveit_task_constructor_msgs/msg/detail/property__rosidl_typesupport_introspection_c.h\n'}
[14.714122] (moveit_task_constructor_msgs) StdoutLine: {'line': b'-- Installing: /home/vinayak/ws_moveit2/install/moveit_task_constructor_msgs/include/moveit_task_constructor_msgs/moveit_task_constructor_msgs/msg/detail/stage_description__rosidl_typesupport_introspection_c.h\n'}
[14.714193] (moveit_task_constructor_msgs) StdoutLine: {'line': b'-- Installing: /home/vinayak/ws_moveit2/install/moveit_task_constructor_msgs/include/moveit_task_constructor_msgs/moveit_task_constructor_msgs/msg/detail/stage_statistics__rosidl_typesupport_introspection_c.h\n'}
[14.714250] (moveit_task_constructor_msgs) StdoutLine: {'line': b'-- Installing: /home/vinayak/ws_moveit2/install/moveit_task_constructor_msgs/include/moveit_task_constructor_msgs/moveit_task_constructor_msgs/msg/detail/property__type_support.c\n'}
[14.714305] (moveit_task_constructor_msgs) StdoutLine: {'line': b'-- Installing: /home/vinayak/ws_moveit2/install/moveit_task_constructor_msgs/include/moveit_task_constructor_msgs/moveit_task_constructor_msgs/msg/detail/trajectory_execution_info__rosidl_typesupport_introspection_c.h\n'}
[14.714365] (moveit_task_constructor_msgs) StdoutLine: {'line': b'-- Installing: /home/vinayak/ws_moveit2/install/moveit_task_constructor_msgs/include/moveit_task_constructor_msgs/moveit_task_constructor_msgs/msg/detail/task_statistics__rosidl_typesupport_introspection_c.h\n'}
[14.714419] (moveit_task_constructor_msgs) StdoutLine: {'line': b'-- Installing: /home/vinayak/ws_moveit2/install/moveit_task_constructor_msgs/include/moveit_task_constructor_msgs/moveit_task_constructor_msgs/msg/rosidl_typesupport_introspection_c__visibility_control.h\n'}
[14.714479] (moveit_task_constructor_msgs) StdoutLine: {'line': b'-- Up-to-date: /home/vinayak/ws_moveit2/install/moveit_task_constructor_msgs/include/moveit_task_constructor_msgs/moveit_task_constructor_msgs/srv\n'}
[14.714560] (moveit_task_constructor_msgs) StdoutLine: {'line': b'-- Up-to-date: /home/vinayak/ws_moveit2/install/moveit_task_constructor_msgs/include/moveit_task_constructor_msgs/moveit_task_constructor_msgs/srv/detail\n'}
[14.714651] (moveit_task_constructor_msgs) StdoutLine: {'line': b'-- Installing: /home/vinayak/ws_moveit2/install/moveit_task_constructor_msgs/include/moveit_task_constructor_msgs/moveit_task_constructor_msgs/srv/detail/get_solution__type_support.c\n'}
[14.714744] (moveit_task_constructor_msgs) StdoutLine: {'line': b'-- Installing: /home/vinayak/ws_moveit2/install/moveit_task_constructor_msgs/include/moveit_task_constructor_msgs/moveit_task_constructor_msgs/srv/detail/get_solution__rosidl_typesupport_introspection_c.h\n'}
[14.714818] (moveit_task_constructor_msgs) StdoutLine: {'line': b'-- Installing: /home/vinayak/ws_moveit2/install/moveit_task_constructor_msgs/lib/libmoveit_task_constructor_msgs__rosidl_typesupport_introspection_c.so\n'}
[14.714873] (moveit_task_constructor_msgs) StdoutLine: {'line': b'-- Set runtime path of "/home/vinayak/ws_moveit2/install/moveit_task_constructor_msgs/lib/libmoveit_task_constructor_msgs__rosidl_typesupport_introspection_c.so" to ""\n'}
[14.714963] (moveit_task_constructor_msgs) StdoutLine: {'line': b'-- Installing: /home/vinayak/ws_moveit2/install/moveit_task_constructor_msgs/lib/libmoveit_task_constructor_msgs__rosidl_typesupport_c.so\n'}
[14.715086] (moveit_task_constructor_msgs) StdoutLine: {'line': b'-- Set runtime path of "/home/vinayak/ws_moveit2/install/moveit_task_constructor_msgs/lib/libmoveit_task_constructor_msgs__rosidl_typesupport_c.so" to ""\n'}
[14.715168] (moveit_task_constructor_msgs) StdoutLine: {'line': b'-- Up-to-date: /home/vinayak/ws_moveit2/install/moveit_task_constructor_msgs/include/moveit_task_constructor_msgs/moveit_task_constructor_msgs\n'}
[14.715219] (moveit_task_constructor_msgs) StdoutLine: {'line': b'-- Up-to-date: /home/vinayak/ws_moveit2/install/moveit_task_constructor_msgs/include/moveit_task_constructor_msgs/moveit_task_constructor_msgs/action\n'}
[14.715276] (moveit_task_constructor_msgs) StdoutLine: {'line': b'-- Up-to-date: /home/vinayak/ws_moveit2/install/moveit_task_constructor_msgs/include/moveit_task_constructor_msgs/moveit_task_constructor_msgs/action/detail\n'}
[14.715333] (moveit_task_constructor_msgs) StdoutLine: {'line': b'-- Installing: /home/vinayak/ws_moveit2/install/moveit_task_constructor_msgs/include/moveit_task_constructor_msgs/moveit_task_constructor_msgs/action/detail/execute_task_solution__type_support.cpp\n'}
[14.715389] (moveit_task_constructor_msgs) StdoutLine: {'line': b'-- Installing: /home/vinayak/ws_moveit2/install/moveit_task_constructor_msgs/include/moveit_task_constructor_msgs/moveit_task_constructor_msgs/action/detail/execute_task_solution__rosidl_typesupport_introspection_cpp.hpp\n'}
[14.715472] (moveit_task_constructor_msgs) StdoutLine: {'line': b'-- Up-to-date: /home/vinayak/ws_moveit2/install/moveit_task_constructor_msgs/include/moveit_task_constructor_msgs/moveit_task_constructor_msgs/msg\n'}
[14.715561] (moveit_task_constructor_msgs) StdoutLine: {'line': b'-- Up-to-date: /home/vinayak/ws_moveit2/install/moveit_task_constructor_msgs/include/moveit_task_constructor_msgs/moveit_task_constructor_msgs/msg/detail\n'}
[14.715654] (moveit_task_constructor_msgs) StdoutLine: {'line': b'-- Installing: /home/vinayak/ws_moveit2/install/moveit_task_constructor_msgs/include/moveit_task_constructor_msgs/moveit_task_constructor_msgs/msg/detail/stage_statistics__type_support.cpp\n'}
[14.715745] (moveit_task_constructor_msgs) StdoutLine: {'line': b'-- Installing: /home/vinayak/ws_moveit2/install/moveit_task_constructor_msgs/include/moveit_task_constructor_msgs/moveit_task_constructor_msgs/msg/detail/sub_trajectory__rosidl_typesupport_introspection_cpp.hpp\n'}
[14.715837] (moveit_task_constructor_msgs) StdoutLine: {'line': b'-- Installing: /home/vinayak/ws_moveit2/install/moveit_task_constructor_msgs/include/moveit_task_constructor_msgs/moveit_task_constructor_msgs/msg/detail/solution_info__type_support.cpp\n'}
[14.715944] (moveit_task_constructor_msgs) StdoutLine: {'line': b'-- Installing: /home/vinayak/ws_moveit2/install/moveit_task_constructor_msgs/include/moveit_task_constructor_msgs/moveit_task_constructor_msgs/msg/detail/solution__rosidl_typesupport_introspection_cpp.hpp\n'}
[14.716067] (moveit_task_constructor_msgs) StdoutLine: {'line': b'-- Installing: /home/vinayak/ws_moveit2/install/moveit_task_constructor_msgs/include/moveit_task_constructor_msgs/moveit_task_constructor_msgs/msg/detail/task_statistics__rosidl_typesupport_introspection_cpp.hpp\n'}
[14.716135] (moveit_task_constructor_msgs) StdoutLine: {'line': b'-- Installing: /home/vinayak/ws_moveit2/install/moveit_task_constructor_msgs/include/moveit_task_constructor_msgs/moveit_task_constructor_msgs/msg/detail/solution__type_support.cpp\n'}
[14.716192] (moveit_task_constructor_msgs) StdoutLine: {'line': b'-- Installing: /home/vinayak/ws_moveit2/install/moveit_task_constructor_msgs/include/moveit_task_constructor_msgs/moveit_task_constructor_msgs/msg/detail/sub_solution__rosidl_typesupport_introspection_cpp.hpp\n'}
[14.716259] (moveit_task_constructor_msgs) StdoutLine: {'line': b'-- Installing: /home/vinayak/ws_moveit2/install/moveit_task_constructor_msgs/include/moveit_task_constructor_msgs/moveit_task_constructor_msgs/msg/detail/task_description__rosidl_typesupport_introspection_cpp.hpp\n'}
[14.716322] (moveit_task_constructor_msgs) StdoutLine: {'line': b'-- Installing: /home/vinayak/ws_moveit2/install/moveit_task_constructor_msgs/include/moveit_task_constructor_msgs/moveit_task_constructor_msgs/msg/detail/property__type_support.cpp\n'}
[14.716425] (moveit_task_constructor_msgs) StdoutLine: {'line': b'-- Installing: /home/vinayak/ws_moveit2/install/moveit_task_constructor_msgs/include/moveit_task_constructor_msgs/moveit_task_constructor_msgs/msg/detail/trajectory_execution_info__type_support.cpp\n'}
[14.716518] (moveit_task_constructor_msgs) StdoutLine: {'line': b'-- Installing: /home/vinayak/ws_moveit2/install/moveit_task_constructor_msgs/include/moveit_task_constructor_msgs/moveit_task_constructor_msgs/msg/detail/task_description__type_support.cpp\n'}
[14.716613] (moveit_task_constructor_msgs) StdoutLine: {'line': b'-- Installing: /home/vinayak/ws_moveit2/install/moveit_task_constructor_msgs/include/moveit_task_constructor_msgs/moveit_task_constructor_msgs/msg/detail/stage_description__rosidl_typesupport_introspection_cpp.hpp\n'}
[14.716705] (moveit_task_constructor_msgs) StdoutLine: {'line': b'-- Installing: /home/vinayak/ws_moveit2/install/moveit_task_constructor_msgs/include/moveit_task_constructor_msgs/moveit_task_constructor_msgs/msg/detail/trajectory_execution_info__rosidl_typesupport_introspection_cpp.hpp\n'}
[14.716798] (moveit_task_constructor_msgs) StdoutLine: {'line': b'-- Installing: /home/vinayak/ws_moveit2/install/moveit_task_constructor_msgs/include/moveit_task_constructor_msgs/moveit_task_constructor_msgs/msg/detail/sub_solution__type_support.cpp\n'}
[14.716890] (moveit_task_constructor_msgs) StdoutLine: {'line': b'-- Installing: /home/vinayak/ws_moveit2/install/moveit_task_constructor_msgs/include/moveit_task_constructor_msgs/moveit_task_constructor_msgs/msg/detail/solution_info__rosidl_typesupport_introspection_cpp.hpp\n'}
[14.716982] (moveit_task_constructor_msgs) StdoutLine: {'line': b'-- Installing: /home/vinayak/ws_moveit2/install/moveit_task_constructor_msgs/include/moveit_task_constructor_msgs/moveit_task_constructor_msgs/msg/detail/task_statistics__type_support.cpp\n'}
[14.717104] (moveit_task_constructor_msgs) StdoutLine: {'line': b'-- Installing: /home/vinayak/ws_moveit2/install/moveit_task_constructor_msgs/include/moveit_task_constructor_msgs/moveit_task_constructor_msgs/msg/detail/property__rosidl_typesupport_introspection_cpp.hpp\n'}
[14.717193] (moveit_task_constructor_msgs) StdoutLine: {'line': b'-- Installing: /home/vinayak/ws_moveit2/install/moveit_task_constructor_msgs/include/moveit_task_constructor_msgs/moveit_task_constructor_msgs/msg/detail/sub_trajectory__type_support.cpp\n'}
[14.717284] (moveit_task_constructor_msgs) StdoutLine: {'line': b'-- Installing: /home/vinayak/ws_moveit2/install/moveit_task_constructor_msgs/include/moveit_task_constructor_msgs/moveit_task_constructor_msgs/msg/detail/stage_description__type_support.cpp\n'}
[14.717372] (moveit_task_constructor_msgs) StdoutLine: {'line': b'-- Installing: /home/vinayak/ws_moveit2/install/moveit_task_constructor_msgs/include/moveit_task_constructor_msgs/moveit_task_constructor_msgs/msg/detail/stage_statistics__rosidl_typesupport_introspection_cpp.hpp\n'}
[14.717459] (moveit_task_constructor_msgs) StdoutLine: {'line': b'-- Up-to-date: /home/vinayak/ws_moveit2/install/moveit_task_constructor_msgs/include/moveit_task_constructor_msgs/moveit_task_constructor_msgs/srv\n'}
[14.717546] (moveit_task_constructor_msgs) StdoutLine: {'line': b'-- Up-to-date: /home/vinayak/ws_moveit2/install/moveit_task_constructor_msgs/include/moveit_task_constructor_msgs/moveit_task_constructor_msgs/srv/detail\n'}
[14.717633] (moveit_task_constructor_msgs) StdoutLine: {'line': b'-- Installing: /home/vinayak/ws_moveit2/install/moveit_task_constructor_msgs/include/moveit_task_constructor_msgs/moveit_task_constructor_msgs/srv/detail/get_solution__rosidl_typesupport_introspection_cpp.hpp\n'}
[14.717720] (moveit_task_constructor_msgs) StdoutLine: {'line': b'-- Installing: /home/vinayak/ws_moveit2/install/moveit_task_constructor_msgs/include/moveit_task_constructor_msgs/moveit_task_constructor_msgs/srv/detail/get_solution__type_support.cpp\n'}
[14.717811] (moveit_task_constructor_msgs) StdoutLine: {'line': b'-- Installing: /home/vinayak/ws_moveit2/install/moveit_task_constructor_msgs/lib/libmoveit_task_constructor_msgs__rosidl_typesupport_introspection_cpp.so\n'}
[14.718246] (moveit_task_constructor_msgs) StdoutLine: {'line': b'-- Set runtime path of "/home/vinayak/ws_moveit2/install/moveit_task_constructor_msgs/lib/libmoveit_task_constructor_msgs__rosidl_typesupport_introspection_cpp.so" to ""\n'}
[14.718413] (moveit_task_constructor_msgs) StdoutLine: {'line': b'-- Installing: /home/vinayak/ws_moveit2/install/moveit_task_constructor_msgs/lib/libmoveit_task_constructor_msgs__rosidl_typesupport_cpp.so\n'}
[14.718718] (moveit_task_constructor_msgs) StdoutLine: {'line': b'-- Set runtime path of "/home/vinayak/ws_moveit2/install/moveit_task_constructor_msgs/lib/libmoveit_task_constructor_msgs__rosidl_typesupport_cpp.so" to ""\n'}
[14.718877] (moveit_task_constructor_msgs) StdoutLine: {'line': b'-- Installing: /home/vinayak/ws_moveit2/install/moveit_task_constructor_msgs/share/moveit_task_constructor_msgs/environment/pythonpath.sh\n'}
[14.719011] (moveit_task_constructor_msgs) StdoutLine: {'line': b'-- Installing: /home/vinayak/ws_moveit2/install/moveit_task_constructor_msgs/share/moveit_task_constructor_msgs/environment/pythonpath.dsv\n'}
[14.719089] (moveit_task_constructor_msgs) StdoutLine: {'line': b'-- Installing: /home/vinayak/ws_moveit2/install/moveit_task_constructor_msgs/local/lib/python3.10/dist-packages/moveit_task_constructor_msgs-0.1.3-py3.10.egg-info\n'}
[14.719287] (moveit_task_constructor_msgs) StdoutLine: {'line': b'-- Installing: /home/vinayak/ws_moveit2/install/moveit_task_constructor_msgs/local/lib/python3.10/dist-packages/moveit_task_constructor_msgs-0.1.3-py3.10.egg-info/dependency_links.txt\n'}
[14.719420] (moveit_task_constructor_msgs) StdoutLine: {'line': b'-- Installing: /home/vinayak/ws_moveit2/install/moveit_task_constructor_msgs/local/lib/python3.10/dist-packages/moveit_task_constructor_msgs-0.1.3-py3.10.egg-info/top_level.txt\n'}
[14.719513] (moveit_task_constructor_msgs) StdoutLine: {'line': b'-- Installing: /home/vinayak/ws_moveit2/install/moveit_task_constructor_msgs/local/lib/python3.10/dist-packages/moveit_task_constructor_msgs-0.1.3-py3.10.egg-info/SOURCES.txt\n'}
[14.719609] (moveit_task_constructor_msgs) StdoutLine: {'line': b'-- Installing: /home/vinayak/ws_moveit2/install/moveit_task_constructor_msgs/local/lib/python3.10/dist-packages/moveit_task_constructor_msgs-0.1.3-py3.10.egg-info/PKG-INFO\n'}
[14.719721] (moveit_task_constructor_msgs) StdoutLine: {'line': b'-- Installing: /home/vinayak/ws_moveit2/install/moveit_task_constructor_msgs/local/lib/python3.10/dist-packages/moveit_task_constructor_msgs\n'}
[14.719818] (moveit_task_constructor_msgs) StdoutLine: {'line': b'-- Installing: /home/vinayak/ws_moveit2/install/moveit_task_constructor_msgs/local/lib/python3.10/dist-packages/moveit_task_constructor_msgs/moveit_task_constructor_msgs_s__rosidl_typesupport_c.cpython-310-x86_64-linux-gnu.so\n'}
[14.719877] (moveit_task_constructor_msgs) StdoutLine: {'line': b'-- Installing: /home/vinayak/ws_moveit2/install/moveit_task_constructor_msgs/local/lib/python3.10/dist-packages/moveit_task_constructor_msgs/action\n'}
[14.719958] (moveit_task_constructor_msgs) StdoutLine: {'line': b'-- Installing: /home/vinayak/ws_moveit2/install/moveit_task_constructor_msgs/local/lib/python3.10/dist-packages/moveit_task_constructor_msgs/action/_execute_task_solution_s.c\n'}
[14.720047] (moveit_task_constructor_msgs) StdoutLine: {'line': b'-- Installing: /home/vinayak/ws_moveit2/install/moveit_task_constructor_msgs/local/lib/python3.10/dist-packages/moveit_task_constructor_msgs/action/_execute_task_solution.py\n'}
[14.720129] (moveit_task_constructor_msgs) StdoutLine: {'line': b'-- Installing: /home/vinayak/ws_moveit2/install/moveit_task_constructor_msgs/local/lib/python3.10/dist-packages/moveit_task_constructor_msgs/action/__init__.py\n'}
[14.720210] (moveit_task_constructor_msgs) StdoutLine: {'line': b'-- Installing: /home/vinayak/ws_moveit2/install/moveit_task_constructor_msgs/local/lib/python3.10/dist-packages/moveit_task_constructor_msgs/_moveit_task_constructor_msgs_s.ep.rosidl_typesupport_fastrtps_c.c\n'}
[14.720441] (moveit_task_constructor_msgs) StdoutLine: {'line': b'-- Installing: /home/vinayak/ws_moveit2/install/moveit_task_constructor_msgs/local/lib/python3.10/dist-packages/moveit_task_constructor_msgs/_moveit_task_constructor_msgs_s.ep.rosidl_typesupport_introspection_c.c\n'}
[14.720619] (moveit_task_constructor_msgs) StdoutLine: {'line': b'-- Installing: /home/vinayak/ws_moveit2/install/moveit_task_constructor_msgs/local/lib/python3.10/dist-packages/moveit_task_constructor_msgs/moveit_task_constructor_msgs_s__rosidl_typesupport_introspection_c.cpython-310-x86_64-linux-gnu.so\n'}
[14.720776] (moveit_task_constructor_msgs) StdoutLine: {'line': b'-- Installing: /home/vinayak/ws_moveit2/install/moveit_task_constructor_msgs/local/lib/python3.10/dist-packages/moveit_task_constructor_msgs/moveit_task_constructor_msgs_s__rosidl_typesupport_fastrtps_c.cpython-310-x86_64-linux-gnu.so\n'}
[14.720920] (moveit_task_constructor_msgs) StdoutLine: {'line': b'-- Installing: /home/vinayak/ws_moveit2/install/moveit_task_constructor_msgs/local/lib/python3.10/dist-packages/moveit_task_constructor_msgs/__init__.py\n'}
[14.721099] (moveit_task_constructor_msgs) StdoutLine: {'line': b'-- Installing: /home/vinayak/ws_moveit2/install/moveit_task_constructor_msgs/local/lib/python3.10/dist-packages/moveit_task_constructor_msgs/_moveit_task_constructor_msgs_s.ep.rosidl_typesupport_c.c\n'}
[14.721212] (moveit_task_constructor_msgs) StdoutLine: {'line': b'-- Installing: /home/vinayak/ws_moveit2/install/moveit_task_constructor_msgs/local/lib/python3.10/dist-packages/moveit_task_constructor_msgs/msg\n'}
[14.721335] (moveit_task_constructor_msgs) StdoutLine: {'line': b'-- Installing: /home/vinayak/ws_moveit2/install/moveit_task_constructor_msgs/local/lib/python3.10/dist-packages/moveit_task_constructor_msgs/msg/_property_s.c\n'}
[14.721453] (moveit_task_constructor_msgs) StdoutLine: {'line': b'-- Installing: /home/vinayak/ws_moveit2/install/moveit_task_constructor_msgs/local/lib/python3.10/dist-packages/moveit_task_constructor_msgs/msg/_stage_statistics_s.c\n'}
[14.721574] (moveit_task_constructor_msgs) StdoutLine: {'line': b'-- Installing: /home/vinayak/ws_moveit2/install/moveit_task_constructor_msgs/local/lib/python3.10/dist-packages/moveit_task_constructor_msgs/msg/_trajectory_execution_info_s.c\n'}
[14.721663] (moveit_task_constructor_msgs) StdoutLine: {'line': b'-- Installing: /home/vinayak/ws_moveit2/install/moveit_task_constructor_msgs/local/lib/python3.10/dist-packages/moveit_task_constructor_msgs/msg/_trajectory_execution_info.py\n'}
[14.721779] (moveit_task_constructor_msgs) StdoutLine: {'line': b'-- Installing: /home/vinayak/ws_moveit2/install/moveit_task_constructor_msgs/local/lib/python3.10/dist-packages/moveit_task_constructor_msgs/msg/_stage_description.py\n'}
[14.721884] (moveit_task_constructor_msgs) StdoutLine: {'line': b'-- Installing: /home/vinayak/ws_moveit2/install/moveit_task_constructor_msgs/local/lib/python3.10/dist-packages/moveit_task_constructor_msgs/msg/_task_statistics.py\n'}
[14.721985] (moveit_task_constructor_msgs) StdoutLine: {'line': b'-- Installing: /home/vinayak/ws_moveit2/install/moveit_task_constructor_msgs/local/lib/python3.10/dist-packages/moveit_task_constructor_msgs/msg/_stage_statistics.py\n'}
[14.722093] (moveit_task_constructor_msgs) StdoutLine: {'line': b'-- Installing: /home/vinayak/ws_moveit2/install/moveit_task_constructor_msgs/local/lib/python3.10/dist-packages/moveit_task_constructor_msgs/msg/_task_description.py\n'}
[14.722161] (moveit_task_constructor_msgs) StdoutLine: {'line': b'-- Installing: /home/vinayak/ws_moveit2/install/moveit_task_constructor_msgs/local/lib/python3.10/dist-packages/moveit_task_constructor_msgs/msg/_sub_solution.py\n'}
[14.722239] (moveit_task_constructor_msgs) StdoutLine: {'line': b'-- Installing: /home/vinayak/ws_moveit2/install/moveit_task_constructor_msgs/local/lib/python3.10/dist-packages/moveit_task_constructor_msgs/msg/_solution_s.c\n'}
[14.722322] (moveit_task_constructor_msgs) StdoutLine: {'line': b'-- Installing: /home/vinayak/ws_moveit2/install/moveit_task_constructor_msgs/local/lib/python3.10/dist-packages/moveit_task_constructor_msgs/msg/_sub_trajectory.py\n'}
[14.722397] (moveit_task_constructor_msgs) StdoutLine: {'line': b'-- Installing: /home/vinayak/ws_moveit2/install/moveit_task_constructor_msgs/local/lib/python3.10/dist-packages/moveit_task_constructor_msgs/msg/_sub_solution_s.c\n'}
[14.722506] (moveit_task_constructor_msgs) StdoutLine: {'line': b'-- Installing: /home/vinayak/ws_moveit2/install/moveit_task_constructor_msgs/local/lib/python3.10/dist-packages/moveit_task_constructor_msgs/msg/_task_statistics_s.c\n'}
[14.722661] (moveit_task_constructor_msgs) StdoutLine: {'line': b'-- Installing: /home/vinayak/ws_moveit2/install/moveit_task_constructor_msgs/local/lib/python3.10/dist-packages/moveit_task_constructor_msgs/msg/_solution_info.py\n'}
[14.722752] (moveit_task_constructor_msgs) StdoutLine: {'line': b'-- Installing: /home/vinayak/ws_moveit2/install/moveit_task_constructor_msgs/local/lib/python3.10/dist-packages/moveit_task_constructor_msgs/msg/_sub_trajectory_s.c\n'}
[14.722866] (moveit_task_constructor_msgs) StdoutLine: {'line': b'-- Installing: /home/vinayak/ws_moveit2/install/moveit_task_constructor_msgs/local/lib/python3.10/dist-packages/moveit_task_constructor_msgs/msg/__init__.py\n'}
[14.722981] (moveit_task_constructor_msgs) StdoutLine: {'line': b'-- Installing: /home/vinayak/ws_moveit2/install/moveit_task_constructor_msgs/local/lib/python3.10/dist-packages/moveit_task_constructor_msgs/msg/_solution_info_s.c\n'}
[14.723079] (moveit_task_constructor_msgs) StdoutLine: {'line': b'-- Installing: /home/vinayak/ws_moveit2/install/moveit_task_constructor_msgs/local/lib/python3.10/dist-packages/moveit_task_constructor_msgs/msg/_task_description_s.c\n'}
[14.723160] (moveit_task_constructor_msgs) StdoutLine: {'line': b'-- Installing: /home/vinayak/ws_moveit2/install/moveit_task_constructor_msgs/local/lib/python3.10/dist-packages/moveit_task_constructor_msgs/msg/_property.py\n'}
[14.723234] (moveit_task_constructor_msgs) StdoutLine: {'line': b'-- Installing: /home/vinayak/ws_moveit2/install/moveit_task_constructor_msgs/local/lib/python3.10/dist-packages/moveit_task_constructor_msgs/msg/_stage_description_s.c\n'}
[14.723342] (moveit_task_constructor_msgs) StdoutLine: {'line': b'-- Installing: /home/vinayak/ws_moveit2/install/moveit_task_constructor_msgs/local/lib/python3.10/dist-packages/moveit_task_constructor_msgs/msg/_solution.py\n'}
[14.723443] (moveit_task_constructor_msgs) StdoutLine: {'line': b'-- Installing: /home/vinayak/ws_moveit2/install/moveit_task_constructor_msgs/local/lib/python3.10/dist-packages/moveit_task_constructor_msgs/libmoveit_task_constructor_msgs__rosidl_generator_py.so\n'}
[14.723607] (moveit_task_constructor_msgs) StdoutLine: {'line': b'-- Installing: /home/vinayak/ws_moveit2/install/moveit_task_constructor_msgs/local/lib/python3.10/dist-packages/moveit_task_constructor_msgs/srv\n'}
[14.723724] (moveit_task_constructor_msgs) StdoutLine: {'line': b'-- Installing: /home/vinayak/ws_moveit2/install/moveit_task_constructor_msgs/local/lib/python3.10/dist-packages/moveit_task_constructor_msgs/srv/_get_solution.py\n'}
[14.723830] (moveit_task_constructor_msgs) StdoutLine: {'line': b'-- Installing: /home/vinayak/ws_moveit2/install/moveit_task_constructor_msgs/local/lib/python3.10/dist-packages/moveit_task_constructor_msgs/srv/_get_solution_s.c\n'}
[14.723915] (moveit_task_constructor_msgs) StdoutLine: {'line': b'-- Installing: /home/vinayak/ws_moveit2/install/moveit_task_constructor_msgs/local/lib/python3.10/dist-packages/moveit_task_constructor_msgs/srv/__init__.py\n'}
[14.761153] (-) TimerEvent: {}
[14.770809] (moveit_task_constructor_msgs) StdoutLine: {'line': b"Listing '/home/vinayak/ws_moveit2/install/moveit_task_constructor_msgs/local/lib/python3.10/dist-packages/moveit_task_constructor_msgs'...\n"}
[14.770934] (moveit_task_constructor_msgs) StdoutLine: {'line': b"Compiling '/home/vinayak/ws_moveit2/install/moveit_task_constructor_msgs/local/lib/python3.10/dist-packages/moveit_task_constructor_msgs/__init__.py'...\n"}
[14.771000] (moveit_task_constructor_msgs) StdoutLine: {'line': b"Listing '/home/vinayak/ws_moveit2/install/moveit_task_constructor_msgs/local/lib/python3.10/dist-packages/moveit_task_constructor_msgs/action'...\n"}
[14.771067] (moveit_task_constructor_msgs) StdoutLine: {'line': b"Compiling '/home/vinayak/ws_moveit2/install/moveit_task_constructor_msgs/local/lib/python3.10/dist-packages/moveit_task_constructor_msgs/action/__init__.py'...\n"}
[14.771119] (moveit_task_constructor_msgs) StdoutLine: {'line': b"Compiling '/home/vinayak/ws_moveit2/install/moveit_task_constructor_msgs/local/lib/python3.10/dist-packages/moveit_task_constructor_msgs/action/_execute_task_solution.py'...\n"}
[14.771168] (moveit_task_constructor_msgs) StdoutLine: {'line': b"Listing '/home/vinayak/ws_moveit2/install/moveit_task_constructor_msgs/local/lib/python3.10/dist-packages/moveit_task_constructor_msgs/msg'...\n"}
[14.771223] (moveit_task_constructor_msgs) StdoutLine: {'line': b"Compiling '/home/vinayak/ws_moveit2/install/moveit_task_constructor_msgs/local/lib/python3.10/dist-packages/moveit_task_constructor_msgs/msg/__init__.py'...\n"}
[14.771270] (moveit_task_constructor_msgs) StdoutLine: {'line': b"Compiling '/home/vinayak/ws_moveit2/install/moveit_task_constructor_msgs/local/lib/python3.10/dist-packages/moveit_task_constructor_msgs/msg/_property.py'...\n"}
[14.771316] (moveit_task_constructor_msgs) StdoutLine: {'line': b"Compiling '/home/vinayak/ws_moveit2/install/moveit_task_constructor_msgs/local/lib/python3.10/dist-packages/moveit_task_constructor_msgs/msg/_solution.py'...\n"}
[14.771362] (moveit_task_constructor_msgs) StdoutLine: {'line': b"Compiling '/home/vinayak/ws_moveit2/install/moveit_task_constructor_msgs/local/lib/python3.10/dist-packages/moveit_task_constructor_msgs/msg/_solution_info.py'...\n"}
[14.771408] (moveit_task_constructor_msgs) StdoutLine: {'line': b"Compiling '/home/vinayak/ws_moveit2/install/moveit_task_constructor_msgs/local/lib/python3.10/dist-packages/moveit_task_constructor_msgs/msg/_stage_description.py'...\n"}
[14.771454] (moveit_task_constructor_msgs) StdoutLine: {'line': b"Compiling '/home/vinayak/ws_moveit2/install/moveit_task_constructor_msgs/local/lib/python3.10/dist-packages/moveit_task_constructor_msgs/msg/_stage_statistics.py'...\n"}
[14.771500] (moveit_task_constructor_msgs) StdoutLine: {'line': b"Compiling '/home/vinayak/ws_moveit2/install/moveit_task_constructor_msgs/local/lib/python3.10/dist-packages/moveit_task_constructor_msgs/msg/_sub_solution.py'...\n"}
[14.771550] (moveit_task_constructor_msgs) StdoutLine: {'line': b"Compiling '/home/vinayak/ws_moveit2/install/moveit_task_constructor_msgs/local/lib/python3.10/dist-packages/moveit_task_constructor_msgs/msg/_sub_trajectory.py'...\n"}
[14.771597] (moveit_task_constructor_msgs) StdoutLine: {'line': b"Compiling '/home/vinayak/ws_moveit2/install/moveit_task_constructor_msgs/local/lib/python3.10/dist-packages/moveit_task_constructor_msgs/msg/_task_description.py'...\n"}
[14.771644] (moveit_task_constructor_msgs) StdoutLine: {'line': b"Compiling '/home/vinayak/ws_moveit2/install/moveit_task_constructor_msgs/local/lib/python3.10/dist-packages/moveit_task_constructor_msgs/msg/_task_statistics.py'...\n"}
[14.771690] (moveit_task_constructor_msgs) StdoutLine: {'line': b"Compiling '/home/vinayak/ws_moveit2/install/moveit_task_constructor_msgs/local/lib/python3.10/dist-packages/moveit_task_constructor_msgs/msg/_trajectory_execution_info.py'...\n"}
[14.771737] (moveit_task_constructor_msgs) StdoutLine: {'line': b"Listing '/home/vinayak/ws_moveit2/install/moveit_task_constructor_msgs/local/lib/python3.10/dist-packages/moveit_task_constructor_msgs/srv'...\n"}
[14.771784] (moveit_task_constructor_msgs) StdoutLine: {'line': b"Compiling '/home/vinayak/ws_moveit2/install/moveit_task_constructor_msgs/local/lib/python3.10/dist-packages/moveit_task_constructor_msgs/srv/__init__.py'...\n"}
[14.771830] (moveit_task_constructor_msgs) StdoutLine: {'line': b"Compiling '/home/vinayak/ws_moveit2/install/moveit_task_constructor_msgs/local/lib/python3.10/dist-packages/moveit_task_constructor_msgs/srv/_get_solution.py'...\n"}
[14.775154] (moveit_task_constructor_msgs) StdoutLine: {'line': b'-- Installing: /home/vinayak/ws_moveit2/install/moveit_task_constructor_msgs/local/lib/python3.10/dist-packages/moveit_task_constructor_msgs/moveit_task_constructor_msgs_s__rosidl_typesupport_fastrtps_c.cpython-310-x86_64-linux-gnu.so\n'}
[14.775614] (moveit_task_constructor_msgs) StdoutLine: {'line': b'-- Set runtime path of "/home/vinayak/ws_moveit2/install/moveit_task_constructor_msgs/local/lib/python3.10/dist-packages/moveit_task_constructor_msgs/moveit_task_constructor_msgs_s__rosidl_typesupport_fastrtps_c.cpython-310-x86_64-linux-gnu.so" to ""\n'}
[14.775837] (moveit_task_constructor_msgs) StdoutLine: {'line': b'-- Installing: /home/vinayak/ws_moveit2/install/moveit_task_constructor_msgs/local/lib/python3.10/dist-packages/moveit_task_constructor_msgs/moveit_task_constructor_msgs_s__rosidl_typesupport_introspection_c.cpython-310-x86_64-linux-gnu.so\n'}
[14.776265] (moveit_task_constructor_msgs) StdoutLine: {'line': b'-- Set runtime path of "/home/vinayak/ws_moveit2/install/moveit_task_constructor_msgs/local/lib/python3.10/dist-packages/moveit_task_constructor_msgs/moveit_task_constructor_msgs_s__rosidl_typesupport_introspection_c.cpython-310-x86_64-linux-gnu.so" to ""\n'}
[14.776481] (moveit_task_constructor_msgs) StdoutLine: {'line': b'-- Installing: /home/vinayak/ws_moveit2/install/moveit_task_constructor_msgs/local/lib/python3.10/dist-packages/moveit_task_constructor_msgs/moveit_task_constructor_msgs_s__rosidl_typesupport_c.cpython-310-x86_64-linux-gnu.so\n'}
[14.776900] (moveit_task_constructor_msgs) StdoutLine: {'line': b'-- Set runtime path of "/home/vinayak/ws_moveit2/install/moveit_task_constructor_msgs/local/lib/python3.10/dist-packages/moveit_task_constructor_msgs/moveit_task_constructor_msgs_s__rosidl_typesupport_c.cpython-310-x86_64-linux-gnu.so" to ""\n'}
[14.777062] (moveit_task_constructor_msgs) StdoutLine: {'line': b'-- Installing: /home/vinayak/ws_moveit2/install/moveit_task_constructor_msgs/lib/libmoveit_task_constructor_msgs__rosidl_generator_py.so\n'}
[14.777419] (moveit_task_constructor_msgs) StdoutLine: {'line': b'-- Set runtime path of "/home/vinayak/ws_moveit2/install/moveit_task_constructor_msgs/lib/libmoveit_task_constructor_msgs__rosidl_generator_py.so" to ""\n'}
[14.777555] (moveit_task_constructor_msgs) StdoutLine: {'line': b'-- Installing: /home/vinayak/ws_moveit2/install/moveit_task_constructor_msgs/share/moveit_task_constructor_msgs/msg/Property.idl\n'}
[14.777686] (moveit_task_constructor_msgs) StdoutLine: {'line': b'-- Installing: /home/vinayak/ws_moveit2/install/moveit_task_constructor_msgs/share/moveit_task_constructor_msgs/msg/Solution.idl\n'}
[14.777815] (moveit_task_constructor_msgs) StdoutLine: {'line': b'-- Installing: /home/vinayak/ws_moveit2/install/moveit_task_constructor_msgs/share/moveit_task_constructor_msgs/msg/SolutionInfo.idl\n'}
[14.777947] (moveit_task_constructor_msgs) StdoutLine: {'line': b'-- Installing: /home/vinayak/ws_moveit2/install/moveit_task_constructor_msgs/share/moveit_task_constructor_msgs/msg/StageDescription.idl\n'}
[14.778077] (moveit_task_constructor_msgs) StdoutLine: {'line': b'-- Installing: /home/vinayak/ws_moveit2/install/moveit_task_constructor_msgs/share/moveit_task_constructor_msgs/msg/StageStatistics.idl\n'}
[14.778202] (moveit_task_constructor_msgs) StdoutLine: {'line': b'-- Installing: /home/vinayak/ws_moveit2/install/moveit_task_constructor_msgs/share/moveit_task_constructor_msgs/msg/SubSolution.idl\n'}
[14.778326] (moveit_task_constructor_msgs) StdoutLine: {'line': b'-- Installing: /home/vinayak/ws_moveit2/install/moveit_task_constructor_msgs/share/moveit_task_constructor_msgs/msg/SubTrajectory.idl\n'}
[14.778442] (moveit_task_constructor_msgs) StdoutLine: {'line': b'-- Installing: /home/vinayak/ws_moveit2/install/moveit_task_constructor_msgs/share/moveit_task_constructor_msgs/msg/TaskDescription.idl\n'}
[14.778561] (moveit_task_constructor_msgs) StdoutLine: {'line': b'-- Installing: /home/vinayak/ws_moveit2/install/moveit_task_constructor_msgs/share/moveit_task_constructor_msgs/msg/TaskStatistics.idl\n'}
[14.778692] (moveit_task_constructor_msgs) StdoutLine: {'line': b'-- Installing: /home/vinayak/ws_moveit2/install/moveit_task_constructor_msgs/share/moveit_task_constructor_msgs/msg/TrajectoryExecutionInfo.idl\n'}
[14.778834] (moveit_task_constructor_msgs) StdoutLine: {'line': b'-- Installing: /home/vinayak/ws_moveit2/install/moveit_task_constructor_msgs/share/moveit_task_constructor_msgs/srv/GetSolution.idl\n'}
[14.779003] (moveit_task_constructor_msgs) StdoutLine: {'line': b'-- Installing: /home/vinayak/ws_moveit2/install/moveit_task_constructor_msgs/share/moveit_task_constructor_msgs/action/ExecuteTaskSolution.idl\n'}
[14.779143] (moveit_task_constructor_msgs) StdoutLine: {'line': b'-- Installing: /home/vinayak/ws_moveit2/install/moveit_task_constructor_msgs/share/moveit_task_constructor_msgs/msg/Property.msg\n'}
[14.779275] (moveit_task_constructor_msgs) StdoutLine: {'line': b'-- Installing: /home/vinayak/ws_moveit2/install/moveit_task_constructor_msgs/share/moveit_task_constructor_msgs/msg/Solution.msg\n'}
[14.779438] (moveit_task_constructor_msgs) StdoutLine: {'line': b'-- Installing: /home/vinayak/ws_moveit2/install/moveit_task_constructor_msgs/share/moveit_task_constructor_msgs/msg/SolutionInfo.msg\n'}
[14.779574] (moveit_task_constructor_msgs) StdoutLine: {'line': b'-- Installing: /home/vinayak/ws_moveit2/install/moveit_task_constructor_msgs/share/moveit_task_constructor_msgs/msg/StageDescription.msg\n'}
[14.779693] (moveit_task_constructor_msgs) StdoutLine: {'line': b'-- Installing: /home/vinayak/ws_moveit2/install/moveit_task_constructor_msgs/share/moveit_task_constructor_msgs/msg/StageStatistics.msg\n'}
[14.779808] (moveit_task_constructor_msgs) StdoutLine: {'line': b'-- Installing: /home/vinayak/ws_moveit2/install/moveit_task_constructor_msgs/share/moveit_task_constructor_msgs/msg/SubSolution.msg\n'}
[14.779936] (moveit_task_constructor_msgs) StdoutLine: {'line': b'-- Installing: /home/vinayak/ws_moveit2/install/moveit_task_constructor_msgs/share/moveit_task_constructor_msgs/msg/SubTrajectory.msg\n'}
[14.780078] (moveit_task_constructor_msgs) StdoutLine: {'line': b'-- Installing: /home/vinayak/ws_moveit2/install/moveit_task_constructor_msgs/share/moveit_task_constructor_msgs/msg/TaskDescription.msg\n'}
[14.780226] (moveit_task_constructor_msgs) StdoutLine: {'line': b'-- Installing: /home/vinayak/ws_moveit2/install/moveit_task_constructor_msgs/share/moveit_task_constructor_msgs/msg/TaskStatistics.msg\n'}
[14.780365] (moveit_task_constructor_msgs) StdoutLine: {'line': b'-- Installing: /home/vinayak/ws_moveit2/install/moveit_task_constructor_msgs/share/moveit_task_constructor_msgs/msg/TrajectoryExecutionInfo.msg\n'}
[14.780503] (moveit_task_constructor_msgs) StdoutLine: {'line': b'-- Installing: /home/vinayak/ws_moveit2/install/moveit_task_constructor_msgs/share/moveit_task_constructor_msgs/srv/GetSolution.srv\n'}
[14.780640] (moveit_task_constructor_msgs) StdoutLine: {'line': b'-- Installing: /home/vinayak/ws_moveit2/install/moveit_task_constructor_msgs/share/moveit_task_constructor_msgs/srv/GetSolution_Request.msg\n'}
[14.780759] (moveit_task_constructor_msgs) StdoutLine: {'line': b'-- Installing: /home/vinayak/ws_moveit2/install/moveit_task_constructor_msgs/share/moveit_task_constructor_msgs/srv/GetSolution_Response.msg\n'}
[14.780869] (moveit_task_constructor_msgs) StdoutLine: {'line': b'-- Installing: /home/vinayak/ws_moveit2/install/moveit_task_constructor_msgs/share/moveit_task_constructor_msgs/action/ExecuteTaskSolution.action\n'}
[14.781050] (moveit_task_constructor_msgs) StdoutLine: {'line': b'-- Installing: /home/vinayak/ws_moveit2/install/moveit_task_constructor_msgs/share/ament_index/resource_index/package_run_dependencies/moveit_task_constructor_msgs\n'}
[14.781232] (moveit_task_constructor_msgs) StdoutLine: {'line': b'-- Installing: /home/vinayak/ws_moveit2/install/moveit_task_constructor_msgs/share/ament_index/resource_index/parent_prefix_path/moveit_task_constructor_msgs\n'}
[14.781355] (moveit_task_constructor_msgs) StdoutLine: {'line': b'-- Installing: /home/vinayak/ws_moveit2/install/moveit_task_constructor_msgs/share/moveit_task_constructor_msgs/environment/ament_prefix_path.sh\n'}
[14.781488] (moveit_task_constructor_msgs) StdoutLine: {'line': b'-- Installing: /home/vinayak/ws_moveit2/install/moveit_task_constructor_msgs/share/moveit_task_constructor_msgs/environment/ament_prefix_path.dsv\n'}
[14.781653] (moveit_task_constructor_msgs) StdoutLine: {'line': b'-- Installing: /home/vinayak/ws_moveit2/install/moveit_task_constructor_msgs/share/moveit_task_constructor_msgs/environment/path.sh\n'}
[14.781787] (moveit_task_constructor_msgs) StdoutLine: {'line': b'-- Installing: /home/vinayak/ws_moveit2/install/moveit_task_constructor_msgs/share/moveit_task_constructor_msgs/environment/path.dsv\n'}
[14.781909] (moveit_task_constructor_msgs) StdoutLine: {'line': b'-- Installing: /home/vinayak/ws_moveit2/install/moveit_task_constructor_msgs/share/moveit_task_constructor_msgs/local_setup.bash\n'}
[14.782029] (moveit_task_constructor_msgs) StdoutLine: {'line': b'-- Installing: /home/vinayak/ws_moveit2/install/moveit_task_constructor_msgs/share/moveit_task_constructor_msgs/local_setup.sh\n'}
[14.782198] (moveit_task_constructor_msgs) StdoutLine: {'line': b'-- Installing: /home/vinayak/ws_moveit2/install/moveit_task_constructor_msgs/share/moveit_task_constructor_msgs/local_setup.zsh\n'}
[14.782332] (moveit_task_constructor_msgs) StdoutLine: {'line': b'-- Installing: /home/vinayak/ws_moveit2/install/moveit_task_constructor_msgs/share/moveit_task_constructor_msgs/local_setup.dsv\n'}
[14.782455] (moveit_task_constructor_msgs) StdoutLine: {'line': b'-- Installing: /home/vinayak/ws_moveit2/install/moveit_task_constructor_msgs/share/moveit_task_constructor_msgs/package.dsv\n'}
[14.782671] (moveit_task_constructor_msgs) StdoutLine: {'line': b'-- Installing: /home/vinayak/ws_moveit2/install/moveit_task_constructor_msgs/share/ament_index/resource_index/packages/moveit_task_constructor_msgs\n'}
[14.782829] (moveit_task_constructor_msgs) StdoutLine: {'line': b'-- Installing: /home/vinayak/ws_moveit2/install/moveit_task_constructor_msgs/share/moveit_task_constructor_msgs/cmake/export_moveit_task_constructor_msgs__rosidl_generator_cExport.cmake\n'}
[14.782984] (moveit_task_constructor_msgs) StdoutLine: {'line': b'-- Installing: /home/vinayak/ws_moveit2/install/moveit_task_constructor_msgs/share/moveit_task_constructor_msgs/cmake/export_moveit_task_constructor_msgs__rosidl_generator_cExport-noconfig.cmake\n'}
[14.783185] (moveit_task_constructor_msgs) StdoutLine: {'line': b'-- Installing: /home/vinayak/ws_moveit2/install/moveit_task_constructor_msgs/share/moveit_task_constructor_msgs/cmake/export_moveit_task_constructor_msgs__rosidl_typesupport_fastrtps_cExport.cmake\n'}
[14.783358] (moveit_task_constructor_msgs) StdoutLine: {'line': b'-- Installing: /home/vinayak/ws_moveit2/install/moveit_task_constructor_msgs/share/moveit_task_constructor_msgs/cmake/export_moveit_task_constructor_msgs__rosidl_typesupport_fastrtps_cExport-noconfig.cmake\n'}
[14.783550] (moveit_task_constructor_msgs) StdoutLine: {'line': b'-- Installing: /home/vinayak/ws_moveit2/install/moveit_task_constructor_msgs/share/moveit_task_constructor_msgs/cmake/export_moveit_task_constructor_msgs__rosidl_generator_cppExport.cmake\n'}
[14.783703] (moveit_task_constructor_msgs) StdoutLine: {'line': b'-- Installing: /home/vinayak/ws_moveit2/install/moveit_task_constructor_msgs/share/moveit_task_constructor_msgs/cmake/export_moveit_task_constructor_msgs__rosidl_typesupport_fastrtps_cppExport.cmake\n'}
[14.783852] (moveit_task_constructor_msgs) StdoutLine: {'line': b'-- Installing: /home/vinayak/ws_moveit2/install/moveit_task_constructor_msgs/share/moveit_task_constructor_msgs/cmake/export_moveit_task_constructor_msgs__rosidl_typesupport_fastrtps_cppExport-noconfig.cmake\n'}
[14.783966] (moveit_task_constructor_msgs) StdoutLine: {'line': b'-- Installing: /home/vinayak/ws_moveit2/install/moveit_task_constructor_msgs/share/moveit_task_constructor_msgs/cmake/moveit_task_constructor_msgs__rosidl_typesupport_introspection_cExport.cmake\n'}
[14.784084] (moveit_task_constructor_msgs) StdoutLine: {'line': b'-- Installing: /home/vinayak/ws_moveit2/install/moveit_task_constructor_msgs/share/moveit_task_constructor_msgs/cmake/moveit_task_constructor_msgs__rosidl_typesupport_introspection_cExport-noconfig.cmake\n'}
[14.784225] (moveit_task_constructor_msgs) StdoutLine: {'line': b'-- Installing: /home/vinayak/ws_moveit2/install/moveit_task_constructor_msgs/share/moveit_task_constructor_msgs/cmake/moveit_task_constructor_msgs__rosidl_typesupport_cExport.cmake\n'}
[14.784383] (moveit_task_constructor_msgs) StdoutLine: {'line': b'-- Installing: /home/vinayak/ws_moveit2/install/moveit_task_constructor_msgs/share/moveit_task_constructor_msgs/cmake/moveit_task_constructor_msgs__rosidl_typesupport_cExport-noconfig.cmake\n'}
[14.784538] (moveit_task_constructor_msgs) StdoutLine: {'line': b'-- Installing: /home/vinayak/ws_moveit2/install/moveit_task_constructor_msgs/share/moveit_task_constructor_msgs/cmake/moveit_task_constructor_msgs__rosidl_typesupport_introspection_cppExport.cmake\n'}
[14.784725] (moveit_task_constructor_msgs) StdoutLine: {'line': b'-- Installing: /home/vinayak/ws_moveit2/install/moveit_task_constructor_msgs/share/moveit_task_constructor_msgs/cmake/moveit_task_constructor_msgs__rosidl_typesupport_introspection_cppExport-noconfig.cmake\n'}
[14.784825] (moveit_task_constructor_msgs) StdoutLine: {'line': b'-- Installing: /home/vinayak/ws_moveit2/install/moveit_task_constructor_msgs/share/moveit_task_constructor_msgs/cmake/moveit_task_constructor_msgs__rosidl_typesupport_cppExport.cmake\n'}
[14.784968] (moveit_task_constructor_msgs) StdoutLine: {'line': b'-- Installing: /home/vinayak/ws_moveit2/install/moveit_task_constructor_msgs/share/moveit_task_constructor_msgs/cmake/moveit_task_constructor_msgs__rosidl_typesupport_cppExport-noconfig.cmake\n'}
[14.785138] (moveit_task_constructor_msgs) StdoutLine: {'line': b'-- Installing: /home/vinayak/ws_moveit2/install/moveit_task_constructor_msgs/share/moveit_task_constructor_msgs/cmake/export_moveit_task_constructor_msgs__rosidl_generator_pyExport.cmake\n'}
[14.785291] (moveit_task_constructor_msgs) StdoutLine: {'line': b'-- Installing: /home/vinayak/ws_moveit2/install/moveit_task_constructor_msgs/share/moveit_task_constructor_msgs/cmake/export_moveit_task_constructor_msgs__rosidl_generator_pyExport-noconfig.cmake\n'}
[14.785411] (moveit_task_constructor_msgs) StdoutLine: {'line': b'-- Installing: /home/vinayak/ws_moveit2/install/moveit_task_constructor_msgs/share/moveit_task_constructor_msgs/cmake/rosidl_cmake-extras.cmake\n'}
[14.785565] (moveit_task_constructor_msgs) StdoutLine: {'line': b'-- Installing: /home/vinayak/ws_moveit2/install/moveit_task_constructor_msgs/share/moveit_task_constructor_msgs/cmake/ament_cmake_export_dependencies-extras.cmake\n'}
[14.785706] (moveit_task_constructor_msgs) StdoutLine: {'line': b'-- Installing: /home/vinayak/ws_moveit2/install/moveit_task_constructor_msgs/share/moveit_task_constructor_msgs/cmake/ament_cmake_export_include_directories-extras.cmake\n'}
[14.785856] (moveit_task_constructor_msgs) StdoutLine: {'line': b'-- Installing: /home/vinayak/ws_moveit2/install/moveit_task_constructor_msgs/share/moveit_task_constructor_msgs/cmake/ament_cmake_export_libraries-extras.cmake\n'}
[14.785976] (moveit_task_constructor_msgs) StdoutLine: {'line': b'-- Installing: /home/vinayak/ws_moveit2/install/moveit_task_constructor_msgs/share/moveit_task_constructor_msgs/cmake/ament_cmake_export_targets-extras.cmake\n'}
[14.786134] (moveit_task_constructor_msgs) StdoutLine: {'line': b'-- Installing: /home/vinayak/ws_moveit2/install/moveit_task_constructor_msgs/share/moveit_task_constructor_msgs/cmake/rosidl_cmake_export_typesupport_targets-extras.cmake\n'}
[14.786249] (moveit_task_constructor_msgs) StdoutLine: {'line': b'-- Installing: /home/vinayak/ws_moveit2/install/moveit_task_constructor_msgs/share/moveit_task_constructor_msgs/cmake/rosidl_cmake_export_typesupport_libraries-extras.cmake\n'}
[14.786393] (moveit_task_constructor_msgs) StdoutLine: {'line': b'-- Installing: /home/vinayak/ws_moveit2/install/moveit_task_constructor_msgs/share/moveit_task_constructor_msgs/cmake/moveit_task_constructor_msgsConfig.cmake\n'}
[14.786495] (moveit_task_constructor_msgs) StdoutLine: {'line': b'-- Installing: /home/vinayak/ws_moveit2/install/moveit_task_constructor_msgs/share/moveit_task_constructor_msgs/cmake/moveit_task_constructor_msgsConfig-version.cmake\n'}
[14.786675] (moveit_task_constructor_msgs) StdoutLine: {'line': b'-- Installing: /home/vinayak/ws_moveit2/install/moveit_task_constructor_msgs/share/moveit_task_constructor_msgs/package.xml\n'}
[14.789012] (moveit_task_constructor_msgs) CommandEnded: {'returncode': 0}
[14.806243] (moveit_task_constructor_msgs) JobEnded: {'identifier': 'moveit_task_constructor_msgs', 'rc': 0}
[14.806548] (-) EventReactorShutdown: {}
