[0.112s] DEBUG:colcon:Command line arguments: ['/usr/bin/colcon', 'build', '--packages-select', 'moveit_task_constructor_msgs']
[0.113s] DEBUG:colcon:Parsed command line arguments: Namespace(log_base=None, log_level=None, verb_name='build', build_base='build', install_base='install', merge_install=False, symlink_install=False, test_result_base=None, continue_on_error=False, executor='parallel', parallel_workers=8, event_handlers=None, ignore_user_meta=False, metas=['./colcon.meta'], base_paths=['.'], packages_ignore=None, packages_ignore_regex=None, paths=None, packages_up_to=None, packages_up_to_regex=None, packages_above=None, packages_above_and_dependencies=None, packages_above_depth=None, packages_select_by_dep=None, packages_skip_by_dep=None, packages_skip_up_to=None, packages_select_build_failed=False, packages_skip_build_finished=False, packages_select_test_failures=False, packages_skip_test_passed=False, packages_select=['moveit_task_constructor_msgs'], packages_skip=None, packages_select_regex=None, packages_skip_regex=None, packages_start=None, packages_end=None, allow_overriding=[], cmake_args=None, cmake_target=None, cmake_target_skip_unavailable=False, cmake_clean_cache=False, cmake_clean_first=False, cmake_force_configure=False, ament_cmake_args=None, catkin_cmake_args=None, catkin_skip_building_tests=False, mixin_files=None, mixin=None, verb_parser=<colcon_mixin.mixin.mixin_argument.MixinArgumentDecorator object at 0x74684eef6e00>, verb_extension=<colcon_core.verb.build.BuildVerb object at 0x74684eef6830>, main=<bound method BuildVerb.main of <colcon_core.verb.build.BuildVerb object at 0x74684eef6830>>, mixin_verb=('build',))
[0.298s] Level 1:colcon.colcon_core.package_discovery:discover_packages(colcon_meta) check parameters
[0.298s] Level 1:colcon.colcon_core.package_discovery:discover_packages(recursive) check parameters
[0.298s] Level 1:colcon.colcon_core.package_discovery:discover_packages(ignore) check parameters
[0.298s] Level 1:colcon.colcon_core.package_discovery:discover_packages(path) check parameters
[0.298s] Level 1:colcon.colcon_core.package_discovery:discover_packages(colcon_meta) discover
[0.298s] Level 1:colcon.colcon_core.package_discovery:discover_packages(recursive) discover
[0.298s] INFO:colcon.colcon_core.package_discovery:Crawling recursively for packages in '/home/vinayak/ws_moveit2'
[0.298s] Level 1:colcon.colcon_core.package_identification:_identify(.) by extensions ['ignore', 'ignore_ament_install']
[0.298s] Level 1:colcon.colcon_core.package_identification:_identify(.) by extension 'ignore'
[0.299s] Level 1:colcon.colcon_core.package_identification:_identify(.) by extension 'ignore_ament_install'
[0.299s] Level 1:colcon.colcon_core.package_identification:_identify(.) by extensions ['colcon_pkg']
[0.299s] Level 1:colcon.colcon_core.package_identification:_identify(.) by extension 'colcon_pkg'
[0.299s] Level 1:colcon.colcon_core.package_identification:_identify(.) by extensions ['colcon_meta']
[0.299s] Level 1:colcon.colcon_core.package_identification:_identify(.) by extension 'colcon_meta'
[0.299s] Level 1:colcon.colcon_core.package_identification:_identify(.) by extensions ['ros']
[0.299s] Level 1:colcon.colcon_core.package_identification:_identify(.) by extension 'ros'
[0.315s] Level 1:colcon.colcon_core.package_identification:_identify(.) by extensions ['cmake', 'python']
[0.315s] Level 1:colcon.colcon_core.package_identification:_identify(.) by extension 'cmake'
[0.315s] Level 1:colcon.colcon_core.package_identification:_identify(.) by extension 'python'
[0.315s] Level 1:colcon.colcon_core.package_identification:_identify(.) by extensions ['python_setup_py']
[0.315s] Level 1:colcon.colcon_core.package_identification:_identify(.) by extension 'python_setup_py'
[0.315s] Level 1:colcon.colcon_core.package_identification:_identify(build) by extensions ['ignore', 'ignore_ament_install']
[0.315s] Level 1:colcon.colcon_core.package_identification:_identify(build) by extension 'ignore'
[0.315s] Level 1:colcon.colcon_core.package_identification:_identify(build) ignored
[0.316s] Level 1:colcon.colcon_core.package_identification:_identify(install) by extensions ['ignore', 'ignore_ament_install']
[0.316s] Level 1:colcon.colcon_core.package_identification:_identify(install) by extension 'ignore'
[0.316s] Level 1:colcon.colcon_core.package_identification:_identify(install) ignored
[0.316s] Level 1:colcon.colcon_core.package_identification:_identify(log) by extensions ['ignore', 'ignore_ament_install']
[0.316s] Level 1:colcon.colcon_core.package_identification:_identify(log) by extension 'ignore'
[0.316s] Level 1:colcon.colcon_core.package_identification:_identify(log) ignored
[0.316s] Level 1:colcon.colcon_core.package_identification:_identify(src) by extensions ['ignore', 'ignore_ament_install']
[0.316s] Level 1:colcon.colcon_core.package_identification:_identify(src) by extension 'ignore'
[0.316s] Level 1:colcon.colcon_core.package_identification:_identify(src) by extension 'ignore_ament_install'
[0.316s] Level 1:colcon.colcon_core.package_identification:_identify(src) by extensions ['colcon_pkg']
[0.316s] Level 1:colcon.colcon_core.package_identification:_identify(src) by extension 'colcon_pkg'
[0.316s] Level 1:colcon.colcon_core.package_identification:_identify(src) by extensions ['colcon_meta']
[0.316s] Level 1:colcon.colcon_core.package_identification:_identify(src) by extension 'colcon_meta'
[0.316s] Level 1:colcon.colcon_core.package_identification:_identify(src) by extensions ['ros']
[0.316s] Level 1:colcon.colcon_core.package_identification:_identify(src) by extension 'ros'
[0.316s] Level 1:colcon.colcon_core.package_identification:_identify(src) by extensions ['cmake', 'python']
[0.316s] Level 1:colcon.colcon_core.package_identification:_identify(src) by extension 'cmake'
[0.316s] Level 1:colcon.colcon_core.package_identification:_identify(src) by extension 'python'
[0.316s] Level 1:colcon.colcon_core.package_identification:_identify(src) by extensions ['python_setup_py']
[0.316s] Level 1:colcon.colcon_core.package_identification:_identify(src) by extension 'python_setup_py'
[0.317s] Level 1:colcon.colcon_core.package_identification:_identify(src/Universal_Robots_ROS2_Driver) by extensions ['ignore', 'ignore_ament_install']
[0.317s] Level 1:colcon.colcon_core.package_identification:_identify(src/Universal_Robots_ROS2_Driver) by extension 'ignore'
[0.317s] Level 1:colcon.colcon_core.package_identification:_identify(src/Universal_Robots_ROS2_Driver) by extension 'ignore_ament_install'
[0.317s] Level 1:colcon.colcon_core.package_identification:_identify(src/Universal_Robots_ROS2_Driver) by extensions ['colcon_pkg']
[0.317s] Level 1:colcon.colcon_core.package_identification:_identify(src/Universal_Robots_ROS2_Driver) by extension 'colcon_pkg'
[0.317s] Level 1:colcon.colcon_core.package_identification:_identify(src/Universal_Robots_ROS2_Driver) by extensions ['colcon_meta']
[0.317s] Level 1:colcon.colcon_core.package_identification:_identify(src/Universal_Robots_ROS2_Driver) by extension 'colcon_meta'
[0.317s] Level 1:colcon.colcon_core.package_identification:_identify(src/Universal_Robots_ROS2_Driver) by extensions ['ros']
[0.317s] Level 1:colcon.colcon_core.package_identification:_identify(src/Universal_Robots_ROS2_Driver) by extension 'ros'
[0.317s] Level 1:colcon.colcon_core.package_identification:_identify(src/Universal_Robots_ROS2_Driver) by extensions ['cmake', 'python']
[0.317s] Level 1:colcon.colcon_core.package_identification:_identify(src/Universal_Robots_ROS2_Driver) by extension 'cmake'
[0.317s] Level 1:colcon.colcon_core.package_identification:_identify(src/Universal_Robots_ROS2_Driver) by extension 'python'
[0.317s] Level 1:colcon.colcon_core.package_identification:_identify(src/Universal_Robots_ROS2_Driver) by extensions ['python_setup_py']
[0.317s] Level 1:colcon.colcon_core.package_identification:_identify(src/Universal_Robots_ROS2_Driver) by extension 'python_setup_py'
[0.317s] Level 1:colcon.colcon_core.package_identification:_identify(src/Universal_Robots_ROS2_Driver/ur) by extensions ['ignore', 'ignore_ament_install']
[0.317s] Level 1:colcon.colcon_core.package_identification:_identify(src/Universal_Robots_ROS2_Driver/ur) by extension 'ignore'
[0.317s] Level 1:colcon.colcon_core.package_identification:_identify(src/Universal_Robots_ROS2_Driver/ur) by extension 'ignore_ament_install'
[0.317s] Level 1:colcon.colcon_core.package_identification:_identify(src/Universal_Robots_ROS2_Driver/ur) by extensions ['colcon_pkg']
[0.317s] Level 1:colcon.colcon_core.package_identification:_identify(src/Universal_Robots_ROS2_Driver/ur) by extension 'colcon_pkg'
[0.317s] Level 1:colcon.colcon_core.package_identification:_identify(src/Universal_Robots_ROS2_Driver/ur) by extensions ['colcon_meta']
[0.317s] Level 1:colcon.colcon_core.package_identification:_identify(src/Universal_Robots_ROS2_Driver/ur) by extension 'colcon_meta'
[0.317s] Level 1:colcon.colcon_core.package_identification:_identify(src/Universal_Robots_ROS2_Driver/ur) by extensions ['ros']
[0.317s] Level 1:colcon.colcon_core.package_identification:_identify(src/Universal_Robots_ROS2_Driver/ur) by extension 'ros'
[0.320s] DEBUG:colcon.colcon_core.package_identification:Package 'src/Universal_Robots_ROS2_Driver/ur' with type 'ros.ament_cmake' and name 'ur'
[0.320s] Level 1:colcon.colcon_core.package_identification:_identify(src/Universal_Robots_ROS2_Driver/ur_bringup) by extensions ['ignore', 'ignore_ament_install']
[0.320s] Level 1:colcon.colcon_core.package_identification:_identify(src/Universal_Robots_ROS2_Driver/ur_bringup) by extension 'ignore'
[0.320s] Level 1:colcon.colcon_core.package_identification:_identify(src/Universal_Robots_ROS2_Driver/ur_bringup) by extension 'ignore_ament_install'
[0.320s] Level 1:colcon.colcon_core.package_identification:_identify(src/Universal_Robots_ROS2_Driver/ur_bringup) by extensions ['colcon_pkg']
[0.320s] Level 1:colcon.colcon_core.package_identification:_identify(src/Universal_Robots_ROS2_Driver/ur_bringup) by extension 'colcon_pkg'
[0.320s] Level 1:colcon.colcon_core.package_identification:_identify(src/Universal_Robots_ROS2_Driver/ur_bringup) by extensions ['colcon_meta']
[0.320s] Level 1:colcon.colcon_core.package_identification:_identify(src/Universal_Robots_ROS2_Driver/ur_bringup) by extension 'colcon_meta'
[0.320s] Level 1:colcon.colcon_core.package_identification:_identify(src/Universal_Robots_ROS2_Driver/ur_bringup) by extensions ['ros']
[0.320s] Level 1:colcon.colcon_core.package_identification:_identify(src/Universal_Robots_ROS2_Driver/ur_bringup) by extension 'ros'
[0.321s] DEBUG:colcon.colcon_core.package_identification:Package 'src/Universal_Robots_ROS2_Driver/ur_bringup' with type 'ros.ament_cmake' and name 'ur_bringup'
[0.321s] Level 1:colcon.colcon_core.package_identification:_identify(src/Universal_Robots_ROS2_Driver/ur_calibration) by extensions ['ignore', 'ignore_ament_install']
[0.321s] Level 1:colcon.colcon_core.package_identification:_identify(src/Universal_Robots_ROS2_Driver/ur_calibration) by extension 'ignore'
[0.321s] Level 1:colcon.colcon_core.package_identification:_identify(src/Universal_Robots_ROS2_Driver/ur_calibration) by extension 'ignore_ament_install'
[0.321s] Level 1:colcon.colcon_core.package_identification:_identify(src/Universal_Robots_ROS2_Driver/ur_calibration) by extensions ['colcon_pkg']
[0.321s] Level 1:colcon.colcon_core.package_identification:_identify(src/Universal_Robots_ROS2_Driver/ur_calibration) by extension 'colcon_pkg'
[0.321s] Level 1:colcon.colcon_core.package_identification:_identify(src/Universal_Robots_ROS2_Driver/ur_calibration) by extensions ['colcon_meta']
[0.321s] Level 1:colcon.colcon_core.package_identification:_identify(src/Universal_Robots_ROS2_Driver/ur_calibration) by extension 'colcon_meta'
[0.322s] Level 1:colcon.colcon_core.package_identification:_identify(src/Universal_Robots_ROS2_Driver/ur_calibration) by extensions ['ros']
[0.322s] Level 1:colcon.colcon_core.package_identification:_identify(src/Universal_Robots_ROS2_Driver/ur_calibration) by extension 'ros'
[0.322s] DEBUG:colcon.colcon_core.package_identification:Package 'src/Universal_Robots_ROS2_Driver/ur_calibration' with type 'ros.ament_cmake' and name 'ur_calibration'
[0.322s] Level 1:colcon.colcon_core.package_identification:_identify(src/Universal_Robots_ROS2_Driver/ur_controllers) by extensions ['ignore', 'ignore_ament_install']
[0.322s] Level 1:colcon.colcon_core.package_identification:_identify(src/Universal_Robots_ROS2_Driver/ur_controllers) by extension 'ignore'
[0.323s] Level 1:colcon.colcon_core.package_identification:_identify(src/Universal_Robots_ROS2_Driver/ur_controllers) by extension 'ignore_ament_install'
[0.323s] Level 1:colcon.colcon_core.package_identification:_identify(src/Universal_Robots_ROS2_Driver/ur_controllers) by extensions ['colcon_pkg']
[0.323s] Level 1:colcon.colcon_core.package_identification:_identify(src/Universal_Robots_ROS2_Driver/ur_controllers) by extension 'colcon_pkg'
[0.323s] Level 1:colcon.colcon_core.package_identification:_identify(src/Universal_Robots_ROS2_Driver/ur_controllers) by extensions ['colcon_meta']
[0.323s] Level 1:colcon.colcon_core.package_identification:_identify(src/Universal_Robots_ROS2_Driver/ur_controllers) by extension 'colcon_meta'
[0.323s] Level 1:colcon.colcon_core.package_identification:_identify(src/Universal_Robots_ROS2_Driver/ur_controllers) by extensions ['ros']
[0.323s] Level 1:colcon.colcon_core.package_identification:_identify(src/Universal_Robots_ROS2_Driver/ur_controllers) by extension 'ros'
[0.324s] DEBUG:colcon.colcon_core.package_identification:Package 'src/Universal_Robots_ROS2_Driver/ur_controllers' with type 'ros.ament_cmake' and name 'ur_controllers'
[0.324s] Level 1:colcon.colcon_core.package_identification:_identify(src/Universal_Robots_ROS2_Driver/ur_dashboard_msgs) by extensions ['ignore', 'ignore_ament_install']
[0.324s] Level 1:colcon.colcon_core.package_identification:_identify(src/Universal_Robots_ROS2_Driver/ur_dashboard_msgs) by extension 'ignore'
[0.324s] Level 1:colcon.colcon_core.package_identification:_identify(src/Universal_Robots_ROS2_Driver/ur_dashboard_msgs) by extension 'ignore_ament_install'
[0.324s] Level 1:colcon.colcon_core.package_identification:_identify(src/Universal_Robots_ROS2_Driver/ur_dashboard_msgs) by extensions ['colcon_pkg']
[0.324s] Level 1:colcon.colcon_core.package_identification:_identify(src/Universal_Robots_ROS2_Driver/ur_dashboard_msgs) by extension 'colcon_pkg'
[0.325s] Level 1:colcon.colcon_core.package_identification:_identify(src/Universal_Robots_ROS2_Driver/ur_dashboard_msgs) by extensions ['colcon_meta']
[0.325s] Level 1:colcon.colcon_core.package_identification:_identify(src/Universal_Robots_ROS2_Driver/ur_dashboard_msgs) by extension 'colcon_meta'
[0.325s] Level 1:colcon.colcon_core.package_identification:_identify(src/Universal_Robots_ROS2_Driver/ur_dashboard_msgs) by extensions ['ros']
[0.325s] Level 1:colcon.colcon_core.package_identification:_identify(src/Universal_Robots_ROS2_Driver/ur_dashboard_msgs) by extension 'ros'
[0.325s] DEBUG:colcon.colcon_core.package_identification:Package 'src/Universal_Robots_ROS2_Driver/ur_dashboard_msgs' with type 'ros.ament_cmake' and name 'ur_dashboard_msgs'
[0.325s] Level 1:colcon.colcon_core.package_identification:_identify(src/Universal_Robots_ROS2_Driver/ur_moveit_config) by extensions ['ignore', 'ignore_ament_install']
[0.325s] Level 1:colcon.colcon_core.package_identification:_identify(src/Universal_Robots_ROS2_Driver/ur_moveit_config) by extension 'ignore'
[0.325s] Level 1:colcon.colcon_core.package_identification:_identify(src/Universal_Robots_ROS2_Driver/ur_moveit_config) by extension 'ignore_ament_install'
[0.325s] Level 1:colcon.colcon_core.package_identification:_identify(src/Universal_Robots_ROS2_Driver/ur_moveit_config) by extensions ['colcon_pkg']
[0.325s] Level 1:colcon.colcon_core.package_identification:_identify(src/Universal_Robots_ROS2_Driver/ur_moveit_config) by extension 'colcon_pkg'
[0.325s] Level 1:colcon.colcon_core.package_identification:_identify(src/Universal_Robots_ROS2_Driver/ur_moveit_config) by extensions ['colcon_meta']
[0.326s] Level 1:colcon.colcon_core.package_identification:_identify(src/Universal_Robots_ROS2_Driver/ur_moveit_config) by extension 'colcon_meta'
[0.326s] Level 1:colcon.colcon_core.package_identification:_identify(src/Universal_Robots_ROS2_Driver/ur_moveit_config) by extensions ['ros']
[0.326s] Level 1:colcon.colcon_core.package_identification:_identify(src/Universal_Robots_ROS2_Driver/ur_moveit_config) by extension 'ros'
[0.326s] DEBUG:colcon.colcon_core.package_identification:Package 'src/Universal_Robots_ROS2_Driver/ur_moveit_config' with type 'ros.ament_cmake' and name 'ur_moveit_config'
[0.326s] Level 1:colcon.colcon_core.package_identification:_identify(src/Universal_Robots_ROS2_Driver/ur_robot_driver) by extensions ['ignore', 'ignore_ament_install']
[0.326s] Level 1:colcon.colcon_core.package_identification:_identify(src/Universal_Robots_ROS2_Driver/ur_robot_driver) by extension 'ignore'
[0.326s] Level 1:colcon.colcon_core.package_identification:_identify(src/Universal_Robots_ROS2_Driver/ur_robot_driver) by extension 'ignore_ament_install'
[0.326s] Level 1:colcon.colcon_core.package_identification:_identify(src/Universal_Robots_ROS2_Driver/ur_robot_driver) by extensions ['colcon_pkg']
[0.326s] Level 1:colcon.colcon_core.package_identification:_identify(src/Universal_Robots_ROS2_Driver/ur_robot_driver) by extension 'colcon_pkg'
[0.327s] Level 1:colcon.colcon_core.package_identification:_identify(src/Universal_Robots_ROS2_Driver/ur_robot_driver) by extensions ['colcon_meta']
[0.327s] Level 1:colcon.colcon_core.package_identification:_identify(src/Universal_Robots_ROS2_Driver/ur_robot_driver) by extension 'colcon_meta'
[0.327s] Level 1:colcon.colcon_core.package_identification:_identify(src/Universal_Robots_ROS2_Driver/ur_robot_driver) by extensions ['ros']
[0.327s] Level 1:colcon.colcon_core.package_identification:_identify(src/Universal_Robots_ROS2_Driver/ur_robot_driver) by extension 'ros'
[0.329s] DEBUG:colcon.colcon_core.package_identification:Package 'src/Universal_Robots_ROS2_Driver/ur_robot_driver' with type 'ros.ament_cmake' and name 'ur_robot_driver'
[0.329s] Level 1:colcon.colcon_core.package_identification:_identify(src/launch_param_builder) by extensions ['ignore', 'ignore_ament_install']
[0.329s] Level 1:colcon.colcon_core.package_identification:_identify(src/launch_param_builder) by extension 'ignore'
[0.329s] Level 1:colcon.colcon_core.package_identification:_identify(src/launch_param_builder) by extension 'ignore_ament_install'
[0.329s] Level 1:colcon.colcon_core.package_identification:_identify(src/launch_param_builder) by extensions ['colcon_pkg']
[0.329s] Level 1:colcon.colcon_core.package_identification:_identify(src/launch_param_builder) by extension 'colcon_pkg'
[0.329s] Level 1:colcon.colcon_core.package_identification:_identify(src/launch_param_builder) by extensions ['colcon_meta']
[0.329s] Level 1:colcon.colcon_core.package_identification:_identify(src/launch_param_builder) by extension 'colcon_meta'
[0.330s] Level 1:colcon.colcon_core.package_identification:_identify(src/launch_param_builder) by extensions ['ros']
[0.330s] Level 1:colcon.colcon_core.package_identification:_identify(src/launch_param_builder) by extension 'ros'
[0.330s] DEBUG:colcon.colcon_core.package_identification:Package 'src/launch_param_builder' with type 'ros.ament_python' and name 'launch_param_builder'
[0.330s] Level 1:colcon.colcon_core.package_identification:_identify(src/moveit2) by extensions ['ignore', 'ignore_ament_install']
[0.330s] Level 1:colcon.colcon_core.package_identification:_identify(src/moveit2) by extension 'ignore'
[0.330s] Level 1:colcon.colcon_core.package_identification:_identify(src/moveit2) by extension 'ignore_ament_install'
[0.330s] Level 1:colcon.colcon_core.package_identification:_identify(src/moveit2) by extensions ['colcon_pkg']
[0.330s] Level 1:colcon.colcon_core.package_identification:_identify(src/moveit2) by extension 'colcon_pkg'
[0.330s] Level 1:colcon.colcon_core.package_identification:_identify(src/moveit2) by extensions ['colcon_meta']
[0.330s] Level 1:colcon.colcon_core.package_identification:_identify(src/moveit2) by extension 'colcon_meta'
[0.330s] Level 1:colcon.colcon_core.package_identification:_identify(src/moveit2) by extensions ['ros']
[0.330s] Level 1:colcon.colcon_core.package_identification:_identify(src/moveit2) by extension 'ros'
[0.331s] Level 1:colcon.colcon_core.package_identification:_identify(src/moveit2) by extensions ['cmake', 'python']
[0.331s] Level 1:colcon.colcon_core.package_identification:_identify(src/moveit2) by extension 'cmake'
[0.331s] Level 1:colcon.colcon_core.package_identification:_identify(src/moveit2) by extension 'python'
[0.331s] Level 1:colcon.colcon_core.package_identification:_identify(src/moveit2) by extensions ['python_setup_py']
[0.331s] Level 1:colcon.colcon_core.package_identification:_identify(src/moveit2) by extension 'python_setup_py'
[0.331s] Level 1:colcon.colcon_core.package_identification:_identify(src/moveit2/doc) by extensions ['ignore', 'ignore_ament_install']
[0.331s] Level 1:colcon.colcon_core.package_identification:_identify(src/moveit2/doc) by extension 'ignore'
[0.331s] Level 1:colcon.colcon_core.package_identification:_identify(src/moveit2/doc) by extension 'ignore_ament_install'
[0.331s] Level 1:colcon.colcon_core.package_identification:_identify(src/moveit2/doc) by extensions ['colcon_pkg']
[0.331s] Level 1:colcon.colcon_core.package_identification:_identify(src/moveit2/doc) by extension 'colcon_pkg'
[0.331s] Level 1:colcon.colcon_core.package_identification:_identify(src/moveit2/doc) by extensions ['colcon_meta']
[0.331s] Level 1:colcon.colcon_core.package_identification:_identify(src/moveit2/doc) by extension 'colcon_meta'
[0.331s] Level 1:colcon.colcon_core.package_identification:_identify(src/moveit2/doc) by extensions ['ros']
[0.331s] Level 1:colcon.colcon_core.package_identification:_identify(src/moveit2/doc) by extension 'ros'
[0.331s] Level 1:colcon.colcon_core.package_identification:_identify(src/moveit2/doc) by extensions ['cmake', 'python']
[0.331s] Level 1:colcon.colcon_core.package_identification:_identify(src/moveit2/doc) by extension 'cmake'
[0.331s] Level 1:colcon.colcon_core.package_identification:_identify(src/moveit2/doc) by extension 'python'
[0.331s] Level 1:colcon.colcon_core.package_identification:_identify(src/moveit2/doc) by extensions ['python_setup_py']
[0.331s] Level 1:colcon.colcon_core.package_identification:_identify(src/moveit2/doc) by extension 'python_setup_py'
[0.331s] Level 1:colcon.colcon_core.package_identification:_identify(src/moveit2/moveit) by extensions ['ignore', 'ignore_ament_install']
[0.331s] Level 1:colcon.colcon_core.package_identification:_identify(src/moveit2/moveit) by extension 'ignore'
[0.331s] Level 1:colcon.colcon_core.package_identification:_identify(src/moveit2/moveit) by extension 'ignore_ament_install'
[0.332s] Level 1:colcon.colcon_core.package_identification:_identify(src/moveit2/moveit) by extensions ['colcon_pkg']
[0.332s] Level 1:colcon.colcon_core.package_identification:_identify(src/moveit2/moveit) by extension 'colcon_pkg'
[0.332s] Level 1:colcon.colcon_core.package_identification:_identify(src/moveit2/moveit) by extensions ['colcon_meta']
[0.332s] Level 1:colcon.colcon_core.package_identification:_identify(src/moveit2/moveit) by extension 'colcon_meta'
[0.332s] Level 1:colcon.colcon_core.package_identification:_identify(src/moveit2/moveit) by extensions ['ros']
[0.332s] Level 1:colcon.colcon_core.package_identification:_identify(src/moveit2/moveit) by extension 'ros'
[0.332s] DEBUG:colcon.colcon_core.package_identification:Package 'src/moveit2/moveit' with type 'ros.ament_cmake' and name 'moveit'
[0.332s] Level 1:colcon.colcon_core.package_identification:_identify(src/moveit2/moveit_commander) by extensions ['ignore', 'ignore_ament_install']
[0.332s] Level 1:colcon.colcon_core.package_identification:_identify(src/moveit2/moveit_commander) by extension 'ignore'
[0.332s] Level 1:colcon.colcon_core.package_identification:_identify(src/moveit2/moveit_commander) ignored
[0.333s] Level 1:colcon.colcon_core.package_identification:_identify(src/moveit2/moveit_common) by extensions ['ignore', 'ignore_ament_install']
[0.333s] Level 1:colcon.colcon_core.package_identification:_identify(src/moveit2/moveit_common) by extension 'ignore'
[0.333s] Level 1:colcon.colcon_core.package_identification:_identify(src/moveit2/moveit_common) by extension 'ignore_ament_install'
[0.333s] Level 1:colcon.colcon_core.package_identification:_identify(src/moveit2/moveit_common) by extensions ['colcon_pkg']
[0.333s] Level 1:colcon.colcon_core.package_identification:_identify(src/moveit2/moveit_common) by extension 'colcon_pkg'
[0.333s] Level 1:colcon.colcon_core.package_identification:_identify(src/moveit2/moveit_common) by extensions ['colcon_meta']
[0.333s] Level 1:colcon.colcon_core.package_identification:_identify(src/moveit2/moveit_common) by extension 'colcon_meta'
[0.333s] Level 1:colcon.colcon_core.package_identification:_identify(src/moveit2/moveit_common) by extensions ['ros']
[0.333s] Level 1:colcon.colcon_core.package_identification:_identify(src/moveit2/moveit_common) by extension 'ros'
[0.334s] DEBUG:colcon.colcon_core.package_identification:Package 'src/moveit2/moveit_common' with type 'ros.ament_cmake' and name 'moveit_common'
[0.334s] Level 1:colcon.colcon_core.package_identification:_identify(src/moveit2/moveit_configs_utils) by extensions ['ignore', 'ignore_ament_install']
[0.334s] Level 1:colcon.colcon_core.package_identification:_identify(src/moveit2/moveit_configs_utils) by extension 'ignore'
[0.334s] Level 1:colcon.colcon_core.package_identification:_identify(src/moveit2/moveit_configs_utils) by extension 'ignore_ament_install'
[0.334s] Level 1:colcon.colcon_core.package_identification:_identify(src/moveit2/moveit_configs_utils) by extensions ['colcon_pkg']
[0.334s] Level 1:colcon.colcon_core.package_identification:_identify(src/moveit2/moveit_configs_utils) by extension 'colcon_pkg'
[0.334s] Level 1:colcon.colcon_core.package_identification:_identify(src/moveit2/moveit_configs_utils) by extensions ['colcon_meta']
[0.334s] Level 1:colcon.colcon_core.package_identification:_identify(src/moveit2/moveit_configs_utils) by extension 'colcon_meta'
[0.334s] Level 1:colcon.colcon_core.package_identification:_identify(src/moveit2/moveit_configs_utils) by extensions ['ros']
[0.334s] Level 1:colcon.colcon_core.package_identification:_identify(src/moveit2/moveit_configs_utils) by extension 'ros'
[0.334s] DEBUG:colcon.colcon_core.package_identification:Package 'src/moveit2/moveit_configs_utils' with type 'ros.ament_python' and name 'moveit_configs_utils'
[0.335s] Level 1:colcon.colcon_core.package_identification:_identify(src/moveit2/moveit_core) by extensions ['ignore', 'ignore_ament_install']
[0.335s] Level 1:colcon.colcon_core.package_identification:_identify(src/moveit2/moveit_core) by extension 'ignore'
[0.335s] Level 1:colcon.colcon_core.package_identification:_identify(src/moveit2/moveit_core) by extension 'ignore_ament_install'
[0.335s] Level 1:colcon.colcon_core.package_identification:_identify(src/moveit2/moveit_core) by extensions ['colcon_pkg']
[0.335s] Level 1:colcon.colcon_core.package_identification:_identify(src/moveit2/moveit_core) by extension 'colcon_pkg'
[0.335s] Level 1:colcon.colcon_core.package_identification:_identify(src/moveit2/moveit_core) by extensions ['colcon_meta']
[0.335s] Level 1:colcon.colcon_core.package_identification:_identify(src/moveit2/moveit_core) by extension 'colcon_meta'
[0.335s] Level 1:colcon.colcon_core.package_identification:_identify(src/moveit2/moveit_core) by extensions ['ros']
[0.335s] Level 1:colcon.colcon_core.package_identification:_identify(src/moveit2/moveit_core) by extension 'ros'
[0.338s] DEBUG:colcon.colcon_core.package_identification:Package 'src/moveit2/moveit_core' with type 'ros.ament_cmake' and name 'moveit_core'
[0.338s] Level 1:colcon.colcon_core.package_identification:_identify(src/moveit2/moveit_experimental) by extensions ['ignore', 'ignore_ament_install']
[0.338s] Level 1:colcon.colcon_core.package_identification:_identify(src/moveit2/moveit_experimental) by extension 'ignore'
[0.338s] Level 1:colcon.colcon_core.package_identification:_identify(src/moveit2/moveit_experimental) ignored
[0.338s] Level 1:colcon.colcon_core.package_identification:_identify(src/moveit2/moveit_kinematics) by extensions ['ignore', 'ignore_ament_install']
[0.338s] Level 1:colcon.colcon_core.package_identification:_identify(src/moveit2/moveit_kinematics) by extension 'ignore'
[0.338s] Level 1:colcon.colcon_core.package_identification:_identify(src/moveit2/moveit_kinematics) by extension 'ignore_ament_install'
[0.339s] Level 1:colcon.colcon_core.package_identification:_identify(src/moveit2/moveit_kinematics) by extensions ['colcon_pkg']
[0.339s] Level 1:colcon.colcon_core.package_identification:_identify(src/moveit2/moveit_kinematics) by extension 'colcon_pkg'
[0.339s] Level 1:colcon.colcon_core.package_identification:_identify(src/moveit2/moveit_kinematics) by extensions ['colcon_meta']
[0.339s] Level 1:colcon.colcon_core.package_identification:_identify(src/moveit2/moveit_kinematics) by extension 'colcon_meta'
[0.339s] Level 1:colcon.colcon_core.package_identification:_identify(src/moveit2/moveit_kinematics) by extensions ['ros']
[0.339s] Level 1:colcon.colcon_core.package_identification:_identify(src/moveit2/moveit_kinematics) by extension 'ros'
[0.340s] DEBUG:colcon.colcon_core.package_identification:Package 'src/moveit2/moveit_kinematics' with type 'ros.ament_cmake' and name 'moveit_kinematics'
[0.340s] Level 1:colcon.colcon_core.package_identification:_identify(src/moveit2/moveit_planners) by extensions ['ignore', 'ignore_ament_install']
[0.340s] Level 1:colcon.colcon_core.package_identification:_identify(src/moveit2/moveit_planners) by extension 'ignore'
[0.340s] Level 1:colcon.colcon_core.package_identification:_identify(src/moveit2/moveit_planners) by extension 'ignore_ament_install'
[0.340s] Level 1:colcon.colcon_core.package_identification:_identify(src/moveit2/moveit_planners) by extensions ['colcon_pkg']
[0.340s] Level 1:colcon.colcon_core.package_identification:_identify(src/moveit2/moveit_planners) by extension 'colcon_pkg'
[0.340s] Level 1:colcon.colcon_core.package_identification:_identify(src/moveit2/moveit_planners) by extensions ['colcon_meta']
[0.340s] Level 1:colcon.colcon_core.package_identification:_identify(src/moveit2/moveit_planners) by extension 'colcon_meta'
[0.340s] Level 1:colcon.colcon_core.package_identification:_identify(src/moveit2/moveit_planners) by extensions ['ros']
[0.340s] Level 1:colcon.colcon_core.package_identification:_identify(src/moveit2/moveit_planners) by extension 'ros'
[0.340s] Level 1:colcon.colcon_core.package_identification:_identify(src/moveit2/moveit_planners) by extensions ['cmake', 'python']
[0.340s] Level 1:colcon.colcon_core.package_identification:_identify(src/moveit2/moveit_planners) by extension 'cmake'
[0.340s] Level 1:colcon.colcon_core.package_identification:_identify(src/moveit2/moveit_planners) by extension 'python'
[0.340s] Level 1:colcon.colcon_core.package_identification:_identify(src/moveit2/moveit_planners) by extensions ['python_setup_py']
[0.340s] Level 1:colcon.colcon_core.package_identification:_identify(src/moveit2/moveit_planners) by extension 'python_setup_py'
[0.341s] Level 1:colcon.colcon_core.package_identification:_identify(src/moveit2/moveit_planners/chomp) by extensions ['ignore', 'ignore_ament_install']
[0.341s] Level 1:colcon.colcon_core.package_identification:_identify(src/moveit2/moveit_planners/chomp) by extension 'ignore'
[0.341s] Level 1:colcon.colcon_core.package_identification:_identify(src/moveit2/moveit_planners/chomp) by extension 'ignore_ament_install'
[0.341s] Level 1:colcon.colcon_core.package_identification:_identify(src/moveit2/moveit_planners/chomp) by extensions ['colcon_pkg']
[0.341s] Level 1:colcon.colcon_core.package_identification:_identify(src/moveit2/moveit_planners/chomp) by extension 'colcon_pkg'
[0.341s] Level 1:colcon.colcon_core.package_identification:_identify(src/moveit2/moveit_planners/chomp) by extensions ['colcon_meta']
[0.341s] Level 1:colcon.colcon_core.package_identification:_identify(src/moveit2/moveit_planners/chomp) by extension 'colcon_meta'
[0.341s] Level 1:colcon.colcon_core.package_identification:_identify(src/moveit2/moveit_planners/chomp) by extensions ['ros']
[0.341s] Level 1:colcon.colcon_core.package_identification:_identify(src/moveit2/moveit_planners/chomp) by extension 'ros'
[0.341s] Level 1:colcon.colcon_core.package_identification:_identify(src/moveit2/moveit_planners/chomp) by extensions ['cmake', 'python']
[0.341s] Level 1:colcon.colcon_core.package_identification:_identify(src/moveit2/moveit_planners/chomp) by extension 'cmake'
[0.341s] Level 1:colcon.colcon_core.package_identification:_identify(src/moveit2/moveit_planners/chomp) by extension 'python'
[0.341s] Level 1:colcon.colcon_core.package_identification:_identify(src/moveit2/moveit_planners/chomp) by extensions ['python_setup_py']
[0.341s] Level 1:colcon.colcon_core.package_identification:_identify(src/moveit2/moveit_planners/chomp) by extension 'python_setup_py'
[0.341s] Level 1:colcon.colcon_core.package_identification:_identify(src/moveit2/moveit_planners/chomp/chomp_interface) by extensions ['ignore', 'ignore_ament_install']
[0.341s] Level 1:colcon.colcon_core.package_identification:_identify(src/moveit2/moveit_planners/chomp/chomp_interface) by extension 'ignore'
[0.341s] Level 1:colcon.colcon_core.package_identification:_identify(src/moveit2/moveit_planners/chomp/chomp_interface) by extension 'ignore_ament_install'
[0.341s] Level 1:colcon.colcon_core.package_identification:_identify(src/moveit2/moveit_planners/chomp/chomp_interface) by extensions ['colcon_pkg']
[0.341s] Level 1:colcon.colcon_core.package_identification:_identify(src/moveit2/moveit_planners/chomp/chomp_interface) by extension 'colcon_pkg'
[0.341s] Level 1:colcon.colcon_core.package_identification:_identify(src/moveit2/moveit_planners/chomp/chomp_interface) by extensions ['colcon_meta']
[0.341s] Level 1:colcon.colcon_core.package_identification:_identify(src/moveit2/moveit_planners/chomp/chomp_interface) by extension 'colcon_meta'
[0.341s] Level 1:colcon.colcon_core.package_identification:_identify(src/moveit2/moveit_planners/chomp/chomp_interface) by extensions ['ros']
[0.341s] Level 1:colcon.colcon_core.package_identification:_identify(src/moveit2/moveit_planners/chomp/chomp_interface) by extension 'ros'
[0.342s] DEBUG:colcon.colcon_core.package_identification:Package 'src/moveit2/moveit_planners/chomp/chomp_interface' with type 'ros.ament_cmake' and name 'moveit_planners_chomp'
[0.342s] Level 1:colcon.colcon_core.package_identification:_identify(src/moveit2/moveit_planners/chomp/chomp_motion_planner) by extensions ['ignore', 'ignore_ament_install']
[0.342s] Level 1:colcon.colcon_core.package_identification:_identify(src/moveit2/moveit_planners/chomp/chomp_motion_planner) by extension 'ignore'
[0.342s] Level 1:colcon.colcon_core.package_identification:_identify(src/moveit2/moveit_planners/chomp/chomp_motion_planner) by extension 'ignore_ament_install'
[0.342s] Level 1:colcon.colcon_core.package_identification:_identify(src/moveit2/moveit_planners/chomp/chomp_motion_planner) by extensions ['colcon_pkg']
[0.342s] Level 1:colcon.colcon_core.package_identification:_identify(src/moveit2/moveit_planners/chomp/chomp_motion_planner) by extension 'colcon_pkg'
[0.343s] Level 1:colcon.colcon_core.package_identification:_identify(src/moveit2/moveit_planners/chomp/chomp_motion_planner) by extensions ['colcon_meta']
[0.343s] Level 1:colcon.colcon_core.package_identification:_identify(src/moveit2/moveit_planners/chomp/chomp_motion_planner) by extension 'colcon_meta'
[0.343s] Level 1:colcon.colcon_core.package_identification:_identify(src/moveit2/moveit_planners/chomp/chomp_motion_planner) by extensions ['ros']
[0.343s] Level 1:colcon.colcon_core.package_identification:_identify(src/moveit2/moveit_planners/chomp/chomp_motion_planner) by extension 'ros'
[0.344s] DEBUG:colcon.colcon_core.package_identification:Package 'src/moveit2/moveit_planners/chomp/chomp_motion_planner' with type 'ros.ament_cmake' and name 'chomp_motion_planner'
[0.344s] Level 1:colcon.colcon_core.package_identification:_identify(src/moveit2/moveit_planners/chomp/chomp_optimizer_adapter) by extensions ['ignore', 'ignore_ament_install']
[0.344s] Level 1:colcon.colcon_core.package_identification:_identify(src/moveit2/moveit_planners/chomp/chomp_optimizer_adapter) by extension 'ignore'
[0.344s] Level 1:colcon.colcon_core.package_identification:_identify(src/moveit2/moveit_planners/chomp/chomp_optimizer_adapter) by extension 'ignore_ament_install'
[0.344s] Level 1:colcon.colcon_core.package_identification:_identify(src/moveit2/moveit_planners/chomp/chomp_optimizer_adapter) by extensions ['colcon_pkg']
[0.344s] Level 1:colcon.colcon_core.package_identification:_identify(src/moveit2/moveit_planners/chomp/chomp_optimizer_adapter) by extension 'colcon_pkg'
[0.344s] Level 1:colcon.colcon_core.package_identification:_identify(src/moveit2/moveit_planners/chomp/chomp_optimizer_adapter) by extensions ['colcon_meta']
[0.344s] Level 1:colcon.colcon_core.package_identification:_identify(src/moveit2/moveit_planners/chomp/chomp_optimizer_adapter) by extension 'colcon_meta'
[0.344s] Level 1:colcon.colcon_core.package_identification:_identify(src/moveit2/moveit_planners/chomp/chomp_optimizer_adapter) by extensions ['ros']
[0.344s] Level 1:colcon.colcon_core.package_identification:_identify(src/moveit2/moveit_planners/chomp/chomp_optimizer_adapter) by extension 'ros'
[0.345s] DEBUG:colcon.colcon_core.package_identification:Package 'src/moveit2/moveit_planners/chomp/chomp_optimizer_adapter' with type 'ros.ament_cmake' and name 'moveit_chomp_optimizer_adapter'
[0.345s] Level 1:colcon.colcon_core.package_identification:_identify(src/moveit2/moveit_planners/moveit_planners) by extensions ['ignore', 'ignore_ament_install']
[0.345s] Level 1:colcon.colcon_core.package_identification:_identify(src/moveit2/moveit_planners/moveit_planners) by extension 'ignore'
[0.345s] Level 1:colcon.colcon_core.package_identification:_identify(src/moveit2/moveit_planners/moveit_planners) by extension 'ignore_ament_install'
[0.345s] Level 1:colcon.colcon_core.package_identification:_identify(src/moveit2/moveit_planners/moveit_planners) by extensions ['colcon_pkg']
[0.345s] Level 1:colcon.colcon_core.package_identification:_identify(src/moveit2/moveit_planners/moveit_planners) by extension 'colcon_pkg'
[0.345s] Level 1:colcon.colcon_core.package_identification:_identify(src/moveit2/moveit_planners/moveit_planners) by extensions ['colcon_meta']
[0.345s] Level 1:colcon.colcon_core.package_identification:_identify(src/moveit2/moveit_planners/moveit_planners) by extension 'colcon_meta'
[0.345s] Level 1:colcon.colcon_core.package_identification:_identify(src/moveit2/moveit_planners/moveit_planners) by extensions ['ros']
[0.346s] Level 1:colcon.colcon_core.package_identification:_identify(src/moveit2/moveit_planners/moveit_planners) by extension 'ros'
[0.346s] DEBUG:colcon.colcon_core.package_identification:Package 'src/moveit2/moveit_planners/moveit_planners' with type 'ros.ament_cmake' and name 'moveit_planners'
[0.346s] Level 1:colcon.colcon_core.package_identification:_identify(src/moveit2/moveit_planners/ompl) by extensions ['ignore', 'ignore_ament_install']
[0.346s] Level 1:colcon.colcon_core.package_identification:_identify(src/moveit2/moveit_planners/ompl) by extension 'ignore'
[0.346s] Level 1:colcon.colcon_core.package_identification:_identify(src/moveit2/moveit_planners/ompl) by extension 'ignore_ament_install'
[0.346s] Level 1:colcon.colcon_core.package_identification:_identify(src/moveit2/moveit_planners/ompl) by extensions ['colcon_pkg']
[0.346s] Level 1:colcon.colcon_core.package_identification:_identify(src/moveit2/moveit_planners/ompl) by extension 'colcon_pkg'
[0.346s] Level 1:colcon.colcon_core.package_identification:_identify(src/moveit2/moveit_planners/ompl) by extensions ['colcon_meta']
[0.346s] Level 1:colcon.colcon_core.package_identification:_identify(src/moveit2/moveit_planners/ompl) by extension 'colcon_meta'
[0.346s] Level 1:colcon.colcon_core.package_identification:_identify(src/moveit2/moveit_planners/ompl) by extensions ['ros']
[0.346s] Level 1:colcon.colcon_core.package_identification:_identify(src/moveit2/moveit_planners/ompl) by extension 'ros'
[0.348s] DEBUG:colcon.colcon_core.package_identification:Package 'src/moveit2/moveit_planners/ompl' with type 'ros.ament_cmake' and name 'moveit_planners_ompl'
[0.348s] Level 1:colcon.colcon_core.package_identification:_identify(src/moveit2/moveit_planners/pilz_industrial_motion_planner) by extensions ['ignore', 'ignore_ament_install']
[0.348s] Level 1:colcon.colcon_core.package_identification:_identify(src/moveit2/moveit_planners/pilz_industrial_motion_planner) by extension 'ignore'
[0.348s] Level 1:colcon.colcon_core.package_identification:_identify(src/moveit2/moveit_planners/pilz_industrial_motion_planner) by extension 'ignore_ament_install'
[0.348s] Level 1:colcon.colcon_core.package_identification:_identify(src/moveit2/moveit_planners/pilz_industrial_motion_planner) by extensions ['colcon_pkg']
[0.348s] Level 1:colcon.colcon_core.package_identification:_identify(src/moveit2/moveit_planners/pilz_industrial_motion_planner) by extension 'colcon_pkg'
[0.348s] Level 1:colcon.colcon_core.package_identification:_identify(src/moveit2/moveit_planners/pilz_industrial_motion_planner) by extensions ['colcon_meta']
[0.348s] Level 1:colcon.colcon_core.package_identification:_identify(src/moveit2/moveit_planners/pilz_industrial_motion_planner) by extension 'colcon_meta'
[0.348s] Level 1:colcon.colcon_core.package_identification:_identify(src/moveit2/moveit_planners/pilz_industrial_motion_planner) by extensions ['ros']
[0.348s] Level 1:colcon.colcon_core.package_identification:_identify(src/moveit2/moveit_planners/pilz_industrial_motion_planner) by extension 'ros'
[0.350s] DEBUG:colcon.colcon_core.package_identification:Package 'src/moveit2/moveit_planners/pilz_industrial_motion_planner' with type 'ros.ament_cmake' and name 'pilz_industrial_motion_planner'
[0.350s] Level 1:colcon.colcon_core.package_identification:_identify(src/moveit2/moveit_planners/pilz_industrial_motion_planner_testutils) by extensions ['ignore', 'ignore_ament_install']
[0.350s] Level 1:colcon.colcon_core.package_identification:_identify(src/moveit2/moveit_planners/pilz_industrial_motion_planner_testutils) by extension 'ignore'
[0.350s] Level 1:colcon.colcon_core.package_identification:_identify(src/moveit2/moveit_planners/pilz_industrial_motion_planner_testutils) by extension 'ignore_ament_install'
[0.350s] Level 1:colcon.colcon_core.package_identification:_identify(src/moveit2/moveit_planners/pilz_industrial_motion_planner_testutils) by extensions ['colcon_pkg']
[0.350s] Level 1:colcon.colcon_core.package_identification:_identify(src/moveit2/moveit_planners/pilz_industrial_motion_planner_testutils) by extension 'colcon_pkg'
[0.350s] Level 1:colcon.colcon_core.package_identification:_identify(src/moveit2/moveit_planners/pilz_industrial_motion_planner_testutils) by extensions ['colcon_meta']
[0.350s] Level 1:colcon.colcon_core.package_identification:_identify(src/moveit2/moveit_planners/pilz_industrial_motion_planner_testutils) by extension 'colcon_meta'
[0.350s] Level 1:colcon.colcon_core.package_identification:_identify(src/moveit2/moveit_planners/pilz_industrial_motion_planner_testutils) by extensions ['ros']
[0.350s] Level 1:colcon.colcon_core.package_identification:_identify(src/moveit2/moveit_planners/pilz_industrial_motion_planner_testutils) by extension 'ros'
[0.351s] DEBUG:colcon.colcon_core.package_identification:Package 'src/moveit2/moveit_planners/pilz_industrial_motion_planner_testutils' with type 'ros.ament_cmake' and name 'pilz_industrial_motion_planner_testutils'
[0.351s] Level 1:colcon.colcon_core.package_identification:_identify(src/moveit2/moveit_planners/test_configs) by extensions ['ignore', 'ignore_ament_install']
[0.351s] Level 1:colcon.colcon_core.package_identification:_identify(src/moveit2/moveit_planners/test_configs) by extension 'ignore'
[0.351s] Level 1:colcon.colcon_core.package_identification:_identify(src/moveit2/moveit_planners/test_configs) by extension 'ignore_ament_install'
[0.351s] Level 1:colcon.colcon_core.package_identification:_identify(src/moveit2/moveit_planners/test_configs) by extensions ['colcon_pkg']
[0.351s] Level 1:colcon.colcon_core.package_identification:_identify(src/moveit2/moveit_planners/test_configs) by extension 'colcon_pkg'
[0.351s] Level 1:colcon.colcon_core.package_identification:_identify(src/moveit2/moveit_planners/test_configs) by extensions ['colcon_meta']
[0.351s] Level 1:colcon.colcon_core.package_identification:_identify(src/moveit2/moveit_planners/test_configs) by extension 'colcon_meta'
[0.351s] Level 1:colcon.colcon_core.package_identification:_identify(src/moveit2/moveit_planners/test_configs) by extensions ['ros']
[0.351s] Level 1:colcon.colcon_core.package_identification:_identify(src/moveit2/moveit_planners/test_configs) by extension 'ros'
[0.351s] Level 1:colcon.colcon_core.package_identification:_identify(src/moveit2/moveit_planners/test_configs) by extensions ['cmake', 'python']
[0.351s] Level 1:colcon.colcon_core.package_identification:_identify(src/moveit2/moveit_planners/test_configs) by extension 'cmake'
[0.351s] Level 1:colcon.colcon_core.package_identification:_identify(src/moveit2/moveit_planners/test_configs) by extension 'python'
[0.351s] Level 1:colcon.colcon_core.package_identification:_identify(src/moveit2/moveit_planners/test_configs) by extensions ['python_setup_py']
[0.351s] Level 1:colcon.colcon_core.package_identification:_identify(src/moveit2/moveit_planners/test_configs) by extension 'python_setup_py'
[0.351s] Level 1:colcon.colcon_core.package_identification:_identify(src/moveit2/moveit_planners/test_configs/prbt_ikfast_manipulator_plugin) by extensions ['ignore', 'ignore_ament_install']
[0.351s] Level 1:colcon.colcon_core.package_identification:_identify(src/moveit2/moveit_planners/test_configs/prbt_ikfast_manipulator_plugin) by extension 'ignore'
[0.352s] Level 1:colcon.colcon_core.package_identification:_identify(src/moveit2/moveit_planners/test_configs/prbt_ikfast_manipulator_plugin) by extension 'ignore_ament_install'
[0.352s] Level 1:colcon.colcon_core.package_identification:_identify(src/moveit2/moveit_planners/test_configs/prbt_ikfast_manipulator_plugin) by extensions ['colcon_pkg']
[0.352s] Level 1:colcon.colcon_core.package_identification:_identify(src/moveit2/moveit_planners/test_configs/prbt_ikfast_manipulator_plugin) by extension 'colcon_pkg'
[0.352s] Level 1:colcon.colcon_core.package_identification:_identify(src/moveit2/moveit_planners/test_configs/prbt_ikfast_manipulator_plugin) by extensions ['colcon_meta']
[0.352s] Level 1:colcon.colcon_core.package_identification:_identify(src/moveit2/moveit_planners/test_configs/prbt_ikfast_manipulator_plugin) by extension 'colcon_meta'
[0.352s] Level 1:colcon.colcon_core.package_identification:_identify(src/moveit2/moveit_planners/test_configs/prbt_ikfast_manipulator_plugin) by extensions ['ros']
[0.352s] Level 1:colcon.colcon_core.package_identification:_identify(src/moveit2/moveit_planners/test_configs/prbt_ikfast_manipulator_plugin) by extension 'ros'
[0.352s] DEBUG:colcon.colcon_core.package_identification:Package 'src/moveit2/moveit_planners/test_configs/prbt_ikfast_manipulator_plugin' with type 'ros.ament_cmake' and name 'moveit_resources_prbt_ikfast_manipulator_plugin'
[0.352s] Level 1:colcon.colcon_core.package_identification:_identify(src/moveit2/moveit_planners/test_configs/prbt_moveit_config) by extensions ['ignore', 'ignore_ament_install']
[0.353s] Level 1:colcon.colcon_core.package_identification:_identify(src/moveit2/moveit_planners/test_configs/prbt_moveit_config) by extension 'ignore'
[0.353s] Level 1:colcon.colcon_core.package_identification:_identify(src/moveit2/moveit_planners/test_configs/prbt_moveit_config) by extension 'ignore_ament_install'
[0.353s] Level 1:colcon.colcon_core.package_identification:_identify(src/moveit2/moveit_planners/test_configs/prbt_moveit_config) by extensions ['colcon_pkg']
[0.353s] Level 1:colcon.colcon_core.package_identification:_identify(src/moveit2/moveit_planners/test_configs/prbt_moveit_config) by extension 'colcon_pkg'
[0.353s] Level 1:colcon.colcon_core.package_identification:_identify(src/moveit2/moveit_planners/test_configs/prbt_moveit_config) by extensions ['colcon_meta']
[0.353s] Level 1:colcon.colcon_core.package_identification:_identify(src/moveit2/moveit_planners/test_configs/prbt_moveit_config) by extension 'colcon_meta'
[0.353s] Level 1:colcon.colcon_core.package_identification:_identify(src/moveit2/moveit_planners/test_configs/prbt_moveit_config) by extensions ['ros']
[0.353s] Level 1:colcon.colcon_core.package_identification:_identify(src/moveit2/moveit_planners/test_configs/prbt_moveit_config) by extension 'ros'
[0.353s] DEBUG:colcon.colcon_core.package_identification:Package 'src/moveit2/moveit_planners/test_configs/prbt_moveit_config' with type 'ros.ament_cmake' and name 'moveit_resources_prbt_moveit_config'
[0.354s] Level 1:colcon.colcon_core.package_identification:_identify(src/moveit2/moveit_planners/test_configs/prbt_pg70_support) by extensions ['ignore', 'ignore_ament_install']
[0.354s] Level 1:colcon.colcon_core.package_identification:_identify(src/moveit2/moveit_planners/test_configs/prbt_pg70_support) by extension 'ignore'
[0.354s] Level 1:colcon.colcon_core.package_identification:_identify(src/moveit2/moveit_planners/test_configs/prbt_pg70_support) by extension 'ignore_ament_install'
[0.354s] Level 1:colcon.colcon_core.package_identification:_identify(src/moveit2/moveit_planners/test_configs/prbt_pg70_support) by extensions ['colcon_pkg']
[0.354s] Level 1:colcon.colcon_core.package_identification:_identify(src/moveit2/moveit_planners/test_configs/prbt_pg70_support) by extension 'colcon_pkg'
[0.354s] Level 1:colcon.colcon_core.package_identification:_identify(src/moveit2/moveit_planners/test_configs/prbt_pg70_support) by extensions ['colcon_meta']
[0.354s] Level 1:colcon.colcon_core.package_identification:_identify(src/moveit2/moveit_planners/test_configs/prbt_pg70_support) by extension 'colcon_meta'
[0.354s] Level 1:colcon.colcon_core.package_identification:_identify(src/moveit2/moveit_planners/test_configs/prbt_pg70_support) by extensions ['ros']
[0.354s] Level 1:colcon.colcon_core.package_identification:_identify(src/moveit2/moveit_planners/test_configs/prbt_pg70_support) by extension 'ros'
[0.354s] DEBUG:colcon.colcon_core.package_identification:Package 'src/moveit2/moveit_planners/test_configs/prbt_pg70_support' with type 'ros.ament_cmake' and name 'moveit_resources_prbt_pg70_support'
[0.354s] Level 1:colcon.colcon_core.package_identification:_identify(src/moveit2/moveit_planners/test_configs/prbt_support) by extensions ['ignore', 'ignore_ament_install']
[0.355s] Level 1:colcon.colcon_core.package_identification:_identify(src/moveit2/moveit_planners/test_configs/prbt_support) by extension 'ignore'
[0.355s] Level 1:colcon.colcon_core.package_identification:_identify(src/moveit2/moveit_planners/test_configs/prbt_support) by extension 'ignore_ament_install'
[0.355s] Level 1:colcon.colcon_core.package_identification:_identify(src/moveit2/moveit_planners/test_configs/prbt_support) by extensions ['colcon_pkg']
[0.355s] Level 1:colcon.colcon_core.package_identification:_identify(src/moveit2/moveit_planners/test_configs/prbt_support) by extension 'colcon_pkg'
[0.355s] Level 1:colcon.colcon_core.package_identification:_identify(src/moveit2/moveit_planners/test_configs/prbt_support) by extensions ['colcon_meta']
[0.355s] Level 1:colcon.colcon_core.package_identification:_identify(src/moveit2/moveit_planners/test_configs/prbt_support) by extension 'colcon_meta'
[0.355s] Level 1:colcon.colcon_core.package_identification:_identify(src/moveit2/moveit_planners/test_configs/prbt_support) by extensions ['ros']
[0.355s] Level 1:colcon.colcon_core.package_identification:_identify(src/moveit2/moveit_planners/test_configs/prbt_support) by extension 'ros'
[0.355s] DEBUG:colcon.colcon_core.package_identification:Package 'src/moveit2/moveit_planners/test_configs/prbt_support' with type 'ros.ament_cmake' and name 'moveit_resources_prbt_support'
[0.355s] Level 1:colcon.colcon_core.package_identification:_identify(src/moveit2/moveit_planners/trajopt) by extensions ['ignore', 'ignore_ament_install']
[0.355s] Level 1:colcon.colcon_core.package_identification:_identify(src/moveit2/moveit_planners/trajopt) by extension 'ignore'
[0.355s] Level 1:colcon.colcon_core.package_identification:_identify(src/moveit2/moveit_planners/trajopt) ignored
[0.356s] Level 1:colcon.colcon_core.package_identification:_identify(src/moveit2/moveit_plugins) by extensions ['ignore', 'ignore_ament_install']
[0.356s] Level 1:colcon.colcon_core.package_identification:_identify(src/moveit2/moveit_plugins) by extension 'ignore'
[0.356s] Level 1:colcon.colcon_core.package_identification:_identify(src/moveit2/moveit_plugins) by extension 'ignore_ament_install'
[0.356s] Level 1:colcon.colcon_core.package_identification:_identify(src/moveit2/moveit_plugins) by extensions ['colcon_pkg']
[0.356s] Level 1:colcon.colcon_core.package_identification:_identify(src/moveit2/moveit_plugins) by extension 'colcon_pkg'
[0.356s] Level 1:colcon.colcon_core.package_identification:_identify(src/moveit2/moveit_plugins) by extensions ['colcon_meta']
[0.356s] Level 1:colcon.colcon_core.package_identification:_identify(src/moveit2/moveit_plugins) by extension 'colcon_meta'
[0.356s] Level 1:colcon.colcon_core.package_identification:_identify(src/moveit2/moveit_plugins) by extensions ['ros']
[0.356s] Level 1:colcon.colcon_core.package_identification:_identify(src/moveit2/moveit_plugins) by extension 'ros'
[0.356s] Level 1:colcon.colcon_core.package_identification:_identify(src/moveit2/moveit_plugins) by extensions ['cmake', 'python']
[0.356s] Level 1:colcon.colcon_core.package_identification:_identify(src/moveit2/moveit_plugins) by extension 'cmake'
[0.356s] Level 1:colcon.colcon_core.package_identification:_identify(src/moveit2/moveit_plugins) by extension 'python'
[0.356s] Level 1:colcon.colcon_core.package_identification:_identify(src/moveit2/moveit_plugins) by extensions ['python_setup_py']
[0.356s] Level 1:colcon.colcon_core.package_identification:_identify(src/moveit2/moveit_plugins) by extension 'python_setup_py'
[0.356s] Level 1:colcon.colcon_core.package_identification:_identify(src/moveit2/moveit_plugins/moveit_plugins) by extensions ['ignore', 'ignore_ament_install']
[0.356s] Level 1:colcon.colcon_core.package_identification:_identify(src/moveit2/moveit_plugins/moveit_plugins) by extension 'ignore'
[0.356s] Level 1:colcon.colcon_core.package_identification:_identify(src/moveit2/moveit_plugins/moveit_plugins) by extension 'ignore_ament_install'
[0.356s] Level 1:colcon.colcon_core.package_identification:_identify(src/moveit2/moveit_plugins/moveit_plugins) by extensions ['colcon_pkg']
[0.356s] Level 1:colcon.colcon_core.package_identification:_identify(src/moveit2/moveit_plugins/moveit_plugins) by extension 'colcon_pkg'
[0.356s] Level 1:colcon.colcon_core.package_identification:_identify(src/moveit2/moveit_plugins/moveit_plugins) by extensions ['colcon_meta']
[0.356s] Level 1:colcon.colcon_core.package_identification:_identify(src/moveit2/moveit_plugins/moveit_plugins) by extension 'colcon_meta'
[0.356s] Level 1:colcon.colcon_core.package_identification:_identify(src/moveit2/moveit_plugins/moveit_plugins) by extensions ['ros']
[0.356s] Level 1:colcon.colcon_core.package_identification:_identify(src/moveit2/moveit_plugins/moveit_plugins) by extension 'ros'
[0.357s] DEBUG:colcon.colcon_core.package_identification:Package 'src/moveit2/moveit_plugins/moveit_plugins' with type 'ros.ament_cmake' and name 'moveit_plugins'
[0.357s] Level 1:colcon.colcon_core.package_identification:_identify(src/moveit2/moveit_plugins/moveit_ros_control_interface) by extensions ['ignore', 'ignore_ament_install']
[0.357s] Level 1:colcon.colcon_core.package_identification:_identify(src/moveit2/moveit_plugins/moveit_ros_control_interface) by extension 'ignore'
[0.357s] Level 1:colcon.colcon_core.package_identification:_identify(src/moveit2/moveit_plugins/moveit_ros_control_interface) by extension 'ignore_ament_install'
[0.357s] Level 1:colcon.colcon_core.package_identification:_identify(src/moveit2/moveit_plugins/moveit_ros_control_interface) by extensions ['colcon_pkg']
[0.357s] Level 1:colcon.colcon_core.package_identification:_identify(src/moveit2/moveit_plugins/moveit_ros_control_interface) by extension 'colcon_pkg'
[0.357s] Level 1:colcon.colcon_core.package_identification:_identify(src/moveit2/moveit_plugins/moveit_ros_control_interface) by extensions ['colcon_meta']
[0.357s] Level 1:colcon.colcon_core.package_identification:_identify(src/moveit2/moveit_plugins/moveit_ros_control_interface) by extension 'colcon_meta'
[0.357s] Level 1:colcon.colcon_core.package_identification:_identify(src/moveit2/moveit_plugins/moveit_ros_control_interface) by extensions ['ros']
[0.357s] Level 1:colcon.colcon_core.package_identification:_identify(src/moveit2/moveit_plugins/moveit_ros_control_interface) by extension 'ros'
[0.358s] DEBUG:colcon.colcon_core.package_identification:Package 'src/moveit2/moveit_plugins/moveit_ros_control_interface' with type 'ros.ament_cmake' and name 'moveit_ros_control_interface'
[0.358s] Level 1:colcon.colcon_core.package_identification:_identify(src/moveit2/moveit_plugins/moveit_simple_controller_manager) by extensions ['ignore', 'ignore_ament_install']
[0.358s] Level 1:colcon.colcon_core.package_identification:_identify(src/moveit2/moveit_plugins/moveit_simple_controller_manager) by extension 'ignore'
[0.358s] Level 1:colcon.colcon_core.package_identification:_identify(src/moveit2/moveit_plugins/moveit_simple_controller_manager) by extension 'ignore_ament_install'
[0.359s] Level 1:colcon.colcon_core.package_identification:_identify(src/moveit2/moveit_plugins/moveit_simple_controller_manager) by extensions ['colcon_pkg']
[0.359s] Level 1:colcon.colcon_core.package_identification:_identify(src/moveit2/moveit_plugins/moveit_simple_controller_manager) by extension 'colcon_pkg'
[0.359s] Level 1:colcon.colcon_core.package_identification:_identify(src/moveit2/moveit_plugins/moveit_simple_controller_manager) by extensions ['colcon_meta']
[0.359s] Level 1:colcon.colcon_core.package_identification:_identify(src/moveit2/moveit_plugins/moveit_simple_controller_manager) by extension 'colcon_meta'
[0.359s] Level 1:colcon.colcon_core.package_identification:_identify(src/moveit2/moveit_plugins/moveit_simple_controller_manager) by extensions ['ros']
[0.359s] Level 1:colcon.colcon_core.package_identification:_identify(src/moveit2/moveit_plugins/moveit_simple_controller_manager) by extension 'ros'
[0.359s] DEBUG:colcon.colcon_core.package_identification:Package 'src/moveit2/moveit_plugins/moveit_simple_controller_manager' with type 'ros.ament_cmake' and name 'moveit_simple_controller_manager'
[0.360s] Level 1:colcon.colcon_core.package_identification:_identify(src/moveit2/moveit_ros) by extensions ['ignore', 'ignore_ament_install']
[0.360s] Level 1:colcon.colcon_core.package_identification:_identify(src/moveit2/moveit_ros) by extension 'ignore'
[0.360s] Level 1:colcon.colcon_core.package_identification:_identify(src/moveit2/moveit_ros) by extension 'ignore_ament_install'
[0.360s] Level 1:colcon.colcon_core.package_identification:_identify(src/moveit2/moveit_ros) by extensions ['colcon_pkg']
[0.360s] Level 1:colcon.colcon_core.package_identification:_identify(src/moveit2/moveit_ros) by extension 'colcon_pkg'
[0.360s] Level 1:colcon.colcon_core.package_identification:_identify(src/moveit2/moveit_ros) by extensions ['colcon_meta']
[0.360s] Level 1:colcon.colcon_core.package_identification:_identify(src/moveit2/moveit_ros) by extension 'colcon_meta'
[0.360s] Level 1:colcon.colcon_core.package_identification:_identify(src/moveit2/moveit_ros) by extensions ['ros']
[0.360s] Level 1:colcon.colcon_core.package_identification:_identify(src/moveit2/moveit_ros) by extension 'ros'
[0.360s] Level 1:colcon.colcon_core.package_identification:_identify(src/moveit2/moveit_ros) by extensions ['cmake', 'python']
[0.360s] Level 1:colcon.colcon_core.package_identification:_identify(src/moveit2/moveit_ros) by extension 'cmake'
[0.360s] Level 1:colcon.colcon_core.package_identification:_identify(src/moveit2/moveit_ros) by extension 'python'
[0.360s] Level 1:colcon.colcon_core.package_identification:_identify(src/moveit2/moveit_ros) by extensions ['python_setup_py']
[0.360s] Level 1:colcon.colcon_core.package_identification:_identify(src/moveit2/moveit_ros) by extension 'python_setup_py'
[0.360s] Level 1:colcon.colcon_core.package_identification:_identify(src/moveit2/moveit_ros/benchmarks) by extensions ['ignore', 'ignore_ament_install']
[0.360s] Level 1:colcon.colcon_core.package_identification:_identify(src/moveit2/moveit_ros/benchmarks) by extension 'ignore'
[0.360s] Level 1:colcon.colcon_core.package_identification:_identify(src/moveit2/moveit_ros/benchmarks) by extension 'ignore_ament_install'
[0.360s] Level 1:colcon.colcon_core.package_identification:_identify(src/moveit2/moveit_ros/benchmarks) by extensions ['colcon_pkg']
[0.360s] Level 1:colcon.colcon_core.package_identification:_identify(src/moveit2/moveit_ros/benchmarks) by extension 'colcon_pkg'
[0.360s] Level 1:colcon.colcon_core.package_identification:_identify(src/moveit2/moveit_ros/benchmarks) by extensions ['colcon_meta']
[0.360s] Level 1:colcon.colcon_core.package_identification:_identify(src/moveit2/moveit_ros/benchmarks) by extension 'colcon_meta'
[0.361s] Level 1:colcon.colcon_core.package_identification:_identify(src/moveit2/moveit_ros/benchmarks) by extensions ['ros']
[0.361s] Level 1:colcon.colcon_core.package_identification:_identify(src/moveit2/moveit_ros/benchmarks) by extension 'ros'
[0.361s] DEBUG:colcon.colcon_core.package_identification:Package 'src/moveit2/moveit_ros/benchmarks' with type 'ros.ament_cmake' and name 'moveit_ros_benchmarks'
[0.362s] Level 1:colcon.colcon_core.package_identification:_identify(src/moveit2/moveit_ros/hybrid_planning) by extensions ['ignore', 'ignore_ament_install']
[0.362s] Level 1:colcon.colcon_core.package_identification:_identify(src/moveit2/moveit_ros/hybrid_planning) by extension 'ignore'
[0.362s] Level 1:colcon.colcon_core.package_identification:_identify(src/moveit2/moveit_ros/hybrid_planning) by extension 'ignore_ament_install'
[0.362s] Level 1:colcon.colcon_core.package_identification:_identify(src/moveit2/moveit_ros/hybrid_planning) by extensions ['colcon_pkg']
[0.362s] Level 1:colcon.colcon_core.package_identification:_identify(src/moveit2/moveit_ros/hybrid_planning) by extension 'colcon_pkg'
[0.362s] Level 1:colcon.colcon_core.package_identification:_identify(src/moveit2/moveit_ros/hybrid_planning) by extensions ['colcon_meta']
[0.362s] Level 1:colcon.colcon_core.package_identification:_identify(src/moveit2/moveit_ros/hybrid_planning) by extension 'colcon_meta'
[0.362s] Level 1:colcon.colcon_core.package_identification:_identify(src/moveit2/moveit_ros/hybrid_planning) by extensions ['ros']
[0.362s] Level 1:colcon.colcon_core.package_identification:_identify(src/moveit2/moveit_ros/hybrid_planning) by extension 'ros'
[0.363s] DEBUG:colcon.colcon_core.package_identification:Package 'src/moveit2/moveit_ros/hybrid_planning' with type 'ros.ament_cmake' and name 'moveit_hybrid_planning'
[0.363s] Level 1:colcon.colcon_core.package_identification:_identify(src/moveit2/moveit_ros/move_group) by extensions ['ignore', 'ignore_ament_install']
[0.364s] Level 1:colcon.colcon_core.package_identification:_identify(src/moveit2/moveit_ros/move_group) by extension 'ignore'
[0.364s] Level 1:colcon.colcon_core.package_identification:_identify(src/moveit2/moveit_ros/move_group) by extension 'ignore_ament_install'
[0.364s] Level 1:colcon.colcon_core.package_identification:_identify(src/moveit2/moveit_ros/move_group) by extensions ['colcon_pkg']
[0.364s] Level 1:colcon.colcon_core.package_identification:_identify(src/moveit2/moveit_ros/move_group) by extension 'colcon_pkg'
[0.364s] Level 1:colcon.colcon_core.package_identification:_identify(src/moveit2/moveit_ros/move_group) by extensions ['colcon_meta']
[0.364s] Level 1:colcon.colcon_core.package_identification:_identify(src/moveit2/moveit_ros/move_group) by extension 'colcon_meta'
[0.364s] Level 1:colcon.colcon_core.package_identification:_identify(src/moveit2/moveit_ros/move_group) by extensions ['ros']
[0.364s] Level 1:colcon.colcon_core.package_identification:_identify(src/moveit2/moveit_ros/move_group) by extension 'ros'
[0.365s] DEBUG:colcon.colcon_core.package_identification:Package 'src/moveit2/moveit_ros/move_group' with type 'ros.ament_cmake' and name 'moveit_ros_move_group'
[0.365s] Level 1:colcon.colcon_core.package_identification:_identify(src/moveit2/moveit_ros/moveit_ros) by extensions ['ignore', 'ignore_ament_install']
[0.365s] Level 1:colcon.colcon_core.package_identification:_identify(src/moveit2/moveit_ros/moveit_ros) by extension 'ignore'
[0.365s] Level 1:colcon.colcon_core.package_identification:_identify(src/moveit2/moveit_ros/moveit_ros) by extension 'ignore_ament_install'
[0.365s] Level 1:colcon.colcon_core.package_identification:_identify(src/moveit2/moveit_ros/moveit_ros) by extensions ['colcon_pkg']
[0.365s] Level 1:colcon.colcon_core.package_identification:_identify(src/moveit2/moveit_ros/moveit_ros) by extension 'colcon_pkg'
[0.365s] Level 1:colcon.colcon_core.package_identification:_identify(src/moveit2/moveit_ros/moveit_ros) by extensions ['colcon_meta']
[0.365s] Level 1:colcon.colcon_core.package_identification:_identify(src/moveit2/moveit_ros/moveit_ros) by extension 'colcon_meta'
[0.365s] Level 1:colcon.colcon_core.package_identification:_identify(src/moveit2/moveit_ros/moveit_ros) by extensions ['ros']
[0.365s] Level 1:colcon.colcon_core.package_identification:_identify(src/moveit2/moveit_ros/moveit_ros) by extension 'ros'
[0.366s] DEBUG:colcon.colcon_core.package_identification:Package 'src/moveit2/moveit_ros/moveit_ros' with type 'ros.ament_cmake' and name 'moveit_ros'
[0.366s] Level 1:colcon.colcon_core.package_identification:_identify(src/moveit2/moveit_ros/moveit_servo) by extensions ['ignore', 'ignore_ament_install']
[0.366s] Level 1:colcon.colcon_core.package_identification:_identify(src/moveit2/moveit_ros/moveit_servo) by extension 'ignore'
[0.366s] Level 1:colcon.colcon_core.package_identification:_identify(src/moveit2/moveit_ros/moveit_servo) by extension 'ignore_ament_install'
[0.366s] Level 1:colcon.colcon_core.package_identification:_identify(src/moveit2/moveit_ros/moveit_servo) by extensions ['colcon_pkg']
[0.366s] Level 1:colcon.colcon_core.package_identification:_identify(src/moveit2/moveit_ros/moveit_servo) by extension 'colcon_pkg'
[0.366s] Level 1:colcon.colcon_core.package_identification:_identify(src/moveit2/moveit_ros/moveit_servo) by extensions ['colcon_meta']
[0.366s] Level 1:colcon.colcon_core.package_identification:_identify(src/moveit2/moveit_ros/moveit_servo) by extension 'colcon_meta'
[0.366s] Level 1:colcon.colcon_core.package_identification:_identify(src/moveit2/moveit_ros/moveit_servo) by extensions ['ros']
[0.366s] Level 1:colcon.colcon_core.package_identification:_identify(src/moveit2/moveit_ros/moveit_servo) by extension 'ros'
[0.368s] DEBUG:colcon.colcon_core.package_identification:Package 'src/moveit2/moveit_ros/moveit_servo' with type 'ros.ament_cmake' and name 'moveit_servo'
[0.368s] Level 1:colcon.colcon_core.package_identification:_identify(src/moveit2/moveit_ros/occupancy_map_monitor) by extensions ['ignore', 'ignore_ament_install']
[0.368s] Level 1:colcon.colcon_core.package_identification:_identify(src/moveit2/moveit_ros/occupancy_map_monitor) by extension 'ignore'
[0.368s] Level 1:colcon.colcon_core.package_identification:_identify(src/moveit2/moveit_ros/occupancy_map_monitor) by extension 'ignore_ament_install'
[0.368s] Level 1:colcon.colcon_core.package_identification:_identify(src/moveit2/moveit_ros/occupancy_map_monitor) by extensions ['colcon_pkg']
[0.368s] Level 1:colcon.colcon_core.package_identification:_identify(src/moveit2/moveit_ros/occupancy_map_monitor) by extension 'colcon_pkg'
[0.368s] Level 1:colcon.colcon_core.package_identification:_identify(src/moveit2/moveit_ros/occupancy_map_monitor) by extensions ['colcon_meta']
[0.368s] Level 1:colcon.colcon_core.package_identification:_identify(src/moveit2/moveit_ros/occupancy_map_monitor) by extension 'colcon_meta'
[0.368s] Level 1:colcon.colcon_core.package_identification:_identify(src/moveit2/moveit_ros/occupancy_map_monitor) by extensions ['ros']
[0.368s] Level 1:colcon.colcon_core.package_identification:_identify(src/moveit2/moveit_ros/occupancy_map_monitor) by extension 'ros'
[0.369s] DEBUG:colcon.colcon_core.package_identification:Package 'src/moveit2/moveit_ros/occupancy_map_monitor' with type 'ros.ament_cmake' and name 'moveit_ros_occupancy_map_monitor'
[0.369s] Level 1:colcon.colcon_core.package_identification:_identify(src/moveit2/moveit_ros/perception) by extensions ['ignore', 'ignore_ament_install']
[0.370s] Level 1:colcon.colcon_core.package_identification:_identify(src/moveit2/moveit_ros/perception) by extension 'ignore'
[0.370s] Level 1:colcon.colcon_core.package_identification:_identify(src/moveit2/moveit_ros/perception) by extension 'ignore_ament_install'
[0.370s] Level 1:colcon.colcon_core.package_identification:_identify(src/moveit2/moveit_ros/perception) by extensions ['colcon_pkg']
[0.370s] Level 1:colcon.colcon_core.package_identification:_identify(src/moveit2/moveit_ros/perception) by extension 'colcon_pkg'
[0.370s] Level 1:colcon.colcon_core.package_identification:_identify(src/moveit2/moveit_ros/perception) by extensions ['colcon_meta']
[0.370s] Level 1:colcon.colcon_core.package_identification:_identify(src/moveit2/moveit_ros/perception) by extension 'colcon_meta'
[0.370s] Level 1:colcon.colcon_core.package_identification:_identify(src/moveit2/moveit_ros/perception) by extensions ['ros']
[0.370s] Level 1:colcon.colcon_core.package_identification:_identify(src/moveit2/moveit_ros/perception) by extension 'ros'
[0.372s] DEBUG:colcon.colcon_core.package_identification:Package 'src/moveit2/moveit_ros/perception' with type 'ros.ament_cmake' and name 'moveit_ros_perception'
[0.372s] Level 1:colcon.colcon_core.package_identification:_identify(src/moveit2/moveit_ros/planning) by extensions ['ignore', 'ignore_ament_install']
[0.372s] Level 1:colcon.colcon_core.package_identification:_identify(src/moveit2/moveit_ros/planning) by extension 'ignore'
[0.372s] Level 1:colcon.colcon_core.package_identification:_identify(src/moveit2/moveit_ros/planning) by extension 'ignore_ament_install'
[0.372s] Level 1:colcon.colcon_core.package_identification:_identify(src/moveit2/moveit_ros/planning) by extensions ['colcon_pkg']
[0.372s] Level 1:colcon.colcon_core.package_identification:_identify(src/moveit2/moveit_ros/planning) by extension 'colcon_pkg'
[0.372s] Level 1:colcon.colcon_core.package_identification:_identify(src/moveit2/moveit_ros/planning) by extensions ['colcon_meta']
[0.372s] Level 1:colcon.colcon_core.package_identification:_identify(src/moveit2/moveit_ros/planning) by extension 'colcon_meta'
[0.372s] Level 1:colcon.colcon_core.package_identification:_identify(src/moveit2/moveit_ros/planning) by extensions ['ros']
[0.372s] Level 1:colcon.colcon_core.package_identification:_identify(src/moveit2/moveit_ros/planning) by extension 'ros'
[0.374s] DEBUG:colcon.colcon_core.package_identification:Package 'src/moveit2/moveit_ros/planning' with type 'ros.ament_cmake' and name 'moveit_ros_planning'
[0.374s] Level 1:colcon.colcon_core.package_identification:_identify(src/moveit2/moveit_ros/planning_interface) by extensions ['ignore', 'ignore_ament_install']
[0.374s] Level 1:colcon.colcon_core.package_identification:_identify(src/moveit2/moveit_ros/planning_interface) by extension 'ignore'
[0.374s] Level 1:colcon.colcon_core.package_identification:_identify(src/moveit2/moveit_ros/planning_interface) by extension 'ignore_ament_install'
[0.374s] Level 1:colcon.colcon_core.package_identification:_identify(src/moveit2/moveit_ros/planning_interface) by extensions ['colcon_pkg']
[0.374s] Level 1:colcon.colcon_core.package_identification:_identify(src/moveit2/moveit_ros/planning_interface) by extension 'colcon_pkg'
[0.374s] Level 1:colcon.colcon_core.package_identification:_identify(src/moveit2/moveit_ros/planning_interface) by extensions ['colcon_meta']
[0.374s] Level 1:colcon.colcon_core.package_identification:_identify(src/moveit2/moveit_ros/planning_interface) by extension 'colcon_meta'
[0.374s] Level 1:colcon.colcon_core.package_identification:_identify(src/moveit2/moveit_ros/planning_interface) by extensions ['ros']
[0.374s] Level 1:colcon.colcon_core.package_identification:_identify(src/moveit2/moveit_ros/planning_interface) by extension 'ros'
[0.376s] DEBUG:colcon.colcon_core.package_identification:Package 'src/moveit2/moveit_ros/planning_interface' with type 'ros.ament_cmake' and name 'moveit_ros_planning_interface'
[0.376s] Level 1:colcon.colcon_core.package_identification:_identify(src/moveit2/moveit_ros/robot_interaction) by extensions ['ignore', 'ignore_ament_install']
[0.376s] Level 1:colcon.colcon_core.package_identification:_identify(src/moveit2/moveit_ros/robot_interaction) by extension 'ignore'
[0.376s] Level 1:colcon.colcon_core.package_identification:_identify(src/moveit2/moveit_ros/robot_interaction) by extension 'ignore_ament_install'
[0.376s] Level 1:colcon.colcon_core.package_identification:_identify(src/moveit2/moveit_ros/robot_interaction) by extensions ['colcon_pkg']
[0.376s] Level 1:colcon.colcon_core.package_identification:_identify(src/moveit2/moveit_ros/robot_interaction) by extension 'colcon_pkg'
[0.376s] Level 1:colcon.colcon_core.package_identification:_identify(src/moveit2/moveit_ros/robot_interaction) by extensions ['colcon_meta']
[0.376s] Level 1:colcon.colcon_core.package_identification:_identify(src/moveit2/moveit_ros/robot_interaction) by extension 'colcon_meta'
[0.376s] Level 1:colcon.colcon_core.package_identification:_identify(src/moveit2/moveit_ros/robot_interaction) by extensions ['ros']
[0.376s] Level 1:colcon.colcon_core.package_identification:_identify(src/moveit2/moveit_ros/robot_interaction) by extension 'ros'
[0.377s] DEBUG:colcon.colcon_core.package_identification:Package 'src/moveit2/moveit_ros/robot_interaction' with type 'ros.ament_cmake' and name 'moveit_ros_robot_interaction'
[0.377s] Level 1:colcon.colcon_core.package_identification:_identify(src/moveit2/moveit_ros/visualization) by extensions ['ignore', 'ignore_ament_install']
[0.377s] Level 1:colcon.colcon_core.package_identification:_identify(src/moveit2/moveit_ros/visualization) by extension 'ignore'
[0.377s] Level 1:colcon.colcon_core.package_identification:_identify(src/moveit2/moveit_ros/visualization) by extension 'ignore_ament_install'
[0.377s] Level 1:colcon.colcon_core.package_identification:_identify(src/moveit2/moveit_ros/visualization) by extensions ['colcon_pkg']
[0.377s] Level 1:colcon.colcon_core.package_identification:_identify(src/moveit2/moveit_ros/visualization) by extension 'colcon_pkg'
[0.377s] Level 1:colcon.colcon_core.package_identification:_identify(src/moveit2/moveit_ros/visualization) by extensions ['colcon_meta']
[0.377s] Level 1:colcon.colcon_core.package_identification:_identify(src/moveit2/moveit_ros/visualization) by extension 'colcon_meta'
[0.378s] Level 1:colcon.colcon_core.package_identification:_identify(src/moveit2/moveit_ros/visualization) by extensions ['ros']
[0.378s] Level 1:colcon.colcon_core.package_identification:_identify(src/moveit2/moveit_ros/visualization) by extension 'ros'
[0.379s] DEBUG:colcon.colcon_core.package_identification:Package 'src/moveit2/moveit_ros/visualization' with type 'ros.ament_cmake' and name 'moveit_ros_visualization'
[0.379s] Level 1:colcon.colcon_core.package_identification:_identify(src/moveit2/moveit_ros/warehouse) by extensions ['ignore', 'ignore_ament_install']
[0.379s] Level 1:colcon.colcon_core.package_identification:_identify(src/moveit2/moveit_ros/warehouse) by extension 'ignore'
[0.379s] Level 1:colcon.colcon_core.package_identification:_identify(src/moveit2/moveit_ros/warehouse) by extension 'ignore_ament_install'
[0.379s] Level 1:colcon.colcon_core.package_identification:_identify(src/moveit2/moveit_ros/warehouse) by extensions ['colcon_pkg']
[0.379s] Level 1:colcon.colcon_core.package_identification:_identify(src/moveit2/moveit_ros/warehouse) by extension 'colcon_pkg'
[0.379s] Level 1:colcon.colcon_core.package_identification:_identify(src/moveit2/moveit_ros/warehouse) by extensions ['colcon_meta']
[0.379s] Level 1:colcon.colcon_core.package_identification:_identify(src/moveit2/moveit_ros/warehouse) by extension 'colcon_meta'
[0.379s] Level 1:colcon.colcon_core.package_identification:_identify(src/moveit2/moveit_ros/warehouse) by extensions ['ros']
[0.379s] Level 1:colcon.colcon_core.package_identification:_identify(src/moveit2/moveit_ros/warehouse) by extension 'ros'
[0.380s] DEBUG:colcon.colcon_core.package_identification:Package 'src/moveit2/moveit_ros/warehouse' with type 'ros.ament_cmake' and name 'moveit_ros_warehouse'
[0.380s] Level 1:colcon.colcon_core.package_identification:_identify(src/moveit2/moveit_runtime) by extensions ['ignore', 'ignore_ament_install']
[0.380s] Level 1:colcon.colcon_core.package_identification:_identify(src/moveit2/moveit_runtime) by extension 'ignore'
[0.380s] Level 1:colcon.colcon_core.package_identification:_identify(src/moveit2/moveit_runtime) by extension 'ignore_ament_install'
[0.380s] Level 1:colcon.colcon_core.package_identification:_identify(src/moveit2/moveit_runtime) by extensions ['colcon_pkg']
[0.381s] Level 1:colcon.colcon_core.package_identification:_identify(src/moveit2/moveit_runtime) by extension 'colcon_pkg'
[0.381s] Level 1:colcon.colcon_core.package_identification:_identify(src/moveit2/moveit_runtime) by extensions ['colcon_meta']
[0.381s] Level 1:colcon.colcon_core.package_identification:_identify(src/moveit2/moveit_runtime) by extension 'colcon_meta'
[0.381s] Level 1:colcon.colcon_core.package_identification:_identify(src/moveit2/moveit_runtime) by extensions ['ros']
[0.381s] Level 1:colcon.colcon_core.package_identification:_identify(src/moveit2/moveit_runtime) by extension 'ros'
[0.381s] DEBUG:colcon.colcon_core.package_identification:Package 'src/moveit2/moveit_runtime' with type 'ros.ament_cmake' and name 'moveit_runtime'
[0.381s] Level 1:colcon.colcon_core.package_identification:_identify(src/moveit2/moveit_setup_assistant) by extensions ['ignore', 'ignore_ament_install']
[0.381s] Level 1:colcon.colcon_core.package_identification:_identify(src/moveit2/moveit_setup_assistant) by extension 'ignore'
[0.381s] Level 1:colcon.colcon_core.package_identification:_identify(src/moveit2/moveit_setup_assistant) by extension 'ignore_ament_install'
[0.381s] Level 1:colcon.colcon_core.package_identification:_identify(src/moveit2/moveit_setup_assistant) by extensions ['colcon_pkg']
[0.381s] Level 1:colcon.colcon_core.package_identification:_identify(src/moveit2/moveit_setup_assistant) by extension 'colcon_pkg'
[0.382s] Level 1:colcon.colcon_core.package_identification:_identify(src/moveit2/moveit_setup_assistant) by extensions ['colcon_meta']
[0.382s] Level 1:colcon.colcon_core.package_identification:_identify(src/moveit2/moveit_setup_assistant) by extension 'colcon_meta'
[0.382s] Level 1:colcon.colcon_core.package_identification:_identify(src/moveit2/moveit_setup_assistant) by extensions ['ros']
[0.382s] Level 1:colcon.colcon_core.package_identification:_identify(src/moveit2/moveit_setup_assistant) by extension 'ros'
[0.382s] Level 1:colcon.colcon_core.package_identification:_identify(src/moveit2/moveit_setup_assistant) by extensions ['cmake', 'python']
[0.382s] Level 1:colcon.colcon_core.package_identification:_identify(src/moveit2/moveit_setup_assistant) by extension 'cmake'
[0.382s] Level 1:colcon.colcon_core.package_identification:_identify(src/moveit2/moveit_setup_assistant) by extension 'python'
[0.382s] Level 1:colcon.colcon_core.package_identification:_identify(src/moveit2/moveit_setup_assistant) by extensions ['python_setup_py']
[0.382s] Level 1:colcon.colcon_core.package_identification:_identify(src/moveit2/moveit_setup_assistant) by extension 'python_setup_py'
[0.382s] Level 1:colcon.colcon_core.package_identification:_identify(src/moveit2/moveit_setup_assistant/graphics) by extensions ['ignore', 'ignore_ament_install']
[0.382s] Level 1:colcon.colcon_core.package_identification:_identify(src/moveit2/moveit_setup_assistant/graphics) by extension 'ignore'
[0.382s] Level 1:colcon.colcon_core.package_identification:_identify(src/moveit2/moveit_setup_assistant/graphics) by extension 'ignore_ament_install'
[0.382s] Level 1:colcon.colcon_core.package_identification:_identify(src/moveit2/moveit_setup_assistant/graphics) by extensions ['colcon_pkg']
[0.382s] Level 1:colcon.colcon_core.package_identification:_identify(src/moveit2/moveit_setup_assistant/graphics) by extension 'colcon_pkg'
[0.382s] Level 1:colcon.colcon_core.package_identification:_identify(src/moveit2/moveit_setup_assistant/graphics) by extensions ['colcon_meta']
[0.382s] Level 1:colcon.colcon_core.package_identification:_identify(src/moveit2/moveit_setup_assistant/graphics) by extension 'colcon_meta'
[0.382s] Level 1:colcon.colcon_core.package_identification:_identify(src/moveit2/moveit_setup_assistant/graphics) by extensions ['ros']
[0.382s] Level 1:colcon.colcon_core.package_identification:_identify(src/moveit2/moveit_setup_assistant/graphics) by extension 'ros'
[0.382s] Level 1:colcon.colcon_core.package_identification:_identify(src/moveit2/moveit_setup_assistant/graphics) by extensions ['cmake', 'python']
[0.382s] Level 1:colcon.colcon_core.package_identification:_identify(src/moveit2/moveit_setup_assistant/graphics) by extension 'cmake'
[0.382s] Level 1:colcon.colcon_core.package_identification:_identify(src/moveit2/moveit_setup_assistant/graphics) by extension 'python'
[0.382s] Level 1:colcon.colcon_core.package_identification:_identify(src/moveit2/moveit_setup_assistant/graphics) by extensions ['python_setup_py']
[0.382s] Level 1:colcon.colcon_core.package_identification:_identify(src/moveit2/moveit_setup_assistant/graphics) by extension 'python_setup_py'
[0.382s] Level 1:colcon.colcon_core.package_identification:_identify(src/moveit2/moveit_setup_assistant/graphics/source) by extensions ['ignore', 'ignore_ament_install']
[0.383s] Level 1:colcon.colcon_core.package_identification:_identify(src/moveit2/moveit_setup_assistant/graphics/source) by extension 'ignore'
[0.383s] Level 1:colcon.colcon_core.package_identification:_identify(src/moveit2/moveit_setup_assistant/graphics/source) by extension 'ignore_ament_install'
[0.383s] Level 1:colcon.colcon_core.package_identification:_identify(src/moveit2/moveit_setup_assistant/graphics/source) by extensions ['colcon_pkg']
[0.383s] Level 1:colcon.colcon_core.package_identification:_identify(src/moveit2/moveit_setup_assistant/graphics/source) by extension 'colcon_pkg'
[0.383s] Level 1:colcon.colcon_core.package_identification:_identify(src/moveit2/moveit_setup_assistant/graphics/source) by extensions ['colcon_meta']
[0.383s] Level 1:colcon.colcon_core.package_identification:_identify(src/moveit2/moveit_setup_assistant/graphics/source) by extension 'colcon_meta'
[0.383s] Level 1:colcon.colcon_core.package_identification:_identify(src/moveit2/moveit_setup_assistant/graphics/source) by extensions ['ros']
[0.383s] Level 1:colcon.colcon_core.package_identification:_identify(src/moveit2/moveit_setup_assistant/graphics/source) by extension 'ros'
[0.383s] Level 1:colcon.colcon_core.package_identification:_identify(src/moveit2/moveit_setup_assistant/graphics/source) by extensions ['cmake', 'python']
[0.383s] Level 1:colcon.colcon_core.package_identification:_identify(src/moveit2/moveit_setup_assistant/graphics/source) by extension 'cmake'
[0.383s] Level 1:colcon.colcon_core.package_identification:_identify(src/moveit2/moveit_setup_assistant/graphics/source) by extension 'python'
[0.383s] Level 1:colcon.colcon_core.package_identification:_identify(src/moveit2/moveit_setup_assistant/graphics/source) by extensions ['python_setup_py']
[0.383s] Level 1:colcon.colcon_core.package_identification:_identify(src/moveit2/moveit_setup_assistant/graphics/source) by extension 'python_setup_py'
[0.383s] Level 1:colcon.colcon_core.package_identification:_identify(src/moveit2/moveit_setup_assistant/moveit_setup_app_plugins) by extensions ['ignore', 'ignore_ament_install']
[0.383s] Level 1:colcon.colcon_core.package_identification:_identify(src/moveit2/moveit_setup_assistant/moveit_setup_app_plugins) by extension 'ignore'
[0.383s] Level 1:colcon.colcon_core.package_identification:_identify(src/moveit2/moveit_setup_assistant/moveit_setup_app_plugins) by extension 'ignore_ament_install'
[0.383s] Level 1:colcon.colcon_core.package_identification:_identify(src/moveit2/moveit_setup_assistant/moveit_setup_app_plugins) by extensions ['colcon_pkg']
[0.383s] Level 1:colcon.colcon_core.package_identification:_identify(src/moveit2/moveit_setup_assistant/moveit_setup_app_plugins) by extension 'colcon_pkg'
[0.383s] Level 1:colcon.colcon_core.package_identification:_identify(src/moveit2/moveit_setup_assistant/moveit_setup_app_plugins) by extensions ['colcon_meta']
[0.383s] Level 1:colcon.colcon_core.package_identification:_identify(src/moveit2/moveit_setup_assistant/moveit_setup_app_plugins) by extension 'colcon_meta'
[0.383s] Level 1:colcon.colcon_core.package_identification:_identify(src/moveit2/moveit_setup_assistant/moveit_setup_app_plugins) by extensions ['ros']
[0.383s] Level 1:colcon.colcon_core.package_identification:_identify(src/moveit2/moveit_setup_assistant/moveit_setup_app_plugins) by extension 'ros'
[0.384s] DEBUG:colcon.colcon_core.package_identification:Package 'src/moveit2/moveit_setup_assistant/moveit_setup_app_plugins' with type 'ros.ament_cmake' and name 'moveit_setup_app_plugins'
[0.384s] Level 1:colcon.colcon_core.package_identification:_identify(src/moveit2/moveit_setup_assistant/moveit_setup_assistant) by extensions ['ignore', 'ignore_ament_install']
[0.384s] Level 1:colcon.colcon_core.package_identification:_identify(src/moveit2/moveit_setup_assistant/moveit_setup_assistant) by extension 'ignore'
[0.384s] Level 1:colcon.colcon_core.package_identification:_identify(src/moveit2/moveit_setup_assistant/moveit_setup_assistant) by extension 'ignore_ament_install'
[0.384s] Level 1:colcon.colcon_core.package_identification:_identify(src/moveit2/moveit_setup_assistant/moveit_setup_assistant) by extensions ['colcon_pkg']
[0.384s] Level 1:colcon.colcon_core.package_identification:_identify(src/moveit2/moveit_setup_assistant/moveit_setup_assistant) by extension 'colcon_pkg'
[0.385s] Level 1:colcon.colcon_core.package_identification:_identify(src/moveit2/moveit_setup_assistant/moveit_setup_assistant) by extensions ['colcon_meta']
[0.385s] Level 1:colcon.colcon_core.package_identification:_identify(src/moveit2/moveit_setup_assistant/moveit_setup_assistant) by extension 'colcon_meta'
[0.385s] Level 1:colcon.colcon_core.package_identification:_identify(src/moveit2/moveit_setup_assistant/moveit_setup_assistant) by extensions ['ros']
[0.385s] Level 1:colcon.colcon_core.package_identification:_identify(src/moveit2/moveit_setup_assistant/moveit_setup_assistant) by extension 'ros'
[0.386s] DEBUG:colcon.colcon_core.package_identification:Package 'src/moveit2/moveit_setup_assistant/moveit_setup_assistant' with type 'ros.ament_cmake' and name 'moveit_setup_assistant'
[0.386s] Level 1:colcon.colcon_core.package_identification:_identify(src/moveit2/moveit_setup_assistant/moveit_setup_controllers) by extensions ['ignore', 'ignore_ament_install']
[0.386s] Level 1:colcon.colcon_core.package_identification:_identify(src/moveit2/moveit_setup_assistant/moveit_setup_controllers) by extension 'ignore'
[0.386s] Level 1:colcon.colcon_core.package_identification:_identify(src/moveit2/moveit_setup_assistant/moveit_setup_controllers) by extension 'ignore_ament_install'
[0.386s] Level 1:colcon.colcon_core.package_identification:_identify(src/moveit2/moveit_setup_assistant/moveit_setup_controllers) by extensions ['colcon_pkg']
[0.386s] Level 1:colcon.colcon_core.package_identification:_identify(src/moveit2/moveit_setup_assistant/moveit_setup_controllers) by extension 'colcon_pkg'
[0.386s] Level 1:colcon.colcon_core.package_identification:_identify(src/moveit2/moveit_setup_assistant/moveit_setup_controllers) by extensions ['colcon_meta']
[0.386s] Level 1:colcon.colcon_core.package_identification:_identify(src/moveit2/moveit_setup_assistant/moveit_setup_controllers) by extension 'colcon_meta'
[0.386s] Level 1:colcon.colcon_core.package_identification:_identify(src/moveit2/moveit_setup_assistant/moveit_setup_controllers) by extensions ['ros']
[0.386s] Level 1:colcon.colcon_core.package_identification:_identify(src/moveit2/moveit_setup_assistant/moveit_setup_controllers) by extension 'ros'
[0.387s] DEBUG:colcon.colcon_core.package_identification:Package 'src/moveit2/moveit_setup_assistant/moveit_setup_controllers' with type 'ros.ament_cmake' and name 'moveit_setup_controllers'
[0.387s] Level 1:colcon.colcon_core.package_identification:_identify(src/moveit2/moveit_setup_assistant/moveit_setup_core_plugins) by extensions ['ignore', 'ignore_ament_install']
[0.387s] Level 1:colcon.colcon_core.package_identification:_identify(src/moveit2/moveit_setup_assistant/moveit_setup_core_plugins) by extension 'ignore'
[0.387s] Level 1:colcon.colcon_core.package_identification:_identify(src/moveit2/moveit_setup_assistant/moveit_setup_core_plugins) by extension 'ignore_ament_install'
[0.387s] Level 1:colcon.colcon_core.package_identification:_identify(src/moveit2/moveit_setup_assistant/moveit_setup_core_plugins) by extensions ['colcon_pkg']
[0.387s] Level 1:colcon.colcon_core.package_identification:_identify(src/moveit2/moveit_setup_assistant/moveit_setup_core_plugins) by extension 'colcon_pkg'
[0.387s] Level 1:colcon.colcon_core.package_identification:_identify(src/moveit2/moveit_setup_assistant/moveit_setup_core_plugins) by extensions ['colcon_meta']
[0.387s] Level 1:colcon.colcon_core.package_identification:_identify(src/moveit2/moveit_setup_assistant/moveit_setup_core_plugins) by extension 'colcon_meta'
[0.387s] Level 1:colcon.colcon_core.package_identification:_identify(src/moveit2/moveit_setup_assistant/moveit_setup_core_plugins) by extensions ['ros']
[0.387s] Level 1:colcon.colcon_core.package_identification:_identify(src/moveit2/moveit_setup_assistant/moveit_setup_core_plugins) by extension 'ros'
[0.388s] DEBUG:colcon.colcon_core.package_identification:Package 'src/moveit2/moveit_setup_assistant/moveit_setup_core_plugins' with type 'ros.ament_cmake' and name 'moveit_setup_core_plugins'
[0.388s] Level 1:colcon.colcon_core.package_identification:_identify(src/moveit2/moveit_setup_assistant/moveit_setup_framework) by extensions ['ignore', 'ignore_ament_install']
[0.388s] Level 1:colcon.colcon_core.package_identification:_identify(src/moveit2/moveit_setup_assistant/moveit_setup_framework) by extension 'ignore'
[0.388s] Level 1:colcon.colcon_core.package_identification:_identify(src/moveit2/moveit_setup_assistant/moveit_setup_framework) by extension 'ignore_ament_install'
[0.388s] Level 1:colcon.colcon_core.package_identification:_identify(src/moveit2/moveit_setup_assistant/moveit_setup_framework) by extensions ['colcon_pkg']
[0.388s] Level 1:colcon.colcon_core.package_identification:_identify(src/moveit2/moveit_setup_assistant/moveit_setup_framework) by extension 'colcon_pkg'
[0.388s] Level 1:colcon.colcon_core.package_identification:_identify(src/moveit2/moveit_setup_assistant/moveit_setup_framework) by extensions ['colcon_meta']
[0.388s] Level 1:colcon.colcon_core.package_identification:_identify(src/moveit2/moveit_setup_assistant/moveit_setup_framework) by extension 'colcon_meta'
[0.388s] Level 1:colcon.colcon_core.package_identification:_identify(src/moveit2/moveit_setup_assistant/moveit_setup_framework) by extensions ['ros']
[0.388s] Level 1:colcon.colcon_core.package_identification:_identify(src/moveit2/moveit_setup_assistant/moveit_setup_framework) by extension 'ros'
[0.389s] DEBUG:colcon.colcon_core.package_identification:Package 'src/moveit2/moveit_setup_assistant/moveit_setup_framework' with type 'ros.ament_cmake' and name 'moveit_setup_framework'
[0.390s] Level 1:colcon.colcon_core.package_identification:_identify(src/moveit2/moveit_setup_assistant/moveit_setup_simulation) by extensions ['ignore', 'ignore_ament_install']
[0.390s] Level 1:colcon.colcon_core.package_identification:_identify(src/moveit2/moveit_setup_assistant/moveit_setup_simulation) by extension 'ignore'
[0.390s] Level 1:colcon.colcon_core.package_identification:_identify(src/moveit2/moveit_setup_assistant/moveit_setup_simulation) ignored
[0.390s] Level 1:colcon.colcon_core.package_identification:_identify(src/moveit2/moveit_setup_assistant/moveit_setup_srdf_plugins) by extensions ['ignore', 'ignore_ament_install']
[0.390s] Level 1:colcon.colcon_core.package_identification:_identify(src/moveit2/moveit_setup_assistant/moveit_setup_srdf_plugins) by extension 'ignore'
[0.390s] Level 1:colcon.colcon_core.package_identification:_identify(src/moveit2/moveit_setup_assistant/moveit_setup_srdf_plugins) by extension 'ignore_ament_install'
[0.390s] Level 1:colcon.colcon_core.package_identification:_identify(src/moveit2/moveit_setup_assistant/moveit_setup_srdf_plugins) by extensions ['colcon_pkg']
[0.390s] Level 1:colcon.colcon_core.package_identification:_identify(src/moveit2/moveit_setup_assistant/moveit_setup_srdf_plugins) by extension 'colcon_pkg'
[0.390s] Level 1:colcon.colcon_core.package_identification:_identify(src/moveit2/moveit_setup_assistant/moveit_setup_srdf_plugins) by extensions ['colcon_meta']
[0.390s] Level 1:colcon.colcon_core.package_identification:_identify(src/moveit2/moveit_setup_assistant/moveit_setup_srdf_plugins) by extension 'colcon_meta'
[0.390s] Level 1:colcon.colcon_core.package_identification:_identify(src/moveit2/moveit_setup_assistant/moveit_setup_srdf_plugins) by extensions ['ros']
[0.390s] Level 1:colcon.colcon_core.package_identification:_identify(src/moveit2/moveit_setup_assistant/moveit_setup_srdf_plugins) by extension 'ros'
[0.391s] DEBUG:colcon.colcon_core.package_identification:Package 'src/moveit2/moveit_setup_assistant/moveit_setup_srdf_plugins' with type 'ros.ament_cmake' and name 'moveit_setup_srdf_plugins'
[0.391s] Level 1:colcon.colcon_core.package_identification:_identify(src/moveit2/moveit_setup_assistant/unported_templates) by extensions ['ignore', 'ignore_ament_install']
[0.391s] Level 1:colcon.colcon_core.package_identification:_identify(src/moveit2/moveit_setup_assistant/unported_templates) by extension 'ignore'
[0.391s] Level 1:colcon.colcon_core.package_identification:_identify(src/moveit2/moveit_setup_assistant/unported_templates) by extension 'ignore_ament_install'
[0.391s] Level 1:colcon.colcon_core.package_identification:_identify(src/moveit2/moveit_setup_assistant/unported_templates) by extensions ['colcon_pkg']
[0.391s] Level 1:colcon.colcon_core.package_identification:_identify(src/moveit2/moveit_setup_assistant/unported_templates) by extension 'colcon_pkg'
[0.391s] Level 1:colcon.colcon_core.package_identification:_identify(src/moveit2/moveit_setup_assistant/unported_templates) by extensions ['colcon_meta']
[0.391s] Level 1:colcon.colcon_core.package_identification:_identify(src/moveit2/moveit_setup_assistant/unported_templates) by extension 'colcon_meta'
[0.391s] Level 1:colcon.colcon_core.package_identification:_identify(src/moveit2/moveit_setup_assistant/unported_templates) by extensions ['ros']
[0.391s] Level 1:colcon.colcon_core.package_identification:_identify(src/moveit2/moveit_setup_assistant/unported_templates) by extension 'ros'
[0.391s] Level 1:colcon.colcon_core.package_identification:_identify(src/moveit2/moveit_setup_assistant/unported_templates) by extensions ['cmake', 'python']
[0.391s] Level 1:colcon.colcon_core.package_identification:_identify(src/moveit2/moveit_setup_assistant/unported_templates) by extension 'cmake'
[0.391s] Level 1:colcon.colcon_core.package_identification:_identify(src/moveit2/moveit_setup_assistant/unported_templates) by extension 'python'
[0.391s] Level 1:colcon.colcon_core.package_identification:_identify(src/moveit2/moveit_setup_assistant/unported_templates) by extensions ['python_setup_py']
[0.391s] Level 1:colcon.colcon_core.package_identification:_identify(src/moveit2/moveit_setup_assistant/unported_templates) by extension 'python_setup_py'
[0.391s] Level 1:colcon.colcon_core.package_identification:_identify(src/moveit2_tutorials) by extensions ['ignore', 'ignore_ament_install']
[0.391s] Level 1:colcon.colcon_core.package_identification:_identify(src/moveit2_tutorials) by extension 'ignore'
[0.391s] Level 1:colcon.colcon_core.package_identification:_identify(src/moveit2_tutorials) by extension 'ignore_ament_install'
[0.392s] Level 1:colcon.colcon_core.package_identification:_identify(src/moveit2_tutorials) by extensions ['colcon_pkg']
[0.392s] Level 1:colcon.colcon_core.package_identification:_identify(src/moveit2_tutorials) by extension 'colcon_pkg'
[0.392s] Level 1:colcon.colcon_core.package_identification:_identify(src/moveit2_tutorials) by extensions ['colcon_meta']
[0.392s] Level 1:colcon.colcon_core.package_identification:_identify(src/moveit2_tutorials) by extension 'colcon_meta'
[0.392s] Level 1:colcon.colcon_core.package_identification:_identify(src/moveit2_tutorials) by extensions ['ros']
[0.392s] Level 1:colcon.colcon_core.package_identification:_identify(src/moveit2_tutorials) by extension 'ros'
[0.393s] DEBUG:colcon.colcon_core.package_identification:Package 'src/moveit2_tutorials' with type 'ros.ament_cmake' and name 'moveit2_tutorials'
[0.394s] Level 1:colcon.colcon_core.package_identification:_identify(src/moveit_resources) by extensions ['ignore', 'ignore_ament_install']
[0.394s] Level 1:colcon.colcon_core.package_identification:_identify(src/moveit_resources) by extension 'ignore'
[0.394s] Level 1:colcon.colcon_core.package_identification:_identify(src/moveit_resources) by extension 'ignore_ament_install'
[0.394s] Level 1:colcon.colcon_core.package_identification:_identify(src/moveit_resources) by extensions ['colcon_pkg']
[0.394s] Level 1:colcon.colcon_core.package_identification:_identify(src/moveit_resources) by extension 'colcon_pkg'
[0.394s] Level 1:colcon.colcon_core.package_identification:_identify(src/moveit_resources) by extensions ['colcon_meta']
[0.394s] Level 1:colcon.colcon_core.package_identification:_identify(src/moveit_resources) by extension 'colcon_meta'
[0.394s] Level 1:colcon.colcon_core.package_identification:_identify(src/moveit_resources) by extensions ['ros']
[0.394s] Level 1:colcon.colcon_core.package_identification:_identify(src/moveit_resources) by extension 'ros'
[0.394s] Level 1:colcon.colcon_core.package_identification:_identify(src/moveit_resources) by extensions ['cmake', 'python']
[0.394s] Level 1:colcon.colcon_core.package_identification:_identify(src/moveit_resources) by extension 'cmake'
[0.394s] Level 1:colcon.colcon_core.package_identification:_identify(src/moveit_resources) by extension 'python'
[0.394s] Level 1:colcon.colcon_core.package_identification:_identify(src/moveit_resources) by extensions ['python_setup_py']
[0.394s] Level 1:colcon.colcon_core.package_identification:_identify(src/moveit_resources) by extension 'python_setup_py'
[0.394s] Level 1:colcon.colcon_core.package_identification:_identify(src/moveit_resources/fanuc_description) by extensions ['ignore', 'ignore_ament_install']
[0.394s] Level 1:colcon.colcon_core.package_identification:_identify(src/moveit_resources/fanuc_description) by extension 'ignore'
[0.394s] Level 1:colcon.colcon_core.package_identification:_identify(src/moveit_resources/fanuc_description) by extension 'ignore_ament_install'
[0.394s] Level 1:colcon.colcon_core.package_identification:_identify(src/moveit_resources/fanuc_description) by extensions ['colcon_pkg']
[0.394s] Level 1:colcon.colcon_core.package_identification:_identify(src/moveit_resources/fanuc_description) by extension 'colcon_pkg'
[0.394s] Level 1:colcon.colcon_core.package_identification:_identify(src/moveit_resources/fanuc_description) by extensions ['colcon_meta']
[0.394s] Level 1:colcon.colcon_core.package_identification:_identify(src/moveit_resources/fanuc_description) by extension 'colcon_meta'
[0.394s] Level 1:colcon.colcon_core.package_identification:_identify(src/moveit_resources/fanuc_description) by extensions ['ros']
[0.394s] Level 1:colcon.colcon_core.package_identification:_identify(src/moveit_resources/fanuc_description) by extension 'ros'
[0.395s] DEBUG:colcon.colcon_core.package_identification:Package 'src/moveit_resources/fanuc_description' with type 'ros.ament_cmake' and name 'moveit_resources_fanuc_description'
[0.395s] Level 1:colcon.colcon_core.package_identification:_identify(src/moveit_resources/fanuc_moveit_config) by extensions ['ignore', 'ignore_ament_install']
[0.395s] Level 1:colcon.colcon_core.package_identification:_identify(src/moveit_resources/fanuc_moveit_config) by extension 'ignore'
[0.395s] Level 1:colcon.colcon_core.package_identification:_identify(src/moveit_resources/fanuc_moveit_config) by extension 'ignore_ament_install'
[0.395s] Level 1:colcon.colcon_core.package_identification:_identify(src/moveit_resources/fanuc_moveit_config) by extensions ['colcon_pkg']
[0.395s] Level 1:colcon.colcon_core.package_identification:_identify(src/moveit_resources/fanuc_moveit_config) by extension 'colcon_pkg'
[0.395s] Level 1:colcon.colcon_core.package_identification:_identify(src/moveit_resources/fanuc_moveit_config) by extensions ['colcon_meta']
[0.395s] Level 1:colcon.colcon_core.package_identification:_identify(src/moveit_resources/fanuc_moveit_config) by extension 'colcon_meta'
[0.395s] Level 1:colcon.colcon_core.package_identification:_identify(src/moveit_resources/fanuc_moveit_config) by extensions ['ros']
[0.395s] Level 1:colcon.colcon_core.package_identification:_identify(src/moveit_resources/fanuc_moveit_config) by extension 'ros'
[0.396s] DEBUG:colcon.colcon_core.package_identification:Package 'src/moveit_resources/fanuc_moveit_config' with type 'ros.ament_cmake' and name 'moveit_resources_fanuc_moveit_config'
[0.396s] Level 1:colcon.colcon_core.package_identification:_identify(src/moveit_resources/moveit_resources) by extensions ['ignore', 'ignore_ament_install']
[0.396s] Level 1:colcon.colcon_core.package_identification:_identify(src/moveit_resources/moveit_resources) by extension 'ignore'
[0.396s] Level 1:colcon.colcon_core.package_identification:_identify(src/moveit_resources/moveit_resources) by extension 'ignore_ament_install'
[0.396s] Level 1:colcon.colcon_core.package_identification:_identify(src/moveit_resources/moveit_resources) by extensions ['colcon_pkg']
[0.396s] Level 1:colcon.colcon_core.package_identification:_identify(src/moveit_resources/moveit_resources) by extension 'colcon_pkg'
[0.396s] Level 1:colcon.colcon_core.package_identification:_identify(src/moveit_resources/moveit_resources) by extensions ['colcon_meta']
[0.396s] Level 1:colcon.colcon_core.package_identification:_identify(src/moveit_resources/moveit_resources) by extension 'colcon_meta'
[0.396s] Level 1:colcon.colcon_core.package_identification:_identify(src/moveit_resources/moveit_resources) by extensions ['ros']
[0.396s] Level 1:colcon.colcon_core.package_identification:_identify(src/moveit_resources/moveit_resources) by extension 'ros'
[0.397s] DEBUG:colcon.colcon_core.package_identification:Package 'src/moveit_resources/moveit_resources' with type 'ros.ament_cmake' and name 'moveit_resources'
[0.397s] Level 1:colcon.colcon_core.package_identification:_identify(src/moveit_resources/panda_description) by extensions ['ignore', 'ignore_ament_install']
[0.397s] Level 1:colcon.colcon_core.package_identification:_identify(src/moveit_resources/panda_description) by extension 'ignore'
[0.397s] Level 1:colcon.colcon_core.package_identification:_identify(src/moveit_resources/panda_description) by extension 'ignore_ament_install'
[0.397s] Level 1:colcon.colcon_core.package_identification:_identify(src/moveit_resources/panda_description) by extensions ['colcon_pkg']
[0.397s] Level 1:colcon.colcon_core.package_identification:_identify(src/moveit_resources/panda_description) by extension 'colcon_pkg'
[0.397s] Level 1:colcon.colcon_core.package_identification:_identify(src/moveit_resources/panda_description) by extensions ['colcon_meta']
[0.397s] Level 1:colcon.colcon_core.package_identification:_identify(src/moveit_resources/panda_description) by extension 'colcon_meta'
[0.397s] Level 1:colcon.colcon_core.package_identification:_identify(src/moveit_resources/panda_description) by extensions ['ros']
[0.397s] Level 1:colcon.colcon_core.package_identification:_identify(src/moveit_resources/panda_description) by extension 'ros'
[0.398s] DEBUG:colcon.colcon_core.package_identification:Package 'src/moveit_resources/panda_description' with type 'ros.ament_cmake' and name 'moveit_resources_panda_description'
[0.398s] Level 1:colcon.colcon_core.package_identification:_identify(src/moveit_resources/panda_moveit_config) by extensions ['ignore', 'ignore_ament_install']
[0.398s] Level 1:colcon.colcon_core.package_identification:_identify(src/moveit_resources/panda_moveit_config) by extension 'ignore'
[0.398s] Level 1:colcon.colcon_core.package_identification:_identify(src/moveit_resources/panda_moveit_config) by extension 'ignore_ament_install'
[0.398s] Level 1:colcon.colcon_core.package_identification:_identify(src/moveit_resources/panda_moveit_config) by extensions ['colcon_pkg']
[0.398s] Level 1:colcon.colcon_core.package_identification:_identify(src/moveit_resources/panda_moveit_config) by extension 'colcon_pkg'
[0.398s] Level 1:colcon.colcon_core.package_identification:_identify(src/moveit_resources/panda_moveit_config) by extensions ['colcon_meta']
[0.398s] Level 1:colcon.colcon_core.package_identification:_identify(src/moveit_resources/panda_moveit_config) by extension 'colcon_meta'
[0.399s] Level 1:colcon.colcon_core.package_identification:_identify(src/moveit_resources/panda_moveit_config) by extensions ['ros']
[0.399s] Level 1:colcon.colcon_core.package_identification:_identify(src/moveit_resources/panda_moveit_config) by extension 'ros'
[0.399s] DEBUG:colcon.colcon_core.package_identification:Package 'src/moveit_resources/panda_moveit_config' with type 'ros.ament_cmake' and name 'moveit_resources_panda_moveit_config'
[0.399s] Level 1:colcon.colcon_core.package_identification:_identify(src/moveit_resources/pr2_description) by extensions ['ignore', 'ignore_ament_install']
[0.399s] Level 1:colcon.colcon_core.package_identification:_identify(src/moveit_resources/pr2_description) by extension 'ignore'
[0.399s] Level 1:colcon.colcon_core.package_identification:_identify(src/moveit_resources/pr2_description) by extension 'ignore_ament_install'
[0.399s] Level 1:colcon.colcon_core.package_identification:_identify(src/moveit_resources/pr2_description) by extensions ['colcon_pkg']
[0.399s] Level 1:colcon.colcon_core.package_identification:_identify(src/moveit_resources/pr2_description) by extension 'colcon_pkg'
[0.399s] Level 1:colcon.colcon_core.package_identification:_identify(src/moveit_resources/pr2_description) by extensions ['colcon_meta']
[0.399s] Level 1:colcon.colcon_core.package_identification:_identify(src/moveit_resources/pr2_description) by extension 'colcon_meta'
[0.399s] Level 1:colcon.colcon_core.package_identification:_identify(src/moveit_resources/pr2_description) by extensions ['ros']
[0.399s] Level 1:colcon.colcon_core.package_identification:_identify(src/moveit_resources/pr2_description) by extension 'ros'
[0.400s] DEBUG:colcon.colcon_core.package_identification:Package 'src/moveit_resources/pr2_description' with type 'ros.ament_cmake' and name 'moveit_resources_pr2_description'
[0.400s] Level 1:colcon.colcon_core.package_identification:_identify(src/moveit_task_constructor) by extensions ['ignore', 'ignore_ament_install']
[0.400s] Level 1:colcon.colcon_core.package_identification:_identify(src/moveit_task_constructor) by extension 'ignore'
[0.400s] Level 1:colcon.colcon_core.package_identification:_identify(src/moveit_task_constructor) by extension 'ignore_ament_install'
[0.400s] Level 1:colcon.colcon_core.package_identification:_identify(src/moveit_task_constructor) by extensions ['colcon_pkg']
[0.400s] Level 1:colcon.colcon_core.package_identification:_identify(src/moveit_task_constructor) by extension 'colcon_pkg'
[0.400s] Level 1:colcon.colcon_core.package_identification:_identify(src/moveit_task_constructor) by extensions ['colcon_meta']
[0.400s] Level 1:colcon.colcon_core.package_identification:_identify(src/moveit_task_constructor) by extension 'colcon_meta'
[0.400s] Level 1:colcon.colcon_core.package_identification:_identify(src/moveit_task_constructor) by extensions ['ros']
[0.400s] Level 1:colcon.colcon_core.package_identification:_identify(src/moveit_task_constructor) by extension 'ros'
[0.400s] Level 1:colcon.colcon_core.package_identification:_identify(src/moveit_task_constructor) by extensions ['cmake', 'python']
[0.400s] Level 1:colcon.colcon_core.package_identification:_identify(src/moveit_task_constructor) by extension 'cmake'
[0.400s] Level 1:colcon.colcon_core.package_identification:_identify(src/moveit_task_constructor) by extension 'python'
[0.400s] Level 1:colcon.colcon_core.package_identification:_identify(src/moveit_task_constructor) by extensions ['python_setup_py']
[0.401s] Level 1:colcon.colcon_core.package_identification:_identify(src/moveit_task_constructor) by extension 'python_setup_py'
[0.401s] Level 1:colcon.colcon_core.package_identification:_identify(src/moveit_task_constructor/capabilities) by extensions ['ignore', 'ignore_ament_install']
[0.401s] Level 1:colcon.colcon_core.package_identification:_identify(src/moveit_task_constructor/capabilities) by extension 'ignore'
[0.401s] Level 1:colcon.colcon_core.package_identification:_identify(src/moveit_task_constructor/capabilities) by extension 'ignore_ament_install'
[0.401s] Level 1:colcon.colcon_core.package_identification:_identify(src/moveit_task_constructor/capabilities) by extensions ['colcon_pkg']
[0.401s] Level 1:colcon.colcon_core.package_identification:_identify(src/moveit_task_constructor/capabilities) by extension 'colcon_pkg'
[0.401s] Level 1:colcon.colcon_core.package_identification:_identify(src/moveit_task_constructor/capabilities) by extensions ['colcon_meta']
[0.401s] Level 1:colcon.colcon_core.package_identification:_identify(src/moveit_task_constructor/capabilities) by extension 'colcon_meta'
[0.401s] Level 1:colcon.colcon_core.package_identification:_identify(src/moveit_task_constructor/capabilities) by extensions ['ros']
[0.401s] Level 1:colcon.colcon_core.package_identification:_identify(src/moveit_task_constructor/capabilities) by extension 'ros'
[0.402s] DEBUG:colcon.colcon_core.package_identification:Package 'src/moveit_task_constructor/capabilities' with type 'ros.ament_cmake' and name 'moveit_task_constructor_capabilities'
[0.402s] Level 1:colcon.colcon_core.package_identification:_identify(src/moveit_task_constructor/core) by extensions ['ignore', 'ignore_ament_install']
[0.402s] Level 1:colcon.colcon_core.package_identification:_identify(src/moveit_task_constructor/core) by extension 'ignore'
[0.402s] Level 1:colcon.colcon_core.package_identification:_identify(src/moveit_task_constructor/core) by extension 'ignore_ament_install'
[0.402s] Level 1:colcon.colcon_core.package_identification:_identify(src/moveit_task_constructor/core) by extensions ['colcon_pkg']
[0.402s] Level 1:colcon.colcon_core.package_identification:_identify(src/moveit_task_constructor/core) by extension 'colcon_pkg'
[0.402s] Level 1:colcon.colcon_core.package_identification:_identify(src/moveit_task_constructor/core) by extensions ['colcon_meta']
[0.402s] Level 1:colcon.colcon_core.package_identification:_identify(src/moveit_task_constructor/core) by extension 'colcon_meta'
[0.402s] Level 1:colcon.colcon_core.package_identification:_identify(src/moveit_task_constructor/core) by extensions ['ros']
[0.402s] Level 1:colcon.colcon_core.package_identification:_identify(src/moveit_task_constructor/core) by extension 'ros'
[0.403s] DEBUG:colcon.colcon_core.package_identification:Package 'src/moveit_task_constructor/core' with type 'ros.ament_cmake' and name 'moveit_task_constructor_core'
[0.403s] Level 1:colcon.colcon_core.package_identification:_identify(src/moveit_task_constructor/demo) by extensions ['ignore', 'ignore_ament_install']
[0.404s] Level 1:colcon.colcon_core.package_identification:_identify(src/moveit_task_constructor/demo) by extension 'ignore'
[0.404s] Level 1:colcon.colcon_core.package_identification:_identify(src/moveit_task_constructor/demo) by extension 'ignore_ament_install'
[0.404s] Level 1:colcon.colcon_core.package_identification:_identify(src/moveit_task_constructor/demo) by extensions ['colcon_pkg']
[0.404s] Level 1:colcon.colcon_core.package_identification:_identify(src/moveit_task_constructor/demo) by extension 'colcon_pkg'
[0.404s] Level 1:colcon.colcon_core.package_identification:_identify(src/moveit_task_constructor/demo) by extensions ['colcon_meta']
[0.404s] Level 1:colcon.colcon_core.package_identification:_identify(src/moveit_task_constructor/demo) by extension 'colcon_meta'
[0.404s] Level 1:colcon.colcon_core.package_identification:_identify(src/moveit_task_constructor/demo) by extensions ['ros']
[0.404s] Level 1:colcon.colcon_core.package_identification:_identify(src/moveit_task_constructor/demo) by extension 'ros'
[0.405s] DEBUG:colcon.colcon_core.package_identification:Package 'src/moveit_task_constructor/demo' with type 'ros.ament_cmake' and name 'moveit_task_constructor_demo'
[0.405s] Level 1:colcon.colcon_core.package_identification:_identify(src/moveit_task_constructor/msgs) by extensions ['ignore', 'ignore_ament_install']
[0.405s] Level 1:colcon.colcon_core.package_identification:_identify(src/moveit_task_constructor/msgs) by extension 'ignore'
[0.405s] Level 1:colcon.colcon_core.package_identification:_identify(src/moveit_task_constructor/msgs) by extension 'ignore_ament_install'
[0.405s] Level 1:colcon.colcon_core.package_identification:_identify(src/moveit_task_constructor/msgs) by extensions ['colcon_pkg']
[0.405s] Level 1:colcon.colcon_core.package_identification:_identify(src/moveit_task_constructor/msgs) by extension 'colcon_pkg'
[0.405s] Level 1:colcon.colcon_core.package_identification:_identify(src/moveit_task_constructor/msgs) by extensions ['colcon_meta']
[0.405s] Level 1:colcon.colcon_core.package_identification:_identify(src/moveit_task_constructor/msgs) by extension 'colcon_meta'
[0.405s] Level 1:colcon.colcon_core.package_identification:_identify(src/moveit_task_constructor/msgs) by extensions ['ros']
[0.405s] Level 1:colcon.colcon_core.package_identification:_identify(src/moveit_task_constructor/msgs) by extension 'ros'
[0.405s] DEBUG:colcon.colcon_core.package_identification:Package 'src/moveit_task_constructor/msgs' with type 'ros.ament_cmake' and name 'moveit_task_constructor_msgs'
[0.406s] Level 1:colcon.colcon_core.package_identification:_identify(src/moveit_task_constructor/rviz_marker_tools) by extensions ['ignore', 'ignore_ament_install']
[0.406s] Level 1:colcon.colcon_core.package_identification:_identify(src/moveit_task_constructor/rviz_marker_tools) by extension 'ignore'
[0.406s] Level 1:colcon.colcon_core.package_identification:_identify(src/moveit_task_constructor/rviz_marker_tools) by extension 'ignore_ament_install'
[0.406s] Level 1:colcon.colcon_core.package_identification:_identify(src/moveit_task_constructor/rviz_marker_tools) by extensions ['colcon_pkg']
[0.406s] Level 1:colcon.colcon_core.package_identification:_identify(src/moveit_task_constructor/rviz_marker_tools) by extension 'colcon_pkg'
[0.406s] Level 1:colcon.colcon_core.package_identification:_identify(src/moveit_task_constructor/rviz_marker_tools) by extensions ['colcon_meta']
[0.406s] Level 1:colcon.colcon_core.package_identification:_identify(src/moveit_task_constructor/rviz_marker_tools) by extension 'colcon_meta'
[0.406s] Level 1:colcon.colcon_core.package_identification:_identify(src/moveit_task_constructor/rviz_marker_tools) by extensions ['ros']
[0.406s] Level 1:colcon.colcon_core.package_identification:_identify(src/moveit_task_constructor/rviz_marker_tools) by extension 'ros'
[0.407s] DEBUG:colcon.colcon_core.package_identification:Package 'src/moveit_task_constructor/rviz_marker_tools' with type 'ros.ament_cmake' and name 'rviz_marker_tools'
[0.407s] Level 1:colcon.colcon_core.package_identification:_identify(src/moveit_task_constructor/visualization) by extensions ['ignore', 'ignore_ament_install']
[0.407s] Level 1:colcon.colcon_core.package_identification:_identify(src/moveit_task_constructor/visualization) by extension 'ignore'
[0.407s] Level 1:colcon.colcon_core.package_identification:_identify(src/moveit_task_constructor/visualization) by extension 'ignore_ament_install'
[0.407s] Level 1:colcon.colcon_core.package_identification:_identify(src/moveit_task_constructor/visualization) by extensions ['colcon_pkg']
[0.407s] Level 1:colcon.colcon_core.package_identification:_identify(src/moveit_task_constructor/visualization) by extension 'colcon_pkg'
[0.407s] Level 1:colcon.colcon_core.package_identification:_identify(src/moveit_task_constructor/visualization) by extensions ['colcon_meta']
[0.407s] Level 1:colcon.colcon_core.package_identification:_identify(src/moveit_task_constructor/visualization) by extension 'colcon_meta'
[0.407s] Level 1:colcon.colcon_core.package_identification:_identify(src/moveit_task_constructor/visualization) by extensions ['ros']
[0.407s] Level 1:colcon.colcon_core.package_identification:_identify(src/moveit_task_constructor/visualization) by extension 'ros'
[0.408s] DEBUG:colcon.colcon_core.package_identification:Package 'src/moveit_task_constructor/visualization' with type 'ros.ament_cmake' and name 'moveit_task_constructor_visualization'
[0.408s] Level 1:colcon.colcon_core.package_identification:_identify(src/moveit_visual_tools) by extensions ['ignore', 'ignore_ament_install']
[0.408s] Level 1:colcon.colcon_core.package_identification:_identify(src/moveit_visual_tools) by extension 'ignore'
[0.408s] Level 1:colcon.colcon_core.package_identification:_identify(src/moveit_visual_tools) by extension 'ignore_ament_install'
[0.408s] Level 1:colcon.colcon_core.package_identification:_identify(src/moveit_visual_tools) by extensions ['colcon_pkg']
[0.408s] Level 1:colcon.colcon_core.package_identification:_identify(src/moveit_visual_tools) by extension 'colcon_pkg'
[0.408s] Level 1:colcon.colcon_core.package_identification:_identify(src/moveit_visual_tools) by extensions ['colcon_meta']
[0.408s] Level 1:colcon.colcon_core.package_identification:_identify(src/moveit_visual_tools) by extension 'colcon_meta'
[0.408s] Level 1:colcon.colcon_core.package_identification:_identify(src/moveit_visual_tools) by extensions ['ros']
[0.408s] Level 1:colcon.colcon_core.package_identification:_identify(src/moveit_visual_tools) by extension 'ros'
[0.409s] DEBUG:colcon.colcon_core.package_identification:Package 'src/moveit_visual_tools' with type 'ros.ament_cmake' and name 'moveit_visual_tools'
[0.410s] Level 1:colcon.colcon_core.package_identification:_identify(src/new_configuration) by extensions ['ignore', 'ignore_ament_install']
[0.410s] Level 1:colcon.colcon_core.package_identification:_identify(src/new_configuration) by extension 'ignore'
[0.410s] Level 1:colcon.colcon_core.package_identification:_identify(src/new_configuration) by extension 'ignore_ament_install'
[0.410s] Level 1:colcon.colcon_core.package_identification:_identify(src/new_configuration) by extensions ['colcon_pkg']
[0.410s] Level 1:colcon.colcon_core.package_identification:_identify(src/new_configuration) by extension 'colcon_pkg'
[0.410s] Level 1:colcon.colcon_core.package_identification:_identify(src/new_configuration) by extensions ['colcon_meta']
[0.410s] Level 1:colcon.colcon_core.package_identification:_identify(src/new_configuration) by extension 'colcon_meta'
[0.410s] Level 1:colcon.colcon_core.package_identification:_identify(src/new_configuration) by extensions ['ros']
[0.410s] Level 1:colcon.colcon_core.package_identification:_identify(src/new_configuration) by extension 'ros'
[0.411s] DEBUG:colcon.colcon_core.package_identification:Package 'src/new_configuration' with type 'ros.ament_cmake' and name 'new_configuration'
[0.411s] Level 1:colcon.colcon_core.package_identification:_identify(src/rosparam_shortcuts) by extensions ['ignore', 'ignore_ament_install']
[0.411s] Level 1:colcon.colcon_core.package_identification:_identify(src/rosparam_shortcuts) by extension 'ignore'
[0.411s] Level 1:colcon.colcon_core.package_identification:_identify(src/rosparam_shortcuts) by extension 'ignore_ament_install'
[0.411s] Level 1:colcon.colcon_core.package_identification:_identify(src/rosparam_shortcuts) by extensions ['colcon_pkg']
[0.411s] Level 1:colcon.colcon_core.package_identification:_identify(src/rosparam_shortcuts) by extension 'colcon_pkg'
[0.411s] Level 1:colcon.colcon_core.package_identification:_identify(src/rosparam_shortcuts) by extensions ['colcon_meta']
[0.411s] Level 1:colcon.colcon_core.package_identification:_identify(src/rosparam_shortcuts) by extension 'colcon_meta'
[0.411s] Level 1:colcon.colcon_core.package_identification:_identify(src/rosparam_shortcuts) by extensions ['ros']
[0.411s] Level 1:colcon.colcon_core.package_identification:_identify(src/rosparam_shortcuts) by extension 'ros'
[0.412s] DEBUG:colcon.colcon_core.package_identification:Package 'src/rosparam_shortcuts' with type 'ros.ament_cmake' and name 'rosparam_shortcuts'
[0.412s] Level 1:colcon.colcon_core.package_identification:_identify(src/srdfdom) by extensions ['ignore', 'ignore_ament_install']
[0.412s] Level 1:colcon.colcon_core.package_identification:_identify(src/srdfdom) by extension 'ignore'
[0.412s] Level 1:colcon.colcon_core.package_identification:_identify(src/srdfdom) by extension 'ignore_ament_install'
[0.412s] Level 1:colcon.colcon_core.package_identification:_identify(src/srdfdom) by extensions ['colcon_pkg']
[0.412s] Level 1:colcon.colcon_core.package_identification:_identify(src/srdfdom) by extension 'colcon_pkg'
[0.412s] Level 1:colcon.colcon_core.package_identification:_identify(src/srdfdom) by extensions ['colcon_meta']
[0.412s] Level 1:colcon.colcon_core.package_identification:_identify(src/srdfdom) by extension 'colcon_meta'
[0.412s] Level 1:colcon.colcon_core.package_identification:_identify(src/srdfdom) by extensions ['ros']
[0.412s] Level 1:colcon.colcon_core.package_identification:_identify(src/srdfdom) by extension 'ros'
[0.413s] DEBUG:colcon.colcon_core.package_identification:Package 'src/srdfdom' with type 'ros.ament_cmake' and name 'srdfdom'
[0.413s] Level 1:colcon.colcon_core.package_identification:_identify(src/ur3e) by extensions ['ignore', 'ignore_ament_install']
[0.413s] Level 1:colcon.colcon_core.package_identification:_identify(src/ur3e) by extension 'ignore'
[0.413s] Level 1:colcon.colcon_core.package_identification:_identify(src/ur3e) by extension 'ignore_ament_install'
[0.413s] Level 1:colcon.colcon_core.package_identification:_identify(src/ur3e) by extensions ['colcon_pkg']
[0.413s] Level 1:colcon.colcon_core.package_identification:_identify(src/ur3e) by extension 'colcon_pkg'
[0.413s] Level 1:colcon.colcon_core.package_identification:_identify(src/ur3e) by extensions ['colcon_meta']
[0.413s] Level 1:colcon.colcon_core.package_identification:_identify(src/ur3e) by extension 'colcon_meta'
[0.413s] Level 1:colcon.colcon_core.package_identification:_identify(src/ur3e) by extensions ['ros']
[0.413s] Level 1:colcon.colcon_core.package_identification:_identify(src/ur3e) by extension 'ros'
[0.414s] DEBUG:colcon.colcon_core.package_identification:Package 'src/ur3e' with type 'ros.ament_cmake' and name 'ur3e'
[0.414s] Level 1:colcon.colcon_core.package_identification:_identify(src/ur3e_motion_package) by extensions ['ignore', 'ignore_ament_install']
[0.414s] Level 1:colcon.colcon_core.package_identification:_identify(src/ur3e_motion_package) by extension 'ignore'
[0.414s] Level 1:colcon.colcon_core.package_identification:_identify(src/ur3e_motion_package) by extension 'ignore_ament_install'
[0.414s] Level 1:colcon.colcon_core.package_identification:_identify(src/ur3e_motion_package) by extensions ['colcon_pkg']
[0.414s] Level 1:colcon.colcon_core.package_identification:_identify(src/ur3e_motion_package) by extension 'colcon_pkg'
[0.414s] Level 1:colcon.colcon_core.package_identification:_identify(src/ur3e_motion_package) by extensions ['colcon_meta']
[0.414s] Level 1:colcon.colcon_core.package_identification:_identify(src/ur3e_motion_package) by extension 'colcon_meta'
[0.414s] Level 1:colcon.colcon_core.package_identification:_identify(src/ur3e_motion_package) by extensions ['ros']
[0.414s] Level 1:colcon.colcon_core.package_identification:_identify(src/ur3e_motion_package) by extension 'ros'
[0.415s] DEBUG:colcon.colcon_core.package_identification:Package 'src/ur3e_motion_package' with type 'ros.ament_python' and name 'ur3e_motion_package'
[0.415s] Level 1:colcon.colcon_core.package_discovery:discover_packages(recursive) using defaults
[0.415s] Level 1:colcon.colcon_core.package_discovery:discover_packages(ignore) discover
[0.415s] Level 1:colcon.colcon_core.package_discovery:discover_packages(ignore) using defaults
[0.415s] Level 1:colcon.colcon_core.package_discovery:discover_packages(path) discover
[0.415s] Level 1:colcon.colcon_core.package_discovery:discover_packages(path) using defaults
[0.483s] INFO:colcon.colcon_core.package_selection:Skipping not selected package 'launch_param_builder' in 'src/launch_param_builder'
[0.483s] INFO:colcon.colcon_core.package_selection:Skipping not selected package 'moveit_common' in 'src/moveit2/moveit_common'
[0.483s] INFO:colcon.colcon_core.package_selection:Skipping not selected package 'moveit_resources_fanuc_description' in 'src/moveit_resources/fanuc_description'
[0.483s] INFO:colcon.colcon_core.package_selection:Skipping not selected package 'moveit_resources_panda_description' in 'src/moveit_resources/panda_description'
[0.483s] INFO:colcon.colcon_core.package_selection:Skipping not selected package 'moveit_resources_pr2_description' in 'src/moveit_resources/pr2_description'
[0.483s] INFO:colcon.colcon_core.package_selection:Skipping not selected package 'moveit_resources_prbt_support' in 'src/moveit2/moveit_planners/test_configs/prbt_support'
[0.483s] INFO:colcon.colcon_core.package_selection:Skipping not selected package 'rosparam_shortcuts' in 'src/rosparam_shortcuts'
[0.483s] INFO:colcon.colcon_core.package_selection:Skipping not selected package 'srdfdom' in 'src/srdfdom'
[0.483s] INFO:colcon.colcon_core.package_selection:Skipping not selected package 'ur3e' in 'src/ur3e'
[0.483s] INFO:colcon.colcon_core.package_selection:Skipping not selected package 'ur3e_motion_package' in 'src/ur3e_motion_package'
[0.483s] INFO:colcon.colcon_core.package_selection:Skipping not selected package 'ur_dashboard_msgs' in 'src/Universal_Robots_ROS2_Driver/ur_dashboard_msgs'
[0.483s] INFO:colcon.colcon_core.package_selection:Skipping not selected package 'moveit_configs_utils' in 'src/moveit2/moveit_configs_utils'
[0.483s] INFO:colcon.colcon_core.package_selection:Skipping not selected package 'moveit_resources_fanuc_moveit_config' in 'src/moveit_resources/fanuc_moveit_config'
[0.483s] INFO:colcon.colcon_core.package_selection:Skipping not selected package 'moveit_resources_panda_moveit_config' in 'src/moveit_resources/panda_moveit_config'
[0.483s] INFO:colcon.colcon_core.package_selection:Skipping not selected package 'rviz_marker_tools' in 'src/moveit_task_constructor/rviz_marker_tools'
[0.483s] INFO:colcon.colcon_core.package_selection:Skipping not selected package 'ur_controllers' in 'src/Universal_Robots_ROS2_Driver/ur_controllers'
[0.483s] INFO:colcon.colcon_core.package_selection:Skipping not selected package 'moveit_core' in 'src/moveit2/moveit_core'
[0.483s] INFO:colcon.colcon_core.package_selection:Skipping not selected package 'moveit_resources' in 'src/moveit_resources/moveit_resources'
[0.483s] INFO:colcon.colcon_core.package_selection:Skipping not selected package 'ur_bringup' in 'src/Universal_Robots_ROS2_Driver/ur_bringup'
[0.483s] INFO:colcon.colcon_core.package_selection:Skipping not selected package 'ur_robot_driver' in 'src/Universal_Robots_ROS2_Driver/ur_robot_driver'
[0.483s] INFO:colcon.colcon_core.package_selection:Skipping not selected package 'chomp_motion_planner' in 'src/moveit2/moveit_planners/chomp/chomp_motion_planner'
[0.483s] INFO:colcon.colcon_core.package_selection:Skipping not selected package 'moveit_resources_prbt_ikfast_manipulator_plugin' in 'src/moveit2/moveit_planners/test_configs/prbt_ikfast_manipulator_plugin'
[0.483s] INFO:colcon.colcon_core.package_selection:Skipping not selected package 'moveit_ros_occupancy_map_monitor' in 'src/moveit2/moveit_ros/occupancy_map_monitor'
[0.483s] INFO:colcon.colcon_core.package_selection:Skipping not selected package 'moveit_simple_controller_manager' in 'src/moveit2/moveit_plugins/moveit_simple_controller_manager'
[0.483s] INFO:colcon.colcon_core.package_selection:Skipping not selected package 'pilz_industrial_motion_planner_testutils' in 'src/moveit2/moveit_planners/pilz_industrial_motion_planner_testutils'
[0.483s] INFO:colcon.colcon_core.package_selection:Skipping not selected package 'ur_calibration' in 'src/Universal_Robots_ROS2_Driver/ur_calibration'
[0.483s] INFO:colcon.colcon_core.package_selection:Skipping not selected package 'moveit_chomp_optimizer_adapter' in 'src/moveit2/moveit_planners/chomp/chomp_optimizer_adapter'
[0.483s] INFO:colcon.colcon_core.package_selection:Skipping not selected package 'moveit_planners_chomp' in 'src/moveit2/moveit_planners/chomp/chomp_interface'
[0.483s] INFO:colcon.colcon_core.package_selection:Skipping not selected package 'moveit_plugins' in 'src/moveit2/moveit_plugins/moveit_plugins'
[0.483s] INFO:colcon.colcon_core.package_selection:Skipping not selected package 'moveit_ros_control_interface' in 'src/moveit2/moveit_plugins/moveit_ros_control_interface'
[0.483s] INFO:colcon.colcon_core.package_selection:Skipping not selected package 'moveit_ros_planning' in 'src/moveit2/moveit_ros/planning'
[0.483s] INFO:colcon.colcon_core.package_selection:Skipping not selected package 'moveit_kinematics' in 'src/moveit2/moveit_kinematics'
[0.483s] INFO:colcon.colcon_core.package_selection:Skipping not selected package 'moveit_planners_ompl' in 'src/moveit2/moveit_planners/ompl'
[0.483s] INFO:colcon.colcon_core.package_selection:Skipping not selected package 'moveit_ros_perception' in 'src/moveit2/moveit_ros/perception'
[0.483s] INFO:colcon.colcon_core.package_selection:Skipping not selected package 'moveit_ros_robot_interaction' in 'src/moveit2/moveit_ros/robot_interaction'
[0.483s] INFO:colcon.colcon_core.package_selection:Skipping not selected package 'moveit_ros_warehouse' in 'src/moveit2/moveit_ros/warehouse'
[0.483s] INFO:colcon.colcon_core.package_selection:Skipping not selected package 'moveit_visual_tools' in 'src/moveit_visual_tools'
[0.483s] INFO:colcon.colcon_core.package_selection:Skipping not selected package 'moveit_ros_benchmarks' in 'src/moveit2/moveit_ros/benchmarks'
[0.484s] INFO:colcon.colcon_core.package_selection:Skipping not selected package 'moveit_ros_move_group' in 'src/moveit2/moveit_ros/move_group'
[0.484s] INFO:colcon.colcon_core.package_selection:Skipping not selected package 'moveit_resources_prbt_moveit_config' in 'src/moveit2/moveit_planners/test_configs/prbt_moveit_config'
[0.484s] INFO:colcon.colcon_core.package_selection:Skipping not selected package 'moveit_ros_planning_interface' in 'src/moveit2/moveit_ros/planning_interface'
[0.484s] INFO:colcon.colcon_core.package_selection:Skipping not selected package 'moveit_hybrid_planning' in 'src/moveit2/moveit_ros/hybrid_planning'
[0.484s] INFO:colcon.colcon_core.package_selection:Skipping not selected package 'moveit_resources_prbt_pg70_support' in 'src/moveit2/moveit_planners/test_configs/prbt_pg70_support'
[0.484s] INFO:colcon.colcon_core.package_selection:Skipping not selected package 'moveit_ros_visualization' in 'src/moveit2/moveit_ros/visualization'
[0.484s] INFO:colcon.colcon_core.package_selection:Skipping not selected package 'moveit_servo' in 'src/moveit2/moveit_ros/moveit_servo'
[0.484s] INFO:colcon.colcon_core.package_selection:Skipping not selected package 'moveit_ros' in 'src/moveit2/moveit_ros/moveit_ros'
[0.484s] INFO:colcon.colcon_core.package_selection:Skipping not selected package 'moveit_setup_framework' in 'src/moveit2/moveit_setup_assistant/moveit_setup_framework'
[0.484s] INFO:colcon.colcon_core.package_selection:Skipping not selected package 'pilz_industrial_motion_planner' in 'src/moveit2/moveit_planners/pilz_industrial_motion_planner'
[0.484s] INFO:colcon.colcon_core.package_selection:Skipping not selected package 'ur_moveit_config' in 'src/Universal_Robots_ROS2_Driver/ur_moveit_config'
[0.484s] INFO:colcon.colcon_core.package_selection:Skipping not selected package 'moveit_planners' in 'src/moveit2/moveit_planners/moveit_planners'
[0.484s] INFO:colcon.colcon_core.package_selection:Skipping not selected package 'moveit_setup_app_plugins' in 'src/moveit2/moveit_setup_assistant/moveit_setup_app_plugins'
[0.484s] INFO:colcon.colcon_core.package_selection:Skipping not selected package 'moveit_setup_controllers' in 'src/moveit2/moveit_setup_assistant/moveit_setup_controllers'
[0.484s] INFO:colcon.colcon_core.package_selection:Skipping not selected package 'moveit_setup_core_plugins' in 'src/moveit2/moveit_setup_assistant/moveit_setup_core_plugins'
[0.484s] INFO:colcon.colcon_core.package_selection:Skipping not selected package 'moveit_setup_srdf_plugins' in 'src/moveit2/moveit_setup_assistant/moveit_setup_srdf_plugins'
[0.484s] INFO:colcon.colcon_core.package_selection:Skipping not selected package 'ur' in 'src/Universal_Robots_ROS2_Driver/ur'
[0.484s] INFO:colcon.colcon_core.package_selection:Skipping not selected package 'moveit_runtime' in 'src/moveit2/moveit_runtime'
[0.484s] INFO:colcon.colcon_core.package_selection:Skipping not selected package 'moveit_setup_assistant' in 'src/moveit2/moveit_setup_assistant/moveit_setup_assistant'
[0.484s] INFO:colcon.colcon_core.package_selection:Skipping not selected package 'moveit_task_constructor_core' in 'src/moveit_task_constructor/core'
[0.484s] INFO:colcon.colcon_core.package_selection:Skipping not selected package 'moveit' in 'src/moveit2/moveit'
[0.484s] INFO:colcon.colcon_core.package_selection:Skipping not selected package 'moveit_task_constructor_capabilities' in 'src/moveit_task_constructor/capabilities'
[0.484s] INFO:colcon.colcon_core.package_selection:Skipping not selected package 'moveit_task_constructor_visualization' in 'src/moveit_task_constructor/visualization'
[0.484s] INFO:colcon.colcon_core.package_selection:Skipping not selected package 'new_configuration' in 'src/new_configuration'
[0.484s] INFO:colcon.colcon_core.package_selection:Skipping not selected package 'moveit2_tutorials' in 'src/moveit2_tutorials'
[0.484s] INFO:colcon.colcon_core.package_selection:Skipping not selected package 'moveit_task_constructor_demo' in 'src/moveit_task_constructor/demo'
[0.484s] Level 1:colcon.colcon_core.package_discovery:discover_packages(prefix_path) check parameters
[0.484s] Level 1:colcon.colcon_core.package_discovery:discover_packages(prefix_path) discover
[0.485s] WARNING:colcon.colcon_ros.prefix_path.ament:The path '/home/vinayak/ws_moveit2/install/ur' in the environment variable AMENT_PREFIX_PATH doesn't exist
[0.485s] WARNING:colcon.colcon_ros.prefix_path.ament:The path '/home/vinayak/ws_moveit2/install/ur_calibration' in the environment variable AMENT_PREFIX_PATH doesn't exist
[0.485s] WARNING:colcon.colcon_ros.prefix_path.ament:The path '/home/vinayak/ws_moveit2/install/ur_robot_driver' in the environment variable AMENT_PREFIX_PATH doesn't exist
[0.485s] WARNING:colcon.colcon_ros.prefix_path.ament:The path '/home/vinayak/ws_moveit2/install/ur_moveit_config' in the environment variable AMENT_PREFIX_PATH doesn't exist
[0.485s] WARNING:colcon.colcon_ros.prefix_path.ament:The path '/home/vinayak/ws_moveit2/install/ur_bringup' in the environment variable AMENT_PREFIX_PATH doesn't exist
[0.485s] WARNING:colcon.colcon_ros.prefix_path.ament:The path '/home/vinayak/ws_moveit2/install/ur_controllers' in the environment variable AMENT_PREFIX_PATH doesn't exist
[0.486s] WARNING:colcon.colcon_ros.prefix_path.ament:The path '/home/vinayak/ws_moveit2/install/ur_dashboard_msgs' in the environment variable AMENT_PREFIX_PATH doesn't exist
[0.486s] WARNING:colcon.colcon_ros.prefix_path.ament:The path '/home/vinayak/ws_moveit2/install/ur3e_motion_package' in the environment variable AMENT_PREFIX_PATH doesn't exist
[0.486s] WARNING:colcon.colcon_ros.prefix_path.ament:The path '/home/vinayak/ws_moveit2/install/new_configuration' in the environment variable AMENT_PREFIX_PATH doesn't exist
[0.486s] WARNING:colcon.colcon_ros.prefix_path.ament:The path '/home/vinayak/ws_moveit2/install/ur3e' in the environment variable AMENT_PREFIX_PATH doesn't exist
[0.486s] WARNING:colcon.colcon_ros.prefix_path.ament:The path '/home/vinayak/ws_moveit2/install/pilz_industrial_motion_planner_testutils' in the environment variable AMENT_PREFIX_PATH doesn't exist
[0.486s] WARNING:colcon.colcon_ros.prefix_path.ament:The path '/home/vinayak/ws_moveit2/install/moveit_runtime' in the environment variable AMENT_PREFIX_PATH doesn't exist
[0.486s] WARNING:colcon.colcon_ros.prefix_path.ament:The path '/home/vinayak/ws_moveit2/install/moveit2_tutorials' in the environment variable AMENT_PREFIX_PATH doesn't exist
[0.486s] WARNING:colcon.colcon_ros.prefix_path.ament:The path '/home/vinayak/ws_moveit2/install/moveit' in the environment variable AMENT_PREFIX_PATH doesn't exist
[0.486s] WARNING:colcon.colcon_ros.prefix_path.ament:The path '/home/vinayak/ws_moveit2/install/moveit_planners' in the environment variable AMENT_PREFIX_PATH doesn't exist
[0.486s] WARNING:colcon.colcon_ros.prefix_path.ament:The path '/home/vinayak/ws_moveit2/install/pilz_industrial_motion_planner' in the environment variable AMENT_PREFIX_PATH doesn't exist
[0.486s] WARNING:colcon.colcon_ros.prefix_path.ament:The path '/home/vinayak/ws_moveit2/install/moveit_visual_tools' in the environment variable AMENT_PREFIX_PATH doesn't exist
[0.486s] WARNING:colcon.colcon_ros.prefix_path.ament:The path '/home/vinayak/ws_moveit2/install/moveit_task_constructor_visualization' in the environment variable AMENT_PREFIX_PATH doesn't exist
[0.486s] WARNING:colcon.colcon_ros.prefix_path.ament:The path '/home/vinayak/ws_moveit2/install/moveit_task_constructor_demo' in the environment variable AMENT_PREFIX_PATH doesn't exist
[0.486s] WARNING:colcon.colcon_ros.prefix_path.ament:The path '/home/vinayak/ws_moveit2/install/moveit_task_constructor_capabilities' in the environment variable AMENT_PREFIX_PATH doesn't exist
[0.486s] WARNING:colcon.colcon_ros.prefix_path.ament:The path '/home/vinayak/ws_moveit2/install/moveit_task_constructor_core' in the environment variable AMENT_PREFIX_PATH doesn't exist
[0.486s] WARNING:colcon.colcon_ros.prefix_path.ament:The path '/home/vinayak/ws_moveit2/install/moveit_ros_control_interface' in the environment variable AMENT_PREFIX_PATH doesn't exist
[0.486s] WARNING:colcon.colcon_ros.prefix_path.ament:The path '/home/vinayak/ws_moveit2/install/moveit_plugins' in the environment variable AMENT_PREFIX_PATH doesn't exist
[0.486s] WARNING:colcon.colcon_ros.prefix_path.ament:The path '/home/vinayak/ws_moveit2/install/moveit_simple_controller_manager' in the environment variable AMENT_PREFIX_PATH doesn't exist
[0.486s] WARNING:colcon.colcon_ros.prefix_path.ament:The path '/home/vinayak/ws_moveit2/install/moveit_setup_assistant' in the environment variable AMENT_PREFIX_PATH doesn't exist
[0.486s] WARNING:colcon.colcon_ros.prefix_path.ament:The path '/home/vinayak/ws_moveit2/install/moveit_setup_srdf_plugins' in the environment variable AMENT_PREFIX_PATH doesn't exist
[0.486s] WARNING:colcon.colcon_ros.prefix_path.ament:The path '/home/vinayak/ws_moveit2/install/moveit_setup_core_plugins' in the environment variable AMENT_PREFIX_PATH doesn't exist
[0.486s] WARNING:colcon.colcon_ros.prefix_path.ament:The path '/home/vinayak/ws_moveit2/install/moveit_setup_controllers' in the environment variable AMENT_PREFIX_PATH doesn't exist
[0.486s] WARNING:colcon.colcon_ros.prefix_path.ament:The path '/home/vinayak/ws_moveit2/install/moveit_setup_app_plugins' in the environment variable AMENT_PREFIX_PATH doesn't exist
[0.486s] WARNING:colcon.colcon_ros.prefix_path.ament:The path '/home/vinayak/ws_moveit2/install/moveit_setup_framework' in the environment variable AMENT_PREFIX_PATH doesn't exist
[0.486s] WARNING:colcon.colcon_ros.prefix_path.ament:The path '/home/vinayak/ws_moveit2/install/moveit_servo' in the environment variable AMENT_PREFIX_PATH doesn't exist
[0.486s] WARNING:colcon.colcon_ros.prefix_path.ament:The path '/home/vinayak/ws_moveit2/install/moveit_ros' in the environment variable AMENT_PREFIX_PATH doesn't exist
[0.486s] WARNING:colcon.colcon_ros.prefix_path.ament:The path '/home/vinayak/ws_moveit2/install/moveit_ros_visualization' in the environment variable AMENT_PREFIX_PATH doesn't exist
[0.486s] WARNING:colcon.colcon_ros.prefix_path.ament:The path '/home/vinayak/ws_moveit2/install/moveit_hybrid_planning' in the environment variable AMENT_PREFIX_PATH doesn't exist
[0.486s] WARNING:colcon.colcon_ros.prefix_path.ament:The path '/home/vinayak/ws_moveit2/install/moveit_ros_planning_interface' in the environment variable AMENT_PREFIX_PATH doesn't exist
[0.487s] WARNING:colcon.colcon_ros.prefix_path.ament:The path '/home/vinayak/ws_moveit2/install/moveit_ros_benchmarks' in the environment variable AMENT_PREFIX_PATH doesn't exist
[0.487s] WARNING:colcon.colcon_ros.prefix_path.ament:The path '/home/vinayak/ws_moveit2/install/moveit_ros_warehouse' in the environment variable AMENT_PREFIX_PATH doesn't exist
[0.487s] WARNING:colcon.colcon_ros.prefix_path.ament:The path '/home/vinayak/ws_moveit2/install/moveit_ros_robot_interaction' in the environment variable AMENT_PREFIX_PATH doesn't exist
[0.487s] WARNING:colcon.colcon_ros.prefix_path.ament:The path '/home/vinayak/ws_moveit2/install/moveit_ros_perception' in the environment variable AMENT_PREFIX_PATH doesn't exist
[0.487s] WARNING:colcon.colcon_ros.prefix_path.ament:The path '/home/vinayak/ws_moveit2/install/moveit_resources_prbt_pg70_support' in the environment variable AMENT_PREFIX_PATH doesn't exist
[0.487s] WARNING:colcon.colcon_ros.prefix_path.ament:The path '/home/vinayak/ws_moveit2/install/moveit_resources_prbt_moveit_config' in the environment variable AMENT_PREFIX_PATH doesn't exist
[0.487s] WARNING:colcon.colcon_ros.prefix_path.ament:The path '/home/vinayak/ws_moveit2/install/moveit_ros_move_group' in the environment variable AMENT_PREFIX_PATH doesn't exist
[0.487s] WARNING:colcon.colcon_ros.prefix_path.ament:The path '/home/vinayak/ws_moveit2/install/moveit_planners_ompl' in the environment variable AMENT_PREFIX_PATH doesn't exist
[0.487s] WARNING:colcon.colcon_ros.prefix_path.ament:The path '/home/vinayak/ws_moveit2/install/moveit_ros_planning' in the environment variable AMENT_PREFIX_PATH doesn't exist
[0.487s] WARNING:colcon.colcon_ros.prefix_path.ament:The path '/home/vinayak/ws_moveit2/install/moveit_ros_occupancy_map_monitor' in the environment variable AMENT_PREFIX_PATH doesn't exist
[0.487s] WARNING:colcon.colcon_ros.prefix_path.ament:The path '/home/vinayak/ws_moveit2/install/moveit_resources_prbt_ikfast_manipulator_plugin' in the environment variable AMENT_PREFIX_PATH doesn't exist
[0.487s] WARNING:colcon.colcon_ros.prefix_path.ament:The path '/home/vinayak/ws_moveit2/install/moveit_planners_chomp' in the environment variable AMENT_PREFIX_PATH doesn't exist
[0.487s] WARNING:colcon.colcon_ros.prefix_path.ament:The path '/home/vinayak/ws_moveit2/install/moveit_kinematics' in the environment variable AMENT_PREFIX_PATH doesn't exist
[0.487s] WARNING:colcon.colcon_ros.prefix_path.ament:The path '/home/vinayak/ws_moveit2/install/moveit_chomp_optimizer_adapter' in the environment variable AMENT_PREFIX_PATH doesn't exist
[0.487s] WARNING:colcon.colcon_ros.prefix_path.ament:The path '/home/vinayak/ws_moveit2/install/chomp_motion_planner' in the environment variable AMENT_PREFIX_PATH doesn't exist
[0.487s] WARNING:colcon.colcon_ros.prefix_path.ament:The path '/home/vinayak/ws_moveit2/install/moveit_core' in the environment variable AMENT_PREFIX_PATH doesn't exist
[0.487s] WARNING:colcon.colcon_ros.prefix_path.ament:The path '/home/vinayak/ws_moveit2/install/moveit_configs_utils' in the environment variable AMENT_PREFIX_PATH doesn't exist
[0.487s] WARNING:colcon.colcon_ros.prefix_path.ament:The path '/home/vinayak/ws_moveit2/install/srdfdom' in the environment variable AMENT_PREFIX_PATH doesn't exist
[0.487s] WARNING:colcon.colcon_ros.prefix_path.ament:The path '/home/vinayak/ws_moveit2/install/rviz_marker_tools' in the environment variable AMENT_PREFIX_PATH doesn't exist
[0.487s] WARNING:colcon.colcon_ros.prefix_path.ament:The path '/home/vinayak/ws_moveit2/install/rosparam_shortcuts' in the environment variable AMENT_PREFIX_PATH doesn't exist
[0.487s] WARNING:colcon.colcon_ros.prefix_path.ament:The path '/home/vinayak/ws_moveit2/install/moveit_task_constructor_msgs' in the environment variable AMENT_PREFIX_PATH doesn't exist
[0.487s] WARNING:colcon.colcon_ros.prefix_path.ament:The path '/home/vinayak/ws_moveit2/install/moveit_resources_prbt_support' in the environment variable AMENT_PREFIX_PATH doesn't exist
[0.487s] WARNING:colcon.colcon_ros.prefix_path.ament:The path '/home/vinayak/ws_moveit2/install/moveit_resources' in the environment variable AMENT_PREFIX_PATH doesn't exist
[0.487s] WARNING:colcon.colcon_ros.prefix_path.ament:The path '/home/vinayak/ws_moveit2/install/moveit_resources_pr2_description' in the environment variable AMENT_PREFIX_PATH doesn't exist
[0.487s] WARNING:colcon.colcon_ros.prefix_path.ament:The path '/home/vinayak/ws_moveit2/install/moveit_resources_panda_moveit_config' in the environment variable AMENT_PREFIX_PATH doesn't exist
[0.487s] WARNING:colcon.colcon_ros.prefix_path.ament:The path '/home/vinayak/ws_moveit2/install/moveit_resources_panda_description' in the environment variable AMENT_PREFIX_PATH doesn't exist
[0.487s] WARNING:colcon.colcon_ros.prefix_path.ament:The path '/home/vinayak/ws_moveit2/install/moveit_resources_fanuc_moveit_config' in the environment variable AMENT_PREFIX_PATH doesn't exist
[0.487s] WARNING:colcon.colcon_ros.prefix_path.ament:The path '/home/vinayak/ws_moveit2/install/moveit_resources_fanuc_description' in the environment variable AMENT_PREFIX_PATH doesn't exist
[0.487s] WARNING:colcon.colcon_ros.prefix_path.ament:The path '/home/vinayak/ws_moveit2/install/moveit_common' in the environment variable AMENT_PREFIX_PATH doesn't exist
[0.487s] WARNING:colcon.colcon_ros.prefix_path.ament:The path '/home/vinayak/ws_moveit2/install/launch_param_builder' in the environment variable AMENT_PREFIX_PATH doesn't exist
[0.488s] WARNING:colcon.colcon_ros.prefix_path.catkin:The path '/home/vinayak/ws_moveit2/install/ur' in the environment variable CMAKE_PREFIX_PATH doesn't exist
[0.488s] WARNING:colcon.colcon_ros.prefix_path.catkin:The path '/home/vinayak/ws_moveit2/install/ur_calibration' in the environment variable CMAKE_PREFIX_PATH doesn't exist
[0.488s] WARNING:colcon.colcon_ros.prefix_path.catkin:The path '/home/vinayak/ws_moveit2/install/ur_robot_driver' in the environment variable CMAKE_PREFIX_PATH doesn't exist
[0.488s] WARNING:colcon.colcon_ros.prefix_path.catkin:The path '/home/vinayak/ws_moveit2/install/ur_moveit_config' in the environment variable CMAKE_PREFIX_PATH doesn't exist
[0.488s] WARNING:colcon.colcon_ros.prefix_path.catkin:The path '/home/vinayak/ws_moveit2/install/ur_bringup' in the environment variable CMAKE_PREFIX_PATH doesn't exist
[0.488s] WARNING:colcon.colcon_ros.prefix_path.catkin:The path '/home/vinayak/ws_moveit2/install/ur_controllers' in the environment variable CMAKE_PREFIX_PATH doesn't exist
[0.488s] WARNING:colcon.colcon_ros.prefix_path.catkin:The path '/home/vinayak/ws_moveit2/install/ur_dashboard_msgs' in the environment variable CMAKE_PREFIX_PATH doesn't exist
[0.488s] WARNING:colcon.colcon_ros.prefix_path.catkin:The path '/home/vinayak/ws_moveit2/install/new_configuration' in the environment variable CMAKE_PREFIX_PATH doesn't exist
[0.488s] WARNING:colcon.colcon_ros.prefix_path.catkin:The path '/home/vinayak/ws_moveit2/install/ur3e' in the environment variable CMAKE_PREFIX_PATH doesn't exist
[0.488s] WARNING:colcon.colcon_ros.prefix_path.catkin:The path '/home/vinayak/ws_moveit2/install/pilz_industrial_motion_planner_testutils' in the environment variable CMAKE_PREFIX_PATH doesn't exist
[0.488s] WARNING:colcon.colcon_ros.prefix_path.catkin:The path '/home/vinayak/ws_moveit2/install/moveit_runtime' in the environment variable CMAKE_PREFIX_PATH doesn't exist
[0.488s] WARNING:colcon.colcon_ros.prefix_path.catkin:The path '/home/vinayak/ws_moveit2/install/moveit2_tutorials' in the environment variable CMAKE_PREFIX_PATH doesn't exist
[0.488s] WARNING:colcon.colcon_ros.prefix_path.catkin:The path '/home/vinayak/ws_moveit2/install/moveit' in the environment variable CMAKE_PREFIX_PATH doesn't exist
[0.488s] WARNING:colcon.colcon_ros.prefix_path.catkin:The path '/home/vinayak/ws_moveit2/install/moveit_planners' in the environment variable CMAKE_PREFIX_PATH doesn't exist
[0.488s] WARNING:colcon.colcon_ros.prefix_path.catkin:The path '/home/vinayak/ws_moveit2/install/pilz_industrial_motion_planner' in the environment variable CMAKE_PREFIX_PATH doesn't exist
[0.488s] WARNING:colcon.colcon_ros.prefix_path.catkin:The path '/home/vinayak/ws_moveit2/install/moveit_visual_tools' in the environment variable CMAKE_PREFIX_PATH doesn't exist
[0.488s] WARNING:colcon.colcon_ros.prefix_path.catkin:The path '/home/vinayak/ws_moveit2/install/moveit_task_constructor_visualization' in the environment variable CMAKE_PREFIX_PATH doesn't exist
[0.488s] WARNING:colcon.colcon_ros.prefix_path.catkin:The path '/home/vinayak/ws_moveit2/install/moveit_task_constructor_demo' in the environment variable CMAKE_PREFIX_PATH doesn't exist
[0.488s] WARNING:colcon.colcon_ros.prefix_path.catkin:The path '/home/vinayak/ws_moveit2/install/moveit_task_constructor_capabilities' in the environment variable CMAKE_PREFIX_PATH doesn't exist
[0.488s] WARNING:colcon.colcon_ros.prefix_path.catkin:The path '/home/vinayak/ws_moveit2/install/moveit_task_constructor_core' in the environment variable CMAKE_PREFIX_PATH doesn't exist
[0.488s] WARNING:colcon.colcon_ros.prefix_path.catkin:The path '/home/vinayak/ws_moveit2/install/moveit_ros_control_interface' in the environment variable CMAKE_PREFIX_PATH doesn't exist
[0.488s] WARNING:colcon.colcon_ros.prefix_path.catkin:The path '/home/vinayak/ws_moveit2/install/moveit_plugins' in the environment variable CMAKE_PREFIX_PATH doesn't exist
[0.488s] WARNING:colcon.colcon_ros.prefix_path.catkin:The path '/home/vinayak/ws_moveit2/install/moveit_simple_controller_manager' in the environment variable CMAKE_PREFIX_PATH doesn't exist
[0.488s] WARNING:colcon.colcon_ros.prefix_path.catkin:The path '/home/vinayak/ws_moveit2/install/moveit_setup_assistant' in the environment variable CMAKE_PREFIX_PATH doesn't exist
[0.488s] WARNING:colcon.colcon_ros.prefix_path.catkin:The path '/home/vinayak/ws_moveit2/install/moveit_setup_srdf_plugins' in the environment variable CMAKE_PREFIX_PATH doesn't exist
[0.488s] WARNING:colcon.colcon_ros.prefix_path.catkin:The path '/home/vinayak/ws_moveit2/install/moveit_setup_core_plugins' in the environment variable CMAKE_PREFIX_PATH doesn't exist
[0.488s] WARNING:colcon.colcon_ros.prefix_path.catkin:The path '/home/vinayak/ws_moveit2/install/moveit_setup_controllers' in the environment variable CMAKE_PREFIX_PATH doesn't exist
[0.488s] WARNING:colcon.colcon_ros.prefix_path.catkin:The path '/home/vinayak/ws_moveit2/install/moveit_setup_app_plugins' in the environment variable CMAKE_PREFIX_PATH doesn't exist
[0.488s] WARNING:colcon.colcon_ros.prefix_path.catkin:The path '/home/vinayak/ws_moveit2/install/moveit_setup_framework' in the environment variable CMAKE_PREFIX_PATH doesn't exist
[0.488s] WARNING:colcon.colcon_ros.prefix_path.catkin:The path '/home/vinayak/ws_moveit2/install/moveit_servo' in the environment variable CMAKE_PREFIX_PATH doesn't exist
[0.488s] WARNING:colcon.colcon_ros.prefix_path.catkin:The path '/home/vinayak/ws_moveit2/install/moveit_ros' in the environment variable CMAKE_PREFIX_PATH doesn't exist
[0.488s] WARNING:colcon.colcon_ros.prefix_path.catkin:The path '/home/vinayak/ws_moveit2/install/moveit_ros_visualization' in the environment variable CMAKE_PREFIX_PATH doesn't exist
[0.488s] WARNING:colcon.colcon_ros.prefix_path.catkin:The path '/home/vinayak/ws_moveit2/install/moveit_hybrid_planning' in the environment variable CMAKE_PREFIX_PATH doesn't exist
[0.488s] WARNING:colcon.colcon_ros.prefix_path.catkin:The path '/home/vinayak/ws_moveit2/install/moveit_ros_planning_interface' in the environment variable CMAKE_PREFIX_PATH doesn't exist
[0.489s] WARNING:colcon.colcon_ros.prefix_path.catkin:The path '/home/vinayak/ws_moveit2/install/moveit_ros_benchmarks' in the environment variable CMAKE_PREFIX_PATH doesn't exist
[0.489s] WARNING:colcon.colcon_ros.prefix_path.catkin:The path '/home/vinayak/ws_moveit2/install/moveit_ros_warehouse' in the environment variable CMAKE_PREFIX_PATH doesn't exist
[0.489s] WARNING:colcon.colcon_ros.prefix_path.catkin:The path '/home/vinayak/ws_moveit2/install/moveit_ros_robot_interaction' in the environment variable CMAKE_PREFIX_PATH doesn't exist
[0.489s] WARNING:colcon.colcon_ros.prefix_path.catkin:The path '/home/vinayak/ws_moveit2/install/moveit_ros_perception' in the environment variable CMAKE_PREFIX_PATH doesn't exist
[0.489s] WARNING:colcon.colcon_ros.prefix_path.catkin:The path '/home/vinayak/ws_moveit2/install/moveit_resources_prbt_pg70_support' in the environment variable CMAKE_PREFIX_PATH doesn't exist
[0.489s] WARNING:colcon.colcon_ros.prefix_path.catkin:The path '/home/vinayak/ws_moveit2/install/moveit_resources_prbt_moveit_config' in the environment variable CMAKE_PREFIX_PATH doesn't exist
[0.489s] WARNING:colcon.colcon_ros.prefix_path.catkin:The path '/home/vinayak/ws_moveit2/install/moveit_ros_move_group' in the environment variable CMAKE_PREFIX_PATH doesn't exist
[0.489s] WARNING:colcon.colcon_ros.prefix_path.catkin:The path '/home/vinayak/ws_moveit2/install/moveit_planners_ompl' in the environment variable CMAKE_PREFIX_PATH doesn't exist
[0.489s] WARNING:colcon.colcon_ros.prefix_path.catkin:The path '/home/vinayak/ws_moveit2/install/moveit_ros_planning' in the environment variable CMAKE_PREFIX_PATH doesn't exist
[0.489s] WARNING:colcon.colcon_ros.prefix_path.catkin:The path '/home/vinayak/ws_moveit2/install/moveit_ros_occupancy_map_monitor' in the environment variable CMAKE_PREFIX_PATH doesn't exist
[0.489s] WARNING:colcon.colcon_ros.prefix_path.catkin:The path '/home/vinayak/ws_moveit2/install/moveit_resources_prbt_ikfast_manipulator_plugin' in the environment variable CMAKE_PREFIX_PATH doesn't exist
[0.489s] WARNING:colcon.colcon_ros.prefix_path.catkin:The path '/home/vinayak/ws_moveit2/install/moveit_planners_chomp' in the environment variable CMAKE_PREFIX_PATH doesn't exist
[0.489s] WARNING:colcon.colcon_ros.prefix_path.catkin:The path '/home/vinayak/ws_moveit2/install/moveit_kinematics' in the environment variable CMAKE_PREFIX_PATH doesn't exist
[0.489s] WARNING:colcon.colcon_ros.prefix_path.catkin:The path '/home/vinayak/ws_moveit2/install/moveit_chomp_optimizer_adapter' in the environment variable CMAKE_PREFIX_PATH doesn't exist
[0.489s] WARNING:colcon.colcon_ros.prefix_path.catkin:The path '/home/vinayak/ws_moveit2/install/chomp_motion_planner' in the environment variable CMAKE_PREFIX_PATH doesn't exist
[0.489s] WARNING:colcon.colcon_ros.prefix_path.catkin:The path '/home/vinayak/ws_moveit2/install/moveit_core' in the environment variable CMAKE_PREFIX_PATH doesn't exist
[0.489s] WARNING:colcon.colcon_ros.prefix_path.catkin:The path '/home/vinayak/ws_moveit2/install/srdfdom' in the environment variable CMAKE_PREFIX_PATH doesn't exist
[0.489s] WARNING:colcon.colcon_ros.prefix_path.catkin:The path '/home/vinayak/ws_moveit2/install/rviz_marker_tools' in the environment variable CMAKE_PREFIX_PATH doesn't exist
[0.489s] WARNING:colcon.colcon_ros.prefix_path.catkin:The path '/home/vinayak/ws_moveit2/install/rosparam_shortcuts' in the environment variable CMAKE_PREFIX_PATH doesn't exist
[0.489s] WARNING:colcon.colcon_ros.prefix_path.catkin:The path '/home/vinayak/ws_moveit2/install/moveit_task_constructor_msgs' in the environment variable CMAKE_PREFIX_PATH doesn't exist
[0.489s] WARNING:colcon.colcon_ros.prefix_path.catkin:The path '/home/vinayak/ws_moveit2/install/moveit_resources_prbt_support' in the environment variable CMAKE_PREFIX_PATH doesn't exist
[0.489s] WARNING:colcon.colcon_ros.prefix_path.catkin:The path '/home/vinayak/ws_moveit2/install/moveit_resources' in the environment variable CMAKE_PREFIX_PATH doesn't exist
[0.489s] WARNING:colcon.colcon_ros.prefix_path.catkin:The path '/home/vinayak/ws_moveit2/install/moveit_resources_pr2_description' in the environment variable CMAKE_PREFIX_PATH doesn't exist
[0.489s] WARNING:colcon.colcon_ros.prefix_path.catkin:The path '/home/vinayak/ws_moveit2/install/moveit_resources_panda_moveit_config' in the environment variable CMAKE_PREFIX_PATH doesn't exist
[0.489s] WARNING:colcon.colcon_ros.prefix_path.catkin:The path '/home/vinayak/ws_moveit2/install/moveit_resources_panda_description' in the environment variable CMAKE_PREFIX_PATH doesn't exist
[0.489s] WARNING:colcon.colcon_ros.prefix_path.catkin:The path '/home/vinayak/ws_moveit2/install/moveit_resources_fanuc_moveit_config' in the environment variable CMAKE_PREFIX_PATH doesn't exist
[0.489s] WARNING:colcon.colcon_ros.prefix_path.catkin:The path '/home/vinayak/ws_moveit2/install/moveit_resources_fanuc_description' in the environment variable CMAKE_PREFIX_PATH doesn't exist
[0.489s] WARNING:colcon.colcon_ros.prefix_path.catkin:The path '/home/vinayak/ws_moveit2/install/moveit_common' in the environment variable CMAKE_PREFIX_PATH doesn't exist
[0.490s] DEBUG:colcon.colcon_installed_package_information.package_discovery:Found 0 installed packages in /home/vinayak/ws_moveit2/install
[0.491s] DEBUG:colcon.colcon_installed_package_information.package_discovery:Found 448 installed packages in /opt/ros/humble
[0.493s] Level 1:colcon.colcon_core.package_discovery:discover_packages(prefix_path) using defaults
[0.544s] Level 5:colcon.colcon_core.verb:set package 'moveit_task_constructor_msgs' build argument 'cmake_args' from command line to 'None'
[0.544s] Level 5:colcon.colcon_core.verb:set package 'moveit_task_constructor_msgs' build argument 'cmake_target' from command line to 'None'
[0.544s] Level 5:colcon.colcon_core.verb:set package 'moveit_task_constructor_msgs' build argument 'cmake_target_skip_unavailable' from command line to 'False'
[0.544s] Level 5:colcon.colcon_core.verb:set package 'moveit_task_constructor_msgs' build argument 'cmake_clean_cache' from command line to 'False'
[0.544s] Level 5:colcon.colcon_core.verb:set package 'moveit_task_constructor_msgs' build argument 'cmake_clean_first' from command line to 'False'
[0.544s] Level 5:colcon.colcon_core.verb:set package 'moveit_task_constructor_msgs' build argument 'cmake_force_configure' from command line to 'False'
[0.544s] Level 5:colcon.colcon_core.verb:set package 'moveit_task_constructor_msgs' build argument 'ament_cmake_args' from command line to 'None'
[0.544s] Level 5:colcon.colcon_core.verb:set package 'moveit_task_constructor_msgs' build argument 'catkin_cmake_args' from command line to 'None'
[0.544s] Level 5:colcon.colcon_core.verb:set package 'moveit_task_constructor_msgs' build argument 'catkin_skip_building_tests' from command line to 'False'
[0.544s] DEBUG:colcon.colcon_core.verb:Building package 'moveit_task_constructor_msgs' with the following arguments: {'ament_cmake_args': None, 'build_base': '/home/vinayak/ws_moveit2/build/moveit_task_constructor_msgs', 'catkin_cmake_args': None, 'catkin_skip_building_tests': False, 'cmake_args': None, 'cmake_clean_cache': False, 'cmake_clean_first': False, 'cmake_force_configure': False, 'cmake_target': None, 'cmake_target_skip_unavailable': False, 'install_base': '/home/vinayak/ws_moveit2/install/moveit_task_constructor_msgs', 'merge_install': False, 'path': '/home/vinayak/ws_moveit2/src/moveit_task_constructor/msgs', 'symlink_install': False, 'test_result_base': None}
[0.544s] INFO:colcon.colcon_core.executor:Executing jobs using 'parallel' executor
[0.545s] DEBUG:colcon.colcon_parallel_executor.executor.parallel:run_until_complete
[0.546s] INFO:colcon.colcon_ros.task.ament_cmake.build:Building ROS package in '/home/vinayak/ws_moveit2/src/moveit_task_constructor/msgs' with build type 'ament_cmake'
[0.546s] INFO:colcon.colcon_cmake.task.cmake.build:Building CMake package in '/home/vinayak/ws_moveit2/src/moveit_task_constructor/msgs'
[0.548s] INFO:colcon.colcon_core.plugin_system:Skipping extension 'colcon_core.shell.bat': Not used on non-Windows systems
[0.549s] INFO:colcon.colcon_core.shell:Skip shell extension 'powershell' for command environment: Not usable outside of PowerShell
[0.549s] DEBUG:colcon.colcon_core.shell:Skip shell extension 'dsv' for command environment
[0.559s] DEBUG:colcon.colcon_core.event_handler.log_command:Invoking command in '/home/vinayak/ws_moveit2/build/moveit_task_constructor_msgs': CMAKE_PREFIX_PATH=${CMAKE_PREFIX_PATH}:/home/vinayak/ws_moveit2/install/ur3e_motion_package:/home/vinayak/ws_moveit2/install/moveit_configs_utils:/home/vinayak/ws_moveit2/install/launch_param_builder:/opt/ros/humble /usr/bin/cmake /home/vinayak/ws_moveit2/src/moveit_task_constructor/msgs -DCMAKE_INSTALL_PREFIX=/home/vinayak/ws_moveit2/install/moveit_task_constructor_msgs
[3.225s] DEBUG:colcon.colcon_core.event_handler.log_command:Invoked command in '/home/vinayak/ws_moveit2/build/moveit_task_constructor_msgs' returned '0': CMAKE_PREFIX_PATH=${CMAKE_PREFIX_PATH}:/home/vinayak/ws_moveit2/install/ur3e_motion_package:/home/vinayak/ws_moveit2/install/moveit_configs_utils:/home/vinayak/ws_moveit2/install/launch_param_builder:/opt/ros/humble /usr/bin/cmake /home/vinayak/ws_moveit2/src/moveit_task_constructor/msgs -DCMAKE_INSTALL_PREFIX=/home/vinayak/ws_moveit2/install/moveit_task_constructor_msgs
[3.227s] DEBUG:colcon.colcon_core.event_handler.log_command:Invoking command in '/home/vinayak/ws_moveit2/build/moveit_task_constructor_msgs': CMAKE_PREFIX_PATH=${CMAKE_PREFIX_PATH}:/home/vinayak/ws_moveit2/install/ur3e_motion_package:/home/vinayak/ws_moveit2/install/moveit_configs_utils:/home/vinayak/ws_moveit2/install/launch_param_builder:/opt/ros/humble /usr/bin/cmake --build /home/vinayak/ws_moveit2/build/moveit_task_constructor_msgs -- -j8 -l8
[15.217s] DEBUG:colcon.colcon_core.event_handler.log_command:Invoked command in '/home/vinayak/ws_moveit2/build/moveit_task_constructor_msgs' returned '0': CMAKE_PREFIX_PATH=${CMAKE_PREFIX_PATH}:/home/vinayak/ws_moveit2/install/ur3e_motion_package:/home/vinayak/ws_moveit2/install/moveit_configs_utils:/home/vinayak/ws_moveit2/install/launch_param_builder:/opt/ros/humble /usr/bin/cmake --build /home/vinayak/ws_moveit2/build/moveit_task_constructor_msgs -- -j8 -l8
[15.228s] DEBUG:colcon.colcon_core.event_handler.log_command:Invoking command in '/home/vinayak/ws_moveit2/build/moveit_task_constructor_msgs': CMAKE_PREFIX_PATH=${CMAKE_PREFIX_PATH}:/home/vinayak/ws_moveit2/install/ur3e_motion_package:/home/vinayak/ws_moveit2/install/moveit_configs_utils:/home/vinayak/ws_moveit2/install/launch_param_builder:/opt/ros/humble /usr/bin/cmake --install /home/vinayak/ws_moveit2/build/moveit_task_constructor_msgs
[15.334s] Level 1:colcon.colcon_core.environment:create_environment_scripts_only(moveit_task_constructor_msgs)
[15.334s] DEBUG:colcon.colcon_core.event_handler.log_command:Invoked command in '/home/vinayak/ws_moveit2/build/moveit_task_constructor_msgs' returned '0': CMAKE_PREFIX_PATH=${CMAKE_PREFIX_PATH}:/home/vinayak/ws_moveit2/install/ur3e_motion_package:/home/vinayak/ws_moveit2/install/moveit_configs_utils:/home/vinayak/ws_moveit2/install/launch_param_builder:/opt/ros/humble /usr/bin/cmake --install /home/vinayak/ws_moveit2/build/moveit_task_constructor_msgs
[15.336s] Level 1:colcon.colcon_core.environment:checking '/home/vinayak/ws_moveit2/install/moveit_task_constructor_msgs' for CMake module files
[15.337s] Level 1:colcon.colcon_core.environment:checking '/home/vinayak/ws_moveit2/install/moveit_task_constructor_msgs' for CMake config files
[15.338s] Level 1:colcon.colcon_core.shell:create_environment_hook('moveit_task_constructor_msgs', 'cmake_prefix_path')
[15.338s] INFO:colcon.colcon_core.shell:Creating environment hook '/home/vinayak/ws_moveit2/install/moveit_task_constructor_msgs/share/moveit_task_constructor_msgs/hook/cmake_prefix_path.ps1'
[15.338s] INFO:colcon.colcon_core.shell:Creating environment descriptor '/home/vinayak/ws_moveit2/install/moveit_task_constructor_msgs/share/moveit_task_constructor_msgs/hook/cmake_prefix_path.dsv'
[15.339s] INFO:colcon.colcon_core.shell:Creating environment hook '/home/vinayak/ws_moveit2/install/moveit_task_constructor_msgs/share/moveit_task_constructor_msgs/hook/cmake_prefix_path.sh'
[15.339s] Level 1:colcon.colcon_core.environment:checking '/home/vinayak/ws_moveit2/install/moveit_task_constructor_msgs/lib'
[15.340s] Level 1:colcon.colcon_core.shell:create_environment_hook('moveit_task_constructor_msgs', 'ld_library_path_lib')
[15.340s] INFO:colcon.colcon_core.shell:Creating environment hook '/home/vinayak/ws_moveit2/install/moveit_task_constructor_msgs/share/moveit_task_constructor_msgs/hook/ld_library_path_lib.ps1'
[15.340s] INFO:colcon.colcon_core.shell:Creating environment descriptor '/home/vinayak/ws_moveit2/install/moveit_task_constructor_msgs/share/moveit_task_constructor_msgs/hook/ld_library_path_lib.dsv'
[15.340s] INFO:colcon.colcon_core.shell:Creating environment hook '/home/vinayak/ws_moveit2/install/moveit_task_constructor_msgs/share/moveit_task_constructor_msgs/hook/ld_library_path_lib.sh'
[15.341s] Level 1:colcon.colcon_core.environment:checking '/home/vinayak/ws_moveit2/install/moveit_task_constructor_msgs/bin'
[15.341s] Level 1:colcon.colcon_core.environment:checking '/home/vinayak/ws_moveit2/install/moveit_task_constructor_msgs/lib/pkgconfig/moveit_task_constructor_msgs.pc'
[15.341s] Level 1:colcon.colcon_core.environment:checking '/home/vinayak/ws_moveit2/install/moveit_task_constructor_msgs/lib/python3.10/site-packages'
[15.341s] Level 1:colcon.colcon_core.environment:checking '/home/vinayak/ws_moveit2/install/moveit_task_constructor_msgs/bin'
[15.341s] INFO:colcon.colcon_core.shell:Creating package script '/home/vinayak/ws_moveit2/install/moveit_task_constructor_msgs/share/moveit_task_constructor_msgs/package.ps1'
[15.342s] INFO:colcon.colcon_core.shell:Creating package descriptor '/home/vinayak/ws_moveit2/install/moveit_task_constructor_msgs/share/moveit_task_constructor_msgs/package.dsv'
[15.342s] INFO:colcon.colcon_core.shell:Creating package script '/home/vinayak/ws_moveit2/install/moveit_task_constructor_msgs/share/moveit_task_constructor_msgs/package.sh'
[15.343s] INFO:colcon.colcon_core.shell:Creating package script '/home/vinayak/ws_moveit2/install/moveit_task_constructor_msgs/share/moveit_task_constructor_msgs/package.bash'
[15.344s] INFO:colcon.colcon_core.shell:Creating package script '/home/vinayak/ws_moveit2/install/moveit_task_constructor_msgs/share/moveit_task_constructor_msgs/package.zsh'
[15.344s] Level 1:colcon.colcon_core.environment:create_file_with_runtime_dependencies(/home/vinayak/ws_moveit2/install/moveit_task_constructor_msgs/share/colcon-core/packages/moveit_task_constructor_msgs)
[15.345s] Level 1:colcon.colcon_core.environment:create_environment_scripts_only(moveit_task_constructor_msgs)
[15.345s] Level 1:colcon.colcon_core.environment:checking '/home/vinayak/ws_moveit2/install/moveit_task_constructor_msgs' for CMake module files
[15.345s] Level 1:colcon.colcon_core.environment:checking '/home/vinayak/ws_moveit2/install/moveit_task_constructor_msgs' for CMake config files
[15.346s] Level 1:colcon.colcon_core.shell:create_environment_hook('moveit_task_constructor_msgs', 'cmake_prefix_path')
[15.346s] INFO:colcon.colcon_core.shell:Creating environment hook '/home/vinayak/ws_moveit2/install/moveit_task_constructor_msgs/share/moveit_task_constructor_msgs/hook/cmake_prefix_path.ps1'
[15.347s] INFO:colcon.colcon_core.shell:Creating environment descriptor '/home/vinayak/ws_moveit2/install/moveit_task_constructor_msgs/share/moveit_task_constructor_msgs/hook/cmake_prefix_path.dsv'
[15.347s] INFO:colcon.colcon_core.shell:Creating environment hook '/home/vinayak/ws_moveit2/install/moveit_task_constructor_msgs/share/moveit_task_constructor_msgs/hook/cmake_prefix_path.sh'
[15.347s] Level 1:colcon.colcon_core.environment:checking '/home/vinayak/ws_moveit2/install/moveit_task_constructor_msgs/lib'
[15.347s] Level 1:colcon.colcon_core.shell:create_environment_hook('moveit_task_constructor_msgs', 'ld_library_path_lib')
[15.348s] INFO:colcon.colcon_core.shell:Creating environment hook '/home/vinayak/ws_moveit2/install/moveit_task_constructor_msgs/share/moveit_task_constructor_msgs/hook/ld_library_path_lib.ps1'
[15.348s] INFO:colcon.colcon_core.shell:Creating environment descriptor '/home/vinayak/ws_moveit2/install/moveit_task_constructor_msgs/share/moveit_task_constructor_msgs/hook/ld_library_path_lib.dsv'
[15.348s] INFO:colcon.colcon_core.shell:Creating environment hook '/home/vinayak/ws_moveit2/install/moveit_task_constructor_msgs/share/moveit_task_constructor_msgs/hook/ld_library_path_lib.sh'
[15.348s] Level 1:colcon.colcon_core.environment:checking '/home/vinayak/ws_moveit2/install/moveit_task_constructor_msgs/bin'
[15.348s] Level 1:colcon.colcon_core.environment:checking '/home/vinayak/ws_moveit2/install/moveit_task_constructor_msgs/lib/pkgconfig/moveit_task_constructor_msgs.pc'
[15.349s] Level 1:colcon.colcon_core.environment:checking '/home/vinayak/ws_moveit2/install/moveit_task_constructor_msgs/lib/python3.10/site-packages'
[15.349s] Level 1:colcon.colcon_core.environment:checking '/home/vinayak/ws_moveit2/install/moveit_task_constructor_msgs/bin'
[15.349s] INFO:colcon.colcon_core.shell:Creating package script '/home/vinayak/ws_moveit2/install/moveit_task_constructor_msgs/share/moveit_task_constructor_msgs/package.ps1'
[15.349s] INFO:colcon.colcon_core.shell:Creating package descriptor '/home/vinayak/ws_moveit2/install/moveit_task_constructor_msgs/share/moveit_task_constructor_msgs/package.dsv'
[15.350s] INFO:colcon.colcon_core.shell:Creating package script '/home/vinayak/ws_moveit2/install/moveit_task_constructor_msgs/share/moveit_task_constructor_msgs/package.sh'
[15.350s] INFO:colcon.colcon_core.shell:Creating package script '/home/vinayak/ws_moveit2/install/moveit_task_constructor_msgs/share/moveit_task_constructor_msgs/package.bash'
[15.351s] INFO:colcon.colcon_core.shell:Creating package script '/home/vinayak/ws_moveit2/install/moveit_task_constructor_msgs/share/moveit_task_constructor_msgs/package.zsh'
[15.351s] Level 1:colcon.colcon_core.environment:create_file_with_runtime_dependencies(/home/vinayak/ws_moveit2/install/moveit_task_constructor_msgs/share/colcon-core/packages/moveit_task_constructor_msgs)
[15.351s] DEBUG:colcon.colcon_parallel_executor.executor.parallel:closing loop
[15.351s] DEBUG:colcon.colcon_parallel_executor.executor.parallel:loop closed
[15.351s] DEBUG:colcon.colcon_parallel_executor.executor.parallel:run_until_complete finished with '0'
[15.351s] DEBUG:colcon.colcon_core.event_reactor:joining thread
[15.356s] INFO:colcon.colcon_core.plugin_system:Skipping extension 'colcon_notification.desktop_notification.terminal_notifier': Not used on non-Darwin systems
[15.356s] INFO:colcon.colcon_core.plugin_system:Skipping extension 'colcon_notification.desktop_notification.win32': Not used on non-Windows systems
[15.356s] INFO:colcon.colcon_notification.desktop_notification:Sending desktop notification using 'notify2'
[15.366s] DEBUG:colcon.colcon_core.event_reactor:joined thread
[15.366s] INFO:colcon.colcon_core.shell:Creating prefix script '/home/vinayak/ws_moveit2/install/local_setup.ps1'
[15.367s] INFO:colcon.colcon_core.shell:Creating prefix util module '/home/vinayak/ws_moveit2/install/_local_setup_util_ps1.py'
[15.368s] INFO:colcon.colcon_core.shell:Creating prefix chain script '/home/vinayak/ws_moveit2/install/setup.ps1'
[15.369s] INFO:colcon.colcon_core.shell:Creating prefix script '/home/vinayak/ws_moveit2/install/local_setup.sh'
[15.370s] INFO:colcon.colcon_core.shell:Creating prefix util module '/home/vinayak/ws_moveit2/install/_local_setup_util_sh.py'
[15.370s] INFO:colcon.colcon_core.shell:Creating prefix chain script '/home/vinayak/ws_moveit2/install/setup.sh'
[15.371s] INFO:colcon.colcon_core.shell:Creating prefix script '/home/vinayak/ws_moveit2/install/local_setup.bash'
[15.372s] INFO:colcon.colcon_core.shell:Creating prefix chain script '/home/vinayak/ws_moveit2/install/setup.bash'
[15.373s] INFO:colcon.colcon_core.shell:Creating prefix script '/home/vinayak/ws_moveit2/install/local_setup.zsh'
[15.373s] INFO:colcon.colcon_core.shell:Creating prefix chain script '/home/vinayak/ws_moveit2/install/setup.zsh'
