[0.012s] Invoking command in '/home/vinayak/ws_moveit2/build/moveit_task_constructor_msgs': CMAKE_PREFIX_PATH=${CMAKE_PREFIX_PATH}:/home/vinayak/ws_moveit2/install/ur3e_motion_package:/home/vinayak/ws_moveit2/install/moveit_configs_utils:/home/vinayak/ws_moveit2/install/launch_param_builder:/opt/ros/humble /usr/bin/cmake /home/vinayak/ws_moveit2/src/moveit_task_constructor/msgs -DCMAKE_INSTALL_PREFIX=/home/vinayak/ws_moveit2/install/moveit_task_constructor_msgs
[0.084s] -- The C compiler identification is GNU 11.4.0
[0.146s] -- The CXX compiler identification is GNU 11.4.0
[0.154s] -- Detecting C compiler ABI info
[0.227s] -- Detecting C compiler ABI info - done
[0.234s] -- Check for working C compiler: /usr/bin/cc - skipped
[0.234s] -- Detecting C compile features
[0.235s] -- Detecting C compile features - done
[0.237s] -- Detecting CXX compiler ABI info
[0.320s] -- Detecting CXX compiler ABI info - done
[0.327s] -- Check for working CXX compiler: /usr/bin/c++ - skipped
[0.328s] -- Detecting CXX compile features
[0.328s] -- Detecting CXX compile features - done
[0.331s] -- Found ament_cmake: 1.3.11 (/opt/ros/humble/share/ament_cmake/cmake)
[0.473s] -- Found Python3: /usr/bin/python3 (found version "3.10.12") found components: Interpreter 
[0.566s] -- Found builtin_interfaces: 1.2.1 (/opt/ros/humble/share/builtin_interfaces/cmake)
[0.600s] -- Found rosidl_generator_c: 3.1.6 (/opt/ros/humble/share/rosidl_generator_c/cmake)
[0.606s] -- Found rosidl_adapter: 3.1.6 (/opt/ros/humble/share/rosidl_adapter/cmake)
[0.615s] -- Found rosidl_generator_cpp: 3.1.6 (/opt/ros/humble/share/rosidl_generator_cpp/cmake)
[0.629s] -- Using all available rosidl_typesupport_c: rosidl_typesupport_fastrtps_c;rosidl_typesupport_introspection_c
[0.647s] -- Using all available rosidl_typesupport_cpp: rosidl_typesupport_fastrtps_cpp;rosidl_typesupport_introspection_cpp
[0.664s] -- Found moveit_msgs: 2.2.1 (/opt/ros/humble/share/moveit_msgs/cmake)
[0.853s] -- Found rosidl_default_generators: 1.2.0 (/opt/ros/humble/share/rosidl_default_generators/cmake)
[0.871s] -- Found visualization_msgs: 4.2.4 (/opt/ros/humble/share/visualization_msgs/cmake)
[1.290s] -- Found ament_cmake_ros: 0.10.0 (/opt/ros/humble/share/ament_cmake_ros/cmake)
[2.001s] -- Using all available rosidl_typesupport_c: rosidl_typesupport_fastrtps_c;rosidl_typesupport_introspection_c
[2.271s] -- Using all available rosidl_typesupport_cpp: rosidl_typesupport_fastrtps_cpp;rosidl_typesupport_introspection_cpp
[2.299s] -- Found PythonInterp: /usr/bin/python3 (found suitable version "3.10.12", minimum required is "3.6") 
[2.301s] -- Found python_cmake_module: 0.10.0 (/opt/ros/humble/share/python_cmake_module/cmake)
[2.328s] -- Found PythonLibs: /usr/lib/x86_64-linux-gnu/libpython3.10.so (found suitable version "3.10.12", minimum required is "3.5") 
[2.328s] -- Using PYTHON_EXECUTABLE: /usr/bin/python3
[2.328s] -- Using PYTHON_INCLUDE_DIRS: /usr/include/python3.10
[2.328s] -- Using PYTHON_LIBRARIES: /usr/lib/x86_64-linux-gnu/libpython3.10.so
[2.349s] -- Found PythonExtra: .so  
[2.586s] -- Configuring done
[2.652s] -- Generating done
[2.669s] -- Build files have been written to: /home/vinayak/ws_moveit2/build/moveit_task_constructor_msgs
[2.678s] Invoked command in '/home/vinayak/ws_moveit2/build/moveit_task_constructor_msgs' returned '0': CMAKE_PREFIX_PATH=${CMAKE_PREFIX_PATH}:/home/vinayak/ws_moveit2/install/ur3e_motion_package:/home/vinayak/ws_moveit2/install/moveit_configs_utils:/home/vinayak/ws_moveit2/install/launch_param_builder:/opt/ros/humble /usr/bin/cmake /home/vinayak/ws_moveit2/src/moveit_task_constructor/msgs -DCMAKE_INSTALL_PREFIX=/home/vinayak/ws_moveit2/install/moveit_task_constructor_msgs
[2.679s] Invoking command in '/home/vinayak/ws_moveit2/build/moveit_task_constructor_msgs': CMAKE_PREFIX_PATH=${CMAKE_PREFIX_PATH}:/home/vinayak/ws_moveit2/install/ur3e_motion_package:/home/vinayak/ws_moveit2/install/moveit_configs_utils:/home/vinayak/ws_moveit2/install/launch_param_builder:/opt/ros/humble /usr/bin/cmake --build /home/vinayak/ws_moveit2/build/moveit_task_constructor_msgs -- -j8 -l8
[2.728s] [  1%] [34m[1mGenerating C code for ROS interfaces[0m
[2.742s] [  1%] [34m[1mGenerating C++ code for ROS interfaces[0m
[2.748s] [  1%] Built target ament_cmake_python_copy_moveit_task_constructor_msgs
[3.026s] running egg_info
[3.027s] creating moveit_task_constructor_msgs.egg-info
[3.027s] writing moveit_task_constructor_msgs.egg-info/PKG-INFO
[3.027s] writing dependency_links to moveit_task_constructor_msgs.egg-info/dependency_links.txt
[3.027s] writing top-level names to moveit_task_constructor_msgs.egg-info/top_level.txt
[3.027s] writing manifest file 'moveit_task_constructor_msgs.egg-info/SOURCES.txt'
[3.030s] reading manifest file 'moveit_task_constructor_msgs.egg-info/SOURCES.txt'
[3.030s] writing manifest file 'moveit_task_constructor_msgs.egg-info/SOURCES.txt'
[3.057s] [  1%] Built target ament_cmake_python_build_moveit_task_constructor_msgs_egg
[4.091s] [  1%] Built target moveit_task_constructor_msgs__cpp
[4.110s] [  3%] [32mBuilding C object CMakeFiles/moveit_task_constructor_msgs__rosidl_generator_c.dir/rosidl_generator_c/moveit_task_constructor_msgs/msg/detail/property__functions.c.o[0m
[4.110s] [  3%] [32mBuilding C object CMakeFiles/moveit_task_constructor_msgs__rosidl_generator_c.dir/rosidl_generator_c/moveit_task_constructor_msgs/msg/detail/solution__functions.c.o[0m
[4.110s] [  4%] [32mBuilding C object CMakeFiles/moveit_task_constructor_msgs__rosidl_generator_c.dir/rosidl_generator_c/moveit_task_constructor_msgs/msg/detail/solution_info__functions.c.o[0m
[4.110s] [  4%] [32mBuilding C object CMakeFiles/moveit_task_constructor_msgs__rosidl_generator_c.dir/rosidl_generator_c/moveit_task_constructor_msgs/msg/detail/stage_description__functions.c.o[0m
[4.111s] [  5%] [34m[1mGenerating C++ type support dispatch for ROS interfaces[0m
[4.111s] [  6%] [32mBuilding C object CMakeFiles/moveit_task_constructor_msgs__rosidl_generator_c.dir/rosidl_generator_c/moveit_task_constructor_msgs/msg/detail/stage_statistics__functions.c.o[0m
[4.114s] [  6%] [34m[1mGenerating C++ type support for eProsima Fast-RTPS[0m
[4.117s] [  7%] [34m[1mGenerating C++ introspection for ROS interfaces[0m
[4.207s] [  9%] [32mBuilding C object CMakeFiles/moveit_task_constructor_msgs__rosidl_generator_c.dir/rosidl_generator_c/moveit_task_constructor_msgs/msg/detail/sub_trajectory__functions.c.o[0m
[4.209s] [  9%] [32mBuilding C object CMakeFiles/moveit_task_constructor_msgs__rosidl_generator_c.dir/rosidl_generator_c/moveit_task_constructor_msgs/msg/detail/sub_solution__functions.c.o[0m
[4.209s] [ 10%] [32mBuilding C object CMakeFiles/moveit_task_constructor_msgs__rosidl_generator_c.dir/rosidl_generator_c/moveit_task_constructor_msgs/msg/detail/task_description__functions.c.o[0m
[4.220s] [ 11%] [32mBuilding C object CMakeFiles/moveit_task_constructor_msgs__rosidl_generator_c.dir/rosidl_generator_c/moveit_task_constructor_msgs/msg/detail/task_statistics__functions.c.o[0m
[4.230s] [ 11%] [32mBuilding C object CMakeFiles/moveit_task_constructor_msgs__rosidl_generator_c.dir/rosidl_generator_c/moveit_task_constructor_msgs/msg/detail/trajectory_execution_info__functions.c.o[0m
[4.306s] [ 12%] [32mBuilding C object CMakeFiles/moveit_task_constructor_msgs__rosidl_generator_c.dir/rosidl_generator_c/moveit_task_constructor_msgs/action/detail/execute_task_solution__functions.c.o[0m
[4.306s] [ 13%] [32mBuilding C object CMakeFiles/moveit_task_constructor_msgs__rosidl_generator_c.dir/rosidl_generator_c/moveit_task_constructor_msgs/srv/detail/get_solution__functions.c.o[0m
[4.492s] [ 14%] [32m[1mLinking C shared library libmoveit_task_constructor_msgs__rosidl_generator_c.so[0m
[4.545s] [ 14%] Built target moveit_task_constructor_msgs__rosidl_generator_c
[4.568s] [ 17%] [34m[1mGenerating C introspection for ROS interfaces[0m
[4.568s] [ 17%] [34m[1mGenerating C type support dispatch for ROS interfaces[0m
[4.569s] [ 17%] [34m[1mGenerating C type support for eProsima Fast-RTPS[0m
[5.185s] [ 19%] [32mBuilding CXX object CMakeFiles/moveit_task_constructor_msgs__rosidl_typesupport_cpp.dir/rosidl_typesupport_cpp/moveit_task_constructor_msgs/msg/property__type_support.cpp.o[0m
[5.186s] [ 19%] [32mBuilding CXX object CMakeFiles/moveit_task_constructor_msgs__rosidl_typesupport_cpp.dir/rosidl_typesupport_cpp/moveit_task_constructor_msgs/msg/solution__type_support.cpp.o[0m
[5.186s] [ 20%] [32mBuilding CXX object CMakeFiles/moveit_task_constructor_msgs__rosidl_typesupport_cpp.dir/rosidl_typesupport_cpp/moveit_task_constructor_msgs/msg/solution_info__type_support.cpp.o[0m
[5.671s] [ 21%] [32mBuilding CXX object CMakeFiles/moveit_task_constructor_msgs__rosidl_typesupport_cpp.dir/rosidl_typesupport_cpp/moveit_task_constructor_msgs/msg/stage_description__type_support.cpp.o[0m
[5.676s] [ 21%] [32mBuilding CXX object CMakeFiles/moveit_task_constructor_msgs__rosidl_typesupport_cpp.dir/rosidl_typesupport_cpp/moveit_task_constructor_msgs/msg/stage_statistics__type_support.cpp.o[0m
[5.733s] [ 22%] [32mBuilding CXX object CMakeFiles/moveit_task_constructor_msgs__rosidl_typesupport_cpp.dir/rosidl_typesupport_cpp/moveit_task_constructor_msgs/msg/sub_solution__type_support.cpp.o[0m
[5.967s] [ 23%] [32mBuilding CXX object CMakeFiles/moveit_task_constructor_msgs__rosidl_typesupport_c.dir/rosidl_typesupport_c/moveit_task_constructor_msgs/msg/property__type_support.cpp.o[0m
[6.029s] [ 23%] [32mBuilding CXX object CMakeFiles/moveit_task_constructor_msgs__rosidl_typesupport_c.dir/rosidl_typesupport_c/moveit_task_constructor_msgs/msg/solution__type_support.cpp.o[0m
[6.112s] [ 23%] [32mBuilding CXX object CMakeFiles/moveit_task_constructor_msgs__rosidl_typesupport_introspection_cpp.dir/rosidl_typesupport_introspection_cpp/moveit_task_constructor_msgs/msg/detail/property__type_support.cpp.o[0m
[6.113s] [ 24%] [32mBuilding CXX object CMakeFiles/moveit_task_constructor_msgs__rosidl_typesupport_c.dir/rosidl_typesupport_c/moveit_task_constructor_msgs/msg/solution_info__type_support.cpp.o[0m
[6.161s] [ 25%] [32mBuilding CXX object CMakeFiles/moveit_task_constructor_msgs__rosidl_typesupport_c.dir/rosidl_typesupport_c/moveit_task_constructor_msgs/msg/stage_description__type_support.cpp.o[0m
[6.176s] [ 26%] [32mBuilding CXX object CMakeFiles/moveit_task_constructor_msgs__rosidl_typesupport_introspection_cpp.dir/rosidl_typesupport_introspection_cpp/moveit_task_constructor_msgs/msg/detail/solution__type_support.cpp.o[0m
[6.179s] [ 27%] [32mBuilding CXX object CMakeFiles/moveit_task_constructor_msgs__rosidl_typesupport_introspection_cpp.dir/rosidl_typesupport_introspection_cpp/moveit_task_constructor_msgs/msg/detail/solution_info__type_support.cpp.o[0m
[6.228s] [ 28%] [32mBuilding CXX object CMakeFiles/moveit_task_constructor_msgs__rosidl_typesupport_c.dir/rosidl_typesupport_c/moveit_task_constructor_msgs/msg/stage_statistics__type_support.cpp.o[0m
[6.244s] [ 29%] [32mBuilding CXX object CMakeFiles/moveit_task_constructor_msgs__rosidl_typesupport_cpp.dir/rosidl_typesupport_cpp/moveit_task_constructor_msgs/msg/sub_trajectory__type_support.cpp.o[0m
[6.297s] [ 30%] [32mBuilding CXX object CMakeFiles/moveit_task_constructor_msgs__rosidl_typesupport_c.dir/rosidl_typesupport_c/moveit_task_constructor_msgs/msg/sub_solution__type_support.cpp.o[0m
[6.364s] [ 31%] [32mBuilding CXX object CMakeFiles/moveit_task_constructor_msgs__rosidl_typesupport_c.dir/rosidl_typesupport_c/moveit_task_constructor_msgs/msg/sub_trajectory__type_support.cpp.o[0m
[6.428s] [ 32%] [32mBuilding CXX object CMakeFiles/moveit_task_constructor_msgs__rosidl_typesupport_fastrtps_cpp.dir/rosidl_typesupport_fastrtps_cpp/moveit_task_constructor_msgs/msg/detail/dds_fastrtps/property__type_support.cpp.o[0m
[6.445s] [ 32%] [32mBuilding CXX object CMakeFiles/moveit_task_constructor_msgs__rosidl_typesupport_c.dir/rosidl_typesupport_c/moveit_task_constructor_msgs/msg/task_description__type_support.cpp.o[0m
[6.507s] [ 33%] [32mBuilding CXX object CMakeFiles/moveit_task_constructor_msgs__rosidl_typesupport_c.dir/rosidl_typesupport_c/moveit_task_constructor_msgs/msg/task_statistics__type_support.cpp.o[0m
[6.569s] [ 34%] [32mBuilding CXX object CMakeFiles/moveit_task_constructor_msgs__rosidl_typesupport_c.dir/rosidl_typesupport_c/moveit_task_constructor_msgs/msg/trajectory_execution_info__type_support.cpp.o[0m
[6.657s] [ 35%] [32mBuilding CXX object CMakeFiles/moveit_task_constructor_msgs__rosidl_typesupport_c.dir/rosidl_typesupport_c/moveit_task_constructor_msgs/srv/get_solution__type_support.cpp.o[0m
[6.750s] [ 36%] [32mBuilding CXX object CMakeFiles/moveit_task_constructor_msgs__rosidl_typesupport_c.dir/rosidl_typesupport_c/moveit_task_constructor_msgs/action/execute_task_solution__type_support.cpp.o[0m
[6.787s] [ 37%] [32mBuilding CXX object CMakeFiles/moveit_task_constructor_msgs__rosidl_typesupport_fastrtps_cpp.dir/rosidl_typesupport_fastrtps_cpp/moveit_task_constructor_msgs/msg/detail/dds_fastrtps/solution__type_support.cpp.o[0m
[6.816s] [ 38%] [32mBuilding CXX object CMakeFiles/moveit_task_constructor_msgs__rosidl_typesupport_cpp.dir/rosidl_typesupport_cpp/moveit_task_constructor_msgs/msg/task_description__type_support.cpp.o[0m
[6.879s] [ 39%] [32m[1mLinking CXX shared library libmoveit_task_constructor_msgs__rosidl_typesupport_c.so[0m
[6.975s] [ 39%] Built target moveit_task_constructor_msgs__rosidl_typesupport_c
[6.994s] [ 40%] [32mBuilding CXX object CMakeFiles/moveit_task_constructor_msgs__rosidl_typesupport_introspection_cpp.dir/rosidl_typesupport_introspection_cpp/moveit_task_constructor_msgs/msg/detail/stage_description__type_support.cpp.o[0m
[7.092s] [ 41%] [32mBuilding C object CMakeFiles/moveit_task_constructor_msgs__rosidl_typesupport_introspection_c.dir/rosidl_typesupport_introspection_c/moveit_task_constructor_msgs/msg/detail/property__type_support.c.o[0m
[7.147s] [ 42%] [32mBuilding CXX object CMakeFiles/moveit_task_constructor_msgs__rosidl_typesupport_introspection_cpp.dir/rosidl_typesupport_introspection_cpp/moveit_task_constructor_msgs/msg/detail/stage_statistics__type_support.cpp.o[0m
[7.165s] [ 43%] [32mBuilding C object CMakeFiles/moveit_task_constructor_msgs__rosidl_typesupport_introspection_c.dir/rosidl_typesupport_introspection_c/moveit_task_constructor_msgs/msg/detail/solution__type_support.c.o[0m
[7.171s] [ 44%] [32mBuilding CXX object CMakeFiles/moveit_task_constructor_msgs__rosidl_typesupport_fastrtps_c.dir/rosidl_typesupport_fastrtps_c/moveit_task_constructor_msgs/msg/detail/property__type_support_c.cpp.o[0m
[7.269s] [ 45%] [32mBuilding C object CMakeFiles/moveit_task_constructor_msgs__rosidl_typesupport_introspection_c.dir/rosidl_typesupport_introspection_c/moveit_task_constructor_msgs/msg/detail/solution_info__type_support.c.o[0m
[7.315s] [ 46%] [32mBuilding CXX object CMakeFiles/moveit_task_constructor_msgs__rosidl_typesupport_cpp.dir/rosidl_typesupport_cpp/moveit_task_constructor_msgs/msg/task_statistics__type_support.cpp.o[0m
[7.318s] [ 47%] [32mBuilding CXX object CMakeFiles/moveit_task_constructor_msgs__rosidl_typesupport_fastrtps_c.dir/rosidl_typesupport_fastrtps_c/moveit_task_constructor_msgs/msg/detail/solution__type_support_c.cpp.o[0m
[7.354s] [ 47%] [32mBuilding C object CMakeFiles/moveit_task_constructor_msgs__rosidl_typesupport_introspection_c.dir/rosidl_typesupport_introspection_c/moveit_task_constructor_msgs/msg/detail/stage_description__type_support.c.o[0m
[7.434s] [ 48%] [32mBuilding C object CMakeFiles/moveit_task_constructor_msgs__rosidl_typesupport_introspection_c.dir/rosidl_typesupport_introspection_c/moveit_task_constructor_msgs/msg/detail/stage_statistics__type_support.c.o[0m
[7.517s] [ 49%] [32mBuilding C object CMakeFiles/moveit_task_constructor_msgs__rosidl_typesupport_introspection_c.dir/rosidl_typesupport_introspection_c/moveit_task_constructor_msgs/msg/detail/sub_solution__type_support.c.o[0m
[7.600s] [ 50%] [32mBuilding C object CMakeFiles/moveit_task_constructor_msgs__rosidl_typesupport_introspection_c.dir/rosidl_typesupport_introspection_c/moveit_task_constructor_msgs/msg/detail/sub_trajectory__type_support.c.o[0m
[7.695s] [ 51%] [32mBuilding C object CMakeFiles/moveit_task_constructor_msgs__rosidl_typesupport_introspection_c.dir/rosidl_typesupport_introspection_c/moveit_task_constructor_msgs/msg/detail/task_description__type_support.c.o[0m
[7.757s] [ 52%] [32mBuilding CXX object CMakeFiles/moveit_task_constructor_msgs__rosidl_typesupport_fastrtps_cpp.dir/rosidl_typesupport_fastrtps_cpp/moveit_task_constructor_msgs/msg/detail/dds_fastrtps/solution_info__type_support.cpp.o[0m
[7.774s] [ 53%] [32mBuilding C object CMakeFiles/moveit_task_constructor_msgs__rosidl_typesupport_introspection_c.dir/rosidl_typesupport_introspection_c/moveit_task_constructor_msgs/msg/detail/task_statistics__type_support.c.o[0m
[7.800s] [ 54%] [32mBuilding C object CMakeFiles/moveit_task_constructor_msgs__rosidl_typesupport_introspection_c.dir/rosidl_typesupport_introspection_c/moveit_task_constructor_msgs/msg/detail/trajectory_execution_info__type_support.c.o[0m
[7.816s] [ 55%] [32mBuilding CXX object CMakeFiles/moveit_task_constructor_msgs__rosidl_typesupport_cpp.dir/rosidl_typesupport_cpp/moveit_task_constructor_msgs/msg/trajectory_execution_info__type_support.cpp.o[0m
[7.855s] [ 56%] [32mBuilding CXX object CMakeFiles/moveit_task_constructor_msgs__rosidl_typesupport_introspection_cpp.dir/rosidl_typesupport_introspection_cpp/moveit_task_constructor_msgs/msg/detail/sub_solution__type_support.cpp.o[0m
[7.879s] [ 56%] [32mBuilding C object CMakeFiles/moveit_task_constructor_msgs__rosidl_typesupport_introspection_c.dir/rosidl_typesupport_introspection_c/moveit_task_constructor_msgs/srv/detail/get_solution__type_support.c.o[0m
[7.913s] [ 57%] [32mBuilding CXX object CMakeFiles/moveit_task_constructor_msgs__rosidl_typesupport_fastrtps_cpp.dir/rosidl_typesupport_fastrtps_cpp/moveit_task_constructor_msgs/msg/detail/dds_fastrtps/stage_description__type_support.cpp.o[0m
[7.972s] [ 58%] [32mBuilding C object CMakeFiles/moveit_task_constructor_msgs__rosidl_typesupport_introspection_c.dir/rosidl_typesupport_introspection_c/moveit_task_constructor_msgs/action/detail/execute_task_solution__type_support.c.o[0m
[7.991s] [ 58%] [32mBuilding CXX object CMakeFiles/moveit_task_constructor_msgs__rosidl_typesupport_fastrtps_c.dir/rosidl_typesupport_fastrtps_c/moveit_task_constructor_msgs/msg/detail/solution_info__type_support_c.cpp.o[0m
[8.103s] [ 59%] [32m[1mLinking C shared library libmoveit_task_constructor_msgs__rosidl_typesupport_introspection_c.so[0m
[8.190s] [ 59%] Built target moveit_task_constructor_msgs__rosidl_typesupport_introspection_c
[8.208s] [ 60%] [32mBuilding CXX object CMakeFiles/moveit_task_constructor_msgs__rosidl_typesupport_fastrtps_cpp.dir/rosidl_typesupport_fastrtps_cpp/moveit_task_constructor_msgs/msg/detail/dds_fastrtps/stage_statistics__type_support.cpp.o[0m
[8.322s] [ 60%] [32mBuilding CXX object CMakeFiles/moveit_task_constructor_msgs__rosidl_typesupport_cpp.dir/rosidl_typesupport_cpp/moveit_task_constructor_msgs/srv/get_solution__type_support.cpp.o[0m
[8.419s] [ 61%] [32mBuilding CXX object CMakeFiles/moveit_task_constructor_msgs__rosidl_typesupport_cpp.dir/rosidl_typesupport_cpp/moveit_task_constructor_msgs/action/execute_task_solution__type_support.cpp.o[0m
[8.651s] [ 62%] [32mBuilding CXX object CMakeFiles/moveit_task_constructor_msgs__rosidl_typesupport_fastrtps_c.dir/rosidl_typesupport_fastrtps_c/moveit_task_constructor_msgs/msg/detail/stage_description__type_support_c.cpp.o[0m
[8.713s] [ 63%] [32mBuilding CXX object CMakeFiles/moveit_task_constructor_msgs__rosidl_typesupport_fastrtps_c.dir/rosidl_typesupport_fastrtps_c/moveit_task_constructor_msgs/msg/detail/stage_statistics__type_support_c.cpp.o[0m
[8.718s] [ 64%] [32mBuilding CXX object CMakeFiles/moveit_task_constructor_msgs__rosidl_typesupport_fastrtps_c.dir/rosidl_typesupport_fastrtps_c/moveit_task_constructor_msgs/msg/detail/sub_solution__type_support_c.cpp.o[0m
[8.726s] [ 64%] [32mBuilding CXX object CMakeFiles/moveit_task_constructor_msgs__rosidl_typesupport_introspection_cpp.dir/rosidl_typesupport_introspection_cpp/moveit_task_constructor_msgs/msg/detail/sub_trajectory__type_support.cpp.o[0m
[8.894s] [ 65%] [32mBuilding CXX object CMakeFiles/moveit_task_constructor_msgs__rosidl_typesupport_fastrtps_c.dir/rosidl_typesupport_fastrtps_c/moveit_task_constructor_msgs/msg/detail/sub_trajectory__type_support_c.cpp.o[0m
[9.063s] [ 65%] [32mBuilding CXX object CMakeFiles/moveit_task_constructor_msgs__rosidl_typesupport_fastrtps_cpp.dir/rosidl_typesupport_fastrtps_cpp/moveit_task_constructor_msgs/msg/detail/dds_fastrtps/sub_solution__type_support.cpp.o[0m
[9.298s] [ 66%] [32mBuilding CXX object CMakeFiles/moveit_task_constructor_msgs__rosidl_typesupport_fastrtps_c.dir/rosidl_typesupport_fastrtps_c/moveit_task_constructor_msgs/msg/detail/task_description__type_support_c.cpp.o[0m
[9.306s] [ 67%] [32m[1mLinking CXX shared library libmoveit_task_constructor_msgs__rosidl_typesupport_cpp.so[0m
[9.339s] [ 67%] [32mBuilding CXX object CMakeFiles/moveit_task_constructor_msgs__rosidl_typesupport_fastrtps_c.dir/rosidl_typesupport_fastrtps_c/moveit_task_constructor_msgs/msg/detail/task_statistics__type_support_c.cpp.o[0m
[9.353s] [ 68%] [32mBuilding CXX object CMakeFiles/moveit_task_constructor_msgs__rosidl_typesupport_introspection_cpp.dir/rosidl_typesupport_introspection_cpp/moveit_task_constructor_msgs/msg/detail/task_description__type_support.cpp.o[0m
[9.400s] [ 68%] Built target moveit_task_constructor_msgs__rosidl_typesupport_cpp
[9.419s] [ 69%] [32mBuilding CXX object CMakeFiles/moveit_task_constructor_msgs__rosidl_typesupport_introspection_cpp.dir/rosidl_typesupport_introspection_cpp/moveit_task_constructor_msgs/msg/detail/task_statistics__type_support.cpp.o[0m
[9.556s] [ 70%] [32mBuilding CXX object CMakeFiles/moveit_task_constructor_msgs__rosidl_typesupport_introspection_cpp.dir/rosidl_typesupport_introspection_cpp/moveit_task_constructor_msgs/msg/detail/trajectory_execution_info__type_support.cpp.o[0m
[9.690s] [ 71%] [32mBuilding CXX object CMakeFiles/moveit_task_constructor_msgs__rosidl_typesupport_introspection_cpp.dir/rosidl_typesupport_introspection_cpp/moveit_task_constructor_msgs/srv/detail/get_solution__type_support.cpp.o[0m
[9.875s] [ 72%] [32mBuilding CXX object CMakeFiles/moveit_task_constructor_msgs__rosidl_typesupport_fastrtps_cpp.dir/rosidl_typesupport_fastrtps_cpp/moveit_task_constructor_msgs/msg/detail/dds_fastrtps/sub_trajectory__type_support.cpp.o[0m
[9.922s] [ 73%] [32mBuilding CXX object CMakeFiles/moveit_task_constructor_msgs__rosidl_typesupport_introspection_cpp.dir/rosidl_typesupport_introspection_cpp/moveit_task_constructor_msgs/action/detail/execute_task_solution__type_support.cpp.o[0m
[9.974s] [ 74%] [32mBuilding CXX object CMakeFiles/moveit_task_constructor_msgs__rosidl_typesupport_fastrtps_c.dir/rosidl_typesupport_fastrtps_c/moveit_task_constructor_msgs/msg/detail/trajectory_execution_info__type_support_c.cpp.o[0m
[9.982s] [ 75%] [32mBuilding CXX object CMakeFiles/moveit_task_constructor_msgs__rosidl_typesupport_fastrtps_cpp.dir/rosidl_typesupport_fastrtps_cpp/moveit_task_constructor_msgs/msg/detail/dds_fastrtps/task_description__type_support.cpp.o[0m
[10.209s] [ 76%] [32mBuilding CXX object CMakeFiles/moveit_task_constructor_msgs__rosidl_typesupport_fastrtps_cpp.dir/rosidl_typesupport_fastrtps_cpp/moveit_task_constructor_msgs/msg/detail/dds_fastrtps/task_statistics__type_support.cpp.o[0m
[10.255s] [ 77%] [32mBuilding CXX object CMakeFiles/moveit_task_constructor_msgs__rosidl_typesupport_fastrtps_c.dir/rosidl_typesupport_fastrtps_c/moveit_task_constructor_msgs/srv/detail/get_solution__type_support_c.cpp.o[0m
[10.312s] [ 78%] [32mBuilding CXX object CMakeFiles/moveit_task_constructor_msgs__rosidl_typesupport_fastrtps_c.dir/rosidl_typesupport_fastrtps_c/moveit_task_constructor_msgs/action/detail/execute_task_solution__type_support_c.cpp.o[0m
[10.608s] [ 79%] [32mBuilding CXX object CMakeFiles/moveit_task_constructor_msgs__rosidl_typesupport_fastrtps_cpp.dir/rosidl_typesupport_fastrtps_cpp/moveit_task_constructor_msgs/msg/detail/dds_fastrtps/trajectory_execution_info__type_support.cpp.o[0m
[10.741s] [ 80%] [32mBuilding CXX object CMakeFiles/moveit_task_constructor_msgs__rosidl_typesupport_fastrtps_cpp.dir/rosidl_typesupport_fastrtps_cpp/moveit_task_constructor_msgs/srv/detail/dds_fastrtps/get_solution__type_support.cpp.o[0m
[10.787s] [ 80%] [32mBuilding CXX object CMakeFiles/moveit_task_constructor_msgs__rosidl_typesupport_fastrtps_cpp.dir/rosidl_typesupport_fastrtps_cpp/moveit_task_constructor_msgs/action/detail/dds_fastrtps/execute_task_solution__type_support.cpp.o[0m
[11.046s] [ 81%] [32m[1mLinking CXX shared library libmoveit_task_constructor_msgs__rosidl_typesupport_fastrtps_c.so[0m
[11.164s] [ 81%] Built target moveit_task_constructor_msgs__rosidl_typesupport_fastrtps_c
[11.400s] [ 82%] [32m[1mLinking CXX shared library libmoveit_task_constructor_msgs__rosidl_typesupport_introspection_cpp.so[0m
[11.575s] [ 83%] [32m[1mLinking CXX shared library libmoveit_task_constructor_msgs__rosidl_typesupport_fastrtps_cpp.so[0m
[11.582s] [ 83%] Built target moveit_task_constructor_msgs__rosidl_typesupport_introspection_cpp
[11.694s] [ 83%] Built target moveit_task_constructor_msgs__rosidl_typesupport_fastrtps_cpp
[11.719s] [ 83%] Built target moveit_task_constructor_msgs
[11.745s] [ 84%] [34m[1mGenerating Python code for ROS interfaces[0m
[13.897s] [ 84%] Built target moveit_task_constructor_msgs__py
[13.929s] [ 87%] [32mBuilding C object CMakeFiles/moveit_task_constructor_msgs__rosidl_generator_py.dir/rosidl_generator_py/moveit_task_constructor_msgs/msg/_stage_description_s.c.o[0m
[13.929s] [ 87%] [32mBuilding C object CMakeFiles/moveit_task_constructor_msgs__rosidl_generator_py.dir/rosidl_generator_py/moveit_task_constructor_msgs/msg/_property_s.c.o[0m
[13.929s] [ 87%] [32mBuilding C object CMakeFiles/moveit_task_constructor_msgs__rosidl_generator_py.dir/rosidl_generator_py/moveit_task_constructor_msgs/msg/_solution_info_s.c.o[0m
[13.930s] [ 87%] [32mBuilding C object CMakeFiles/moveit_task_constructor_msgs__rosidl_generator_py.dir/rosidl_generator_py/moveit_task_constructor_msgs/msg/_solution_s.c.o[0m
[13.930s] [ 88%] [32mBuilding C object CMakeFiles/moveit_task_constructor_msgs__rosidl_generator_py.dir/rosidl_generator_py/moveit_task_constructor_msgs/msg/_stage_statistics_s.c.o[0m
[13.930s] [ 89%] [32mBuilding C object CMakeFiles/moveit_task_constructor_msgs__rosidl_generator_py.dir/rosidl_generator_py/moveit_task_constructor_msgs/msg/_sub_solution_s.c.o[0m
[13.930s] [ 90%] [32mBuilding C object CMakeFiles/moveit_task_constructor_msgs__rosidl_generator_py.dir/rosidl_generator_py/moveit_task_constructor_msgs/msg/_sub_trajectory_s.c.o[0m
[13.931s] [ 91%] [32mBuilding C object CMakeFiles/moveit_task_constructor_msgs__rosidl_generator_py.dir/rosidl_generator_py/moveit_task_constructor_msgs/msg/_task_description_s.c.o[0m
[14.143s] [ 92%] [32mBuilding C object CMakeFiles/moveit_task_constructor_msgs__rosidl_generator_py.dir/rosidl_generator_py/moveit_task_constructor_msgs/msg/_task_statistics_s.c.o[0m
[14.149s] [ 92%] [32mBuilding C object CMakeFiles/moveit_task_constructor_msgs__rosidl_generator_py.dir/rosidl_generator_py/moveit_task_constructor_msgs/msg/_trajectory_execution_info_s.c.o[0m
[14.152s] [ 93%] [32mBuilding C object CMakeFiles/moveit_task_constructor_msgs__rosidl_generator_py.dir/rosidl_generator_py/moveit_task_constructor_msgs/srv/_get_solution_s.c.o[0m
[14.158s] [ 94%] [32mBuilding C object CMakeFiles/moveit_task_constructor_msgs__rosidl_generator_py.dir/rosidl_generator_py/moveit_task_constructor_msgs/action/_execute_task_solution_s.c.o[0m
[14.328s] [ 95%] [32m[1mLinking C shared library rosidl_generator_py/moveit_task_constructor_msgs/libmoveit_task_constructor_msgs__rosidl_generator_py.so[0m
[14.384s] [ 95%] Built target moveit_task_constructor_msgs__rosidl_generator_py
[14.410s] [ 97%] [32mBuilding C object CMakeFiles/moveit_task_constructor_msgs__rosidl_typesupport_fastrtps_c__pyext.dir/rosidl_generator_py/moveit_task_constructor_msgs/_moveit_task_constructor_msgs_s.ep.rosidl_typesupport_fastrtps_c.c.o[0m
[14.410s] [ 97%] [32mBuilding C object CMakeFiles/moveit_task_constructor_msgs__rosidl_typesupport_introspection_c__pyext.dir/rosidl_generator_py/moveit_task_constructor_msgs/_moveit_task_constructor_msgs_s.ep.rosidl_typesupport_introspection_c.c.o[0m
[14.410s] [ 97%] [32mBuilding C object CMakeFiles/moveit_task_constructor_msgs__rosidl_typesupport_c__pyext.dir/rosidl_generator_py/moveit_task_constructor_msgs/_moveit_task_constructor_msgs_s.ep.rosidl_typesupport_c.c.o[0m
[14.587s] [ 98%] [32m[1mLinking C shared library rosidl_generator_py/moveit_task_constructor_msgs/moveit_task_constructor_msgs_s__rosidl_typesupport_c.cpython-310-x86_64-linux-gnu.so[0m
[14.587s] [ 99%] [32m[1mLinking C shared library rosidl_generator_py/moveit_task_constructor_msgs/moveit_task_constructor_msgs_s__rosidl_typesupport_fastrtps_c.cpython-310-x86_64-linux-gnu.so[0m
[14.589s] [100%] [32m[1mLinking C shared library rosidl_generator_py/moveit_task_constructor_msgs/moveit_task_constructor_msgs_s__rosidl_typesupport_introspection_c.cpython-310-x86_64-linux-gnu.so[0m
[14.657s] [100%] Built target moveit_task_constructor_msgs__rosidl_typesupport_c__pyext
[14.657s] [100%] Built target moveit_task_constructor_msgs__rosidl_typesupport_fastrtps_c__pyext
[14.657s] [100%] Built target moveit_task_constructor_msgs__rosidl_typesupport_introspection_c__pyext
[14.670s] Invoked command in '/home/vinayak/ws_moveit2/build/moveit_task_constructor_msgs' returned '0': CMAKE_PREFIX_PATH=${CMAKE_PREFIX_PATH}:/home/vinayak/ws_moveit2/install/ur3e_motion_package:/home/vinayak/ws_moveit2/install/moveit_configs_utils:/home/vinayak/ws_moveit2/install/launch_param_builder:/opt/ros/humble /usr/bin/cmake --build /home/vinayak/ws_moveit2/build/moveit_task_constructor_msgs -- -j8 -l8
[14.680s] Invoking command in '/home/vinayak/ws_moveit2/build/moveit_task_constructor_msgs': CMAKE_PREFIX_PATH=${CMAKE_PREFIX_PATH}:/home/vinayak/ws_moveit2/install/ur3e_motion_package:/home/vinayak/ws_moveit2/install/moveit_configs_utils:/home/vinayak/ws_moveit2/install/launch_param_builder:/opt/ros/humble /usr/bin/cmake --install /home/vinayak/ws_moveit2/build/moveit_task_constructor_msgs
[14.688s] -- Install configuration: ""
[14.688s] -- Installing: /home/vinayak/ws_moveit2/install/moveit_task_constructor_msgs/share/ament_index/resource_index/rosidl_interfaces/moveit_task_constructor_msgs
[14.689s] -- Installing: /home/vinayak/ws_moveit2/install/moveit_task_constructor_msgs/include/moveit_task_constructor_msgs/moveit_task_constructor_msgs
[14.689s] -- Installing: /home/vinayak/ws_moveit2/install/moveit_task_constructor_msgs/include/moveit_task_constructor_msgs/moveit_task_constructor_msgs/action
[14.689s] -- Installing: /home/vinayak/ws_moveit2/install/moveit_task_constructor_msgs/include/moveit_task_constructor_msgs/moveit_task_constructor_msgs/action/execute_task_solution.h
[14.689s] -- Installing: /home/vinayak/ws_moveit2/install/moveit_task_constructor_msgs/include/moveit_task_constructor_msgs/moveit_task_constructor_msgs/action/detail
[14.689s] -- Installing: /home/vinayak/ws_moveit2/install/moveit_task_constructor_msgs/include/moveit_task_constructor_msgs/moveit_task_constructor_msgs/action/detail/execute_task_solution__struct.h
[14.689s] -- Installing: /home/vinayak/ws_moveit2/install/moveit_task_constructor_msgs/include/moveit_task_constructor_msgs/moveit_task_constructor_msgs/action/detail/execute_task_solution__functions.c
[14.689s] -- Installing: /home/vinayak/ws_moveit2/install/moveit_task_constructor_msgs/include/moveit_task_constructor_msgs/moveit_task_constructor_msgs/action/detail/execute_task_solution__functions.h
[14.689s] -- Installing: /home/vinayak/ws_moveit2/install/moveit_task_constructor_msgs/include/moveit_task_constructor_msgs/moveit_task_constructor_msgs/action/detail/execute_task_solution__type_support.h
[14.690s] -- Installing: /home/vinayak/ws_moveit2/install/moveit_task_constructor_msgs/include/moveit_task_constructor_msgs/moveit_task_constructor_msgs/msg
[14.690s] -- Installing: /home/vinayak/ws_moveit2/install/moveit_task_constructor_msgs/include/moveit_task_constructor_msgs/moveit_task_constructor_msgs/msg/sub_trajectory.h
[14.690s] -- Installing: /home/vinayak/ws_moveit2/install/moveit_task_constructor_msgs/include/moveit_task_constructor_msgs/moveit_task_constructor_msgs/msg/sub_solution.h
[14.690s] -- Installing: /home/vinayak/ws_moveit2/install/moveit_task_constructor_msgs/include/moveit_task_constructor_msgs/moveit_task_constructor_msgs/msg/solution_info.h
[14.690s] -- Installing: /home/vinayak/ws_moveit2/install/moveit_task_constructor_msgs/include/moveit_task_constructor_msgs/moveit_task_constructor_msgs/msg/rosidl_generator_c__visibility_control.h
[14.690s] -- Installing: /home/vinayak/ws_moveit2/install/moveit_task_constructor_msgs/include/moveit_task_constructor_msgs/moveit_task_constructor_msgs/msg/task_statistics.h
[14.690s] -- Installing: /home/vinayak/ws_moveit2/install/moveit_task_constructor_msgs/include/moveit_task_constructor_msgs/moveit_task_constructor_msgs/msg/task_description.h
[14.690s] -- Installing: /home/vinayak/ws_moveit2/install/moveit_task_constructor_msgs/include/moveit_task_constructor_msgs/moveit_task_constructor_msgs/msg/solution.h
[14.691s] -- Installing: /home/vinayak/ws_moveit2/install/moveit_task_constructor_msgs/include/moveit_task_constructor_msgs/moveit_task_constructor_msgs/msg/stage_description.h
[14.691s] -- Installing: /home/vinayak/ws_moveit2/install/moveit_task_constructor_msgs/include/moveit_task_constructor_msgs/moveit_task_constructor_msgs/msg/property.h
[14.691s] -- Installing: /home/vinayak/ws_moveit2/install/moveit_task_constructor_msgs/include/moveit_task_constructor_msgs/moveit_task_constructor_msgs/msg/detail
[14.691s] -- Installing: /home/vinayak/ws_moveit2/install/moveit_task_constructor_msgs/include/moveit_task_constructor_msgs/moveit_task_constructor_msgs/msg/detail/task_statistics__functions.c
[14.691s] -- Installing: /home/vinayak/ws_moveit2/install/moveit_task_constructor_msgs/include/moveit_task_constructor_msgs/moveit_task_constructor_msgs/msg/detail/task_description__functions.h
[14.691s] -- Installing: /home/vinayak/ws_moveit2/install/moveit_task_constructor_msgs/include/moveit_task_constructor_msgs/moveit_task_constructor_msgs/msg/detail/solution_info__functions.c
[14.691s] -- Installing: /home/vinayak/ws_moveit2/install/moveit_task_constructor_msgs/include/moveit_task_constructor_msgs/moveit_task_constructor_msgs/msg/detail/property__functions.c
[14.691s] -- Installing: /home/vinayak/ws_moveit2/install/moveit_task_constructor_msgs/include/moveit_task_constructor_msgs/moveit_task_constructor_msgs/msg/detail/stage_statistics__type_support.h
[14.691s] -- Installing: /home/vinayak/ws_moveit2/install/moveit_task_constructor_msgs/include/moveit_task_constructor_msgs/moveit_task_constructor_msgs/msg/detail/solution_info__functions.h
[14.692s] -- Installing: /home/vinayak/ws_moveit2/install/moveit_task_constructor_msgs/include/moveit_task_constructor_msgs/moveit_task_constructor_msgs/msg/detail/solution__functions.c
[14.692s] -- Installing: /home/vinayak/ws_moveit2/install/moveit_task_constructor_msgs/include/moveit_task_constructor_msgs/moveit_task_constructor_msgs/msg/detail/sub_solution__functions.c
[14.692s] -- Installing: /home/vinayak/ws_moveit2/install/moveit_task_constructor_msgs/include/moveit_task_constructor_msgs/moveit_task_constructor_msgs/msg/detail/task_description__type_support.h
[14.692s] -- Installing: /home/vinayak/ws_moveit2/install/moveit_task_constructor_msgs/include/moveit_task_constructor_msgs/moveit_task_constructor_msgs/msg/detail/sub_solution__struct.h
[14.692s] -- Installing: /home/vinayak/ws_moveit2/install/moveit_task_constructor_msgs/include/moveit_task_constructor_msgs/moveit_task_constructor_msgs/msg/detail/task_description__functions.c
[14.692s] -- Installing: /home/vinayak/ws_moveit2/install/moveit_task_constructor_msgs/include/moveit_task_constructor_msgs/moveit_task_constructor_msgs/msg/detail/sub_trajectory__functions.c
[14.692s] -- Installing: /home/vinayak/ws_moveit2/install/moveit_task_constructor_msgs/include/moveit_task_constructor_msgs/moveit_task_constructor_msgs/msg/detail/stage_description__struct.h
[14.692s] -- Installing: /home/vinayak/ws_moveit2/install/moveit_task_constructor_msgs/include/moveit_task_constructor_msgs/moveit_task_constructor_msgs/msg/detail/trajectory_execution_info__functions.h
[14.692s] -- Installing: /home/vinayak/ws_moveit2/install/moveit_task_constructor_msgs/include/moveit_task_constructor_msgs/moveit_task_constructor_msgs/msg/detail/solution__struct.h
[14.693s] -- Installing: /home/vinayak/ws_moveit2/install/moveit_task_constructor_msgs/include/moveit_task_constructor_msgs/moveit_task_constructor_msgs/msg/detail/trajectory_execution_info__struct.h
[14.693s] -- Installing: /home/vinayak/ws_moveit2/install/moveit_task_constructor_msgs/include/moveit_task_constructor_msgs/moveit_task_constructor_msgs/msg/detail/property__type_support.h
[14.693s] -- Installing: /home/vinayak/ws_moveit2/install/moveit_task_constructor_msgs/include/moveit_task_constructor_msgs/moveit_task_constructor_msgs/msg/detail/task_statistics__functions.h
[14.693s] -- Installing: /home/vinayak/ws_moveit2/install/moveit_task_constructor_msgs/include/moveit_task_constructor_msgs/moveit_task_constructor_msgs/msg/detail/solution__functions.h
[14.693s] -- Installing: /home/vinayak/ws_moveit2/install/moveit_task_constructor_msgs/include/moveit_task_constructor_msgs/moveit_task_constructor_msgs/msg/detail/stage_description__functions.h
[14.693s] -- Installing: /home/vinayak/ws_moveit2/install/moveit_task_constructor_msgs/include/moveit_task_constructor_msgs/moveit_task_constructor_msgs/msg/detail/property__struct.h
[14.693s] -- Installing: /home/vinayak/ws_moveit2/install/moveit_task_constructor_msgs/include/moveit_task_constructor_msgs/moveit_task_constructor_msgs/msg/detail/trajectory_execution_info__type_support.h
[14.693s] -- Installing: /home/vinayak/ws_moveit2/install/moveit_task_constructor_msgs/include/moveit_task_constructor_msgs/moveit_task_constructor_msgs/msg/detail/stage_description__type_support.h
[14.694s] -- Installing: /home/vinayak/ws_moveit2/install/moveit_task_constructor_msgs/include/moveit_task_constructor_msgs/moveit_task_constructor_msgs/msg/detail/stage_description__functions.c
[14.694s] -- Installing: /home/vinayak/ws_moveit2/install/moveit_task_constructor_msgs/include/moveit_task_constructor_msgs/moveit_task_constructor_msgs/msg/detail/solution_info__type_support.h
[14.694s] -- Installing: /home/vinayak/ws_moveit2/install/moveit_task_constructor_msgs/include/moveit_task_constructor_msgs/moveit_task_constructor_msgs/msg/detail/sub_trajectory__struct.h
[14.694s] -- Installing: /home/vinayak/ws_moveit2/install/moveit_task_constructor_msgs/include/moveit_task_constructor_msgs/moveit_task_constructor_msgs/msg/detail/sub_trajectory__functions.h
[14.694s] -- Installing: /home/vinayak/ws_moveit2/install/moveit_task_constructor_msgs/include/moveit_task_constructor_msgs/moveit_task_constructor_msgs/msg/detail/sub_trajectory__type_support.h
[14.694s] -- Installing: /home/vinayak/ws_moveit2/install/moveit_task_constructor_msgs/include/moveit_task_constructor_msgs/moveit_task_constructor_msgs/msg/detail/task_statistics__type_support.h
[14.694s] -- Installing: /home/vinayak/ws_moveit2/install/moveit_task_constructor_msgs/include/moveit_task_constructor_msgs/moveit_task_constructor_msgs/msg/detail/solution__type_support.h
[14.694s] -- Installing: /home/vinayak/ws_moveit2/install/moveit_task_constructor_msgs/include/moveit_task_constructor_msgs/moveit_task_constructor_msgs/msg/detail/solution_info__struct.h
[14.694s] -- Installing: /home/vinayak/ws_moveit2/install/moveit_task_constructor_msgs/include/moveit_task_constructor_msgs/moveit_task_constructor_msgs/msg/detail/sub_solution__functions.h
[14.695s] -- Installing: /home/vinayak/ws_moveit2/install/moveit_task_constructor_msgs/include/moveit_task_constructor_msgs/moveit_task_constructor_msgs/msg/detail/property__functions.h
[14.695s] -- Installing: /home/vinayak/ws_moveit2/install/moveit_task_constructor_msgs/include/moveit_task_constructor_msgs/moveit_task_constructor_msgs/msg/detail/trajectory_execution_info__functions.c
[14.695s] -- Installing: /home/vinayak/ws_moveit2/install/moveit_task_constructor_msgs/include/moveit_task_constructor_msgs/moveit_task_constructor_msgs/msg/detail/task_description__struct.h
[14.695s] -- Installing: /home/vinayak/ws_moveit2/install/moveit_task_constructor_msgs/include/moveit_task_constructor_msgs/moveit_task_constructor_msgs/msg/detail/sub_solution__type_support.h
[14.695s] -- Installing: /home/vinayak/ws_moveit2/install/moveit_task_constructor_msgs/include/moveit_task_constructor_msgs/moveit_task_constructor_msgs/msg/detail/stage_statistics__struct.h
[14.695s] -- Installing: /home/vinayak/ws_moveit2/install/moveit_task_constructor_msgs/include/moveit_task_constructor_msgs/moveit_task_constructor_msgs/msg/detail/stage_statistics__functions.h
[14.695s] -- Installing: /home/vinayak/ws_moveit2/install/moveit_task_constructor_msgs/include/moveit_task_constructor_msgs/moveit_task_constructor_msgs/msg/detail/stage_statistics__functions.c
[14.695s] -- Installing: /home/vinayak/ws_moveit2/install/moveit_task_constructor_msgs/include/moveit_task_constructor_msgs/moveit_task_constructor_msgs/msg/detail/task_statistics__struct.h
[14.695s] -- Installing: /home/vinayak/ws_moveit2/install/moveit_task_constructor_msgs/include/moveit_task_constructor_msgs/moveit_task_constructor_msgs/msg/trajectory_execution_info.h
[14.696s] -- Installing: /home/vinayak/ws_moveit2/install/moveit_task_constructor_msgs/include/moveit_task_constructor_msgs/moveit_task_constructor_msgs/msg/stage_statistics.h
[14.696s] -- Installing: /home/vinayak/ws_moveit2/install/moveit_task_constructor_msgs/include/moveit_task_constructor_msgs/moveit_task_constructor_msgs/srv
[14.696s] -- Installing: /home/vinayak/ws_moveit2/install/moveit_task_constructor_msgs/include/moveit_task_constructor_msgs/moveit_task_constructor_msgs/srv/get_solution.h
[14.696s] -- Installing: /home/vinayak/ws_moveit2/install/moveit_task_constructor_msgs/include/moveit_task_constructor_msgs/moveit_task_constructor_msgs/srv/detail
[14.696s] -- Installing: /home/vinayak/ws_moveit2/install/moveit_task_constructor_msgs/include/moveit_task_constructor_msgs/moveit_task_constructor_msgs/srv/detail/get_solution__struct.h
[14.696s] -- Installing: /home/vinayak/ws_moveit2/install/moveit_task_constructor_msgs/include/moveit_task_constructor_msgs/moveit_task_constructor_msgs/srv/detail/get_solution__type_support.h
[14.696s] -- Installing: /home/vinayak/ws_moveit2/install/moveit_task_constructor_msgs/include/moveit_task_constructor_msgs/moveit_task_constructor_msgs/srv/detail/get_solution__functions.h
[14.696s] -- Installing: /home/vinayak/ws_moveit2/install/moveit_task_constructor_msgs/include/moveit_task_constructor_msgs/moveit_task_constructor_msgs/srv/detail/get_solution__functions.c
[14.696s] -- Installing: /home/vinayak/ws_moveit2/install/moveit_task_constructor_msgs/share/moveit_task_constructor_msgs/environment/library_path.sh
[14.697s] -- Installing: /home/vinayak/ws_moveit2/install/moveit_task_constructor_msgs/share/moveit_task_constructor_msgs/environment/library_path.dsv
[14.697s] -- Installing: /home/vinayak/ws_moveit2/install/moveit_task_constructor_msgs/lib/libmoveit_task_constructor_msgs__rosidl_generator_c.so
[14.697s] -- Set runtime path of "/home/vinayak/ws_moveit2/install/moveit_task_constructor_msgs/lib/libmoveit_task_constructor_msgs__rosidl_generator_c.so" to ""
[14.697s] -- Up-to-date: /home/vinayak/ws_moveit2/install/moveit_task_constructor_msgs/include/moveit_task_constructor_msgs/moveit_task_constructor_msgs
[14.697s] -- Up-to-date: /home/vinayak/ws_moveit2/install/moveit_task_constructor_msgs/include/moveit_task_constructor_msgs/moveit_task_constructor_msgs/action
[14.697s] -- Up-to-date: /home/vinayak/ws_moveit2/install/moveit_task_constructor_msgs/include/moveit_task_constructor_msgs/moveit_task_constructor_msgs/action/detail
[14.697s] -- Installing: /home/vinayak/ws_moveit2/install/moveit_task_constructor_msgs/include/moveit_task_constructor_msgs/moveit_task_constructor_msgs/action/detail/execute_task_solution__rosidl_typesupport_fastrtps_c.h
[14.697s] -- Up-to-date: /home/vinayak/ws_moveit2/install/moveit_task_constructor_msgs/include/moveit_task_constructor_msgs/moveit_task_constructor_msgs/msg
[14.697s] -- Up-to-date: /home/vinayak/ws_moveit2/install/moveit_task_constructor_msgs/include/moveit_task_constructor_msgs/moveit_task_constructor_msgs/msg/detail
[14.698s] -- Installing: /home/vinayak/ws_moveit2/install/moveit_task_constructor_msgs/include/moveit_task_constructor_msgs/moveit_task_constructor_msgs/msg/detail/task_statistics__rosidl_typesupport_fastrtps_c.h
[14.698s] -- Installing: /home/vinayak/ws_moveit2/install/moveit_task_constructor_msgs/include/moveit_task_constructor_msgs/moveit_task_constructor_msgs/msg/detail/sub_solution__rosidl_typesupport_fastrtps_c.h
[14.698s] -- Installing: /home/vinayak/ws_moveit2/install/moveit_task_constructor_msgs/include/moveit_task_constructor_msgs/moveit_task_constructor_msgs/msg/detail/solution__rosidl_typesupport_fastrtps_c.h
[14.698s] -- Installing: /home/vinayak/ws_moveit2/install/moveit_task_constructor_msgs/include/moveit_task_constructor_msgs/moveit_task_constructor_msgs/msg/detail/property__rosidl_typesupport_fastrtps_c.h
[14.698s] -- Installing: /home/vinayak/ws_moveit2/install/moveit_task_constructor_msgs/include/moveit_task_constructor_msgs/moveit_task_constructor_msgs/msg/detail/stage_description__rosidl_typesupport_fastrtps_c.h
[14.698s] -- Installing: /home/vinayak/ws_moveit2/install/moveit_task_constructor_msgs/include/moveit_task_constructor_msgs/moveit_task_constructor_msgs/msg/detail/stage_statistics__rosidl_typesupport_fastrtps_c.h
[14.698s] -- Installing: /home/vinayak/ws_moveit2/install/moveit_task_constructor_msgs/include/moveit_task_constructor_msgs/moveit_task_constructor_msgs/msg/detail/sub_trajectory__rosidl_typesupport_fastrtps_c.h
[14.698s] -- Installing: /home/vinayak/ws_moveit2/install/moveit_task_constructor_msgs/include/moveit_task_constructor_msgs/moveit_task_constructor_msgs/msg/detail/task_description__rosidl_typesupport_fastrtps_c.h
[14.698s] -- Installing: /home/vinayak/ws_moveit2/install/moveit_task_constructor_msgs/include/moveit_task_constructor_msgs/moveit_task_constructor_msgs/msg/detail/solution_info__rosidl_typesupport_fastrtps_c.h
[14.698s] -- Installing: /home/vinayak/ws_moveit2/install/moveit_task_constructor_msgs/include/moveit_task_constructor_msgs/moveit_task_constructor_msgs/msg/detail/trajectory_execution_info__rosidl_typesupport_fastrtps_c.h
[14.699s] -- Installing: /home/vinayak/ws_moveit2/install/moveit_task_constructor_msgs/include/moveit_task_constructor_msgs/moveit_task_constructor_msgs/msg/rosidl_typesupport_fastrtps_c__visibility_control.h
[14.699s] -- Up-to-date: /home/vinayak/ws_moveit2/install/moveit_task_constructor_msgs/include/moveit_task_constructor_msgs/moveit_task_constructor_msgs/srv
[14.699s] -- Up-to-date: /home/vinayak/ws_moveit2/install/moveit_task_constructor_msgs/include/moveit_task_constructor_msgs/moveit_task_constructor_msgs/srv/detail
[14.699s] -- Installing: /home/vinayak/ws_moveit2/install/moveit_task_constructor_msgs/include/moveit_task_constructor_msgs/moveit_task_constructor_msgs/srv/detail/get_solution__rosidl_typesupport_fastrtps_c.h
[14.699s] -- Installing: /home/vinayak/ws_moveit2/install/moveit_task_constructor_msgs/lib/libmoveit_task_constructor_msgs__rosidl_typesupport_fastrtps_c.so
[14.699s] -- Set runtime path of "/home/vinayak/ws_moveit2/install/moveit_task_constructor_msgs/lib/libmoveit_task_constructor_msgs__rosidl_typesupport_fastrtps_c.so" to ""
[14.699s] -- Up-to-date: /home/vinayak/ws_moveit2/install/moveit_task_constructor_msgs/include/moveit_task_constructor_msgs/moveit_task_constructor_msgs
[14.699s] -- Up-to-date: /home/vinayak/ws_moveit2/install/moveit_task_constructor_msgs/include/moveit_task_constructor_msgs/moveit_task_constructor_msgs/action
[14.699s] -- Installing: /home/vinayak/ws_moveit2/install/moveit_task_constructor_msgs/include/moveit_task_constructor_msgs/moveit_task_constructor_msgs/action/execute_task_solution.hpp
[14.700s] -- Up-to-date: /home/vinayak/ws_moveit2/install/moveit_task_constructor_msgs/include/moveit_task_constructor_msgs/moveit_task_constructor_msgs/action/detail
[14.700s] -- Installing: /home/vinayak/ws_moveit2/install/moveit_task_constructor_msgs/include/moveit_task_constructor_msgs/moveit_task_constructor_msgs/action/detail/execute_task_solution__traits.hpp
[14.700s] -- Installing: /home/vinayak/ws_moveit2/install/moveit_task_constructor_msgs/include/moveit_task_constructor_msgs/moveit_task_constructor_msgs/action/detail/execute_task_solution__type_support.hpp
[14.700s] -- Installing: /home/vinayak/ws_moveit2/install/moveit_task_constructor_msgs/include/moveit_task_constructor_msgs/moveit_task_constructor_msgs/action/detail/execute_task_solution__builder.hpp
[14.700s] -- Installing: /home/vinayak/ws_moveit2/install/moveit_task_constructor_msgs/include/moveit_task_constructor_msgs/moveit_task_constructor_msgs/action/detail/execute_task_solution__struct.hpp
[14.700s] -- Up-to-date: /home/vinayak/ws_moveit2/install/moveit_task_constructor_msgs/include/moveit_task_constructor_msgs/moveit_task_constructor_msgs/msg
[14.700s] -- Installing: /home/vinayak/ws_moveit2/install/moveit_task_constructor_msgs/include/moveit_task_constructor_msgs/moveit_task_constructor_msgs/msg/task_description.hpp
[14.700s] -- Installing: /home/vinayak/ws_moveit2/install/moveit_task_constructor_msgs/include/moveit_task_constructor_msgs/moveit_task_constructor_msgs/msg/sub_solution.hpp
[14.701s] -- Installing: /home/vinayak/ws_moveit2/install/moveit_task_constructor_msgs/include/moveit_task_constructor_msgs/moveit_task_constructor_msgs/msg/task_statistics.hpp
[14.701s] -- Installing: /home/vinayak/ws_moveit2/install/moveit_task_constructor_msgs/include/moveit_task_constructor_msgs/moveit_task_constructor_msgs/msg/rosidl_generator_cpp__visibility_control.hpp
[14.701s] -- Installing: /home/vinayak/ws_moveit2/install/moveit_task_constructor_msgs/include/moveit_task_constructor_msgs/moveit_task_constructor_msgs/msg/solution_info.hpp
[14.701s] -- Installing: /home/vinayak/ws_moveit2/install/moveit_task_constructor_msgs/include/moveit_task_constructor_msgs/moveit_task_constructor_msgs/msg/trajectory_execution_info.hpp
[14.701s] -- Installing: /home/vinayak/ws_moveit2/install/moveit_task_constructor_msgs/include/moveit_task_constructor_msgs/moveit_task_constructor_msgs/msg/solution.hpp
[14.701s] -- Installing: /home/vinayak/ws_moveit2/install/moveit_task_constructor_msgs/include/moveit_task_constructor_msgs/moveit_task_constructor_msgs/msg/stage_statistics.hpp
[14.701s] -- Installing: /home/vinayak/ws_moveit2/install/moveit_task_constructor_msgs/include/moveit_task_constructor_msgs/moveit_task_constructor_msgs/msg/property.hpp
[14.701s] -- Up-to-date: /home/vinayak/ws_moveit2/install/moveit_task_constructor_msgs/include/moveit_task_constructor_msgs/moveit_task_constructor_msgs/msg/detail
[14.701s] -- Installing: /home/vinayak/ws_moveit2/install/moveit_task_constructor_msgs/include/moveit_task_constructor_msgs/moveit_task_constructor_msgs/msg/detail/task_statistics__struct.hpp
[14.702s] -- Installing: /home/vinayak/ws_moveit2/install/moveit_task_constructor_msgs/include/moveit_task_constructor_msgs/moveit_task_constructor_msgs/msg/detail/stage_description__traits.hpp
[14.702s] -- Installing: /home/vinayak/ws_moveit2/install/moveit_task_constructor_msgs/include/moveit_task_constructor_msgs/moveit_task_constructor_msgs/msg/detail/sub_solution__traits.hpp
[14.702s] -- Installing: /home/vinayak/ws_moveit2/install/moveit_task_constructor_msgs/include/moveit_task_constructor_msgs/moveit_task_constructor_msgs/msg/detail/solution__builder.hpp
[14.702s] -- Installing: /home/vinayak/ws_moveit2/install/moveit_task_constructor_msgs/include/moveit_task_constructor_msgs/moveit_task_constructor_msgs/msg/detail/trajectory_execution_info__type_support.hpp
[14.702s] -- Installing: /home/vinayak/ws_moveit2/install/moveit_task_constructor_msgs/include/moveit_task_constructor_msgs/moveit_task_constructor_msgs/msg/detail/sub_trajectory__traits.hpp
[14.702s] -- Installing: /home/vinayak/ws_moveit2/install/moveit_task_constructor_msgs/include/moveit_task_constructor_msgs/moveit_task_constructor_msgs/msg/detail/stage_description__struct.hpp
[14.702s] -- Installing: /home/vinayak/ws_moveit2/install/moveit_task_constructor_msgs/include/moveit_task_constructor_msgs/moveit_task_constructor_msgs/msg/detail/trajectory_execution_info__builder.hpp
[14.702s] -- Installing: /home/vinayak/ws_moveit2/install/moveit_task_constructor_msgs/include/moveit_task_constructor_msgs/moveit_task_constructor_msgs/msg/detail/stage_statistics__traits.hpp
[14.702s] -- Installing: /home/vinayak/ws_moveit2/install/moveit_task_constructor_msgs/include/moveit_task_constructor_msgs/moveit_task_constructor_msgs/msg/detail/task_description__traits.hpp
[14.703s] -- Installing: /home/vinayak/ws_moveit2/install/moveit_task_constructor_msgs/include/moveit_task_constructor_msgs/moveit_task_constructor_msgs/msg/detail/trajectory_execution_info__traits.hpp
[14.703s] -- Installing: /home/vinayak/ws_moveit2/install/moveit_task_constructor_msgs/include/moveit_task_constructor_msgs/moveit_task_constructor_msgs/msg/detail/property__type_support.hpp
[14.703s] -- Installing: /home/vinayak/ws_moveit2/install/moveit_task_constructor_msgs/include/moveit_task_constructor_msgs/moveit_task_constructor_msgs/msg/detail/task_description__type_support.hpp
[14.703s] -- Installing: /home/vinayak/ws_moveit2/install/moveit_task_constructor_msgs/include/moveit_task_constructor_msgs/moveit_task_constructor_msgs/msg/detail/task_description__builder.hpp
[14.703s] -- Installing: /home/vinayak/ws_moveit2/install/moveit_task_constructor_msgs/include/moveit_task_constructor_msgs/moveit_task_constructor_msgs/msg/detail/trajectory_execution_info__struct.hpp
[14.703s] -- Installing: /home/vinayak/ws_moveit2/install/moveit_task_constructor_msgs/include/moveit_task_constructor_msgs/moveit_task_constructor_msgs/msg/detail/solution_info__traits.hpp
[14.703s] -- Installing: /home/vinayak/ws_moveit2/install/moveit_task_constructor_msgs/include/moveit_task_constructor_msgs/moveit_task_constructor_msgs/msg/detail/solution_info__type_support.hpp
[14.703s] -- Installing: /home/vinayak/ws_moveit2/install/moveit_task_constructor_msgs/include/moveit_task_constructor_msgs/moveit_task_constructor_msgs/msg/detail/stage_description__builder.hpp
[14.703s] -- Installing: /home/vinayak/ws_moveit2/install/moveit_task_constructor_msgs/include/moveit_task_constructor_msgs/moveit_task_constructor_msgs/msg/detail/solution__traits.hpp
[14.704s] -- Installing: /home/vinayak/ws_moveit2/install/moveit_task_constructor_msgs/include/moveit_task_constructor_msgs/moveit_task_constructor_msgs/msg/detail/property__traits.hpp
[14.704s] -- Installing: /home/vinayak/ws_moveit2/install/moveit_task_constructor_msgs/include/moveit_task_constructor_msgs/moveit_task_constructor_msgs/msg/detail/property__struct.hpp
[14.704s] -- Installing: /home/vinayak/ws_moveit2/install/moveit_task_constructor_msgs/include/moveit_task_constructor_msgs/moveit_task_constructor_msgs/msg/detail/task_statistics__builder.hpp
[14.704s] -- Installing: /home/vinayak/ws_moveit2/install/moveit_task_constructor_msgs/include/moveit_task_constructor_msgs/moveit_task_constructor_msgs/msg/detail/sub_solution__builder.hpp
[14.704s] -- Installing: /home/vinayak/ws_moveit2/install/moveit_task_constructor_msgs/include/moveit_task_constructor_msgs/moveit_task_constructor_msgs/msg/detail/task_statistics__traits.hpp
[14.704s] -- Installing: /home/vinayak/ws_moveit2/install/moveit_task_constructor_msgs/include/moveit_task_constructor_msgs/moveit_task_constructor_msgs/msg/detail/sub_trajectory__builder.hpp
[14.704s] -- Installing: /home/vinayak/ws_moveit2/install/moveit_task_constructor_msgs/include/moveit_task_constructor_msgs/moveit_task_constructor_msgs/msg/detail/stage_statistics__builder.hpp
[14.704s] -- Installing: /home/vinayak/ws_moveit2/install/moveit_task_constructor_msgs/include/moveit_task_constructor_msgs/moveit_task_constructor_msgs/msg/detail/property__builder.hpp
[14.704s] -- Installing: /home/vinayak/ws_moveit2/install/moveit_task_constructor_msgs/include/moveit_task_constructor_msgs/moveit_task_constructor_msgs/msg/detail/sub_solution__type_support.hpp
[14.705s] -- Installing: /home/vinayak/ws_moveit2/install/moveit_task_constructor_msgs/include/moveit_task_constructor_msgs/moveit_task_constructor_msgs/msg/detail/solution_info__builder.hpp
[14.705s] -- Installing: /home/vinayak/ws_moveit2/install/moveit_task_constructor_msgs/include/moveit_task_constructor_msgs/moveit_task_constructor_msgs/msg/detail/stage_statistics__struct.hpp
[14.705s] -- Installing: /home/vinayak/ws_moveit2/install/moveit_task_constructor_msgs/include/moveit_task_constructor_msgs/moveit_task_constructor_msgs/msg/detail/solution__type_support.hpp
[14.705s] -- Installing: /home/vinayak/ws_moveit2/install/moveit_task_constructor_msgs/include/moveit_task_constructor_msgs/moveit_task_constructor_msgs/msg/detail/stage_description__type_support.hpp
[14.705s] -- Installing: /home/vinayak/ws_moveit2/install/moveit_task_constructor_msgs/include/moveit_task_constructor_msgs/moveit_task_constructor_msgs/msg/detail/sub_trajectory__struct.hpp
[14.705s] -- Installing: /home/vinayak/ws_moveit2/install/moveit_task_constructor_msgs/include/moveit_task_constructor_msgs/moveit_task_constructor_msgs/msg/detail/sub_trajectory__type_support.hpp
[14.705s] -- Installing: /home/vinayak/ws_moveit2/install/moveit_task_constructor_msgs/include/moveit_task_constructor_msgs/moveit_task_constructor_msgs/msg/detail/task_statistics__type_support.hpp
[14.705s] -- Installing: /home/vinayak/ws_moveit2/install/moveit_task_constructor_msgs/include/moveit_task_constructor_msgs/moveit_task_constructor_msgs/msg/detail/solution__struct.hpp
[14.705s] -- Installing: /home/vinayak/ws_moveit2/install/moveit_task_constructor_msgs/include/moveit_task_constructor_msgs/moveit_task_constructor_msgs/msg/detail/sub_solution__struct.hpp
[14.706s] -- Installing: /home/vinayak/ws_moveit2/install/moveit_task_constructor_msgs/include/moveit_task_constructor_msgs/moveit_task_constructor_msgs/msg/detail/task_description__struct.hpp
[14.706s] -- Installing: /home/vinayak/ws_moveit2/install/moveit_task_constructor_msgs/include/moveit_task_constructor_msgs/moveit_task_constructor_msgs/msg/detail/solution_info__struct.hpp
[14.706s] -- Installing: /home/vinayak/ws_moveit2/install/moveit_task_constructor_msgs/include/moveit_task_constructor_msgs/moveit_task_constructor_msgs/msg/detail/stage_statistics__type_support.hpp
[14.706s] -- Installing: /home/vinayak/ws_moveit2/install/moveit_task_constructor_msgs/include/moveit_task_constructor_msgs/moveit_task_constructor_msgs/msg/stage_description.hpp
[14.706s] -- Installing: /home/vinayak/ws_moveit2/install/moveit_task_constructor_msgs/include/moveit_task_constructor_msgs/moveit_task_constructor_msgs/msg/sub_trajectory.hpp
[14.706s] -- Up-to-date: /home/vinayak/ws_moveit2/install/moveit_task_constructor_msgs/include/moveit_task_constructor_msgs/moveit_task_constructor_msgs/srv
[14.706s] -- Installing: /home/vinayak/ws_moveit2/install/moveit_task_constructor_msgs/include/moveit_task_constructor_msgs/moveit_task_constructor_msgs/srv/get_solution.hpp
[14.706s] -- Up-to-date: /home/vinayak/ws_moveit2/install/moveit_task_constructor_msgs/include/moveit_task_constructor_msgs/moveit_task_constructor_msgs/srv/detail
[14.706s] -- Installing: /home/vinayak/ws_moveit2/install/moveit_task_constructor_msgs/include/moveit_task_constructor_msgs/moveit_task_constructor_msgs/srv/detail/get_solution__type_support.hpp
[14.707s] -- Installing: /home/vinayak/ws_moveit2/install/moveit_task_constructor_msgs/include/moveit_task_constructor_msgs/moveit_task_constructor_msgs/srv/detail/get_solution__builder.hpp
[14.707s] -- Installing: /home/vinayak/ws_moveit2/install/moveit_task_constructor_msgs/include/moveit_task_constructor_msgs/moveit_task_constructor_msgs/srv/detail/get_solution__traits.hpp
[14.707s] -- Installing: /home/vinayak/ws_moveit2/install/moveit_task_constructor_msgs/include/moveit_task_constructor_msgs/moveit_task_constructor_msgs/srv/detail/get_solution__struct.hpp
[14.707s] -- Up-to-date: /home/vinayak/ws_moveit2/install/moveit_task_constructor_msgs/include/moveit_task_constructor_msgs/moveit_task_constructor_msgs
[14.707s] -- Up-to-date: /home/vinayak/ws_moveit2/install/moveit_task_constructor_msgs/include/moveit_task_constructor_msgs/moveit_task_constructor_msgs/action
[14.707s] -- Up-to-date: /home/vinayak/ws_moveit2/install/moveit_task_constructor_msgs/include/moveit_task_constructor_msgs/moveit_task_constructor_msgs/action/detail
[14.707s] -- Installing: /home/vinayak/ws_moveit2/install/moveit_task_constructor_msgs/include/moveit_task_constructor_msgs/moveit_task_constructor_msgs/action/detail/execute_task_solution__rosidl_typesupport_fastrtps_cpp.hpp
[14.707s] -- Installing: /home/vinayak/ws_moveit2/install/moveit_task_constructor_msgs/include/moveit_task_constructor_msgs/moveit_task_constructor_msgs/action/detail/dds_fastrtps
[14.707s] -- Up-to-date: /home/vinayak/ws_moveit2/install/moveit_task_constructor_msgs/include/moveit_task_constructor_msgs/moveit_task_constructor_msgs/msg
[14.707s] -- Installing: /home/vinayak/ws_moveit2/install/moveit_task_constructor_msgs/include/moveit_task_constructor_msgs/moveit_task_constructor_msgs/msg/rosidl_typesupport_fastrtps_cpp__visibility_control.h
[14.708s] -- Up-to-date: /home/vinayak/ws_moveit2/install/moveit_task_constructor_msgs/include/moveit_task_constructor_msgs/moveit_task_constructor_msgs/msg/detail
[14.708s] -- Installing: /home/vinayak/ws_moveit2/install/moveit_task_constructor_msgs/include/moveit_task_constructor_msgs/moveit_task_constructor_msgs/msg/detail/trajectory_execution_info__rosidl_typesupport_fastrtps_cpp.hpp
[14.708s] -- Installing: /home/vinayak/ws_moveit2/install/moveit_task_constructor_msgs/include/moveit_task_constructor_msgs/moveit_task_constructor_msgs/msg/detail/solution_info__rosidl_typesupport_fastrtps_cpp.hpp
[14.708s] -- Installing: /home/vinayak/ws_moveit2/install/moveit_task_constructor_msgs/include/moveit_task_constructor_msgs/moveit_task_constructor_msgs/msg/detail/task_description__rosidl_typesupport_fastrtps_cpp.hpp
[14.708s] -- Installing: /home/vinayak/ws_moveit2/install/moveit_task_constructor_msgs/include/moveit_task_constructor_msgs/moveit_task_constructor_msgs/msg/detail/property__rosidl_typesupport_fastrtps_cpp.hpp
[14.708s] -- Installing: /home/vinayak/ws_moveit2/install/moveit_task_constructor_msgs/include/moveit_task_constructor_msgs/moveit_task_constructor_msgs/msg/detail/sub_trajectory__rosidl_typesupport_fastrtps_cpp.hpp
[14.708s] -- Installing: /home/vinayak/ws_moveit2/install/moveit_task_constructor_msgs/include/moveit_task_constructor_msgs/moveit_task_constructor_msgs/msg/detail/stage_description__rosidl_typesupport_fastrtps_cpp.hpp
[14.708s] -- Installing: /home/vinayak/ws_moveit2/install/moveit_task_constructor_msgs/include/moveit_task_constructor_msgs/moveit_task_constructor_msgs/msg/detail/task_statistics__rosidl_typesupport_fastrtps_cpp.hpp
[14.709s] -- Installing: /home/vinayak/ws_moveit2/install/moveit_task_constructor_msgs/include/moveit_task_constructor_msgs/moveit_task_constructor_msgs/msg/detail/sub_solution__rosidl_typesupport_fastrtps_cpp.hpp
[14.709s] -- Installing: /home/vinayak/ws_moveit2/install/moveit_task_constructor_msgs/include/moveit_task_constructor_msgs/moveit_task_constructor_msgs/msg/detail/dds_fastrtps
[14.709s] -- Installing: /home/vinayak/ws_moveit2/install/moveit_task_constructor_msgs/include/moveit_task_constructor_msgs/moveit_task_constructor_msgs/msg/detail/solution__rosidl_typesupport_fastrtps_cpp.hpp
[14.709s] -- Installing: /home/vinayak/ws_moveit2/install/moveit_task_constructor_msgs/include/moveit_task_constructor_msgs/moveit_task_constructor_msgs/msg/detail/stage_statistics__rosidl_typesupport_fastrtps_cpp.hpp
[14.709s] -- Up-to-date: /home/vinayak/ws_moveit2/install/moveit_task_constructor_msgs/include/moveit_task_constructor_msgs/moveit_task_constructor_msgs/srv
[14.709s] -- Up-to-date: /home/vinayak/ws_moveit2/install/moveit_task_constructor_msgs/include/moveit_task_constructor_msgs/moveit_task_constructor_msgs/srv/detail
[14.709s] -- Installing: /home/vinayak/ws_moveit2/install/moveit_task_constructor_msgs/include/moveit_task_constructor_msgs/moveit_task_constructor_msgs/srv/detail/get_solution__rosidl_typesupport_fastrtps_cpp.hpp
[14.709s] -- Installing: /home/vinayak/ws_moveit2/install/moveit_task_constructor_msgs/include/moveit_task_constructor_msgs/moveit_task_constructor_msgs/srv/detail/dds_fastrtps
[14.709s] -- Installing: /home/vinayak/ws_moveit2/install/moveit_task_constructor_msgs/lib/libmoveit_task_constructor_msgs__rosidl_typesupport_fastrtps_cpp.so
[14.710s] -- Set runtime path of "/home/vinayak/ws_moveit2/install/moveit_task_constructor_msgs/lib/libmoveit_task_constructor_msgs__rosidl_typesupport_fastrtps_cpp.so" to ""
[14.710s] -- Up-to-date: /home/vinayak/ws_moveit2/install/moveit_task_constructor_msgs/include/moveit_task_constructor_msgs/moveit_task_constructor_msgs
[14.710s] -- Up-to-date: /home/vinayak/ws_moveit2/install/moveit_task_constructor_msgs/include/moveit_task_constructor_msgs/moveit_task_constructor_msgs/action
[14.710s] -- Up-to-date: /home/vinayak/ws_moveit2/install/moveit_task_constructor_msgs/include/moveit_task_constructor_msgs/moveit_task_constructor_msgs/action/detail
[14.710s] -- Installing: /home/vinayak/ws_moveit2/install/moveit_task_constructor_msgs/include/moveit_task_constructor_msgs/moveit_task_constructor_msgs/action/detail/execute_task_solution__type_support.c
[14.710s] -- Installing: /home/vinayak/ws_moveit2/install/moveit_task_constructor_msgs/include/moveit_task_constructor_msgs/moveit_task_constructor_msgs/action/detail/execute_task_solution__rosidl_typesupport_introspection_c.h
[14.710s] -- Up-to-date: /home/vinayak/ws_moveit2/install/moveit_task_constructor_msgs/include/moveit_task_constructor_msgs/moveit_task_constructor_msgs/msg
[14.710s] -- Up-to-date: /home/vinayak/ws_moveit2/install/moveit_task_constructor_msgs/include/moveit_task_constructor_msgs/moveit_task_constructor_msgs/msg/detail
[14.711s] -- Installing: /home/vinayak/ws_moveit2/install/moveit_task_constructor_msgs/include/moveit_task_constructor_msgs/moveit_task_constructor_msgs/msg/detail/solution__rosidl_typesupport_introspection_c.h
[14.711s] -- Installing: /home/vinayak/ws_moveit2/install/moveit_task_constructor_msgs/include/moveit_task_constructor_msgs/moveit_task_constructor_msgs/msg/detail/solution_info__type_support.c
[14.711s] -- Installing: /home/vinayak/ws_moveit2/install/moveit_task_constructor_msgs/include/moveit_task_constructor_msgs/moveit_task_constructor_msgs/msg/detail/sub_trajectory__type_support.c
[14.711s] -- Installing: /home/vinayak/ws_moveit2/install/moveit_task_constructor_msgs/include/moveit_task_constructor_msgs/moveit_task_constructor_msgs/msg/detail/task_description__type_support.c
[14.711s] -- Installing: /home/vinayak/ws_moveit2/install/moveit_task_constructor_msgs/include/moveit_task_constructor_msgs/moveit_task_constructor_msgs/msg/detail/trajectory_execution_info__type_support.c
[14.711s] -- Installing: /home/vinayak/ws_moveit2/install/moveit_task_constructor_msgs/include/moveit_task_constructor_msgs/moveit_task_constructor_msgs/msg/detail/solution_info__rosidl_typesupport_introspection_c.h
[14.711s] -- Installing: /home/vinayak/ws_moveit2/install/moveit_task_constructor_msgs/include/moveit_task_constructor_msgs/moveit_task_constructor_msgs/msg/detail/stage_description__type_support.c
[14.711s] -- Installing: /home/vinayak/ws_moveit2/install/moveit_task_constructor_msgs/include/moveit_task_constructor_msgs/moveit_task_constructor_msgs/msg/detail/task_statistics__type_support.c
[14.711s] -- Installing: /home/vinayak/ws_moveit2/install/moveit_task_constructor_msgs/include/moveit_task_constructor_msgs/moveit_task_constructor_msgs/msg/detail/sub_solution__type_support.c
[14.712s] -- Installing: /home/vinayak/ws_moveit2/install/moveit_task_constructor_msgs/include/moveit_task_constructor_msgs/moveit_task_constructor_msgs/msg/detail/sub_trajectory__rosidl_typesupport_introspection_c.h
[14.712s] -- Installing: /home/vinayak/ws_moveit2/install/moveit_task_constructor_msgs/include/moveit_task_constructor_msgs/moveit_task_constructor_msgs/msg/detail/sub_solution__rosidl_typesupport_introspection_c.h
[14.712s] -- Installing: /home/vinayak/ws_moveit2/install/moveit_task_constructor_msgs/include/moveit_task_constructor_msgs/moveit_task_constructor_msgs/msg/detail/task_description__rosidl_typesupport_introspection_c.h
[14.712s] -- Installing: /home/vinayak/ws_moveit2/install/moveit_task_constructor_msgs/include/moveit_task_constructor_msgs/moveit_task_constructor_msgs/msg/detail/solution__type_support.c
[14.712s] -- Installing: /home/vinayak/ws_moveit2/install/moveit_task_constructor_msgs/include/moveit_task_constructor_msgs/moveit_task_constructor_msgs/msg/detail/stage_statistics__type_support.c
[14.712s] -- Installing: /home/vinayak/ws_moveit2/install/moveit_task_constructor_msgs/include/moveit_task_constructor_msgs/moveit_task_constructor_msgs/msg/detail/property__rosidl_typesupport_introspection_c.h
[14.712s] -- Installing: /home/vinayak/ws_moveit2/install/moveit_task_constructor_msgs/include/moveit_task_constructor_msgs/moveit_task_constructor_msgs/msg/detail/stage_description__rosidl_typesupport_introspection_c.h
[14.712s] -- Installing: /home/vinayak/ws_moveit2/install/moveit_task_constructor_msgs/include/moveit_task_constructor_msgs/moveit_task_constructor_msgs/msg/detail/stage_statistics__rosidl_typesupport_introspection_c.h
[14.712s] -- Installing: /home/vinayak/ws_moveit2/install/moveit_task_constructor_msgs/include/moveit_task_constructor_msgs/moveit_task_constructor_msgs/msg/detail/property__type_support.c
[14.712s] -- Installing: /home/vinayak/ws_moveit2/install/moveit_task_constructor_msgs/include/moveit_task_constructor_msgs/moveit_task_constructor_msgs/msg/detail/trajectory_execution_info__rosidl_typesupport_introspection_c.h
[14.712s] -- Installing: /home/vinayak/ws_moveit2/install/moveit_task_constructor_msgs/include/moveit_task_constructor_msgs/moveit_task_constructor_msgs/msg/detail/task_statistics__rosidl_typesupport_introspection_c.h
[14.713s] -- Installing: /home/vinayak/ws_moveit2/install/moveit_task_constructor_msgs/include/moveit_task_constructor_msgs/moveit_task_constructor_msgs/msg/rosidl_typesupport_introspection_c__visibility_control.h
[14.713s] -- Up-to-date: /home/vinayak/ws_moveit2/install/moveit_task_constructor_msgs/include/moveit_task_constructor_msgs/moveit_task_constructor_msgs/srv
[14.713s] -- Up-to-date: /home/vinayak/ws_moveit2/install/moveit_task_constructor_msgs/include/moveit_task_constructor_msgs/moveit_task_constructor_msgs/srv/detail
[14.713s] -- Installing: /home/vinayak/ws_moveit2/install/moveit_task_constructor_msgs/include/moveit_task_constructor_msgs/moveit_task_constructor_msgs/srv/detail/get_solution__type_support.c
[14.713s] -- Installing: /home/vinayak/ws_moveit2/install/moveit_task_constructor_msgs/include/moveit_task_constructor_msgs/moveit_task_constructor_msgs/srv/detail/get_solution__rosidl_typesupport_introspection_c.h
[14.713s] -- Installing: /home/vinayak/ws_moveit2/install/moveit_task_constructor_msgs/lib/libmoveit_task_constructor_msgs__rosidl_typesupport_introspection_c.so
[14.713s] -- Set runtime path of "/home/vinayak/ws_moveit2/install/moveit_task_constructor_msgs/lib/libmoveit_task_constructor_msgs__rosidl_typesupport_introspection_c.so" to ""
[14.713s] -- Installing: /home/vinayak/ws_moveit2/install/moveit_task_constructor_msgs/lib/libmoveit_task_constructor_msgs__rosidl_typesupport_c.so
[14.713s] -- Set runtime path of "/home/vinayak/ws_moveit2/install/moveit_task_constructor_msgs/lib/libmoveit_task_constructor_msgs__rosidl_typesupport_c.so" to ""
[14.713s] -- Up-to-date: /home/vinayak/ws_moveit2/install/moveit_task_constructor_msgs/include/moveit_task_constructor_msgs/moveit_task_constructor_msgs
[14.713s] -- Up-to-date: /home/vinayak/ws_moveit2/install/moveit_task_constructor_msgs/include/moveit_task_constructor_msgs/moveit_task_constructor_msgs/action
[14.713s] -- Up-to-date: /home/vinayak/ws_moveit2/install/moveit_task_constructor_msgs/include/moveit_task_constructor_msgs/moveit_task_constructor_msgs/action/detail
[14.713s] -- Installing: /home/vinayak/ws_moveit2/install/moveit_task_constructor_msgs/include/moveit_task_constructor_msgs/moveit_task_constructor_msgs/action/detail/execute_task_solution__type_support.cpp
[14.714s] -- Installing: /home/vinayak/ws_moveit2/install/moveit_task_constructor_msgs/include/moveit_task_constructor_msgs/moveit_task_constructor_msgs/action/detail/execute_task_solution__rosidl_typesupport_introspection_cpp.hpp
[14.714s] -- Up-to-date: /home/vinayak/ws_moveit2/install/moveit_task_constructor_msgs/include/moveit_task_constructor_msgs/moveit_task_constructor_msgs/msg
[14.714s] -- Up-to-date: /home/vinayak/ws_moveit2/install/moveit_task_constructor_msgs/include/moveit_task_constructor_msgs/moveit_task_constructor_msgs/msg/detail
[14.714s] -- Installing: /home/vinayak/ws_moveit2/install/moveit_task_constructor_msgs/include/moveit_task_constructor_msgs/moveit_task_constructor_msgs/msg/detail/stage_statistics__type_support.cpp
[14.714s] -- Installing: /home/vinayak/ws_moveit2/install/moveit_task_constructor_msgs/include/moveit_task_constructor_msgs/moveit_task_constructor_msgs/msg/detail/sub_trajectory__rosidl_typesupport_introspection_cpp.hpp
[14.714s] -- Installing: /home/vinayak/ws_moveit2/install/moveit_task_constructor_msgs/include/moveit_task_constructor_msgs/moveit_task_constructor_msgs/msg/detail/solution_info__type_support.cpp
[14.714s] -- Installing: /home/vinayak/ws_moveit2/install/moveit_task_constructor_msgs/include/moveit_task_constructor_msgs/moveit_task_constructor_msgs/msg/detail/solution__rosidl_typesupport_introspection_cpp.hpp
[14.714s] -- Installing: /home/vinayak/ws_moveit2/install/moveit_task_constructor_msgs/include/moveit_task_constructor_msgs/moveit_task_constructor_msgs/msg/detail/task_statistics__rosidl_typesupport_introspection_cpp.hpp
[14.714s] -- Installing: /home/vinayak/ws_moveit2/install/moveit_task_constructor_msgs/include/moveit_task_constructor_msgs/moveit_task_constructor_msgs/msg/detail/solution__type_support.cpp
[14.714s] -- Installing: /home/vinayak/ws_moveit2/install/moveit_task_constructor_msgs/include/moveit_task_constructor_msgs/moveit_task_constructor_msgs/msg/detail/sub_solution__rosidl_typesupport_introspection_cpp.hpp
[14.714s] -- Installing: /home/vinayak/ws_moveit2/install/moveit_task_constructor_msgs/include/moveit_task_constructor_msgs/moveit_task_constructor_msgs/msg/detail/task_description__rosidl_typesupport_introspection_cpp.hpp
[14.714s] -- Installing: /home/vinayak/ws_moveit2/install/moveit_task_constructor_msgs/include/moveit_task_constructor_msgs/moveit_task_constructor_msgs/msg/detail/property__type_support.cpp
[14.715s] -- Installing: /home/vinayak/ws_moveit2/install/moveit_task_constructor_msgs/include/moveit_task_constructor_msgs/moveit_task_constructor_msgs/msg/detail/trajectory_execution_info__type_support.cpp
[14.715s] -- Installing: /home/vinayak/ws_moveit2/install/moveit_task_constructor_msgs/include/moveit_task_constructor_msgs/moveit_task_constructor_msgs/msg/detail/task_description__type_support.cpp
[14.715s] -- Installing: /home/vinayak/ws_moveit2/install/moveit_task_constructor_msgs/include/moveit_task_constructor_msgs/moveit_task_constructor_msgs/msg/detail/stage_description__rosidl_typesupport_introspection_cpp.hpp
[14.715s] -- Installing: /home/vinayak/ws_moveit2/install/moveit_task_constructor_msgs/include/moveit_task_constructor_msgs/moveit_task_constructor_msgs/msg/detail/trajectory_execution_info__rosidl_typesupport_introspection_cpp.hpp
[14.715s] -- Installing: /home/vinayak/ws_moveit2/install/moveit_task_constructor_msgs/include/moveit_task_constructor_msgs/moveit_task_constructor_msgs/msg/detail/sub_solution__type_support.cpp
[14.715s] -- Installing: /home/vinayak/ws_moveit2/install/moveit_task_constructor_msgs/include/moveit_task_constructor_msgs/moveit_task_constructor_msgs/msg/detail/solution_info__rosidl_typesupport_introspection_cpp.hpp
[14.715s] -- Installing: /home/vinayak/ws_moveit2/install/moveit_task_constructor_msgs/include/moveit_task_constructor_msgs/moveit_task_constructor_msgs/msg/detail/task_statistics__type_support.cpp
[14.715s] -- Installing: /home/vinayak/ws_moveit2/install/moveit_task_constructor_msgs/include/moveit_task_constructor_msgs/moveit_task_constructor_msgs/msg/detail/property__rosidl_typesupport_introspection_cpp.hpp
[14.715s] -- Installing: /home/vinayak/ws_moveit2/install/moveit_task_constructor_msgs/include/moveit_task_constructor_msgs/moveit_task_constructor_msgs/msg/detail/sub_trajectory__type_support.cpp
[14.715s] -- Installing: /home/vinayak/ws_moveit2/install/moveit_task_constructor_msgs/include/moveit_task_constructor_msgs/moveit_task_constructor_msgs/msg/detail/stage_description__type_support.cpp
[14.716s] -- Installing: /home/vinayak/ws_moveit2/install/moveit_task_constructor_msgs/include/moveit_task_constructor_msgs/moveit_task_constructor_msgs/msg/detail/stage_statistics__rosidl_typesupport_introspection_cpp.hpp
[14.716s] -- Up-to-date: /home/vinayak/ws_moveit2/install/moveit_task_constructor_msgs/include/moveit_task_constructor_msgs/moveit_task_constructor_msgs/srv
[14.716s] -- Up-to-date: /home/vinayak/ws_moveit2/install/moveit_task_constructor_msgs/include/moveit_task_constructor_msgs/moveit_task_constructor_msgs/srv/detail
[14.716s] -- Installing: /home/vinayak/ws_moveit2/install/moveit_task_constructor_msgs/include/moveit_task_constructor_msgs/moveit_task_constructor_msgs/srv/detail/get_solution__rosidl_typesupport_introspection_cpp.hpp
[14.716s] -- Installing: /home/vinayak/ws_moveit2/install/moveit_task_constructor_msgs/include/moveit_task_constructor_msgs/moveit_task_constructor_msgs/srv/detail/get_solution__type_support.cpp
[14.716s] -- Installing: /home/vinayak/ws_moveit2/install/moveit_task_constructor_msgs/lib/libmoveit_task_constructor_msgs__rosidl_typesupport_introspection_cpp.so
[14.716s] -- Set runtime path of "/home/vinayak/ws_moveit2/install/moveit_task_constructor_msgs/lib/libmoveit_task_constructor_msgs__rosidl_typesupport_introspection_cpp.so" to ""
[14.717s] -- Installing: /home/vinayak/ws_moveit2/install/moveit_task_constructor_msgs/lib/libmoveit_task_constructor_msgs__rosidl_typesupport_cpp.so
[14.717s] -- Set runtime path of "/home/vinayak/ws_moveit2/install/moveit_task_constructor_msgs/lib/libmoveit_task_constructor_msgs__rosidl_typesupport_cpp.so" to ""
[14.717s] -- Installing: /home/vinayak/ws_moveit2/install/moveit_task_constructor_msgs/share/moveit_task_constructor_msgs/environment/pythonpath.sh
[14.717s] -- Installing: /home/vinayak/ws_moveit2/install/moveit_task_constructor_msgs/share/moveit_task_constructor_msgs/environment/pythonpath.dsv
[14.717s] -- Installing: /home/vinayak/ws_moveit2/install/moveit_task_constructor_msgs/local/lib/python3.10/dist-packages/moveit_task_constructor_msgs-0.1.3-py3.10.egg-info
[14.717s] -- Installing: /home/vinayak/ws_moveit2/install/moveit_task_constructor_msgs/local/lib/python3.10/dist-packages/moveit_task_constructor_msgs-0.1.3-py3.10.egg-info/dependency_links.txt
[14.718s] -- Installing: /home/vinayak/ws_moveit2/install/moveit_task_constructor_msgs/local/lib/python3.10/dist-packages/moveit_task_constructor_msgs-0.1.3-py3.10.egg-info/top_level.txt
[14.718s] -- Installing: /home/vinayak/ws_moveit2/install/moveit_task_constructor_msgs/local/lib/python3.10/dist-packages/moveit_task_constructor_msgs-0.1.3-py3.10.egg-info/SOURCES.txt
[14.718s] -- Installing: /home/vinayak/ws_moveit2/install/moveit_task_constructor_msgs/local/lib/python3.10/dist-packages/moveit_task_constructor_msgs-0.1.3-py3.10.egg-info/PKG-INFO
[14.718s] -- Installing: /home/vinayak/ws_moveit2/install/moveit_task_constructor_msgs/local/lib/python3.10/dist-packages/moveit_task_constructor_msgs
[14.718s] -- Installing: /home/vinayak/ws_moveit2/install/moveit_task_constructor_msgs/local/lib/python3.10/dist-packages/moveit_task_constructor_msgs/moveit_task_constructor_msgs_s__rosidl_typesupport_c.cpython-310-x86_64-linux-gnu.so
[14.718s] -- Installing: /home/vinayak/ws_moveit2/install/moveit_task_constructor_msgs/local/lib/python3.10/dist-packages/moveit_task_constructor_msgs/action
[14.718s] -- Installing: /home/vinayak/ws_moveit2/install/moveit_task_constructor_msgs/local/lib/python3.10/dist-packages/moveit_task_constructor_msgs/action/_execute_task_solution_s.c
[14.718s] -- Installing: /home/vinayak/ws_moveit2/install/moveit_task_constructor_msgs/local/lib/python3.10/dist-packages/moveit_task_constructor_msgs/action/_execute_task_solution.py
[14.718s] -- Installing: /home/vinayak/ws_moveit2/install/moveit_task_constructor_msgs/local/lib/python3.10/dist-packages/moveit_task_constructor_msgs/action/__init__.py
[14.718s] -- Installing: /home/vinayak/ws_moveit2/install/moveit_task_constructor_msgs/local/lib/python3.10/dist-packages/moveit_task_constructor_msgs/_moveit_task_constructor_msgs_s.ep.rosidl_typesupport_fastrtps_c.c
[14.719s] -- Installing: /home/vinayak/ws_moveit2/install/moveit_task_constructor_msgs/local/lib/python3.10/dist-packages/moveit_task_constructor_msgs/_moveit_task_constructor_msgs_s.ep.rosidl_typesupport_introspection_c.c
[14.719s] -- Installing: /home/vinayak/ws_moveit2/install/moveit_task_constructor_msgs/local/lib/python3.10/dist-packages/moveit_task_constructor_msgs/moveit_task_constructor_msgs_s__rosidl_typesupport_introspection_c.cpython-310-x86_64-linux-gnu.so
[14.719s] -- Installing: /home/vinayak/ws_moveit2/install/moveit_task_constructor_msgs/local/lib/python3.10/dist-packages/moveit_task_constructor_msgs/moveit_task_constructor_msgs_s__rosidl_typesupport_fastrtps_c.cpython-310-x86_64-linux-gnu.so
[14.719s] -- Installing: /home/vinayak/ws_moveit2/install/moveit_task_constructor_msgs/local/lib/python3.10/dist-packages/moveit_task_constructor_msgs/__init__.py
[14.719s] -- Installing: /home/vinayak/ws_moveit2/install/moveit_task_constructor_msgs/local/lib/python3.10/dist-packages/moveit_task_constructor_msgs/_moveit_task_constructor_msgs_s.ep.rosidl_typesupport_c.c
[14.719s] -- Installing: /home/vinayak/ws_moveit2/install/moveit_task_constructor_msgs/local/lib/python3.10/dist-packages/moveit_task_constructor_msgs/msg
[14.720s] -- Installing: /home/vinayak/ws_moveit2/install/moveit_task_constructor_msgs/local/lib/python3.10/dist-packages/moveit_task_constructor_msgs/msg/_property_s.c
[14.720s] -- Installing: /home/vinayak/ws_moveit2/install/moveit_task_constructor_msgs/local/lib/python3.10/dist-packages/moveit_task_constructor_msgs/msg/_stage_statistics_s.c
[14.720s] -- Installing: /home/vinayak/ws_moveit2/install/moveit_task_constructor_msgs/local/lib/python3.10/dist-packages/moveit_task_constructor_msgs/msg/_trajectory_execution_info_s.c
[14.720s] -- Installing: /home/vinayak/ws_moveit2/install/moveit_task_constructor_msgs/local/lib/python3.10/dist-packages/moveit_task_constructor_msgs/msg/_trajectory_execution_info.py
[14.720s] -- Installing: /home/vinayak/ws_moveit2/install/moveit_task_constructor_msgs/local/lib/python3.10/dist-packages/moveit_task_constructor_msgs/msg/_stage_description.py
[14.720s] -- Installing: /home/vinayak/ws_moveit2/install/moveit_task_constructor_msgs/local/lib/python3.10/dist-packages/moveit_task_constructor_msgs/msg/_task_statistics.py
[14.720s] -- Installing: /home/vinayak/ws_moveit2/install/moveit_task_constructor_msgs/local/lib/python3.10/dist-packages/moveit_task_constructor_msgs/msg/_stage_statistics.py
[14.720s] -- Installing: /home/vinayak/ws_moveit2/install/moveit_task_constructor_msgs/local/lib/python3.10/dist-packages/moveit_task_constructor_msgs/msg/_task_description.py
[14.720s] -- Installing: /home/vinayak/ws_moveit2/install/moveit_task_constructor_msgs/local/lib/python3.10/dist-packages/moveit_task_constructor_msgs/msg/_sub_solution.py
[14.720s] -- Installing: /home/vinayak/ws_moveit2/install/moveit_task_constructor_msgs/local/lib/python3.10/dist-packages/moveit_task_constructor_msgs/msg/_solution_s.c
[14.720s] -- Installing: /home/vinayak/ws_moveit2/install/moveit_task_constructor_msgs/local/lib/python3.10/dist-packages/moveit_task_constructor_msgs/msg/_sub_trajectory.py
[14.721s] -- Installing: /home/vinayak/ws_moveit2/install/moveit_task_constructor_msgs/local/lib/python3.10/dist-packages/moveit_task_constructor_msgs/msg/_sub_solution_s.c
[14.721s] -- Installing: /home/vinayak/ws_moveit2/install/moveit_task_constructor_msgs/local/lib/python3.10/dist-packages/moveit_task_constructor_msgs/msg/_task_statistics_s.c
[14.721s] -- Installing: /home/vinayak/ws_moveit2/install/moveit_task_constructor_msgs/local/lib/python3.10/dist-packages/moveit_task_constructor_msgs/msg/_solution_info.py
[14.721s] -- Installing: /home/vinayak/ws_moveit2/install/moveit_task_constructor_msgs/local/lib/python3.10/dist-packages/moveit_task_constructor_msgs/msg/_sub_trajectory_s.c
[14.721s] -- Installing: /home/vinayak/ws_moveit2/install/moveit_task_constructor_msgs/local/lib/python3.10/dist-packages/moveit_task_constructor_msgs/msg/__init__.py
[14.721s] -- Installing: /home/vinayak/ws_moveit2/install/moveit_task_constructor_msgs/local/lib/python3.10/dist-packages/moveit_task_constructor_msgs/msg/_solution_info_s.c
[14.721s] -- Installing: /home/vinayak/ws_moveit2/install/moveit_task_constructor_msgs/local/lib/python3.10/dist-packages/moveit_task_constructor_msgs/msg/_task_description_s.c
[14.721s] -- Installing: /home/vinayak/ws_moveit2/install/moveit_task_constructor_msgs/local/lib/python3.10/dist-packages/moveit_task_constructor_msgs/msg/_property.py
[14.721s] -- Installing: /home/vinayak/ws_moveit2/install/moveit_task_constructor_msgs/local/lib/python3.10/dist-packages/moveit_task_constructor_msgs/msg/_stage_description_s.c
[14.722s] -- Installing: /home/vinayak/ws_moveit2/install/moveit_task_constructor_msgs/local/lib/python3.10/dist-packages/moveit_task_constructor_msgs/msg/_solution.py
[14.722s] -- Installing: /home/vinayak/ws_moveit2/install/moveit_task_constructor_msgs/local/lib/python3.10/dist-packages/moveit_task_constructor_msgs/libmoveit_task_constructor_msgs__rosidl_generator_py.so
[14.722s] -- Installing: /home/vinayak/ws_moveit2/install/moveit_task_constructor_msgs/local/lib/python3.10/dist-packages/moveit_task_constructor_msgs/srv
[14.722s] -- Installing: /home/vinayak/ws_moveit2/install/moveit_task_constructor_msgs/local/lib/python3.10/dist-packages/moveit_task_constructor_msgs/srv/_get_solution.py
[14.722s] -- Installing: /home/vinayak/ws_moveit2/install/moveit_task_constructor_msgs/local/lib/python3.10/dist-packages/moveit_task_constructor_msgs/srv/_get_solution_s.c
[14.722s] -- Installing: /home/vinayak/ws_moveit2/install/moveit_task_constructor_msgs/local/lib/python3.10/dist-packages/moveit_task_constructor_msgs/srv/__init__.py
[14.769s] Listing '/home/vinayak/ws_moveit2/install/moveit_task_constructor_msgs/local/lib/python3.10/dist-packages/moveit_task_constructor_msgs'...
[14.769s] Compiling '/home/vinayak/ws_moveit2/install/moveit_task_constructor_msgs/local/lib/python3.10/dist-packages/moveit_task_constructor_msgs/__init__.py'...
[14.769s] Listing '/home/vinayak/ws_moveit2/install/moveit_task_constructor_msgs/local/lib/python3.10/dist-packages/moveit_task_constructor_msgs/action'...
[14.769s] Compiling '/home/vinayak/ws_moveit2/install/moveit_task_constructor_msgs/local/lib/python3.10/dist-packages/moveit_task_constructor_msgs/action/__init__.py'...
[14.769s] Compiling '/home/vinayak/ws_moveit2/install/moveit_task_constructor_msgs/local/lib/python3.10/dist-packages/moveit_task_constructor_msgs/action/_execute_task_solution.py'...
[14.769s] Listing '/home/vinayak/ws_moveit2/install/moveit_task_constructor_msgs/local/lib/python3.10/dist-packages/moveit_task_constructor_msgs/msg'...
[14.769s] Compiling '/home/vinayak/ws_moveit2/install/moveit_task_constructor_msgs/local/lib/python3.10/dist-packages/moveit_task_constructor_msgs/msg/__init__.py'...
[14.769s] Compiling '/home/vinayak/ws_moveit2/install/moveit_task_constructor_msgs/local/lib/python3.10/dist-packages/moveit_task_constructor_msgs/msg/_property.py'...
[14.769s] Compiling '/home/vinayak/ws_moveit2/install/moveit_task_constructor_msgs/local/lib/python3.10/dist-packages/moveit_task_constructor_msgs/msg/_solution.py'...
[14.769s] Compiling '/home/vinayak/ws_moveit2/install/moveit_task_constructor_msgs/local/lib/python3.10/dist-packages/moveit_task_constructor_msgs/msg/_solution_info.py'...
[14.770s] Compiling '/home/vinayak/ws_moveit2/install/moveit_task_constructor_msgs/local/lib/python3.10/dist-packages/moveit_task_constructor_msgs/msg/_stage_description.py'...
[14.770s] Compiling '/home/vinayak/ws_moveit2/install/moveit_task_constructor_msgs/local/lib/python3.10/dist-packages/moveit_task_constructor_msgs/msg/_stage_statistics.py'...
[14.770s] Compiling '/home/vinayak/ws_moveit2/install/moveit_task_constructor_msgs/local/lib/python3.10/dist-packages/moveit_task_constructor_msgs/msg/_sub_solution.py'...
[14.770s] Compiling '/home/vinayak/ws_moveit2/install/moveit_task_constructor_msgs/local/lib/python3.10/dist-packages/moveit_task_constructor_msgs/msg/_sub_trajectory.py'...
[14.770s] Compiling '/home/vinayak/ws_moveit2/install/moveit_task_constructor_msgs/local/lib/python3.10/dist-packages/moveit_task_constructor_msgs/msg/_task_description.py'...
[14.770s] Compiling '/home/vinayak/ws_moveit2/install/moveit_task_constructor_msgs/local/lib/python3.10/dist-packages/moveit_task_constructor_msgs/msg/_task_statistics.py'...
[14.770s] Compiling '/home/vinayak/ws_moveit2/install/moveit_task_constructor_msgs/local/lib/python3.10/dist-packages/moveit_task_constructor_msgs/msg/_trajectory_execution_info.py'...
[14.770s] Listing '/home/vinayak/ws_moveit2/install/moveit_task_constructor_msgs/local/lib/python3.10/dist-packages/moveit_task_constructor_msgs/srv'...
[14.770s] Compiling '/home/vinayak/ws_moveit2/install/moveit_task_constructor_msgs/local/lib/python3.10/dist-packages/moveit_task_constructor_msgs/srv/__init__.py'...
[14.770s] Compiling '/home/vinayak/ws_moveit2/install/moveit_task_constructor_msgs/local/lib/python3.10/dist-packages/moveit_task_constructor_msgs/srv/_get_solution.py'...
[14.773s] -- Installing: /home/vinayak/ws_moveit2/install/moveit_task_constructor_msgs/local/lib/python3.10/dist-packages/moveit_task_constructor_msgs/moveit_task_constructor_msgs_s__rosidl_typesupport_fastrtps_c.cpython-310-x86_64-linux-gnu.so
[14.774s] -- Set runtime path of "/home/vinayak/ws_moveit2/install/moveit_task_constructor_msgs/local/lib/python3.10/dist-packages/moveit_task_constructor_msgs/moveit_task_constructor_msgs_s__rosidl_typesupport_fastrtps_c.cpython-310-x86_64-linux-gnu.so" to ""
[14.774s] -- Installing: /home/vinayak/ws_moveit2/install/moveit_task_constructor_msgs/local/lib/python3.10/dist-packages/moveit_task_constructor_msgs/moveit_task_constructor_msgs_s__rosidl_typesupport_introspection_c.cpython-310-x86_64-linux-gnu.so
[14.774s] -- Set runtime path of "/home/vinayak/ws_moveit2/install/moveit_task_constructor_msgs/local/lib/python3.10/dist-packages/moveit_task_constructor_msgs/moveit_task_constructor_msgs_s__rosidl_typesupport_introspection_c.cpython-310-x86_64-linux-gnu.so" to ""
[14.775s] -- Installing: /home/vinayak/ws_moveit2/install/moveit_task_constructor_msgs/local/lib/python3.10/dist-packages/moveit_task_constructor_msgs/moveit_task_constructor_msgs_s__rosidl_typesupport_c.cpython-310-x86_64-linux-gnu.so
[14.775s] -- Set runtime path of "/home/vinayak/ws_moveit2/install/moveit_task_constructor_msgs/local/lib/python3.10/dist-packages/moveit_task_constructor_msgs/moveit_task_constructor_msgs_s__rosidl_typesupport_c.cpython-310-x86_64-linux-gnu.so" to ""
[14.775s] -- Installing: /home/vinayak/ws_moveit2/install/moveit_task_constructor_msgs/lib/libmoveit_task_constructor_msgs__rosidl_generator_py.so
[14.776s] -- Set runtime path of "/home/vinayak/ws_moveit2/install/moveit_task_constructor_msgs/lib/libmoveit_task_constructor_msgs__rosidl_generator_py.so" to ""
[14.776s] -- Installing: /home/vinayak/ws_moveit2/install/moveit_task_constructor_msgs/share/moveit_task_constructor_msgs/msg/Property.idl
[14.776s] -- Installing: /home/vinayak/ws_moveit2/install/moveit_task_constructor_msgs/share/moveit_task_constructor_msgs/msg/Solution.idl
[14.776s] -- Installing: /home/vinayak/ws_moveit2/install/moveit_task_constructor_msgs/share/moveit_task_constructor_msgs/msg/SolutionInfo.idl
[14.776s] -- Installing: /home/vinayak/ws_moveit2/install/moveit_task_constructor_msgs/share/moveit_task_constructor_msgs/msg/StageDescription.idl
[14.776s] -- Installing: /home/vinayak/ws_moveit2/install/moveit_task_constructor_msgs/share/moveit_task_constructor_msgs/msg/StageStatistics.idl
[14.776s] -- Installing: /home/vinayak/ws_moveit2/install/moveit_task_constructor_msgs/share/moveit_task_constructor_msgs/msg/SubSolution.idl
[14.776s] -- Installing: /home/vinayak/ws_moveit2/install/moveit_task_constructor_msgs/share/moveit_task_constructor_msgs/msg/SubTrajectory.idl
[14.777s] -- Installing: /home/vinayak/ws_moveit2/install/moveit_task_constructor_msgs/share/moveit_task_constructor_msgs/msg/TaskDescription.idl
[14.777s] -- Installing: /home/vinayak/ws_moveit2/install/moveit_task_constructor_msgs/share/moveit_task_constructor_msgs/msg/TaskStatistics.idl
[14.777s] -- Installing: /home/vinayak/ws_moveit2/install/moveit_task_constructor_msgs/share/moveit_task_constructor_msgs/msg/TrajectoryExecutionInfo.idl
[14.777s] -- Installing: /home/vinayak/ws_moveit2/install/moveit_task_constructor_msgs/share/moveit_task_constructor_msgs/srv/GetSolution.idl
[14.777s] -- Installing: /home/vinayak/ws_moveit2/install/moveit_task_constructor_msgs/share/moveit_task_constructor_msgs/action/ExecuteTaskSolution.idl
[14.777s] -- Installing: /home/vinayak/ws_moveit2/install/moveit_task_constructor_msgs/share/moveit_task_constructor_msgs/msg/Property.msg
[14.777s] -- Installing: /home/vinayak/ws_moveit2/install/moveit_task_constructor_msgs/share/moveit_task_constructor_msgs/msg/Solution.msg
[14.778s] -- Installing: /home/vinayak/ws_moveit2/install/moveit_task_constructor_msgs/share/moveit_task_constructor_msgs/msg/SolutionInfo.msg
[14.778s] -- Installing: /home/vinayak/ws_moveit2/install/moveit_task_constructor_msgs/share/moveit_task_constructor_msgs/msg/StageDescription.msg
[14.778s] -- Installing: /home/vinayak/ws_moveit2/install/moveit_task_constructor_msgs/share/moveit_task_constructor_msgs/msg/StageStatistics.msg
[14.778s] -- Installing: /home/vinayak/ws_moveit2/install/moveit_task_constructor_msgs/share/moveit_task_constructor_msgs/msg/SubSolution.msg
[14.778s] -- Installing: /home/vinayak/ws_moveit2/install/moveit_task_constructor_msgs/share/moveit_task_constructor_msgs/msg/SubTrajectory.msg
[14.778s] -- Installing: /home/vinayak/ws_moveit2/install/moveit_task_constructor_msgs/share/moveit_task_constructor_msgs/msg/TaskDescription.msg
[14.778s] -- Installing: /home/vinayak/ws_moveit2/install/moveit_task_constructor_msgs/share/moveit_task_constructor_msgs/msg/TaskStatistics.msg
[14.778s] -- Installing: /home/vinayak/ws_moveit2/install/moveit_task_constructor_msgs/share/moveit_task_constructor_msgs/msg/TrajectoryExecutionInfo.msg
[14.779s] -- Installing: /home/vinayak/ws_moveit2/install/moveit_task_constructor_msgs/share/moveit_task_constructor_msgs/srv/GetSolution.srv
[14.779s] -- Installing: /home/vinayak/ws_moveit2/install/moveit_task_constructor_msgs/share/moveit_task_constructor_msgs/srv/GetSolution_Request.msg
[14.779s] -- Installing: /home/vinayak/ws_moveit2/install/moveit_task_constructor_msgs/share/moveit_task_constructor_msgs/srv/GetSolution_Response.msg
[14.779s] -- Installing: /home/vinayak/ws_moveit2/install/moveit_task_constructor_msgs/share/moveit_task_constructor_msgs/action/ExecuteTaskSolution.action
[14.779s] -- Installing: /home/vinayak/ws_moveit2/install/moveit_task_constructor_msgs/share/ament_index/resource_index/package_run_dependencies/moveit_task_constructor_msgs
[14.779s] -- Installing: /home/vinayak/ws_moveit2/install/moveit_task_constructor_msgs/share/ament_index/resource_index/parent_prefix_path/moveit_task_constructor_msgs
[14.780s] -- Installing: /home/vinayak/ws_moveit2/install/moveit_task_constructor_msgs/share/moveit_task_constructor_msgs/environment/ament_prefix_path.sh
[14.780s] -- Installing: /home/vinayak/ws_moveit2/install/moveit_task_constructor_msgs/share/moveit_task_constructor_msgs/environment/ament_prefix_path.dsv
[14.780s] -- Installing: /home/vinayak/ws_moveit2/install/moveit_task_constructor_msgs/share/moveit_task_constructor_msgs/environment/path.sh
[14.780s] -- Installing: /home/vinayak/ws_moveit2/install/moveit_task_constructor_msgs/share/moveit_task_constructor_msgs/environment/path.dsv
[14.780s] -- Installing: /home/vinayak/ws_moveit2/install/moveit_task_constructor_msgs/share/moveit_task_constructor_msgs/local_setup.bash
[14.780s] -- Installing: /home/vinayak/ws_moveit2/install/moveit_task_constructor_msgs/share/moveit_task_constructor_msgs/local_setup.sh
[14.780s] -- Installing: /home/vinayak/ws_moveit2/install/moveit_task_constructor_msgs/share/moveit_task_constructor_msgs/local_setup.zsh
[14.780s] -- Installing: /home/vinayak/ws_moveit2/install/moveit_task_constructor_msgs/share/moveit_task_constructor_msgs/local_setup.dsv
[14.781s] -- Installing: /home/vinayak/ws_moveit2/install/moveit_task_constructor_msgs/share/moveit_task_constructor_msgs/package.dsv
[14.781s] -- Installing: /home/vinayak/ws_moveit2/install/moveit_task_constructor_msgs/share/ament_index/resource_index/packages/moveit_task_constructor_msgs
[14.781s] -- Installing: /home/vinayak/ws_moveit2/install/moveit_task_constructor_msgs/share/moveit_task_constructor_msgs/cmake/export_moveit_task_constructor_msgs__rosidl_generator_cExport.cmake
[14.781s] -- Installing: /home/vinayak/ws_moveit2/install/moveit_task_constructor_msgs/share/moveit_task_constructor_msgs/cmake/export_moveit_task_constructor_msgs__rosidl_generator_cExport-noconfig.cmake
[14.781s] -- Installing: /home/vinayak/ws_moveit2/install/moveit_task_constructor_msgs/share/moveit_task_constructor_msgs/cmake/export_moveit_task_constructor_msgs__rosidl_typesupport_fastrtps_cExport.cmake
[14.782s] -- Installing: /home/vinayak/ws_moveit2/install/moveit_task_constructor_msgs/share/moveit_task_constructor_msgs/cmake/export_moveit_task_constructor_msgs__rosidl_typesupport_fastrtps_cExport-noconfig.cmake
[14.782s] -- Installing: /home/vinayak/ws_moveit2/install/moveit_task_constructor_msgs/share/moveit_task_constructor_msgs/cmake/export_moveit_task_constructor_msgs__rosidl_generator_cppExport.cmake
[14.782s] -- Installing: /home/vinayak/ws_moveit2/install/moveit_task_constructor_msgs/share/moveit_task_constructor_msgs/cmake/export_moveit_task_constructor_msgs__rosidl_typesupport_fastrtps_cppExport.cmake
[14.782s] -- Installing: /home/vinayak/ws_moveit2/install/moveit_task_constructor_msgs/share/moveit_task_constructor_msgs/cmake/export_moveit_task_constructor_msgs__rosidl_typesupport_fastrtps_cppExport-noconfig.cmake
[14.782s] -- Installing: /home/vinayak/ws_moveit2/install/moveit_task_constructor_msgs/share/moveit_task_constructor_msgs/cmake/moveit_task_constructor_msgs__rosidl_typesupport_introspection_cExport.cmake
[14.782s] -- Installing: /home/vinayak/ws_moveit2/install/moveit_task_constructor_msgs/share/moveit_task_constructor_msgs/cmake/moveit_task_constructor_msgs__rosidl_typesupport_introspection_cExport-noconfig.cmake
[14.782s] -- Installing: /home/vinayak/ws_moveit2/install/moveit_task_constructor_msgs/share/moveit_task_constructor_msgs/cmake/moveit_task_constructor_msgs__rosidl_typesupport_cExport.cmake
[14.783s] -- Installing: /home/vinayak/ws_moveit2/install/moveit_task_constructor_msgs/share/moveit_task_constructor_msgs/cmake/moveit_task_constructor_msgs__rosidl_typesupport_cExport-noconfig.cmake
[14.783s] -- Installing: /home/vinayak/ws_moveit2/install/moveit_task_constructor_msgs/share/moveit_task_constructor_msgs/cmake/moveit_task_constructor_msgs__rosidl_typesupport_introspection_cppExport.cmake
[14.783s] -- Installing: /home/vinayak/ws_moveit2/install/moveit_task_constructor_msgs/share/moveit_task_constructor_msgs/cmake/moveit_task_constructor_msgs__rosidl_typesupport_introspection_cppExport-noconfig.cmake
[14.783s] -- Installing: /home/vinayak/ws_moveit2/install/moveit_task_constructor_msgs/share/moveit_task_constructor_msgs/cmake/moveit_task_constructor_msgs__rosidl_typesupport_cppExport.cmake
[14.783s] -- Installing: /home/vinayak/ws_moveit2/install/moveit_task_constructor_msgs/share/moveit_task_constructor_msgs/cmake/moveit_task_constructor_msgs__rosidl_typesupport_cppExport-noconfig.cmake
[14.783s] -- Installing: /home/vinayak/ws_moveit2/install/moveit_task_constructor_msgs/share/moveit_task_constructor_msgs/cmake/export_moveit_task_constructor_msgs__rosidl_generator_pyExport.cmake
[14.783s] -- Installing: /home/vinayak/ws_moveit2/install/moveit_task_constructor_msgs/share/moveit_task_constructor_msgs/cmake/export_moveit_task_constructor_msgs__rosidl_generator_pyExport-noconfig.cmake
[14.784s] -- Installing: /home/vinayak/ws_moveit2/install/moveit_task_constructor_msgs/share/moveit_task_constructor_msgs/cmake/rosidl_cmake-extras.cmake
[14.784s] -- Installing: /home/vinayak/ws_moveit2/install/moveit_task_constructor_msgs/share/moveit_task_constructor_msgs/cmake/ament_cmake_export_dependencies-extras.cmake
[14.784s] -- Installing: /home/vinayak/ws_moveit2/install/moveit_task_constructor_msgs/share/moveit_task_constructor_msgs/cmake/ament_cmake_export_include_directories-extras.cmake
[14.784s] -- Installing: /home/vinayak/ws_moveit2/install/moveit_task_constructor_msgs/share/moveit_task_constructor_msgs/cmake/ament_cmake_export_libraries-extras.cmake
[14.784s] -- Installing: /home/vinayak/ws_moveit2/install/moveit_task_constructor_msgs/share/moveit_task_constructor_msgs/cmake/ament_cmake_export_targets-extras.cmake
[14.784s] -- Installing: /home/vinayak/ws_moveit2/install/moveit_task_constructor_msgs/share/moveit_task_constructor_msgs/cmake/rosidl_cmake_export_typesupport_targets-extras.cmake
[14.784s] -- Installing: /home/vinayak/ws_moveit2/install/moveit_task_constructor_msgs/share/moveit_task_constructor_msgs/cmake/rosidl_cmake_export_typesupport_libraries-extras.cmake
[14.785s] -- Installing: /home/vinayak/ws_moveit2/install/moveit_task_constructor_msgs/share/moveit_task_constructor_msgs/cmake/moveit_task_constructor_msgsConfig.cmake
[14.785s] -- Installing: /home/vinayak/ws_moveit2/install/moveit_task_constructor_msgs/share/moveit_task_constructor_msgs/cmake/moveit_task_constructor_msgsConfig-version.cmake
[14.785s] -- Installing: /home/vinayak/ws_moveit2/install/moveit_task_constructor_msgs/share/moveit_task_constructor_msgs/package.xml
[14.787s] Invoked command in '/home/vinayak/ws_moveit2/build/moveit_task_constructor_msgs' returned '0': CMAKE_PREFIX_PATH=${CMAKE_PREFIX_PATH}:/home/vinayak/ws_moveit2/install/ur3e_motion_package:/home/vinayak/ws_moveit2/install/moveit_configs_utils:/home/vinayak/ws_moveit2/install/launch_param_builder:/opt/ros/humble /usr/bin/cmake --install /home/vinayak/ws_moveit2/build/moveit_task_constructor_msgs
