[0.405s] Invoking command in '/home/vinayak/ws_moveit2/build/moveit_task_constructor_msgs': CMAKE_PREFIX_PATH=${CMAKE_PREFIX_PATH}:/home/vinayak/ws_moveit2/install/ur3e_rl:/home/vinayak/ws_moveit2/install/ur3e_motion_package:/home/vinayak/ws_moveit2/install/moveit_configs_utils:/home/vinayak/ws_moveit2/install/launch_param_builder:/opt/ros/humble /usr/bin/cmake /home/vinayak/ws_moveit2/src/moveit_task_constructor/msgs -DCMAKE_INSTALL_PREFIX=/home/vinayak/ws_moveit2/install/moveit_task_constructor_msgs
[0.638s] -- The C compiler identification is GNU 11.4.0
[0.638s] -- The CXX compiler identification is GNU 11.4.0
[0.647s] -- Detecting C compiler ABI info
[0.769s] -- Detecting C compiler ABI info - done
[0.781s] -- Check for working C compiler: /usr/bin/cc - skipped
[0.782s] -- Detecting C compile features
[0.783s] -- Detecting C compile features - done
[0.790s] -- Detecting CXX compiler ABI info
[0.924s] -- Detecting CXX compiler ABI info - done
[0.937s] -- Check for working CXX compiler: /usr/bin/c++ - skipped
[0.938s] -- Detecting CXX compile features
[0.938s] -- Detecting CXX compile features - done
[0.943s] -- Found ament_cmake: 1.3.11 (/opt/ros/humble/share/ament_cmake/cmake)
[1.223s] -- Found Python3: /usr/bin/python3 (found version "3.10.12") found components: Interpreter 
[1.412s] -- Found builtin_interfaces: 1.2.1 (/opt/ros/humble/share/builtin_interfaces/cmake)
[1.497s] -- Found rosidl_generator_c: 3.1.6 (/opt/ros/humble/share/rosidl_generator_c/cmake)
[1.510s] -- Found rosidl_adapter: 3.1.6 (/opt/ros/humble/share/rosidl_adapter/cmake)
[1.530s] -- Found rosidl_generator_cpp: 3.1.6 (/opt/ros/humble/share/rosidl_generator_cpp/cmake)
[1.569s] -- Using all available rosidl_typesupport_c: rosidl_typesupport_fastrtps_c;rosidl_typesupport_introspection_c
[1.612s] -- Using all available rosidl_typesupport_cpp: rosidl_typesupport_fastrtps_cpp;rosidl_typesupport_introspection_cpp
[1.653s] -- Found moveit_msgs: 2.2.1 (/opt/ros/humble/share/moveit_msgs/cmake)
[2.087s] -- Found rosidl_default_generators: 1.2.0 (/opt/ros/humble/share/rosidl_default_generators/cmake)
[2.125s] -- Found visualization_msgs: 4.2.4 (/opt/ros/humble/share/visualization_msgs/cmake)
[2.878s] -- Found ament_cmake_ros: 0.10.0 (/opt/ros/humble/share/ament_cmake_ros/cmake)
[4.140s] -- Using all available rosidl_typesupport_c: rosidl_typesupport_fastrtps_c;rosidl_typesupport_introspection_c
[4.686s] -- Using all available rosidl_typesupport_cpp: rosidl_typesupport_fastrtps_cpp;rosidl_typesupport_introspection_cpp
[4.718s] -- Found PythonInterp: /usr/bin/python3 (found suitable version "3.10.12", minimum required is "3.6") 
[4.722s] -- Found python_cmake_module: 0.10.0 (/opt/ros/humble/share/python_cmake_module/cmake)
[4.754s] -- Found PythonLibs: /usr/lib/x86_64-linux-gnu/libpython3.10.so (found suitable version "3.10.12", minimum required is "3.5") 
[4.754s] -- Using PYTHON_EXECUTABLE: /usr/bin/python3
[4.754s] -- Using PYTHON_INCLUDE_DIRS: /usr/include/python3.10
[4.754s] -- Using PYTHON_LIBRARIES: /usr/lib/x86_64-linux-gnu/libpython3.10.so
[4.789s] -- Found PythonExtra: .so  
[5.520s] -- Configuring done
[5.888s] -- Generating done
[5.985s] -- Build files have been written to: /home/vinayak/ws_moveit2/build/moveit_task_constructor_msgs
[6.057s] Invoked command in '/home/vinayak/ws_moveit2/build/moveit_task_constructor_msgs' returned '0': CMAKE_PREFIX_PATH=${CMAKE_PREFIX_PATH}:/home/vinayak/ws_moveit2/install/ur3e_rl:/home/vinayak/ws_moveit2/install/ur3e_motion_package:/home/vinayak/ws_moveit2/install/moveit_configs_utils:/home/vinayak/ws_moveit2/install/launch_param_builder:/opt/ros/humble /usr/bin/cmake /home/vinayak/ws_moveit2/src/moveit_task_constructor/msgs -DCMAKE_INSTALL_PREFIX=/home/vinayak/ws_moveit2/install/moveit_task_constructor_msgs
[6.059s] Invoking command in '/home/vinayak/ws_moveit2/build/moveit_task_constructor_msgs': CMAKE_PREFIX_PATH=${CMAKE_PREFIX_PATH}:/home/vinayak/ws_moveit2/install/ur3e_rl:/home/vinayak/ws_moveit2/install/ur3e_motion_package:/home/vinayak/ws_moveit2/install/moveit_configs_utils:/home/vinayak/ws_moveit2/install/launch_param_builder:/opt/ros/humble /usr/bin/cmake --build /home/vinayak/ws_moveit2/build/moveit_task_constructor_msgs -- -j8 -l8
[6.937s] [  1%] [34m[1mGenerating C code for ROS interfaces[0m
[6.937s] [  1%] [34m[1mGenerating C++ code for ROS interfaces[0m
[6.938s] [  1%] Built target ament_cmake_python_copy_moveit_task_constructor_msgs
[7.187s] running egg_info
[7.189s] creating moveit_task_constructor_msgs.egg-info
[7.189s] writing moveit_task_constructor_msgs.egg-info/PKG-INFO
[7.190s] writing dependency_links to moveit_task_constructor_msgs.egg-info/dependency_links.txt
[7.195s] writing top-level names to moveit_task_constructor_msgs.egg-info/top_level.txt
[7.195s] writing manifest file 'moveit_task_constructor_msgs.egg-info/SOURCES.txt'
[7.203s] reading manifest file 'moveit_task_constructor_msgs.egg-info/SOURCES.txt'
[7.204s] writing manifest file 'moveit_task_constructor_msgs.egg-info/SOURCES.txt'
[7.392s] [  1%] Built target ament_cmake_python_build_moveit_task_constructor_msgs_egg
[10.522s] [  1%] Built target moveit_task_constructor_msgs__cpp
[10.571s] [  2%] [34m[1mGenerating C++ type support dispatch for ROS interfaces[0m
[10.576s] [  3%] [34m[1mGenerating C++ introspection for ROS interfaces[0m
[10.596s] [  3%] [34m[1mGenerating C++ type support for eProsima Fast-RTPS[0m
[11.766s] [  4%] [32mBuilding C object CMakeFiles/moveit_task_constructor_msgs__rosidl_generator_c.dir/rosidl_generator_c/moveit_task_constructor_msgs/msg/detail/solution__functions.c.o[0m
[11.773s] [  5%] [32mBuilding C object CMakeFiles/moveit_task_constructor_msgs__rosidl_generator_c.dir/rosidl_generator_c/moveit_task_constructor_msgs/msg/detail/property__functions.c.o[0m
[11.777s] [  6%] [32mBuilding C object CMakeFiles/moveit_task_constructor_msgs__rosidl_generator_c.dir/rosidl_generator_c/moveit_task_constructor_msgs/msg/detail/stage_statistics__functions.c.o[0m
[11.785s] [  6%] [32mBuilding C object CMakeFiles/moveit_task_constructor_msgs__rosidl_generator_c.dir/rosidl_generator_c/moveit_task_constructor_msgs/msg/detail/stage_description__functions.c.o[0m
[11.795s] [  7%] [32mBuilding C object CMakeFiles/moveit_task_constructor_msgs__rosidl_generator_c.dir/rosidl_generator_c/moveit_task_constructor_msgs/msg/detail/solution_info__functions.c.o[0m
[11.963s] [  8%] [32mBuilding C object CMakeFiles/moveit_task_constructor_msgs__rosidl_generator_c.dir/rosidl_generator_c/moveit_task_constructor_msgs/msg/detail/sub_solution__functions.c.o[0m
[11.994s] [  9%] [32mBuilding C object CMakeFiles/moveit_task_constructor_msgs__rosidl_generator_c.dir/rosidl_generator_c/moveit_task_constructor_msgs/msg/detail/sub_trajectory__functions.c.o[0m
[12.058s] [ 10%] [32mBuilding C object CMakeFiles/moveit_task_constructor_msgs__rosidl_generator_c.dir/rosidl_generator_c/moveit_task_constructor_msgs/msg/detail/task_description__functions.c.o[0m
[12.083s] [ 11%] [32mBuilding C object CMakeFiles/moveit_task_constructor_msgs__rosidl_generator_c.dir/rosidl_generator_c/moveit_task_constructor_msgs/msg/detail/task_statistics__functions.c.o[0m
[12.141s] [ 11%] [32mBuilding C object CMakeFiles/moveit_task_constructor_msgs__rosidl_generator_c.dir/rosidl_generator_c/moveit_task_constructor_msgs/msg/detail/trajectory_execution_info__functions.c.o[0m
[12.259s] [ 12%] [32mBuilding C object CMakeFiles/moveit_task_constructor_msgs__rosidl_generator_c.dir/rosidl_generator_c/moveit_task_constructor_msgs/srv/detail/get_solution__functions.c.o[0m
[12.294s] [ 13%] [32mBuilding C object CMakeFiles/moveit_task_constructor_msgs__rosidl_generator_c.dir/rosidl_generator_c/moveit_task_constructor_msgs/action/detail/execute_task_solution__functions.c.o[0m
[12.841s] [ 14%] [32m[1mLinking C shared library libmoveit_task_constructor_msgs__rosidl_generator_c.so[0m
[13.103s] [ 14%] Built target moveit_task_constructor_msgs__rosidl_generator_c
[13.146s] [ 15%] [34m[1mGenerating C introspection for ROS interfaces[0m
[13.149s] [ 16%] [34m[1mGenerating C type support for eProsima Fast-RTPS[0m
[13.173s] [ 17%] [34m[1mGenerating C type support dispatch for ROS interfaces[0m
[13.931s] [ 18%] [32mBuilding CXX object CMakeFiles/moveit_task_constructor_msgs__rosidl_typesupport_fastrtps_cpp.dir/rosidl_typesupport_fastrtps_cpp/moveit_task_constructor_msgs/msg/detail/dds_fastrtps/property__type_support.cpp.o[0m
[13.951s] [ 19%] [32mBuilding CXX object CMakeFiles/moveit_task_constructor_msgs__rosidl_typesupport_fastrtps_cpp.dir/rosidl_typesupport_fastrtps_cpp/moveit_task_constructor_msgs/msg/detail/dds_fastrtps/solution__type_support.cpp.o[0m
[13.951s] [ 20%] [32mBuilding CXX object CMakeFiles/moveit_task_constructor_msgs__rosidl_typesupport_fastrtps_cpp.dir/rosidl_typesupport_fastrtps_cpp/moveit_task_constructor_msgs/msg/detail/dds_fastrtps/solution_info__type_support.cpp.o[0m
[14.591s] [ 21%] [32mBuilding CXX object CMakeFiles/moveit_task_constructor_msgs__rosidl_typesupport_cpp.dir/rosidl_typesupport_cpp/moveit_task_constructor_msgs/msg/property__type_support.cpp.o[0m
[15.667s] [ 22%] [32mBuilding CXX object CMakeFiles/moveit_task_constructor_msgs__rosidl_typesupport_fastrtps_cpp.dir/rosidl_typesupport_fastrtps_cpp/moveit_task_constructor_msgs/msg/detail/dds_fastrtps/stage_description__type_support.cpp.o[0m
[16.072s] [ 23%] [32mBuilding CXX object CMakeFiles/moveit_task_constructor_msgs__rosidl_typesupport_cpp.dir/rosidl_typesupport_cpp/moveit_task_constructor_msgs/msg/solution__type_support.cpp.o[0m
[16.163s] [ 23%] [32mBuilding CXX object CMakeFiles/moveit_task_constructor_msgs__rosidl_typesupport_introspection_cpp.dir/rosidl_typesupport_introspection_cpp/moveit_task_constructor_msgs/msg/detail/property__type_support.cpp.o[0m
[16.495s] [ 24%] [32mBuilding CXX object CMakeFiles/moveit_task_constructor_msgs__rosidl_typesupport_fastrtps_cpp.dir/rosidl_typesupport_fastrtps_cpp/moveit_task_constructor_msgs/msg/detail/dds_fastrtps/stage_statistics__type_support.cpp.o[0m
[16.645s] [ 25%] [32mBuilding CXX object CMakeFiles/moveit_task_constructor_msgs__rosidl_typesupport_cpp.dir/rosidl_typesupport_cpp/moveit_task_constructor_msgs/msg/solution_info__type_support.cpp.o[0m
[17.260s] [ 26%] [32mBuilding CXX object CMakeFiles/moveit_task_constructor_msgs__rosidl_typesupport_cpp.dir/rosidl_typesupport_cpp/moveit_task_constructor_msgs/msg/stage_description__type_support.cpp.o[0m
[17.648s] [ 27%] [32mBuilding CXX object CMakeFiles/moveit_task_constructor_msgs__rosidl_typesupport_c.dir/rosidl_typesupport_c/moveit_task_constructor_msgs/msg/property__type_support.cpp.o[0m
[17.764s] [ 27%] [32mBuilding CXX object CMakeFiles/moveit_task_constructor_msgs__rosidl_typesupport_fastrtps_cpp.dir/rosidl_typesupport_fastrtps_cpp/moveit_task_constructor_msgs/msg/detail/dds_fastrtps/sub_solution__type_support.cpp.o[0m
[17.789s] [ 27%] [32mBuilding CXX object CMakeFiles/moveit_task_constructor_msgs__rosidl_typesupport_c.dir/rosidl_typesupport_c/moveit_task_constructor_msgs/msg/solution__type_support.cpp.o[0m
[17.857s] [ 28%] [32mBuilding CXX object CMakeFiles/moveit_task_constructor_msgs__rosidl_typesupport_c.dir/rosidl_typesupport_c/moveit_task_constructor_msgs/msg/solution_info__type_support.cpp.o[0m
[17.948s] [ 29%] [32mBuilding CXX object CMakeFiles/moveit_task_constructor_msgs__rosidl_typesupport_introspection_cpp.dir/rosidl_typesupport_introspection_cpp/moveit_task_constructor_msgs/msg/detail/solution__type_support.cpp.o[0m
[18.064s] [ 30%] [32mBuilding CXX object CMakeFiles/moveit_task_constructor_msgs__rosidl_typesupport_c.dir/rosidl_typesupport_c/moveit_task_constructor_msgs/msg/stage_description__type_support.cpp.o[0m
[18.217s] [ 31%] [32mBuilding CXX object CMakeFiles/moveit_task_constructor_msgs__rosidl_typesupport_introspection_cpp.dir/rosidl_typesupport_introspection_cpp/moveit_task_constructor_msgs/msg/detail/solution_info__type_support.cpp.o[0m
[18.263s] [ 32%] [32mBuilding CXX object CMakeFiles/moveit_task_constructor_msgs__rosidl_typesupport_c.dir/rosidl_typesupport_c/moveit_task_constructor_msgs/msg/stage_statistics__type_support.cpp.o[0m
[18.438s] [ 33%] [32mBuilding CXX object CMakeFiles/moveit_task_constructor_msgs__rosidl_typesupport_c.dir/rosidl_typesupport_c/moveit_task_constructor_msgs/msg/sub_solution__type_support.cpp.o[0m
[18.531s] [ 33%] [32mBuilding CXX object CMakeFiles/moveit_task_constructor_msgs__rosidl_typesupport_cpp.dir/rosidl_typesupport_cpp/moveit_task_constructor_msgs/msg/stage_statistics__type_support.cpp.o[0m
[18.620s] [ 34%] [32mBuilding CXX object CMakeFiles/moveit_task_constructor_msgs__rosidl_typesupport_c.dir/rosidl_typesupport_c/moveit_task_constructor_msgs/msg/sub_trajectory__type_support.cpp.o[0m
[18.817s] [ 35%] [32mBuilding CXX object CMakeFiles/moveit_task_constructor_msgs__rosidl_typesupport_cpp.dir/rosidl_typesupport_cpp/moveit_task_constructor_msgs/msg/sub_solution__type_support.cpp.o[0m
[18.847s] [ 35%] [32mBuilding CXX object CMakeFiles/moveit_task_constructor_msgs__rosidl_typesupport_c.dir/rosidl_typesupport_c/moveit_task_constructor_msgs/msg/task_description__type_support.cpp.o[0m
[18.900s] [ 36%] [32mBuilding C object CMakeFiles/moveit_task_constructor_msgs__rosidl_typesupport_introspection_c.dir/rosidl_typesupport_introspection_c/moveit_task_constructor_msgs/msg/detail/property__type_support.c.o[0m
[19.007s] [ 37%] [32mBuilding CXX object CMakeFiles/moveit_task_constructor_msgs__rosidl_typesupport_c.dir/rosidl_typesupport_c/moveit_task_constructor_msgs/msg/task_statistics__type_support.cpp.o[0m
[19.082s] [ 38%] [32mBuilding C object CMakeFiles/moveit_task_constructor_msgs__rosidl_typesupport_introspection_c.dir/rosidl_typesupport_introspection_c/moveit_task_constructor_msgs/msg/detail/solution__type_support.c.o[0m
[19.197s] [ 39%] [32mBuilding CXX object CMakeFiles/moveit_task_constructor_msgs__rosidl_typesupport_c.dir/rosidl_typesupport_c/moveit_task_constructor_msgs/msg/trajectory_execution_info__type_support.cpp.o[0m
[19.240s] [ 40%] [32mBuilding CXX object CMakeFiles/moveit_task_constructor_msgs__rosidl_typesupport_fastrtps_cpp.dir/rosidl_typesupport_fastrtps_cpp/moveit_task_constructor_msgs/msg/detail/dds_fastrtps/sub_trajectory__type_support.cpp.o[0m
[19.307s] [ 41%] [32mBuilding CXX object CMakeFiles/moveit_task_constructor_msgs__rosidl_typesupport_c.dir/rosidl_typesupport_c/moveit_task_constructor_msgs/srv/get_solution__type_support.cpp.o[0m
[19.418s] [ 42%] [32mBuilding C object CMakeFiles/moveit_task_constructor_msgs__rosidl_typesupport_introspection_c.dir/rosidl_typesupport_introspection_c/moveit_task_constructor_msgs/msg/detail/solution_info__type_support.c.o[0m
[19.555s] [ 43%] [32mBuilding CXX object CMakeFiles/moveit_task_constructor_msgs__rosidl_typesupport_c.dir/rosidl_typesupport_c/moveit_task_constructor_msgs/action/execute_task_solution__type_support.cpp.o[0m
[19.650s] [ 43%] [32mBuilding C object CMakeFiles/moveit_task_constructor_msgs__rosidl_typesupport_introspection_c.dir/rosidl_typesupport_introspection_c/moveit_task_constructor_msgs/msg/detail/stage_description__type_support.c.o[0m
[19.804s] [ 44%] [32mBuilding CXX object CMakeFiles/moveit_task_constructor_msgs__rosidl_typesupport_introspection_cpp.dir/rosidl_typesupport_introspection_cpp/moveit_task_constructor_msgs/msg/detail/stage_description__type_support.cpp.o[0m
[19.824s] [ 45%] [32mBuilding C object CMakeFiles/moveit_task_constructor_msgs__rosidl_typesupport_introspection_c.dir/rosidl_typesupport_introspection_c/moveit_task_constructor_msgs/msg/detail/stage_statistics__type_support.c.o[0m
[19.861s] [ 46%] [32m[1mLinking CXX shared library libmoveit_task_constructor_msgs__rosidl_typesupport_c.so[0m
[19.936s] [ 47%] [32mBuilding CXX object CMakeFiles/moveit_task_constructor_msgs__rosidl_typesupport_fastrtps_c.dir/rosidl_typesupport_fastrtps_c/moveit_task_constructor_msgs/msg/detail/property__type_support_c.cpp.o[0m
[19.986s] [ 48%] [32mBuilding C object CMakeFiles/moveit_task_constructor_msgs__rosidl_typesupport_introspection_c.dir/rosidl_typesupport_introspection_c/moveit_task_constructor_msgs/msg/detail/sub_solution__type_support.c.o[0m
[20.128s] [ 48%] Built target moveit_task_constructor_msgs__rosidl_typesupport_c
[20.211s] [ 49%] [32mBuilding C object CMakeFiles/moveit_task_constructor_msgs__rosidl_typesupport_introspection_c.dir/rosidl_typesupport_introspection_c/moveit_task_constructor_msgs/msg/detail/sub_trajectory__type_support.c.o[0m
[20.227s] [ 50%] [32mBuilding CXX object CMakeFiles/moveit_task_constructor_msgs__rosidl_typesupport_fastrtps_c.dir/rosidl_typesupport_fastrtps_c/moveit_task_constructor_msgs/msg/detail/solution__type_support_c.cpp.o[0m
[20.301s] [ 51%] [32mBuilding CXX object CMakeFiles/moveit_task_constructor_msgs__rosidl_typesupport_cpp.dir/rosidl_typesupport_cpp/moveit_task_constructor_msgs/msg/sub_trajectory__type_support.cpp.o[0m
[20.431s] [ 52%] [32mBuilding C object CMakeFiles/moveit_task_constructor_msgs__rosidl_typesupport_introspection_c.dir/rosidl_typesupport_introspection_c/moveit_task_constructor_msgs/msg/detail/task_description__type_support.c.o[0m
[20.641s] [ 53%] [32mBuilding C object CMakeFiles/moveit_task_constructor_msgs__rosidl_typesupport_introspection_c.dir/rosidl_typesupport_introspection_c/moveit_task_constructor_msgs/msg/detail/task_statistics__type_support.c.o[0m
[20.748s] [ 54%] [32mBuilding C object CMakeFiles/moveit_task_constructor_msgs__rosidl_typesupport_introspection_c.dir/rosidl_typesupport_introspection_c/moveit_task_constructor_msgs/msg/detail/trajectory_execution_info__type_support.c.o[0m
[20.942s] [ 54%] [32mBuilding C object CMakeFiles/moveit_task_constructor_msgs__rosidl_typesupport_introspection_c.dir/rosidl_typesupport_introspection_c/moveit_task_constructor_msgs/srv/detail/get_solution__type_support.c.o[0m
[21.175s] [ 55%] [32mBuilding C object CMakeFiles/moveit_task_constructor_msgs__rosidl_typesupport_introspection_c.dir/rosidl_typesupport_introspection_c/moveit_task_constructor_msgs/action/detail/execute_task_solution__type_support.c.o[0m
[21.406s] [ 56%] [32m[1mLinking C shared library libmoveit_task_constructor_msgs__rosidl_typesupport_introspection_c.so[0m
[21.446s] [ 57%] [32mBuilding CXX object CMakeFiles/moveit_task_constructor_msgs__rosidl_typesupport_cpp.dir/rosidl_typesupport_cpp/moveit_task_constructor_msgs/msg/task_description__type_support.cpp.o[0m
[21.596s] [ 57%] Built target moveit_task_constructor_msgs__rosidl_typesupport_introspection_c
[21.633s] [ 57%] [32mBuilding CXX object CMakeFiles/moveit_task_constructor_msgs__rosidl_typesupport_fastrtps_c.dir/rosidl_typesupport_fastrtps_c/moveit_task_constructor_msgs/msg/detail/solution_info__type_support_c.cpp.o[0m
[21.673s] [ 58%] [32mBuilding CXX object CMakeFiles/moveit_task_constructor_msgs__rosidl_typesupport_cpp.dir/rosidl_typesupport_cpp/moveit_task_constructor_msgs/msg/task_statistics__type_support.cpp.o[0m
[21.767s] [ 59%] [32mBuilding CXX object CMakeFiles/moveit_task_constructor_msgs__rosidl_typesupport_fastrtps_cpp.dir/rosidl_typesupport_fastrtps_cpp/moveit_task_constructor_msgs/msg/detail/dds_fastrtps/task_description__type_support.cpp.o[0m
[21.901s] [ 60%] [32mBuilding CXX object CMakeFiles/moveit_task_constructor_msgs__rosidl_typesupport_fastrtps_cpp.dir/rosidl_typesupport_fastrtps_cpp/moveit_task_constructor_msgs/msg/detail/dds_fastrtps/task_statistics__type_support.cpp.o[0m
[22.162s] [ 61%] [32mBuilding CXX object CMakeFiles/moveit_task_constructor_msgs__rosidl_typesupport_fastrtps_c.dir/rosidl_typesupport_fastrtps_c/moveit_task_constructor_msgs/msg/detail/stage_description__type_support_c.cpp.o[0m
[22.192s] [ 62%] [32mBuilding CXX object CMakeFiles/moveit_task_constructor_msgs__rosidl_typesupport_cpp.dir/rosidl_typesupport_cpp/moveit_task_constructor_msgs/msg/trajectory_execution_info__type_support.cpp.o[0m
[22.842s] [ 62%] [32mBuilding CXX object CMakeFiles/moveit_task_constructor_msgs__rosidl_typesupport_cpp.dir/rosidl_typesupport_cpp/moveit_task_constructor_msgs/srv/get_solution__type_support.cpp.o[0m
[23.011s] [ 63%] [32mBuilding CXX object CMakeFiles/moveit_task_constructor_msgs__rosidl_typesupport_introspection_cpp.dir/rosidl_typesupport_introspection_cpp/moveit_task_constructor_msgs/msg/detail/stage_statistics__type_support.cpp.o[0m
[23.447s] [ 64%] [32mBuilding CXX object CMakeFiles/moveit_task_constructor_msgs__rosidl_typesupport_fastrtps_c.dir/rosidl_typesupport_fastrtps_c/moveit_task_constructor_msgs/msg/detail/stage_statistics__type_support_c.cpp.o[0m
[23.549s] [ 65%] [32mBuilding CXX object CMakeFiles/moveit_task_constructor_msgs__rosidl_typesupport_fastrtps_cpp.dir/rosidl_typesupport_fastrtps_cpp/moveit_task_constructor_msgs/msg/detail/dds_fastrtps/trajectory_execution_info__type_support.cpp.o[0m
[23.678s] [ 66%] [32mBuilding CXX object CMakeFiles/moveit_task_constructor_msgs__rosidl_typesupport_fastrtps_c.dir/rosidl_typesupport_fastrtps_c/moveit_task_constructor_msgs/msg/detail/sub_solution__type_support_c.cpp.o[0m
[24.034s] [ 67%] [32mBuilding CXX object CMakeFiles/moveit_task_constructor_msgs__rosidl_typesupport_cpp.dir/rosidl_typesupport_cpp/moveit_task_constructor_msgs/action/execute_task_solution__type_support.cpp.o[0m
[24.097s] [ 68%] [32mBuilding CXX object CMakeFiles/moveit_task_constructor_msgs__rosidl_typesupport_fastrtps_cpp.dir/rosidl_typesupport_fastrtps_cpp/moveit_task_constructor_msgs/srv/detail/dds_fastrtps/get_solution__type_support.cpp.o[0m
[24.489s] [ 69%] [32mBuilding CXX object CMakeFiles/moveit_task_constructor_msgs__rosidl_typesupport_introspection_cpp.dir/rosidl_typesupport_introspection_cpp/moveit_task_constructor_msgs/msg/detail/sub_solution__type_support.cpp.o[0m
[25.173s] [ 69%] [32mBuilding CXX object CMakeFiles/moveit_task_constructor_msgs__rosidl_typesupport_introspection_cpp.dir/rosidl_typesupport_introspection_cpp/moveit_task_constructor_msgs/msg/detail/sub_trajectory__type_support.cpp.o[0m
[25.182s] [ 70%] [32mBuilding CXX object CMakeFiles/moveit_task_constructor_msgs__rosidl_typesupport_fastrtps_c.dir/rosidl_typesupport_fastrtps_c/moveit_task_constructor_msgs/msg/detail/sub_trajectory__type_support_c.cpp.o[0m
[25.412s] [ 71%] [32mBuilding CXX object CMakeFiles/moveit_task_constructor_msgs__rosidl_typesupport_introspection_cpp.dir/rosidl_typesupport_introspection_cpp/moveit_task_constructor_msgs/msg/detail/task_description__type_support.cpp.o[0m
[25.442s] [ 72%] [32mBuilding CXX object CMakeFiles/moveit_task_constructor_msgs__rosidl_typesupport_introspection_cpp.dir/rosidl_typesupport_introspection_cpp/moveit_task_constructor_msgs/msg/detail/task_statistics__type_support.cpp.o[0m
[25.532s] [ 72%] [32mBuilding CXX object CMakeFiles/moveit_task_constructor_msgs__rosidl_typesupport_fastrtps_cpp.dir/rosidl_typesupport_fastrtps_cpp/moveit_task_constructor_msgs/action/detail/dds_fastrtps/execute_task_solution__type_support.cpp.o[0m
[25.983s] [ 73%] [32mBuilding CXX object CMakeFiles/moveit_task_constructor_msgs__rosidl_typesupport_fastrtps_c.dir/rosidl_typesupport_fastrtps_c/moveit_task_constructor_msgs/msg/detail/task_description__type_support_c.cpp.o[0m
[26.548s] [ 74%] [32m[1mLinking CXX shared library libmoveit_task_constructor_msgs__rosidl_typesupport_cpp.so[0m
[26.738s] [ 74%] [32mBuilding CXX object CMakeFiles/moveit_task_constructor_msgs__rosidl_typesupport_fastrtps_c.dir/rosidl_typesupport_fastrtps_c/moveit_task_constructor_msgs/msg/detail/task_statistics__type_support_c.cpp.o[0m
[26.761s] [ 74%] Built target moveit_task_constructor_msgs__rosidl_typesupport_cpp
[26.792s] [ 75%] [32mBuilding CXX object CMakeFiles/moveit_task_constructor_msgs__rosidl_typesupport_introspection_cpp.dir/rosidl_typesupport_introspection_cpp/moveit_task_constructor_msgs/msg/detail/trajectory_execution_info__type_support.cpp.o[0m
[27.276s] [ 76%] [32mBuilding CXX object CMakeFiles/moveit_task_constructor_msgs__rosidl_typesupport_introspection_cpp.dir/rosidl_typesupport_introspection_cpp/moveit_task_constructor_msgs/srv/detail/get_solution__type_support.cpp.o[0m
[27.302s] [ 77%] [32mBuilding CXX object CMakeFiles/moveit_task_constructor_msgs__rosidl_typesupport_fastrtps_c.dir/rosidl_typesupport_fastrtps_c/moveit_task_constructor_msgs/msg/detail/trajectory_execution_info__type_support_c.cpp.o[0m
[27.589s] [ 78%] [32mBuilding CXX object CMakeFiles/moveit_task_constructor_msgs__rosidl_typesupport_introspection_cpp.dir/rosidl_typesupport_introspection_cpp/moveit_task_constructor_msgs/action/detail/execute_task_solution__type_support.cpp.o[0m
[27.885s] [ 79%] [32m[1mLinking CXX shared library libmoveit_task_constructor_msgs__rosidl_typesupport_fastrtps_cpp.so[0m
[28.131s] [ 80%] [32mBuilding CXX object CMakeFiles/moveit_task_constructor_msgs__rosidl_typesupport_fastrtps_c.dir/rosidl_typesupport_fastrtps_c/moveit_task_constructor_msgs/action/detail/execute_task_solution__type_support_c.cpp.o[0m
[28.195s] [ 81%] [32mBuilding CXX object CMakeFiles/moveit_task_constructor_msgs__rosidl_typesupport_fastrtps_c.dir/rosidl_typesupport_fastrtps_c/moveit_task_constructor_msgs/srv/detail/get_solution__type_support_c.cpp.o[0m
[28.206s] [ 81%] Built target moveit_task_constructor_msgs__rosidl_typesupport_fastrtps_cpp
[28.938s] [ 82%] [32m[1mLinking CXX shared library libmoveit_task_constructor_msgs__rosidl_typesupport_fastrtps_c.so[0m
[29.148s] [ 82%] Built target moveit_task_constructor_msgs__rosidl_typesupport_fastrtps_c
[29.327s] [ 83%] [32m[1mLinking CXX shared library libmoveit_task_constructor_msgs__rosidl_typesupport_introspection_cpp.so[0m
[29.602s] [ 83%] Built target moveit_task_constructor_msgs__rosidl_typesupport_introspection_cpp
[29.645s] [ 83%] Built target moveit_task_constructor_msgs
[29.684s] [ 84%] [34m[1mGenerating Python code for ROS interfaces[0m
[32.935s] [ 84%] Built target moveit_task_constructor_msgs__py
[32.973s] [ 85%] [32mBuilding C object CMakeFiles/moveit_task_constructor_msgs__rosidl_generator_py.dir/rosidl_generator_py/moveit_task_constructor_msgs/msg/_property_s.c.o[0m
[33.098s] [ 86%] [32mBuilding C object CMakeFiles/moveit_task_constructor_msgs__rosidl_generator_py.dir/rosidl_generator_py/moveit_task_constructor_msgs/msg/_task_description_s.c.o[0m
[33.221s] [ 87%] [32mBuilding C object CMakeFiles/moveit_task_constructor_msgs__rosidl_generator_py.dir/rosidl_generator_py/moveit_task_constructor_msgs/msg/_task_statistics_s.c.o[0m
[33.337s] [ 87%] [32mBuilding C object CMakeFiles/moveit_task_constructor_msgs__rosidl_generator_py.dir/rosidl_generator_py/moveit_task_constructor_msgs/msg/_trajectory_execution_info_s.c.o[0m
[33.458s] [ 88%] [32mBuilding C object CMakeFiles/moveit_task_constructor_msgs__rosidl_generator_py.dir/rosidl_generator_py/moveit_task_constructor_msgs/srv/_get_solution_s.c.o[0m
[33.587s] [ 89%] [32mBuilding C object CMakeFiles/moveit_task_constructor_msgs__rosidl_generator_py.dir/rosidl_generator_py/moveit_task_constructor_msgs/action/_execute_task_solution_s.c.o[0m
[33.813s] [ 90%] [32mBuilding C object CMakeFiles/moveit_task_constructor_msgs__rosidl_generator_py.dir/rosidl_generator_py/moveit_task_constructor_msgs/msg/_sub_trajectory_s.c.o[0m
[33.944s] [ 91%] [32mBuilding C object CMakeFiles/moveit_task_constructor_msgs__rosidl_generator_py.dir/rosidl_generator_py/moveit_task_constructor_msgs/msg/_sub_solution_s.c.o[0m
[34.068s] [ 92%] [32mBuilding C object CMakeFiles/moveit_task_constructor_msgs__rosidl_generator_py.dir/rosidl_generator_py/moveit_task_constructor_msgs/msg/_stage_statistics_s.c.o[0m
[34.188s] [ 93%] [32mBuilding C object CMakeFiles/moveit_task_constructor_msgs__rosidl_generator_py.dir/rosidl_generator_py/moveit_task_constructor_msgs/msg/_stage_description_s.c.o[0m
[34.304s] [ 93%] [32mBuilding C object CMakeFiles/moveit_task_constructor_msgs__rosidl_generator_py.dir/rosidl_generator_py/moveit_task_constructor_msgs/msg/_solution_info_s.c.o[0m
[34.434s] [ 94%] [32mBuilding C object CMakeFiles/moveit_task_constructor_msgs__rosidl_generator_py.dir/rosidl_generator_py/moveit_task_constructor_msgs/msg/_solution_s.c.o[0m
[34.567s] [ 95%] [32m[1mLinking C shared library rosidl_generator_py/moveit_task_constructor_msgs/libmoveit_task_constructor_msgs__rosidl_generator_py.so[0m
[34.630s] [ 95%] Built target moveit_task_constructor_msgs__rosidl_generator_py
[34.657s] [ 96%] [32mBuilding C object CMakeFiles/moveit_task_constructor_msgs__rosidl_typesupport_fastrtps_c__pyext.dir/rosidl_generator_py/moveit_task_constructor_msgs/_moveit_task_constructor_msgs_s.ep.rosidl_typesupport_fastrtps_c.c.o[0m
[34.836s] [ 97%] [32m[1mLinking C shared library rosidl_generator_py/moveit_task_constructor_msgs/moveit_task_constructor_msgs_s__rosidl_typesupport_fastrtps_c.cpython-310-x86_64-linux-gnu.so[0m
[34.910s] [ 97%] Built target moveit_task_constructor_msgs__rosidl_typesupport_fastrtps_c__pyext
[34.942s] [ 97%] [32mBuilding C object CMakeFiles/moveit_task_constructor_msgs__rosidl_typesupport_c__pyext.dir/rosidl_generator_py/moveit_task_constructor_msgs/_moveit_task_constructor_msgs_s.ep.rosidl_typesupport_c.c.o[0m
[35.123s] [ 98%] [32m[1mLinking C shared library rosidl_generator_py/moveit_task_constructor_msgs/moveit_task_constructor_msgs_s__rosidl_typesupport_c.cpython-310-x86_64-linux-gnu.so[0m
[35.193s] [ 98%] Built target moveit_task_constructor_msgs__rosidl_typesupport_c__pyext
[35.220s] [ 99%] [32mBuilding C object CMakeFiles/moveit_task_constructor_msgs__rosidl_typesupport_introspection_c__pyext.dir/rosidl_generator_py/moveit_task_constructor_msgs/_moveit_task_constructor_msgs_s.ep.rosidl_typesupport_introspection_c.c.o[0m
[35.401s] [100%] [32m[1mLinking C shared library rosidl_generator_py/moveit_task_constructor_msgs/moveit_task_constructor_msgs_s__rosidl_typesupport_introspection_c.cpython-310-x86_64-linux-gnu.so[0m
[35.474s] [100%] Built target moveit_task_constructor_msgs__rosidl_typesupport_introspection_c__pyext
[35.490s] Invoked command in '/home/vinayak/ws_moveit2/build/moveit_task_constructor_msgs' returned '0': CMAKE_PREFIX_PATH=${CMAKE_PREFIX_PATH}:/home/vinayak/ws_moveit2/install/ur3e_rl:/home/vinayak/ws_moveit2/install/ur3e_motion_package:/home/vinayak/ws_moveit2/install/moveit_configs_utils:/home/vinayak/ws_moveit2/install/launch_param_builder:/opt/ros/humble /usr/bin/cmake --build /home/vinayak/ws_moveit2/build/moveit_task_constructor_msgs -- -j8 -l8
[35.493s] Invoking command in '/home/vinayak/ws_moveit2/build/moveit_task_constructor_msgs': CMAKE_PREFIX_PATH=${CMAKE_PREFIX_PATH}:/home/vinayak/ws_moveit2/install/ur3e_rl:/home/vinayak/ws_moveit2/install/ur3e_motion_package:/home/vinayak/ws_moveit2/install/moveit_configs_utils:/home/vinayak/ws_moveit2/install/launch_param_builder:/opt/ros/humble /usr/bin/cmake --install /home/vinayak/ws_moveit2/build/moveit_task_constructor_msgs
[35.502s] -- Install configuration: ""
[35.502s] -- Installing: /home/vinayak/ws_moveit2/install/moveit_task_constructor_msgs/share/ament_index/resource_index/rosidl_interfaces/moveit_task_constructor_msgs
[35.502s] -- Installing: /home/vinayak/ws_moveit2/install/moveit_task_constructor_msgs/include/moveit_task_constructor_msgs/moveit_task_constructor_msgs
[35.502s] -- Installing: /home/vinayak/ws_moveit2/install/moveit_task_constructor_msgs/include/moveit_task_constructor_msgs/moveit_task_constructor_msgs/action
[35.502s] -- Installing: /home/vinayak/ws_moveit2/install/moveit_task_constructor_msgs/include/moveit_task_constructor_msgs/moveit_task_constructor_msgs/action/execute_task_solution.h
[35.503s] -- Installing: /home/vinayak/ws_moveit2/install/moveit_task_constructor_msgs/include/moveit_task_constructor_msgs/moveit_task_constructor_msgs/action/detail
[35.503s] -- Installing: /home/vinayak/ws_moveit2/install/moveit_task_constructor_msgs/include/moveit_task_constructor_msgs/moveit_task_constructor_msgs/action/detail/execute_task_solution__struct.h
[35.503s] -- Installing: /home/vinayak/ws_moveit2/install/moveit_task_constructor_msgs/include/moveit_task_constructor_msgs/moveit_task_constructor_msgs/action/detail/execute_task_solution__functions.c
[35.503s] -- Installing: /home/vinayak/ws_moveit2/install/moveit_task_constructor_msgs/include/moveit_task_constructor_msgs/moveit_task_constructor_msgs/action/detail/execute_task_solution__functions.h
[35.503s] -- Installing: /home/vinayak/ws_moveit2/install/moveit_task_constructor_msgs/include/moveit_task_constructor_msgs/moveit_task_constructor_msgs/action/detail/execute_task_solution__type_support.h
[35.503s] -- Installing: /home/vinayak/ws_moveit2/install/moveit_task_constructor_msgs/include/moveit_task_constructor_msgs/moveit_task_constructor_msgs/msg
[35.503s] -- Installing: /home/vinayak/ws_moveit2/install/moveit_task_constructor_msgs/include/moveit_task_constructor_msgs/moveit_task_constructor_msgs/msg/sub_trajectory.h
[35.503s] -- Installing: /home/vinayak/ws_moveit2/install/moveit_task_constructor_msgs/include/moveit_task_constructor_msgs/moveit_task_constructor_msgs/msg/sub_solution.h
[35.504s] -- Installing: /home/vinayak/ws_moveit2/install/moveit_task_constructor_msgs/include/moveit_task_constructor_msgs/moveit_task_constructor_msgs/msg/solution_info.h
[35.504s] -- Installing: /home/vinayak/ws_moveit2/install/moveit_task_constructor_msgs/include/moveit_task_constructor_msgs/moveit_task_constructor_msgs/msg/rosidl_generator_c__visibility_control.h
[35.504s] -- Installing: /home/vinayak/ws_moveit2/install/moveit_task_constructor_msgs/include/moveit_task_constructor_msgs/moveit_task_constructor_msgs/msg/task_statistics.h
[35.504s] -- Installing: /home/vinayak/ws_moveit2/install/moveit_task_constructor_msgs/include/moveit_task_constructor_msgs/moveit_task_constructor_msgs/msg/task_description.h
[35.504s] -- Installing: /home/vinayak/ws_moveit2/install/moveit_task_constructor_msgs/include/moveit_task_constructor_msgs/moveit_task_constructor_msgs/msg/solution.h
[35.504s] -- Installing: /home/vinayak/ws_moveit2/install/moveit_task_constructor_msgs/include/moveit_task_constructor_msgs/moveit_task_constructor_msgs/msg/stage_description.h
[35.504s] -- Installing: /home/vinayak/ws_moveit2/install/moveit_task_constructor_msgs/include/moveit_task_constructor_msgs/moveit_task_constructor_msgs/msg/property.h
[35.505s] -- Installing: /home/vinayak/ws_moveit2/install/moveit_task_constructor_msgs/include/moveit_task_constructor_msgs/moveit_task_constructor_msgs/msg/detail
[35.505s] -- Installing: /home/vinayak/ws_moveit2/install/moveit_task_constructor_msgs/include/moveit_task_constructor_msgs/moveit_task_constructor_msgs/msg/detail/task_statistics__functions.c
[35.505s] -- Installing: /home/vinayak/ws_moveit2/install/moveit_task_constructor_msgs/include/moveit_task_constructor_msgs/moveit_task_constructor_msgs/msg/detail/task_description__functions.h
[35.505s] -- Installing: /home/vinayak/ws_moveit2/install/moveit_task_constructor_msgs/include/moveit_task_constructor_msgs/moveit_task_constructor_msgs/msg/detail/solution_info__functions.c
[35.505s] -- Installing: /home/vinayak/ws_moveit2/install/moveit_task_constructor_msgs/include/moveit_task_constructor_msgs/moveit_task_constructor_msgs/msg/detail/property__functions.c
[35.505s] -- Installing: /home/vinayak/ws_moveit2/install/moveit_task_constructor_msgs/include/moveit_task_constructor_msgs/moveit_task_constructor_msgs/msg/detail/stage_statistics__type_support.h
[35.505s] -- Installing: /home/vinayak/ws_moveit2/install/moveit_task_constructor_msgs/include/moveit_task_constructor_msgs/moveit_task_constructor_msgs/msg/detail/solution_info__functions.h
[35.505s] -- Installing: /home/vinayak/ws_moveit2/install/moveit_task_constructor_msgs/include/moveit_task_constructor_msgs/moveit_task_constructor_msgs/msg/detail/solution__functions.c
[35.505s] -- Installing: /home/vinayak/ws_moveit2/install/moveit_task_constructor_msgs/include/moveit_task_constructor_msgs/moveit_task_constructor_msgs/msg/detail/sub_solution__functions.c
[35.505s] -- Installing: /home/vinayak/ws_moveit2/install/moveit_task_constructor_msgs/include/moveit_task_constructor_msgs/moveit_task_constructor_msgs/msg/detail/task_description__type_support.h
[35.506s] -- Installing: /home/vinayak/ws_moveit2/install/moveit_task_constructor_msgs/include/moveit_task_constructor_msgs/moveit_task_constructor_msgs/msg/detail/sub_solution__struct.h
[35.506s] -- Installing: /home/vinayak/ws_moveit2/install/moveit_task_constructor_msgs/include/moveit_task_constructor_msgs/moveit_task_constructor_msgs/msg/detail/task_description__functions.c
[35.506s] -- Installing: /home/vinayak/ws_moveit2/install/moveit_task_constructor_msgs/include/moveit_task_constructor_msgs/moveit_task_constructor_msgs/msg/detail/sub_trajectory__functions.c
[35.506s] -- Installing: /home/vinayak/ws_moveit2/install/moveit_task_constructor_msgs/include/moveit_task_constructor_msgs/moveit_task_constructor_msgs/msg/detail/stage_description__struct.h
[35.506s] -- Installing: /home/vinayak/ws_moveit2/install/moveit_task_constructor_msgs/include/moveit_task_constructor_msgs/moveit_task_constructor_msgs/msg/detail/trajectory_execution_info__functions.h
[35.506s] -- Installing: /home/vinayak/ws_moveit2/install/moveit_task_constructor_msgs/include/moveit_task_constructor_msgs/moveit_task_constructor_msgs/msg/detail/solution__struct.h
[35.506s] -- Installing: /home/vinayak/ws_moveit2/install/moveit_task_constructor_msgs/include/moveit_task_constructor_msgs/moveit_task_constructor_msgs/msg/detail/trajectory_execution_info__struct.h
[35.506s] -- Installing: /home/vinayak/ws_moveit2/install/moveit_task_constructor_msgs/include/moveit_task_constructor_msgs/moveit_task_constructor_msgs/msg/detail/property__type_support.h
[35.507s] -- Installing: /home/vinayak/ws_moveit2/install/moveit_task_constructor_msgs/include/moveit_task_constructor_msgs/moveit_task_constructor_msgs/msg/detail/task_statistics__functions.h
[35.507s] -- Installing: /home/vinayak/ws_moveit2/install/moveit_task_constructor_msgs/include/moveit_task_constructor_msgs/moveit_task_constructor_msgs/msg/detail/solution__functions.h
[35.507s] -- Installing: /home/vinayak/ws_moveit2/install/moveit_task_constructor_msgs/include/moveit_task_constructor_msgs/moveit_task_constructor_msgs/msg/detail/stage_description__functions.h
[35.507s] -- Installing: /home/vinayak/ws_moveit2/install/moveit_task_constructor_msgs/include/moveit_task_constructor_msgs/moveit_task_constructor_msgs/msg/detail/property__struct.h
[35.507s] -- Installing: /home/vinayak/ws_moveit2/install/moveit_task_constructor_msgs/include/moveit_task_constructor_msgs/moveit_task_constructor_msgs/msg/detail/trajectory_execution_info__type_support.h
[35.507s] -- Installing: /home/vinayak/ws_moveit2/install/moveit_task_constructor_msgs/include/moveit_task_constructor_msgs/moveit_task_constructor_msgs/msg/detail/stage_description__type_support.h
[35.507s] -- Installing: /home/vinayak/ws_moveit2/install/moveit_task_constructor_msgs/include/moveit_task_constructor_msgs/moveit_task_constructor_msgs/msg/detail/stage_description__functions.c
[35.507s] -- Installing: /home/vinayak/ws_moveit2/install/moveit_task_constructor_msgs/include/moveit_task_constructor_msgs/moveit_task_constructor_msgs/msg/detail/solution_info__type_support.h
[35.507s] -- Installing: /home/vinayak/ws_moveit2/install/moveit_task_constructor_msgs/include/moveit_task_constructor_msgs/moveit_task_constructor_msgs/msg/detail/sub_trajectory__struct.h
[35.508s] -- Installing: /home/vinayak/ws_moveit2/install/moveit_task_constructor_msgs/include/moveit_task_constructor_msgs/moveit_task_constructor_msgs/msg/detail/sub_trajectory__functions.h
[35.508s] -- Installing: /home/vinayak/ws_moveit2/install/moveit_task_constructor_msgs/include/moveit_task_constructor_msgs/moveit_task_constructor_msgs/msg/detail/sub_trajectory__type_support.h
[35.508s] -- Installing: /home/vinayak/ws_moveit2/install/moveit_task_constructor_msgs/include/moveit_task_constructor_msgs/moveit_task_constructor_msgs/msg/detail/task_statistics__type_support.h
[35.508s] -- Installing: /home/vinayak/ws_moveit2/install/moveit_task_constructor_msgs/include/moveit_task_constructor_msgs/moveit_task_constructor_msgs/msg/detail/solution__type_support.h
[35.508s] -- Installing: /home/vinayak/ws_moveit2/install/moveit_task_constructor_msgs/include/moveit_task_constructor_msgs/moveit_task_constructor_msgs/msg/detail/solution_info__struct.h
[35.508s] -- Installing: /home/vinayak/ws_moveit2/install/moveit_task_constructor_msgs/include/moveit_task_constructor_msgs/moveit_task_constructor_msgs/msg/detail/sub_solution__functions.h
[35.508s] -- Installing: /home/vinayak/ws_moveit2/install/moveit_task_constructor_msgs/include/moveit_task_constructor_msgs/moveit_task_constructor_msgs/msg/detail/property__functions.h
[35.508s] -- Installing: /home/vinayak/ws_moveit2/install/moveit_task_constructor_msgs/include/moveit_task_constructor_msgs/moveit_task_constructor_msgs/msg/detail/trajectory_execution_info__functions.c
[35.508s] -- Installing: /home/vinayak/ws_moveit2/install/moveit_task_constructor_msgs/include/moveit_task_constructor_msgs/moveit_task_constructor_msgs/msg/detail/task_description__struct.h
[35.509s] -- Installing: /home/vinayak/ws_moveit2/install/moveit_task_constructor_msgs/include/moveit_task_constructor_msgs/moveit_task_constructor_msgs/msg/detail/sub_solution__type_support.h
[35.509s] -- Installing: /home/vinayak/ws_moveit2/install/moveit_task_constructor_msgs/include/moveit_task_constructor_msgs/moveit_task_constructor_msgs/msg/detail/stage_statistics__struct.h
[35.509s] -- Installing: /home/vinayak/ws_moveit2/install/moveit_task_constructor_msgs/include/moveit_task_constructor_msgs/moveit_task_constructor_msgs/msg/detail/stage_statistics__functions.h
[35.509s] -- Installing: /home/vinayak/ws_moveit2/install/moveit_task_constructor_msgs/include/moveit_task_constructor_msgs/moveit_task_constructor_msgs/msg/detail/stage_statistics__functions.c
[35.509s] -- Installing: /home/vinayak/ws_moveit2/install/moveit_task_constructor_msgs/include/moveit_task_constructor_msgs/moveit_task_constructor_msgs/msg/detail/task_statistics__struct.h
[35.509s] -- Installing: /home/vinayak/ws_moveit2/install/moveit_task_constructor_msgs/include/moveit_task_constructor_msgs/moveit_task_constructor_msgs/msg/trajectory_execution_info.h
[35.509s] -- Installing: /home/vinayak/ws_moveit2/install/moveit_task_constructor_msgs/include/moveit_task_constructor_msgs/moveit_task_constructor_msgs/msg/stage_statistics.h
[35.509s] -- Installing: /home/vinayak/ws_moveit2/install/moveit_task_constructor_msgs/include/moveit_task_constructor_msgs/moveit_task_constructor_msgs/srv
[35.509s] -- Installing: /home/vinayak/ws_moveit2/install/moveit_task_constructor_msgs/include/moveit_task_constructor_msgs/moveit_task_constructor_msgs/srv/get_solution.h
[35.510s] -- Installing: /home/vinayak/ws_moveit2/install/moveit_task_constructor_msgs/include/moveit_task_constructor_msgs/moveit_task_constructor_msgs/srv/detail
[35.510s] -- Installing: /home/vinayak/ws_moveit2/install/moveit_task_constructor_msgs/include/moveit_task_constructor_msgs/moveit_task_constructor_msgs/srv/detail/get_solution__struct.h
[35.510s] -- Installing: /home/vinayak/ws_moveit2/install/moveit_task_constructor_msgs/include/moveit_task_constructor_msgs/moveit_task_constructor_msgs/srv/detail/get_solution__type_support.h
[35.510s] -- Installing: /home/vinayak/ws_moveit2/install/moveit_task_constructor_msgs/include/moveit_task_constructor_msgs/moveit_task_constructor_msgs/srv/detail/get_solution__functions.h
[35.510s] -- Installing: /home/vinayak/ws_moveit2/install/moveit_task_constructor_msgs/include/moveit_task_constructor_msgs/moveit_task_constructor_msgs/srv/detail/get_solution__functions.c
[35.510s] -- Installing: /home/vinayak/ws_moveit2/install/moveit_task_constructor_msgs/share/moveit_task_constructor_msgs/environment/library_path.sh
[35.510s] -- Installing: /home/vinayak/ws_moveit2/install/moveit_task_constructor_msgs/share/moveit_task_constructor_msgs/environment/library_path.dsv
[35.510s] -- Installing: /home/vinayak/ws_moveit2/install/moveit_task_constructor_msgs/lib/libmoveit_task_constructor_msgs__rosidl_generator_c.so
[35.511s] -- Set runtime path of "/home/vinayak/ws_moveit2/install/moveit_task_constructor_msgs/lib/libmoveit_task_constructor_msgs__rosidl_generator_c.so" to ""
[35.511s] -- Up-to-date: /home/vinayak/ws_moveit2/install/moveit_task_constructor_msgs/include/moveit_task_constructor_msgs/moveit_task_constructor_msgs
[35.511s] -- Up-to-date: /home/vinayak/ws_moveit2/install/moveit_task_constructor_msgs/include/moveit_task_constructor_msgs/moveit_task_constructor_msgs/action
[35.511s] -- Up-to-date: /home/vinayak/ws_moveit2/install/moveit_task_constructor_msgs/include/moveit_task_constructor_msgs/moveit_task_constructor_msgs/action/detail
[35.511s] -- Installing: /home/vinayak/ws_moveit2/install/moveit_task_constructor_msgs/include/moveit_task_constructor_msgs/moveit_task_constructor_msgs/action/detail/execute_task_solution__rosidl_typesupport_fastrtps_c.h
[35.511s] -- Up-to-date: /home/vinayak/ws_moveit2/install/moveit_task_constructor_msgs/include/moveit_task_constructor_msgs/moveit_task_constructor_msgs/msg
[35.511s] -- Up-to-date: /home/vinayak/ws_moveit2/install/moveit_task_constructor_msgs/include/moveit_task_constructor_msgs/moveit_task_constructor_msgs/msg/detail
[35.511s] -- Installing: /home/vinayak/ws_moveit2/install/moveit_task_constructor_msgs/include/moveit_task_constructor_msgs/moveit_task_constructor_msgs/msg/detail/task_statistics__rosidl_typesupport_fastrtps_c.h
[35.511s] -- Installing: /home/vinayak/ws_moveit2/install/moveit_task_constructor_msgs/include/moveit_task_constructor_msgs/moveit_task_constructor_msgs/msg/detail/sub_solution__rosidl_typesupport_fastrtps_c.h
[35.512s] -- Installing: /home/vinayak/ws_moveit2/install/moveit_task_constructor_msgs/include/moveit_task_constructor_msgs/moveit_task_constructor_msgs/msg/detail/solution__rosidl_typesupport_fastrtps_c.h
[35.512s] -- Installing: /home/vinayak/ws_moveit2/install/moveit_task_constructor_msgs/include/moveit_task_constructor_msgs/moveit_task_constructor_msgs/msg/detail/property__rosidl_typesupport_fastrtps_c.h
[35.512s] -- Installing: /home/vinayak/ws_moveit2/install/moveit_task_constructor_msgs/include/moveit_task_constructor_msgs/moveit_task_constructor_msgs/msg/detail/stage_description__rosidl_typesupport_fastrtps_c.h
[35.512s] -- Installing: /home/vinayak/ws_moveit2/install/moveit_task_constructor_msgs/include/moveit_task_constructor_msgs/moveit_task_constructor_msgs/msg/detail/stage_statistics__rosidl_typesupport_fastrtps_c.h
[35.512s] -- Installing: /home/vinayak/ws_moveit2/install/moveit_task_constructor_msgs/include/moveit_task_constructor_msgs/moveit_task_constructor_msgs/msg/detail/sub_trajectory__rosidl_typesupport_fastrtps_c.h
[35.512s] -- Installing: /home/vinayak/ws_moveit2/install/moveit_task_constructor_msgs/include/moveit_task_constructor_msgs/moveit_task_constructor_msgs/msg/detail/task_description__rosidl_typesupport_fastrtps_c.h
[35.512s] -- Installing: /home/vinayak/ws_moveit2/install/moveit_task_constructor_msgs/include/moveit_task_constructor_msgs/moveit_task_constructor_msgs/msg/detail/solution_info__rosidl_typesupport_fastrtps_c.h
[35.512s] -- Installing: /home/vinayak/ws_moveit2/install/moveit_task_constructor_msgs/include/moveit_task_constructor_msgs/moveit_task_constructor_msgs/msg/detail/trajectory_execution_info__rosidl_typesupport_fastrtps_c.h
[35.512s] -- Installing: /home/vinayak/ws_moveit2/install/moveit_task_constructor_msgs/include/moveit_task_constructor_msgs/moveit_task_constructor_msgs/msg/rosidl_typesupport_fastrtps_c__visibility_control.h
[35.513s] -- Up-to-date: /home/vinayak/ws_moveit2/install/moveit_task_constructor_msgs/include/moveit_task_constructor_msgs/moveit_task_constructor_msgs/srv
[35.513s] -- Up-to-date: /home/vinayak/ws_moveit2/install/moveit_task_constructor_msgs/include/moveit_task_constructor_msgs/moveit_task_constructor_msgs/srv/detail
[35.513s] -- Installing: /home/vinayak/ws_moveit2/install/moveit_task_constructor_msgs/include/moveit_task_constructor_msgs/moveit_task_constructor_msgs/srv/detail/get_solution__rosidl_typesupport_fastrtps_c.h
[35.513s] -- Installing: /home/vinayak/ws_moveit2/install/moveit_task_constructor_msgs/lib/libmoveit_task_constructor_msgs__rosidl_typesupport_fastrtps_c.so
[35.513s] -- Set runtime path of "/home/vinayak/ws_moveit2/install/moveit_task_constructor_msgs/lib/libmoveit_task_constructor_msgs__rosidl_typesupport_fastrtps_c.so" to ""
[35.513s] -- Up-to-date: /home/vinayak/ws_moveit2/install/moveit_task_constructor_msgs/include/moveit_task_constructor_msgs/moveit_task_constructor_msgs
[35.513s] -- Up-to-date: /home/vinayak/ws_moveit2/install/moveit_task_constructor_msgs/include/moveit_task_constructor_msgs/moveit_task_constructor_msgs/action
[35.513s] -- Installing: /home/vinayak/ws_moveit2/install/moveit_task_constructor_msgs/include/moveit_task_constructor_msgs/moveit_task_constructor_msgs/action/execute_task_solution.hpp
[35.513s] -- Up-to-date: /home/vinayak/ws_moveit2/install/moveit_task_constructor_msgs/include/moveit_task_constructor_msgs/moveit_task_constructor_msgs/action/detail
[35.514s] -- Installing: /home/vinayak/ws_moveit2/install/moveit_task_constructor_msgs/include/moveit_task_constructor_msgs/moveit_task_constructor_msgs/action/detail/execute_task_solution__traits.hpp
[35.514s] -- Installing: /home/vinayak/ws_moveit2/install/moveit_task_constructor_msgs/include/moveit_task_constructor_msgs/moveit_task_constructor_msgs/action/detail/execute_task_solution__type_support.hpp
[35.514s] -- Installing: /home/vinayak/ws_moveit2/install/moveit_task_constructor_msgs/include/moveit_task_constructor_msgs/moveit_task_constructor_msgs/action/detail/execute_task_solution__builder.hpp
[35.514s] -- Installing: /home/vinayak/ws_moveit2/install/moveit_task_constructor_msgs/include/moveit_task_constructor_msgs/moveit_task_constructor_msgs/action/detail/execute_task_solution__struct.hpp
[35.514s] -- Up-to-date: /home/vinayak/ws_moveit2/install/moveit_task_constructor_msgs/include/moveit_task_constructor_msgs/moveit_task_constructor_msgs/msg
[35.514s] -- Installing: /home/vinayak/ws_moveit2/install/moveit_task_constructor_msgs/include/moveit_task_constructor_msgs/moveit_task_constructor_msgs/msg/task_description.hpp
[35.514s] -- Installing: /home/vinayak/ws_moveit2/install/moveit_task_constructor_msgs/include/moveit_task_constructor_msgs/moveit_task_constructor_msgs/msg/sub_solution.hpp
[35.514s] -- Installing: /home/vinayak/ws_moveit2/install/moveit_task_constructor_msgs/include/moveit_task_constructor_msgs/moveit_task_constructor_msgs/msg/task_statistics.hpp
[35.515s] -- Installing: /home/vinayak/ws_moveit2/install/moveit_task_constructor_msgs/include/moveit_task_constructor_msgs/moveit_task_constructor_msgs/msg/rosidl_generator_cpp__visibility_control.hpp
[35.515s] -- Installing: /home/vinayak/ws_moveit2/install/moveit_task_constructor_msgs/include/moveit_task_constructor_msgs/moveit_task_constructor_msgs/msg/solution_info.hpp
[35.515s] -- Installing: /home/vinayak/ws_moveit2/install/moveit_task_constructor_msgs/include/moveit_task_constructor_msgs/moveit_task_constructor_msgs/msg/trajectory_execution_info.hpp
[35.515s] -- Installing: /home/vinayak/ws_moveit2/install/moveit_task_constructor_msgs/include/moveit_task_constructor_msgs/moveit_task_constructor_msgs/msg/solution.hpp
[35.515s] -- Installing: /home/vinayak/ws_moveit2/install/moveit_task_constructor_msgs/include/moveit_task_constructor_msgs/moveit_task_constructor_msgs/msg/stage_statistics.hpp
[35.515s] -- Installing: /home/vinayak/ws_moveit2/install/moveit_task_constructor_msgs/include/moveit_task_constructor_msgs/moveit_task_constructor_msgs/msg/property.hpp
[35.515s] -- Up-to-date: /home/vinayak/ws_moveit2/install/moveit_task_constructor_msgs/include/moveit_task_constructor_msgs/moveit_task_constructor_msgs/msg/detail
[35.515s] -- Installing: /home/vinayak/ws_moveit2/install/moveit_task_constructor_msgs/include/moveit_task_constructor_msgs/moveit_task_constructor_msgs/msg/detail/task_statistics__struct.hpp
[35.515s] -- Installing: /home/vinayak/ws_moveit2/install/moveit_task_constructor_msgs/include/moveit_task_constructor_msgs/moveit_task_constructor_msgs/msg/detail/stage_description__traits.hpp
[35.515s] -- Installing: /home/vinayak/ws_moveit2/install/moveit_task_constructor_msgs/include/moveit_task_constructor_msgs/moveit_task_constructor_msgs/msg/detail/sub_solution__traits.hpp
[35.515s] -- Installing: /home/vinayak/ws_moveit2/install/moveit_task_constructor_msgs/include/moveit_task_constructor_msgs/moveit_task_constructor_msgs/msg/detail/solution__builder.hpp
[35.516s] -- Installing: /home/vinayak/ws_moveit2/install/moveit_task_constructor_msgs/include/moveit_task_constructor_msgs/moveit_task_constructor_msgs/msg/detail/trajectory_execution_info__type_support.hpp
[35.516s] -- Installing: /home/vinayak/ws_moveit2/install/moveit_task_constructor_msgs/include/moveit_task_constructor_msgs/moveit_task_constructor_msgs/msg/detail/sub_trajectory__traits.hpp
[35.516s] -- Installing: /home/vinayak/ws_moveit2/install/moveit_task_constructor_msgs/include/moveit_task_constructor_msgs/moveit_task_constructor_msgs/msg/detail/stage_description__struct.hpp
[35.516s] -- Installing: /home/vinayak/ws_moveit2/install/moveit_task_constructor_msgs/include/moveit_task_constructor_msgs/moveit_task_constructor_msgs/msg/detail/trajectory_execution_info__builder.hpp
[35.516s] -- Installing: /home/vinayak/ws_moveit2/install/moveit_task_constructor_msgs/include/moveit_task_constructor_msgs/moveit_task_constructor_msgs/msg/detail/stage_statistics__traits.hpp
[35.516s] -- Installing: /home/vinayak/ws_moveit2/install/moveit_task_constructor_msgs/include/moveit_task_constructor_msgs/moveit_task_constructor_msgs/msg/detail/task_description__traits.hpp
[35.516s] -- Installing: /home/vinayak/ws_moveit2/install/moveit_task_constructor_msgs/include/moveit_task_constructor_msgs/moveit_task_constructor_msgs/msg/detail/trajectory_execution_info__traits.hpp
[35.516s] -- Installing: /home/vinayak/ws_moveit2/install/moveit_task_constructor_msgs/include/moveit_task_constructor_msgs/moveit_task_constructor_msgs/msg/detail/property__type_support.hpp
[35.517s] -- Installing: /home/vinayak/ws_moveit2/install/moveit_task_constructor_msgs/include/moveit_task_constructor_msgs/moveit_task_constructor_msgs/msg/detail/task_description__type_support.hpp
[35.517s] -- Installing: /home/vinayak/ws_moveit2/install/moveit_task_constructor_msgs/include/moveit_task_constructor_msgs/moveit_task_constructor_msgs/msg/detail/task_description__builder.hpp
[35.517s] -- Installing: /home/vinayak/ws_moveit2/install/moveit_task_constructor_msgs/include/moveit_task_constructor_msgs/moveit_task_constructor_msgs/msg/detail/trajectory_execution_info__struct.hpp
[35.517s] -- Installing: /home/vinayak/ws_moveit2/install/moveit_task_constructor_msgs/include/moveit_task_constructor_msgs/moveit_task_constructor_msgs/msg/detail/solution_info__traits.hpp
[35.517s] -- Installing: /home/vinayak/ws_moveit2/install/moveit_task_constructor_msgs/include/moveit_task_constructor_msgs/moveit_task_constructor_msgs/msg/detail/solution_info__type_support.hpp
[35.517s] -- Installing: /home/vinayak/ws_moveit2/install/moveit_task_constructor_msgs/include/moveit_task_constructor_msgs/moveit_task_constructor_msgs/msg/detail/stage_description__builder.hpp
[35.517s] -- Installing: /home/vinayak/ws_moveit2/install/moveit_task_constructor_msgs/include/moveit_task_constructor_msgs/moveit_task_constructor_msgs/msg/detail/solution__traits.hpp
[35.517s] -- Installing: /home/vinayak/ws_moveit2/install/moveit_task_constructor_msgs/include/moveit_task_constructor_msgs/moveit_task_constructor_msgs/msg/detail/property__traits.hpp
[35.517s] -- Installing: /home/vinayak/ws_moveit2/install/moveit_task_constructor_msgs/include/moveit_task_constructor_msgs/moveit_task_constructor_msgs/msg/detail/property__struct.hpp
[35.518s] -- Installing: /home/vinayak/ws_moveit2/install/moveit_task_constructor_msgs/include/moveit_task_constructor_msgs/moveit_task_constructor_msgs/msg/detail/task_statistics__builder.hpp
[35.518s] -- Installing: /home/vinayak/ws_moveit2/install/moveit_task_constructor_msgs/include/moveit_task_constructor_msgs/moveit_task_constructor_msgs/msg/detail/sub_solution__builder.hpp
[35.518s] -- Installing: /home/vinayak/ws_moveit2/install/moveit_task_constructor_msgs/include/moveit_task_constructor_msgs/moveit_task_constructor_msgs/msg/detail/task_statistics__traits.hpp
[35.518s] -- Installing: /home/vinayak/ws_moveit2/install/moveit_task_constructor_msgs/include/moveit_task_constructor_msgs/moveit_task_constructor_msgs/msg/detail/sub_trajectory__builder.hpp
[35.518s] -- Installing: /home/vinayak/ws_moveit2/install/moveit_task_constructor_msgs/include/moveit_task_constructor_msgs/moveit_task_constructor_msgs/msg/detail/stage_statistics__builder.hpp
[35.518s] -- Installing: /home/vinayak/ws_moveit2/install/moveit_task_constructor_msgs/include/moveit_task_constructor_msgs/moveit_task_constructor_msgs/msg/detail/property__builder.hpp
[35.518s] -- Installing: /home/vinayak/ws_moveit2/install/moveit_task_constructor_msgs/include/moveit_task_constructor_msgs/moveit_task_constructor_msgs/msg/detail/sub_solution__type_support.hpp
[35.518s] -- Installing: /home/vinayak/ws_moveit2/install/moveit_task_constructor_msgs/include/moveit_task_constructor_msgs/moveit_task_constructor_msgs/msg/detail/solution_info__builder.hpp
[35.519s] -- Installing: /home/vinayak/ws_moveit2/install/moveit_task_constructor_msgs/include/moveit_task_constructor_msgs/moveit_task_constructor_msgs/msg/detail/stage_statistics__struct.hpp
[35.519s] -- Installing: /home/vinayak/ws_moveit2/install/moveit_task_constructor_msgs/include/moveit_task_constructor_msgs/moveit_task_constructor_msgs/msg/detail/solution__type_support.hpp
[35.519s] -- Installing: /home/vinayak/ws_moveit2/install/moveit_task_constructor_msgs/include/moveit_task_constructor_msgs/moveit_task_constructor_msgs/msg/detail/stage_description__type_support.hpp
[35.519s] -- Installing: /home/vinayak/ws_moveit2/install/moveit_task_constructor_msgs/include/moveit_task_constructor_msgs/moveit_task_constructor_msgs/msg/detail/sub_trajectory__struct.hpp
[35.519s] -- Installing: /home/vinayak/ws_moveit2/install/moveit_task_constructor_msgs/include/moveit_task_constructor_msgs/moveit_task_constructor_msgs/msg/detail/sub_trajectory__type_support.hpp
[35.519s] -- Installing: /home/vinayak/ws_moveit2/install/moveit_task_constructor_msgs/include/moveit_task_constructor_msgs/moveit_task_constructor_msgs/msg/detail/task_statistics__type_support.hpp
[35.519s] -- Installing: /home/vinayak/ws_moveit2/install/moveit_task_constructor_msgs/include/moveit_task_constructor_msgs/moveit_task_constructor_msgs/msg/detail/solution__struct.hpp
[35.519s] -- Installing: /home/vinayak/ws_moveit2/install/moveit_task_constructor_msgs/include/moveit_task_constructor_msgs/moveit_task_constructor_msgs/msg/detail/sub_solution__struct.hpp
[35.519s] -- Installing: /home/vinayak/ws_moveit2/install/moveit_task_constructor_msgs/include/moveit_task_constructor_msgs/moveit_task_constructor_msgs/msg/detail/task_description__struct.hpp
[35.520s] -- Installing: /home/vinayak/ws_moveit2/install/moveit_task_constructor_msgs/include/moveit_task_constructor_msgs/moveit_task_constructor_msgs/msg/detail/solution_info__struct.hpp
[35.520s] -- Installing: /home/vinayak/ws_moveit2/install/moveit_task_constructor_msgs/include/moveit_task_constructor_msgs/moveit_task_constructor_msgs/msg/detail/stage_statistics__type_support.hpp
[35.520s] -- Installing: /home/vinayak/ws_moveit2/install/moveit_task_constructor_msgs/include/moveit_task_constructor_msgs/moveit_task_constructor_msgs/msg/stage_description.hpp
[35.520s] -- Installing: /home/vinayak/ws_moveit2/install/moveit_task_constructor_msgs/include/moveit_task_constructor_msgs/moveit_task_constructor_msgs/msg/sub_trajectory.hpp
[35.520s] -- Up-to-date: /home/vinayak/ws_moveit2/install/moveit_task_constructor_msgs/include/moveit_task_constructor_msgs/moveit_task_constructor_msgs/srv
[35.520s] -- Installing: /home/vinayak/ws_moveit2/install/moveit_task_constructor_msgs/include/moveit_task_constructor_msgs/moveit_task_constructor_msgs/srv/get_solution.hpp
[35.520s] -- Up-to-date: /home/vinayak/ws_moveit2/install/moveit_task_constructor_msgs/include/moveit_task_constructor_msgs/moveit_task_constructor_msgs/srv/detail
[35.520s] -- Installing: /home/vinayak/ws_moveit2/install/moveit_task_constructor_msgs/include/moveit_task_constructor_msgs/moveit_task_constructor_msgs/srv/detail/get_solution__type_support.hpp
[35.521s] -- Installing: /home/vinayak/ws_moveit2/install/moveit_task_constructor_msgs/include/moveit_task_constructor_msgs/moveit_task_constructor_msgs/srv/detail/get_solution__builder.hpp
[35.521s] -- Installing: /home/vinayak/ws_moveit2/install/moveit_task_constructor_msgs/include/moveit_task_constructor_msgs/moveit_task_constructor_msgs/srv/detail/get_solution__traits.hpp
[35.521s] -- Installing: /home/vinayak/ws_moveit2/install/moveit_task_constructor_msgs/include/moveit_task_constructor_msgs/moveit_task_constructor_msgs/srv/detail/get_solution__struct.hpp
[35.521s] -- Up-to-date: /home/vinayak/ws_moveit2/install/moveit_task_constructor_msgs/include/moveit_task_constructor_msgs/moveit_task_constructor_msgs
[35.521s] -- Up-to-date: /home/vinayak/ws_moveit2/install/moveit_task_constructor_msgs/include/moveit_task_constructor_msgs/moveit_task_constructor_msgs/action
[35.521s] -- Up-to-date: /home/vinayak/ws_moveit2/install/moveit_task_constructor_msgs/include/moveit_task_constructor_msgs/moveit_task_constructor_msgs/action/detail
[35.521s] -- Installing: /home/vinayak/ws_moveit2/install/moveit_task_constructor_msgs/include/moveit_task_constructor_msgs/moveit_task_constructor_msgs/action/detail/execute_task_solution__rosidl_typesupport_fastrtps_cpp.hpp
[35.521s] -- Installing: /home/vinayak/ws_moveit2/install/moveit_task_constructor_msgs/include/moveit_task_constructor_msgs/moveit_task_constructor_msgs/action/detail/dds_fastrtps
[35.522s] -- Up-to-date: /home/vinayak/ws_moveit2/install/moveit_task_constructor_msgs/include/moveit_task_constructor_msgs/moveit_task_constructor_msgs/msg
[35.522s] -- Installing: /home/vinayak/ws_moveit2/install/moveit_task_constructor_msgs/include/moveit_task_constructor_msgs/moveit_task_constructor_msgs/msg/rosidl_typesupport_fastrtps_cpp__visibility_control.h
[35.522s] -- Up-to-date: /home/vinayak/ws_moveit2/install/moveit_task_constructor_msgs/include/moveit_task_constructor_msgs/moveit_task_constructor_msgs/msg/detail
[35.522s] -- Installing: /home/vinayak/ws_moveit2/install/moveit_task_constructor_msgs/include/moveit_task_constructor_msgs/moveit_task_constructor_msgs/msg/detail/trajectory_execution_info__rosidl_typesupport_fastrtps_cpp.hpp
[35.522s] -- Installing: /home/vinayak/ws_moveit2/install/moveit_task_constructor_msgs/include/moveit_task_constructor_msgs/moveit_task_constructor_msgs/msg/detail/solution_info__rosidl_typesupport_fastrtps_cpp.hpp
[35.522s] -- Installing: /home/vinayak/ws_moveit2/install/moveit_task_constructor_msgs/include/moveit_task_constructor_msgs/moveit_task_constructor_msgs/msg/detail/task_description__rosidl_typesupport_fastrtps_cpp.hpp
[35.522s] -- Installing: /home/vinayak/ws_moveit2/install/moveit_task_constructor_msgs/include/moveit_task_constructor_msgs/moveit_task_constructor_msgs/msg/detail/property__rosidl_typesupport_fastrtps_cpp.hpp
[35.522s] -- Installing: /home/vinayak/ws_moveit2/install/moveit_task_constructor_msgs/include/moveit_task_constructor_msgs/moveit_task_constructor_msgs/msg/detail/sub_trajectory__rosidl_typesupport_fastrtps_cpp.hpp
[35.523s] -- Installing: /home/vinayak/ws_moveit2/install/moveit_task_constructor_msgs/include/moveit_task_constructor_msgs/moveit_task_constructor_msgs/msg/detail/stage_description__rosidl_typesupport_fastrtps_cpp.hpp
[35.523s] -- Installing: /home/vinayak/ws_moveit2/install/moveit_task_constructor_msgs/include/moveit_task_constructor_msgs/moveit_task_constructor_msgs/msg/detail/task_statistics__rosidl_typesupport_fastrtps_cpp.hpp
[35.523s] -- Installing: /home/vinayak/ws_moveit2/install/moveit_task_constructor_msgs/include/moveit_task_constructor_msgs/moveit_task_constructor_msgs/msg/detail/sub_solution__rosidl_typesupport_fastrtps_cpp.hpp
[35.523s] -- Installing: /home/vinayak/ws_moveit2/install/moveit_task_constructor_msgs/include/moveit_task_constructor_msgs/moveit_task_constructor_msgs/msg/detail/dds_fastrtps
[35.523s] -- Installing: /home/vinayak/ws_moveit2/install/moveit_task_constructor_msgs/include/moveit_task_constructor_msgs/moveit_task_constructor_msgs/msg/detail/solution__rosidl_typesupport_fastrtps_cpp.hpp
[35.523s] -- Installing: /home/vinayak/ws_moveit2/install/moveit_task_constructor_msgs/include/moveit_task_constructor_msgs/moveit_task_constructor_msgs/msg/detail/stage_statistics__rosidl_typesupport_fastrtps_cpp.hpp
[35.523s] -- Up-to-date: /home/vinayak/ws_moveit2/install/moveit_task_constructor_msgs/include/moveit_task_constructor_msgs/moveit_task_constructor_msgs/srv
[35.523s] -- Up-to-date: /home/vinayak/ws_moveit2/install/moveit_task_constructor_msgs/include/moveit_task_constructor_msgs/moveit_task_constructor_msgs/srv/detail
[35.524s] -- Installing: /home/vinayak/ws_moveit2/install/moveit_task_constructor_msgs/include/moveit_task_constructor_msgs/moveit_task_constructor_msgs/srv/detail/get_solution__rosidl_typesupport_fastrtps_cpp.hpp
[35.524s] -- Installing: /home/vinayak/ws_moveit2/install/moveit_task_constructor_msgs/include/moveit_task_constructor_msgs/moveit_task_constructor_msgs/srv/detail/dds_fastrtps
[35.524s] -- Installing: /home/vinayak/ws_moveit2/install/moveit_task_constructor_msgs/lib/libmoveit_task_constructor_msgs__rosidl_typesupport_fastrtps_cpp.so
[35.524s] -- Set runtime path of "/home/vinayak/ws_moveit2/install/moveit_task_constructor_msgs/lib/libmoveit_task_constructor_msgs__rosidl_typesupport_fastrtps_cpp.so" to ""
[35.524s] -- Up-to-date: /home/vinayak/ws_moveit2/install/moveit_task_constructor_msgs/include/moveit_task_constructor_msgs/moveit_task_constructor_msgs
[35.524s] -- Up-to-date: /home/vinayak/ws_moveit2/install/moveit_task_constructor_msgs/include/moveit_task_constructor_msgs/moveit_task_constructor_msgs/action
[35.524s] -- Up-to-date: /home/vinayak/ws_moveit2/install/moveit_task_constructor_msgs/include/moveit_task_constructor_msgs/moveit_task_constructor_msgs/action/detail
[35.524s] -- Installing: /home/vinayak/ws_moveit2/install/moveit_task_constructor_msgs/include/moveit_task_constructor_msgs/moveit_task_constructor_msgs/action/detail/execute_task_solution__type_support.c
[35.525s] -- Installing: /home/vinayak/ws_moveit2/install/moveit_task_constructor_msgs/include/moveit_task_constructor_msgs/moveit_task_constructor_msgs/action/detail/execute_task_solution__rosidl_typesupport_introspection_c.h
[35.525s] -- Up-to-date: /home/vinayak/ws_moveit2/install/moveit_task_constructor_msgs/include/moveit_task_constructor_msgs/moveit_task_constructor_msgs/msg
[35.525s] -- Up-to-date: /home/vinayak/ws_moveit2/install/moveit_task_constructor_msgs/include/moveit_task_constructor_msgs/moveit_task_constructor_msgs/msg/detail
[35.525s] -- Installing: /home/vinayak/ws_moveit2/install/moveit_task_constructor_msgs/include/moveit_task_constructor_msgs/moveit_task_constructor_msgs/msg/detail/solution__rosidl_typesupport_introspection_c.h
[35.525s] -- Installing: /home/vinayak/ws_moveit2/install/moveit_task_constructor_msgs/include/moveit_task_constructor_msgs/moveit_task_constructor_msgs/msg/detail/solution_info__type_support.c
[35.525s] -- Installing: /home/vinayak/ws_moveit2/install/moveit_task_constructor_msgs/include/moveit_task_constructor_msgs/moveit_task_constructor_msgs/msg/detail/sub_trajectory__type_support.c
[35.525s] -- Installing: /home/vinayak/ws_moveit2/install/moveit_task_constructor_msgs/include/moveit_task_constructor_msgs/moveit_task_constructor_msgs/msg/detail/task_description__type_support.c
[35.525s] -- Installing: /home/vinayak/ws_moveit2/install/moveit_task_constructor_msgs/include/moveit_task_constructor_msgs/moveit_task_constructor_msgs/msg/detail/trajectory_execution_info__type_support.c
[35.525s] -- Installing: /home/vinayak/ws_moveit2/install/moveit_task_constructor_msgs/include/moveit_task_constructor_msgs/moveit_task_constructor_msgs/msg/detail/solution_info__rosidl_typesupport_introspection_c.h
[35.526s] -- Installing: /home/vinayak/ws_moveit2/install/moveit_task_constructor_msgs/include/moveit_task_constructor_msgs/moveit_task_constructor_msgs/msg/detail/stage_description__type_support.c
[35.526s] -- Installing: /home/vinayak/ws_moveit2/install/moveit_task_constructor_msgs/include/moveit_task_constructor_msgs/moveit_task_constructor_msgs/msg/detail/task_statistics__type_support.c
[35.526s] -- Installing: /home/vinayak/ws_moveit2/install/moveit_task_constructor_msgs/include/moveit_task_constructor_msgs/moveit_task_constructor_msgs/msg/detail/sub_solution__type_support.c
[35.526s] -- Installing: /home/vinayak/ws_moveit2/install/moveit_task_constructor_msgs/include/moveit_task_constructor_msgs/moveit_task_constructor_msgs/msg/detail/sub_trajectory__rosidl_typesupport_introspection_c.h
[35.526s] -- Installing: /home/vinayak/ws_moveit2/install/moveit_task_constructor_msgs/include/moveit_task_constructor_msgs/moveit_task_constructor_msgs/msg/detail/sub_solution__rosidl_typesupport_introspection_c.h
[35.526s] -- Installing: /home/vinayak/ws_moveit2/install/moveit_task_constructor_msgs/include/moveit_task_constructor_msgs/moveit_task_constructor_msgs/msg/detail/task_description__rosidl_typesupport_introspection_c.h
[35.526s] -- Installing: /home/vinayak/ws_moveit2/install/moveit_task_constructor_msgs/include/moveit_task_constructor_msgs/moveit_task_constructor_msgs/msg/detail/solution__type_support.c
[35.527s] -- Installing: /home/vinayak/ws_moveit2/install/moveit_task_constructor_msgs/include/moveit_task_constructor_msgs/moveit_task_constructor_msgs/msg/detail/stage_statistics__type_support.c
[35.527s] -- Installing: /home/vinayak/ws_moveit2/install/moveit_task_constructor_msgs/include/moveit_task_constructor_msgs/moveit_task_constructor_msgs/msg/detail/property__rosidl_typesupport_introspection_c.h
[35.527s] -- Installing: /home/vinayak/ws_moveit2/install/moveit_task_constructor_msgs/include/moveit_task_constructor_msgs/moveit_task_constructor_msgs/msg/detail/stage_description__rosidl_typesupport_introspection_c.h
[35.527s] -- Installing: /home/vinayak/ws_moveit2/install/moveit_task_constructor_msgs/include/moveit_task_constructor_msgs/moveit_task_constructor_msgs/msg/detail/stage_statistics__rosidl_typesupport_introspection_c.h
[35.527s] -- Installing: /home/vinayak/ws_moveit2/install/moveit_task_constructor_msgs/include/moveit_task_constructor_msgs/moveit_task_constructor_msgs/msg/detail/property__type_support.c
[35.527s] -- Installing: /home/vinayak/ws_moveit2/install/moveit_task_constructor_msgs/include/moveit_task_constructor_msgs/moveit_task_constructor_msgs/msg/detail/trajectory_execution_info__rosidl_typesupport_introspection_c.h
[35.527s] -- Installing: /home/vinayak/ws_moveit2/install/moveit_task_constructor_msgs/include/moveit_task_constructor_msgs/moveit_task_constructor_msgs/msg/detail/task_statistics__rosidl_typesupport_introspection_c.h
[35.528s] -- Installing: /home/vinayak/ws_moveit2/install/moveit_task_constructor_msgs/include/moveit_task_constructor_msgs/moveit_task_constructor_msgs/msg/rosidl_typesupport_introspection_c__visibility_control.h
[35.528s] -- Up-to-date: /home/vinayak/ws_moveit2/install/moveit_task_constructor_msgs/include/moveit_task_constructor_msgs/moveit_task_constructor_msgs/srv
[35.528s] -- Up-to-date: /home/vinayak/ws_moveit2/install/moveit_task_constructor_msgs/include/moveit_task_constructor_msgs/moveit_task_constructor_msgs/srv/detail
[35.528s] -- Installing: /home/vinayak/ws_moveit2/install/moveit_task_constructor_msgs/include/moveit_task_constructor_msgs/moveit_task_constructor_msgs/srv/detail/get_solution__type_support.c
[35.528s] -- Installing: /home/vinayak/ws_moveit2/install/moveit_task_constructor_msgs/include/moveit_task_constructor_msgs/moveit_task_constructor_msgs/srv/detail/get_solution__rosidl_typesupport_introspection_c.h
[35.528s] -- Installing: /home/vinayak/ws_moveit2/install/moveit_task_constructor_msgs/lib/libmoveit_task_constructor_msgs__rosidl_typesupport_introspection_c.so
[35.528s] -- Set runtime path of "/home/vinayak/ws_moveit2/install/moveit_task_constructor_msgs/lib/libmoveit_task_constructor_msgs__rosidl_typesupport_introspection_c.so" to ""
[35.528s] -- Installing: /home/vinayak/ws_moveit2/install/moveit_task_constructor_msgs/lib/libmoveit_task_constructor_msgs__rosidl_typesupport_c.so
[35.529s] -- Set runtime path of "/home/vinayak/ws_moveit2/install/moveit_task_constructor_msgs/lib/libmoveit_task_constructor_msgs__rosidl_typesupport_c.so" to ""
[35.529s] -- Up-to-date: /home/vinayak/ws_moveit2/install/moveit_task_constructor_msgs/include/moveit_task_constructor_msgs/moveit_task_constructor_msgs
[35.529s] -- Up-to-date: /home/vinayak/ws_moveit2/install/moveit_task_constructor_msgs/include/moveit_task_constructor_msgs/moveit_task_constructor_msgs/action
[35.529s] -- Up-to-date: /home/vinayak/ws_moveit2/install/moveit_task_constructor_msgs/include/moveit_task_constructor_msgs/moveit_task_constructor_msgs/action/detail
[35.529s] -- Installing: /home/vinayak/ws_moveit2/install/moveit_task_constructor_msgs/include/moveit_task_constructor_msgs/moveit_task_constructor_msgs/action/detail/execute_task_solution__type_support.cpp
[35.529s] -- Installing: /home/vinayak/ws_moveit2/install/moveit_task_constructor_msgs/include/moveit_task_constructor_msgs/moveit_task_constructor_msgs/action/detail/execute_task_solution__rosidl_typesupport_introspection_cpp.hpp
[35.529s] -- Up-to-date: /home/vinayak/ws_moveit2/install/moveit_task_constructor_msgs/include/moveit_task_constructor_msgs/moveit_task_constructor_msgs/msg
[35.530s] -- Up-to-date: /home/vinayak/ws_moveit2/install/moveit_task_constructor_msgs/include/moveit_task_constructor_msgs/moveit_task_constructor_msgs/msg/detail
[35.530s] -- Installing: /home/vinayak/ws_moveit2/install/moveit_task_constructor_msgs/include/moveit_task_constructor_msgs/moveit_task_constructor_msgs/msg/detail/stage_statistics__type_support.cpp
[35.530s] -- Installing: /home/vinayak/ws_moveit2/install/moveit_task_constructor_msgs/include/moveit_task_constructor_msgs/moveit_task_constructor_msgs/msg/detail/sub_trajectory__rosidl_typesupport_introspection_cpp.hpp
[35.530s] -- Installing: /home/vinayak/ws_moveit2/install/moveit_task_constructor_msgs/include/moveit_task_constructor_msgs/moveit_task_constructor_msgs/msg/detail/solution_info__type_support.cpp
[35.531s] -- Installing: /home/vinayak/ws_moveit2/install/moveit_task_constructor_msgs/include/moveit_task_constructor_msgs/moveit_task_constructor_msgs/msg/detail/solution__rosidl_typesupport_introspection_cpp.hpp
[35.531s] -- Installing: /home/vinayak/ws_moveit2/install/moveit_task_constructor_msgs/include/moveit_task_constructor_msgs/moveit_task_constructor_msgs/msg/detail/task_statistics__rosidl_typesupport_introspection_cpp.hpp
[35.531s] -- Installing: /home/vinayak/ws_moveit2/install/moveit_task_constructor_msgs/include/moveit_task_constructor_msgs/moveit_task_constructor_msgs/msg/detail/solution__type_support.cpp
[35.531s] -- Installing: /home/vinayak/ws_moveit2/install/moveit_task_constructor_msgs/include/moveit_task_constructor_msgs/moveit_task_constructor_msgs/msg/detail/sub_solution__rosidl_typesupport_introspection_cpp.hpp
[35.531s] -- Installing: /home/vinayak/ws_moveit2/install/moveit_task_constructor_msgs/include/moveit_task_constructor_msgs/moveit_task_constructor_msgs/msg/detail/task_description__rosidl_typesupport_introspection_cpp.hpp
[35.531s] -- Installing: /home/vinayak/ws_moveit2/install/moveit_task_constructor_msgs/include/moveit_task_constructor_msgs/moveit_task_constructor_msgs/msg/detail/property__type_support.cpp
[35.531s] -- Installing: /home/vinayak/ws_moveit2/install/moveit_task_constructor_msgs/include/moveit_task_constructor_msgs/moveit_task_constructor_msgs/msg/detail/trajectory_execution_info__type_support.cpp
[35.531s] -- Installing: /home/vinayak/ws_moveit2/install/moveit_task_constructor_msgs/include/moveit_task_constructor_msgs/moveit_task_constructor_msgs/msg/detail/task_description__type_support.cpp
[35.532s] -- Installing: /home/vinayak/ws_moveit2/install/moveit_task_constructor_msgs/include/moveit_task_constructor_msgs/moveit_task_constructor_msgs/msg/detail/stage_description__rosidl_typesupport_introspection_cpp.hpp
[35.532s] -- Installing: /home/vinayak/ws_moveit2/install/moveit_task_constructor_msgs/include/moveit_task_constructor_msgs/moveit_task_constructor_msgs/msg/detail/trajectory_execution_info__rosidl_typesupport_introspection_cpp.hpp
[35.532s] -- Installing: /home/vinayak/ws_moveit2/install/moveit_task_constructor_msgs/include/moveit_task_constructor_msgs/moveit_task_constructor_msgs/msg/detail/sub_solution__type_support.cpp
[35.533s] -- Installing: /home/vinayak/ws_moveit2/install/moveit_task_constructor_msgs/include/moveit_task_constructor_msgs/moveit_task_constructor_msgs/msg/detail/solution_info__rosidl_typesupport_introspection_cpp.hpp
[35.533s] -- Installing: /home/vinayak/ws_moveit2/install/moveit_task_constructor_msgs/include/moveit_task_constructor_msgs/moveit_task_constructor_msgs/msg/detail/task_statistics__type_support.cpp
[35.533s] -- Installing: /home/vinayak/ws_moveit2/install/moveit_task_constructor_msgs/include/moveit_task_constructor_msgs/moveit_task_constructor_msgs/msg/detail/property__rosidl_typesupport_introspection_cpp.hpp
[35.533s] -- Installing: /home/vinayak/ws_moveit2/install/moveit_task_constructor_msgs/include/moveit_task_constructor_msgs/moveit_task_constructor_msgs/msg/detail/sub_trajectory__type_support.cpp
[35.533s] -- Installing: /home/vinayak/ws_moveit2/install/moveit_task_constructor_msgs/include/moveit_task_constructor_msgs/moveit_task_constructor_msgs/msg/detail/stage_description__type_support.cpp
[35.533s] -- Installing: /home/vinayak/ws_moveit2/install/moveit_task_constructor_msgs/include/moveit_task_constructor_msgs/moveit_task_constructor_msgs/msg/detail/stage_statistics__rosidl_typesupport_introspection_cpp.hpp
[35.533s] -- Up-to-date: /home/vinayak/ws_moveit2/install/moveit_task_constructor_msgs/include/moveit_task_constructor_msgs/moveit_task_constructor_msgs/srv
[35.533s] -- Up-to-date: /home/vinayak/ws_moveit2/install/moveit_task_constructor_msgs/include/moveit_task_constructor_msgs/moveit_task_constructor_msgs/srv/detail
[35.533s] -- Installing: /home/vinayak/ws_moveit2/install/moveit_task_constructor_msgs/include/moveit_task_constructor_msgs/moveit_task_constructor_msgs/srv/detail/get_solution__rosidl_typesupport_introspection_cpp.hpp
[35.534s] -- Installing: /home/vinayak/ws_moveit2/install/moveit_task_constructor_msgs/include/moveit_task_constructor_msgs/moveit_task_constructor_msgs/srv/detail/get_solution__type_support.cpp
[35.534s] -- Installing: /home/vinayak/ws_moveit2/install/moveit_task_constructor_msgs/lib/libmoveit_task_constructor_msgs__rosidl_typesupport_introspection_cpp.so
[35.534s] -- Set runtime path of "/home/vinayak/ws_moveit2/install/moveit_task_constructor_msgs/lib/libmoveit_task_constructor_msgs__rosidl_typesupport_introspection_cpp.so" to ""
[35.534s] -- Installing: /home/vinayak/ws_moveit2/install/moveit_task_constructor_msgs/lib/libmoveit_task_constructor_msgs__rosidl_typesupport_cpp.so
[35.534s] -- Set runtime path of "/home/vinayak/ws_moveit2/install/moveit_task_constructor_msgs/lib/libmoveit_task_constructor_msgs__rosidl_typesupport_cpp.so" to ""
[35.534s] -- Installing: /home/vinayak/ws_moveit2/install/moveit_task_constructor_msgs/share/moveit_task_constructor_msgs/environment/pythonpath.sh
[35.534s] -- Installing: /home/vinayak/ws_moveit2/install/moveit_task_constructor_msgs/share/moveit_task_constructor_msgs/environment/pythonpath.dsv
[35.534s] -- Installing: /home/vinayak/ws_moveit2/install/moveit_task_constructor_msgs/local/lib/python3.10/dist-packages/moveit_task_constructor_msgs-0.1.3-py3.10.egg-info
[35.535s] -- Installing: /home/vinayak/ws_moveit2/install/moveit_task_constructor_msgs/local/lib/python3.10/dist-packages/moveit_task_constructor_msgs-0.1.3-py3.10.egg-info/dependency_links.txt
[35.535s] -- Installing: /home/vinayak/ws_moveit2/install/moveit_task_constructor_msgs/local/lib/python3.10/dist-packages/moveit_task_constructor_msgs-0.1.3-py3.10.egg-info/top_level.txt
[35.535s] -- Installing: /home/vinayak/ws_moveit2/install/moveit_task_constructor_msgs/local/lib/python3.10/dist-packages/moveit_task_constructor_msgs-0.1.3-py3.10.egg-info/SOURCES.txt
[35.535s] -- Installing: /home/vinayak/ws_moveit2/install/moveit_task_constructor_msgs/local/lib/python3.10/dist-packages/moveit_task_constructor_msgs-0.1.3-py3.10.egg-info/PKG-INFO
[35.535s] -- Installing: /home/vinayak/ws_moveit2/install/moveit_task_constructor_msgs/local/lib/python3.10/dist-packages/moveit_task_constructor_msgs
[35.535s] -- Installing: /home/vinayak/ws_moveit2/install/moveit_task_constructor_msgs/local/lib/python3.10/dist-packages/moveit_task_constructor_msgs/moveit_task_constructor_msgs_s__rosidl_typesupport_c.cpython-310-x86_64-linux-gnu.so
[35.535s] -- Installing: /home/vinayak/ws_moveit2/install/moveit_task_constructor_msgs/local/lib/python3.10/dist-packages/moveit_task_constructor_msgs/action
[35.535s] -- Installing: /home/vinayak/ws_moveit2/install/moveit_task_constructor_msgs/local/lib/python3.10/dist-packages/moveit_task_constructor_msgs/action/_execute_task_solution_s.c
[35.535s] -- Installing: /home/vinayak/ws_moveit2/install/moveit_task_constructor_msgs/local/lib/python3.10/dist-packages/moveit_task_constructor_msgs/action/_execute_task_solution.py
[35.536s] -- Installing: /home/vinayak/ws_moveit2/install/moveit_task_constructor_msgs/local/lib/python3.10/dist-packages/moveit_task_constructor_msgs/action/__init__.py
[35.536s] -- Installing: /home/vinayak/ws_moveit2/install/moveit_task_constructor_msgs/local/lib/python3.10/dist-packages/moveit_task_constructor_msgs/_moveit_task_constructor_msgs_s.ep.rosidl_typesupport_fastrtps_c.c
[35.536s] -- Installing: /home/vinayak/ws_moveit2/install/moveit_task_constructor_msgs/local/lib/python3.10/dist-packages/moveit_task_constructor_msgs/_moveit_task_constructor_msgs_s.ep.rosidl_typesupport_introspection_c.c
[35.536s] -- Installing: /home/vinayak/ws_moveit2/install/moveit_task_constructor_msgs/local/lib/python3.10/dist-packages/moveit_task_constructor_msgs/moveit_task_constructor_msgs_s__rosidl_typesupport_introspection_c.cpython-310-x86_64-linux-gnu.so
[35.536s] -- Installing: /home/vinayak/ws_moveit2/install/moveit_task_constructor_msgs/local/lib/python3.10/dist-packages/moveit_task_constructor_msgs/moveit_task_constructor_msgs_s__rosidl_typesupport_fastrtps_c.cpython-310-x86_64-linux-gnu.so
[35.536s] -- Installing: /home/vinayak/ws_moveit2/install/moveit_task_constructor_msgs/local/lib/python3.10/dist-packages/moveit_task_constructor_msgs/__init__.py
[35.536s] -- Installing: /home/vinayak/ws_moveit2/install/moveit_task_constructor_msgs/local/lib/python3.10/dist-packages/moveit_task_constructor_msgs/_moveit_task_constructor_msgs_s.ep.rosidl_typesupport_c.c
[35.537s] -- Installing: /home/vinayak/ws_moveit2/install/moveit_task_constructor_msgs/local/lib/python3.10/dist-packages/moveit_task_constructor_msgs/msg
[35.537s] -- Installing: /home/vinayak/ws_moveit2/install/moveit_task_constructor_msgs/local/lib/python3.10/dist-packages/moveit_task_constructor_msgs/msg/_property_s.c
[35.537s] -- Installing: /home/vinayak/ws_moveit2/install/moveit_task_constructor_msgs/local/lib/python3.10/dist-packages/moveit_task_constructor_msgs/msg/_stage_statistics_s.c
[35.537s] -- Installing: /home/vinayak/ws_moveit2/install/moveit_task_constructor_msgs/local/lib/python3.10/dist-packages/moveit_task_constructor_msgs/msg/_trajectory_execution_info_s.c
[35.537s] -- Installing: /home/vinayak/ws_moveit2/install/moveit_task_constructor_msgs/local/lib/python3.10/dist-packages/moveit_task_constructor_msgs/msg/_trajectory_execution_info.py
[35.537s] -- Installing: /home/vinayak/ws_moveit2/install/moveit_task_constructor_msgs/local/lib/python3.10/dist-packages/moveit_task_constructor_msgs/msg/_stage_description.py
[35.538s] -- Installing: /home/vinayak/ws_moveit2/install/moveit_task_constructor_msgs/local/lib/python3.10/dist-packages/moveit_task_constructor_msgs/msg/_task_statistics.py
[35.538s] -- Installing: /home/vinayak/ws_moveit2/install/moveit_task_constructor_msgs/local/lib/python3.10/dist-packages/moveit_task_constructor_msgs/msg/_stage_statistics.py
[35.538s] -- Installing: /home/vinayak/ws_moveit2/install/moveit_task_constructor_msgs/local/lib/python3.10/dist-packages/moveit_task_constructor_msgs/msg/_task_description.py
[35.538s] -- Installing: /home/vinayak/ws_moveit2/install/moveit_task_constructor_msgs/local/lib/python3.10/dist-packages/moveit_task_constructor_msgs/msg/_sub_solution.py
[35.538s] -- Installing: /home/vinayak/ws_moveit2/install/moveit_task_constructor_msgs/local/lib/python3.10/dist-packages/moveit_task_constructor_msgs/msg/_solution_s.c
[35.538s] -- Installing: /home/vinayak/ws_moveit2/install/moveit_task_constructor_msgs/local/lib/python3.10/dist-packages/moveit_task_constructor_msgs/msg/_sub_trajectory.py
[35.538s] -- Installing: /home/vinayak/ws_moveit2/install/moveit_task_constructor_msgs/local/lib/python3.10/dist-packages/moveit_task_constructor_msgs/msg/_sub_solution_s.c
[35.538s] -- Installing: /home/vinayak/ws_moveit2/install/moveit_task_constructor_msgs/local/lib/python3.10/dist-packages/moveit_task_constructor_msgs/msg/_task_statistics_s.c
[35.539s] -- Installing: /home/vinayak/ws_moveit2/install/moveit_task_constructor_msgs/local/lib/python3.10/dist-packages/moveit_task_constructor_msgs/msg/_solution_info.py
[35.539s] -- Installing: /home/vinayak/ws_moveit2/install/moveit_task_constructor_msgs/local/lib/python3.10/dist-packages/moveit_task_constructor_msgs/msg/_sub_trajectory_s.c
[35.539s] -- Installing: /home/vinayak/ws_moveit2/install/moveit_task_constructor_msgs/local/lib/python3.10/dist-packages/moveit_task_constructor_msgs/msg/__init__.py
[35.539s] -- Installing: /home/vinayak/ws_moveit2/install/moveit_task_constructor_msgs/local/lib/python3.10/dist-packages/moveit_task_constructor_msgs/msg/_solution_info_s.c
[35.539s] -- Installing: /home/vinayak/ws_moveit2/install/moveit_task_constructor_msgs/local/lib/python3.10/dist-packages/moveit_task_constructor_msgs/msg/_task_description_s.c
[35.539s] -- Installing: /home/vinayak/ws_moveit2/install/moveit_task_constructor_msgs/local/lib/python3.10/dist-packages/moveit_task_constructor_msgs/msg/_property.py
[35.539s] -- Installing: /home/vinayak/ws_moveit2/install/moveit_task_constructor_msgs/local/lib/python3.10/dist-packages/moveit_task_constructor_msgs/msg/_stage_description_s.c
[35.539s] -- Installing: /home/vinayak/ws_moveit2/install/moveit_task_constructor_msgs/local/lib/python3.10/dist-packages/moveit_task_constructor_msgs/msg/_solution.py
[35.539s] -- Installing: /home/vinayak/ws_moveit2/install/moveit_task_constructor_msgs/local/lib/python3.10/dist-packages/moveit_task_constructor_msgs/libmoveit_task_constructor_msgs__rosidl_generator_py.so
[35.539s] -- Installing: /home/vinayak/ws_moveit2/install/moveit_task_constructor_msgs/local/lib/python3.10/dist-packages/moveit_task_constructor_msgs/srv
[35.539s] -- Installing: /home/vinayak/ws_moveit2/install/moveit_task_constructor_msgs/local/lib/python3.10/dist-packages/moveit_task_constructor_msgs/srv/_get_solution.py
[35.540s] -- Installing: /home/vinayak/ws_moveit2/install/moveit_task_constructor_msgs/local/lib/python3.10/dist-packages/moveit_task_constructor_msgs/srv/_get_solution_s.c
[35.540s] -- Installing: /home/vinayak/ws_moveit2/install/moveit_task_constructor_msgs/local/lib/python3.10/dist-packages/moveit_task_constructor_msgs/srv/__init__.py
[35.594s] Listing '/home/vinayak/ws_moveit2/install/moveit_task_constructor_msgs/local/lib/python3.10/dist-packages/moveit_task_constructor_msgs'...
[35.594s] Compiling '/home/vinayak/ws_moveit2/install/moveit_task_constructor_msgs/local/lib/python3.10/dist-packages/moveit_task_constructor_msgs/__init__.py'...
[35.594s] Listing '/home/vinayak/ws_moveit2/install/moveit_task_constructor_msgs/local/lib/python3.10/dist-packages/moveit_task_constructor_msgs/action'...
[35.594s] Compiling '/home/vinayak/ws_moveit2/install/moveit_task_constructor_msgs/local/lib/python3.10/dist-packages/moveit_task_constructor_msgs/action/__init__.py'...
[35.594s] Compiling '/home/vinayak/ws_moveit2/install/moveit_task_constructor_msgs/local/lib/python3.10/dist-packages/moveit_task_constructor_msgs/action/_execute_task_solution.py'...
[35.594s] Listing '/home/vinayak/ws_moveit2/install/moveit_task_constructor_msgs/local/lib/python3.10/dist-packages/moveit_task_constructor_msgs/msg'...
[35.594s] Compiling '/home/vinayak/ws_moveit2/install/moveit_task_constructor_msgs/local/lib/python3.10/dist-packages/moveit_task_constructor_msgs/msg/__init__.py'...
[35.594s] Compiling '/home/vinayak/ws_moveit2/install/moveit_task_constructor_msgs/local/lib/python3.10/dist-packages/moveit_task_constructor_msgs/msg/_property.py'...
[35.595s] Compiling '/home/vinayak/ws_moveit2/install/moveit_task_constructor_msgs/local/lib/python3.10/dist-packages/moveit_task_constructor_msgs/msg/_solution.py'...
[35.595s] Compiling '/home/vinayak/ws_moveit2/install/moveit_task_constructor_msgs/local/lib/python3.10/dist-packages/moveit_task_constructor_msgs/msg/_solution_info.py'...
[35.595s] Compiling '/home/vinayak/ws_moveit2/install/moveit_task_constructor_msgs/local/lib/python3.10/dist-packages/moveit_task_constructor_msgs/msg/_stage_description.py'...
[35.595s] Compiling '/home/vinayak/ws_moveit2/install/moveit_task_constructor_msgs/local/lib/python3.10/dist-packages/moveit_task_constructor_msgs/msg/_stage_statistics.py'...
[35.595s] Compiling '/home/vinayak/ws_moveit2/install/moveit_task_constructor_msgs/local/lib/python3.10/dist-packages/moveit_task_constructor_msgs/msg/_sub_solution.py'...
[35.595s] Compiling '/home/vinayak/ws_moveit2/install/moveit_task_constructor_msgs/local/lib/python3.10/dist-packages/moveit_task_constructor_msgs/msg/_sub_trajectory.py'...
[35.595s] Compiling '/home/vinayak/ws_moveit2/install/moveit_task_constructor_msgs/local/lib/python3.10/dist-packages/moveit_task_constructor_msgs/msg/_task_description.py'...
[35.595s] Compiling '/home/vinayak/ws_moveit2/install/moveit_task_constructor_msgs/local/lib/python3.10/dist-packages/moveit_task_constructor_msgs/msg/_task_statistics.py'...
[35.595s] Compiling '/home/vinayak/ws_moveit2/install/moveit_task_constructor_msgs/local/lib/python3.10/dist-packages/moveit_task_constructor_msgs/msg/_trajectory_execution_info.py'...
[35.596s] Listing '/home/vinayak/ws_moveit2/install/moveit_task_constructor_msgs/local/lib/python3.10/dist-packages/moveit_task_constructor_msgs/srv'...
[35.596s] Compiling '/home/vinayak/ws_moveit2/install/moveit_task_constructor_msgs/local/lib/python3.10/dist-packages/moveit_task_constructor_msgs/srv/__init__.py'...
[35.596s] Compiling '/home/vinayak/ws_moveit2/install/moveit_task_constructor_msgs/local/lib/python3.10/dist-packages/moveit_task_constructor_msgs/srv/_get_solution.py'...
[35.600s] -- Installing: /home/vinayak/ws_moveit2/install/moveit_task_constructor_msgs/local/lib/python3.10/dist-packages/moveit_task_constructor_msgs/moveit_task_constructor_msgs_s__rosidl_typesupport_fastrtps_c.cpython-310-x86_64-linux-gnu.so
[35.601s] -- Set runtime path of "/home/vinayak/ws_moveit2/install/moveit_task_constructor_msgs/local/lib/python3.10/dist-packages/moveit_task_constructor_msgs/moveit_task_constructor_msgs_s__rosidl_typesupport_fastrtps_c.cpython-310-x86_64-linux-gnu.so" to ""
[35.601s] -- Installing: /home/vinayak/ws_moveit2/install/moveit_task_constructor_msgs/local/lib/python3.10/dist-packages/moveit_task_constructor_msgs/moveit_task_constructor_msgs_s__rosidl_typesupport_introspection_c.cpython-310-x86_64-linux-gnu.so
[35.601s] -- Set runtime path of "/home/vinayak/ws_moveit2/install/moveit_task_constructor_msgs/local/lib/python3.10/dist-packages/moveit_task_constructor_msgs/moveit_task_constructor_msgs_s__rosidl_typesupport_introspection_c.cpython-310-x86_64-linux-gnu.so" to ""
[35.602s] -- Installing: /home/vinayak/ws_moveit2/install/moveit_task_constructor_msgs/local/lib/python3.10/dist-packages/moveit_task_constructor_msgs/moveit_task_constructor_msgs_s__rosidl_typesupport_c.cpython-310-x86_64-linux-gnu.so
[35.602s] -- Set runtime path of "/home/vinayak/ws_moveit2/install/moveit_task_constructor_msgs/local/lib/python3.10/dist-packages/moveit_task_constructor_msgs/moveit_task_constructor_msgs_s__rosidl_typesupport_c.cpython-310-x86_64-linux-gnu.so" to ""
[35.602s] -- Installing: /home/vinayak/ws_moveit2/install/moveit_task_constructor_msgs/lib/libmoveit_task_constructor_msgs__rosidl_generator_py.so
[35.603s] -- Set runtime path of "/home/vinayak/ws_moveit2/install/moveit_task_constructor_msgs/lib/libmoveit_task_constructor_msgs__rosidl_generator_py.so" to ""
[35.603s] -- Installing: /home/vinayak/ws_moveit2/install/moveit_task_constructor_msgs/share/moveit_task_constructor_msgs/msg/Property.idl
[35.603s] -- Installing: /home/vinayak/ws_moveit2/install/moveit_task_constructor_msgs/share/moveit_task_constructor_msgs/msg/Solution.idl
[35.603s] -- Installing: /home/vinayak/ws_moveit2/install/moveit_task_constructor_msgs/share/moveit_task_constructor_msgs/msg/SolutionInfo.idl
[35.603s] -- Installing: /home/vinayak/ws_moveit2/install/moveit_task_constructor_msgs/share/moveit_task_constructor_msgs/msg/StageDescription.idl
[35.604s] -- Installing: /home/vinayak/ws_moveit2/install/moveit_task_constructor_msgs/share/moveit_task_constructor_msgs/msg/StageStatistics.idl
[35.604s] -- Installing: /home/vinayak/ws_moveit2/install/moveit_task_constructor_msgs/share/moveit_task_constructor_msgs/msg/SubSolution.idl
[35.604s] -- Installing: /home/vinayak/ws_moveit2/install/moveit_task_constructor_msgs/share/moveit_task_constructor_msgs/msg/SubTrajectory.idl
[35.604s] -- Installing: /home/vinayak/ws_moveit2/install/moveit_task_constructor_msgs/share/moveit_task_constructor_msgs/msg/TaskDescription.idl
[35.604s] -- Installing: /home/vinayak/ws_moveit2/install/moveit_task_constructor_msgs/share/moveit_task_constructor_msgs/msg/TaskStatistics.idl
[35.605s] -- Installing: /home/vinayak/ws_moveit2/install/moveit_task_constructor_msgs/share/moveit_task_constructor_msgs/msg/TrajectoryExecutionInfo.idl
[35.605s] -- Installing: /home/vinayak/ws_moveit2/install/moveit_task_constructor_msgs/share/moveit_task_constructor_msgs/srv/GetSolution.idl
[35.605s] -- Installing: /home/vinayak/ws_moveit2/install/moveit_task_constructor_msgs/share/moveit_task_constructor_msgs/action/ExecuteTaskSolution.idl
[35.605s] -- Installing: /home/vinayak/ws_moveit2/install/moveit_task_constructor_msgs/share/moveit_task_constructor_msgs/msg/Property.msg
[35.606s] -- Installing: /home/vinayak/ws_moveit2/install/moveit_task_constructor_msgs/share/moveit_task_constructor_msgs/msg/Solution.msg
[35.606s] -- Installing: /home/vinayak/ws_moveit2/install/moveit_task_constructor_msgs/share/moveit_task_constructor_msgs/msg/SolutionInfo.msg
[35.606s] -- Installing: /home/vinayak/ws_moveit2/install/moveit_task_constructor_msgs/share/moveit_task_constructor_msgs/msg/StageDescription.msg
[35.606s] -- Installing: /home/vinayak/ws_moveit2/install/moveit_task_constructor_msgs/share/moveit_task_constructor_msgs/msg/StageStatistics.msg
[35.607s] -- Installing: /home/vinayak/ws_moveit2/install/moveit_task_constructor_msgs/share/moveit_task_constructor_msgs/msg/SubSolution.msg
[35.607s] -- Installing: /home/vinayak/ws_moveit2/install/moveit_task_constructor_msgs/share/moveit_task_constructor_msgs/msg/SubTrajectory.msg
[35.607s] -- Installing: /home/vinayak/ws_moveit2/install/moveit_task_constructor_msgs/share/moveit_task_constructor_msgs/msg/TaskDescription.msg
[35.607s] -- Installing: /home/vinayak/ws_moveit2/install/moveit_task_constructor_msgs/share/moveit_task_constructor_msgs/msg/TaskStatistics.msg
[35.607s] -- Installing: /home/vinayak/ws_moveit2/install/moveit_task_constructor_msgs/share/moveit_task_constructor_msgs/msg/TrajectoryExecutionInfo.msg
[35.608s] -- Installing: /home/vinayak/ws_moveit2/install/moveit_task_constructor_msgs/share/moveit_task_constructor_msgs/srv/GetSolution.srv
[35.608s] -- Installing: /home/vinayak/ws_moveit2/install/moveit_task_constructor_msgs/share/moveit_task_constructor_msgs/srv/GetSolution_Request.msg
[35.608s] -- Installing: /home/vinayak/ws_moveit2/install/moveit_task_constructor_msgs/share/moveit_task_constructor_msgs/srv/GetSolution_Response.msg
[35.608s] -- Installing: /home/vinayak/ws_moveit2/install/moveit_task_constructor_msgs/share/moveit_task_constructor_msgs/action/ExecuteTaskSolution.action
[35.609s] -- Installing: /home/vinayak/ws_moveit2/install/moveit_task_constructor_msgs/share/ament_index/resource_index/package_run_dependencies/moveit_task_constructor_msgs
[35.609s] -- Installing: /home/vinayak/ws_moveit2/install/moveit_task_constructor_msgs/share/ament_index/resource_index/parent_prefix_path/moveit_task_constructor_msgs
[35.609s] -- Installing: /home/vinayak/ws_moveit2/install/moveit_task_constructor_msgs/share/moveit_task_constructor_msgs/environment/ament_prefix_path.sh
[35.609s] -- Installing: /home/vinayak/ws_moveit2/install/moveit_task_constructor_msgs/share/moveit_task_constructor_msgs/environment/ament_prefix_path.dsv
[35.609s] -- Installing: /home/vinayak/ws_moveit2/install/moveit_task_constructor_msgs/share/moveit_task_constructor_msgs/environment/path.sh
[35.610s] -- Installing: /home/vinayak/ws_moveit2/install/moveit_task_constructor_msgs/share/moveit_task_constructor_msgs/environment/path.dsv
[35.610s] -- Installing: /home/vinayak/ws_moveit2/install/moveit_task_constructor_msgs/share/moveit_task_constructor_msgs/local_setup.bash
[35.610s] -- Installing: /home/vinayak/ws_moveit2/install/moveit_task_constructor_msgs/share/moveit_task_constructor_msgs/local_setup.sh
[35.610s] -- Installing: /home/vinayak/ws_moveit2/install/moveit_task_constructor_msgs/share/moveit_task_constructor_msgs/local_setup.zsh
[35.610s] -- Installing: /home/vinayak/ws_moveit2/install/moveit_task_constructor_msgs/share/moveit_task_constructor_msgs/local_setup.dsv
[35.611s] -- Installing: /home/vinayak/ws_moveit2/install/moveit_task_constructor_msgs/share/moveit_task_constructor_msgs/package.dsv
[35.611s] -- Installing: /home/vinayak/ws_moveit2/install/moveit_task_constructor_msgs/share/ament_index/resource_index/packages/moveit_task_constructor_msgs
[35.611s] -- Installing: /home/vinayak/ws_moveit2/install/moveit_task_constructor_msgs/share/moveit_task_constructor_msgs/cmake/export_moveit_task_constructor_msgs__rosidl_generator_cExport.cmake
[35.611s] -- Installing: /home/vinayak/ws_moveit2/install/moveit_task_constructor_msgs/share/moveit_task_constructor_msgs/cmake/export_moveit_task_constructor_msgs__rosidl_generator_cExport-noconfig.cmake
[35.612s] -- Installing: /home/vinayak/ws_moveit2/install/moveit_task_constructor_msgs/share/moveit_task_constructor_msgs/cmake/export_moveit_task_constructor_msgs__rosidl_typesupport_fastrtps_cExport.cmake
[35.612s] -- Installing: /home/vinayak/ws_moveit2/install/moveit_task_constructor_msgs/share/moveit_task_constructor_msgs/cmake/export_moveit_task_constructor_msgs__rosidl_typesupport_fastrtps_cExport-noconfig.cmake
[35.612s] -- Installing: /home/vinayak/ws_moveit2/install/moveit_task_constructor_msgs/share/moveit_task_constructor_msgs/cmake/export_moveit_task_constructor_msgs__rosidl_generator_cppExport.cmake
[35.612s] -- Installing: /home/vinayak/ws_moveit2/install/moveit_task_constructor_msgs/share/moveit_task_constructor_msgs/cmake/export_moveit_task_constructor_msgs__rosidl_typesupport_fastrtps_cppExport.cmake
[35.612s] -- Installing: /home/vinayak/ws_moveit2/install/moveit_task_constructor_msgs/share/moveit_task_constructor_msgs/cmake/export_moveit_task_constructor_msgs__rosidl_typesupport_fastrtps_cppExport-noconfig.cmake
[35.613s] -- Installing: /home/vinayak/ws_moveit2/install/moveit_task_constructor_msgs/share/moveit_task_constructor_msgs/cmake/moveit_task_constructor_msgs__rosidl_typesupport_introspection_cExport.cmake
[35.613s] -- Installing: /home/vinayak/ws_moveit2/install/moveit_task_constructor_msgs/share/moveit_task_constructor_msgs/cmake/moveit_task_constructor_msgs__rosidl_typesupport_introspection_cExport-noconfig.cmake
[35.613s] -- Installing: /home/vinayak/ws_moveit2/install/moveit_task_constructor_msgs/share/moveit_task_constructor_msgs/cmake/moveit_task_constructor_msgs__rosidl_typesupport_cExport.cmake
[35.613s] -- Installing: /home/vinayak/ws_moveit2/install/moveit_task_constructor_msgs/share/moveit_task_constructor_msgs/cmake/moveit_task_constructor_msgs__rosidl_typesupport_cExport-noconfig.cmake
[35.614s] -- Installing: /home/vinayak/ws_moveit2/install/moveit_task_constructor_msgs/share/moveit_task_constructor_msgs/cmake/moveit_task_constructor_msgs__rosidl_typesupport_introspection_cppExport.cmake
[35.614s] -- Installing: /home/vinayak/ws_moveit2/install/moveit_task_constructor_msgs/share/moveit_task_constructor_msgs/cmake/moveit_task_constructor_msgs__rosidl_typesupport_introspection_cppExport-noconfig.cmake
[35.614s] -- Installing: /home/vinayak/ws_moveit2/install/moveit_task_constructor_msgs/share/moveit_task_constructor_msgs/cmake/moveit_task_constructor_msgs__rosidl_typesupport_cppExport.cmake
[35.614s] -- Installing: /home/vinayak/ws_moveit2/install/moveit_task_constructor_msgs/share/moveit_task_constructor_msgs/cmake/moveit_task_constructor_msgs__rosidl_typesupport_cppExport-noconfig.cmake
[35.614s] -- Installing: /home/vinayak/ws_moveit2/install/moveit_task_constructor_msgs/share/moveit_task_constructor_msgs/cmake/export_moveit_task_constructor_msgs__rosidl_generator_pyExport.cmake
[35.615s] -- Installing: /home/vinayak/ws_moveit2/install/moveit_task_constructor_msgs/share/moveit_task_constructor_msgs/cmake/export_moveit_task_constructor_msgs__rosidl_generator_pyExport-noconfig.cmake
[35.615s] -- Installing: /home/vinayak/ws_moveit2/install/moveit_task_constructor_msgs/share/moveit_task_constructor_msgs/cmake/rosidl_cmake-extras.cmake
[35.615s] -- Installing: /home/vinayak/ws_moveit2/install/moveit_task_constructor_msgs/share/moveit_task_constructor_msgs/cmake/ament_cmake_export_dependencies-extras.cmake
[35.615s] -- Installing: /home/vinayak/ws_moveit2/install/moveit_task_constructor_msgs/share/moveit_task_constructor_msgs/cmake/ament_cmake_export_include_directories-extras.cmake
[35.615s] -- Installing: /home/vinayak/ws_moveit2/install/moveit_task_constructor_msgs/share/moveit_task_constructor_msgs/cmake/ament_cmake_export_libraries-extras.cmake
[35.616s] -- Installing: /home/vinayak/ws_moveit2/install/moveit_task_constructor_msgs/share/moveit_task_constructor_msgs/cmake/ament_cmake_export_targets-extras.cmake
[35.616s] -- Installing: /home/vinayak/ws_moveit2/install/moveit_task_constructor_msgs/share/moveit_task_constructor_msgs/cmake/rosidl_cmake_export_typesupport_targets-extras.cmake
[35.616s] -- Installing: /home/vinayak/ws_moveit2/install/moveit_task_constructor_msgs/share/moveit_task_constructor_msgs/cmake/rosidl_cmake_export_typesupport_libraries-extras.cmake
[35.616s] -- Installing: /home/vinayak/ws_moveit2/install/moveit_task_constructor_msgs/share/moveit_task_constructor_msgs/cmake/moveit_task_constructor_msgsConfig.cmake
[35.616s] -- Installing: /home/vinayak/ws_moveit2/install/moveit_task_constructor_msgs/share/moveit_task_constructor_msgs/cmake/moveit_task_constructor_msgsConfig-version.cmake
[35.617s] -- Installing: /home/vinayak/ws_moveit2/install/moveit_task_constructor_msgs/share/moveit_task_constructor_msgs/package.xml
[35.620s] Invoked command in '/home/vinayak/ws_moveit2/build/moveit_task_constructor_msgs' returned '0': CMAKE_PREFIX_PATH=${CMAKE_PREFIX_PATH}:/home/vinayak/ws_moveit2/install/ur3e_rl:/home/vinayak/ws_moveit2/install/ur3e_motion_package:/home/vinayak/ws_moveit2/install/moveit_configs_utils:/home/vinayak/ws_moveit2/install/launch_param_builder:/opt/ros/humble /usr/bin/cmake --install /home/vinayak/ws_moveit2/build/moveit_task_constructor_msgs
